ensembl_id	ensembl_base	gene_symbol
ENSG00000000003.14	ENSG00000000003	TSPAN6
ENSG00000000419.12	ENSG00000000419	DPM1
ENSG00000000457.13	ENSG00000000457	SCYL3
ENSG00000000460.16	ENSG00000000460	C1orf112
ENSG00000000938.12	ENSG00000000938	FGR
ENSG00000000971.15	ENSG00000000971	CFH
ENSG00000001036.13	ENSG00000001036	FUCA2
ENSG00000001084.10	ENSG00000001084	GCLC
ENSG00000001167.14	ENSG00000001167	NFYA
ENSG00000001460.17	ENSG00000001460	STPG1
ENSG00000001461.16	ENSG00000001461	NIPAL3
ENSG00000001497.16	ENSG00000001497	LAS1L
ENSG00000001561.6	ENSG00000001561	ENPP4
ENSG00000001617.11	ENSG00000001617	SEMA3F
ENSG00000001629.9	ENSG00000001629	ANKIB1
ENSG00000001630.15	ENSG00000001630	CYP51A1
ENSG00000001631.15	ENSG00000001631	KRIT1
ENSG00000002016.17	ENSG00000002016	RAD52
ENSG00000002330.13	ENSG00000002330	BAD
ENSG00000002549.12	ENSG00000002549	LAP3
ENSG00000002586.18	ENSG00000002586	CD99
ENSG00000002586.18_PAR_Y	ENSG00000002586	CD99
ENSG00000002587.9	ENSG00000002587	HS3ST1
ENSG00000002745.12	ENSG00000002745	WNT16
ENSG00000002746.14	ENSG00000002746	HECW1
ENSG00000002822.15	ENSG00000002822	MAD1L1
ENSG00000002834.17	ENSG00000002834	LASP1
ENSG00000002919.14	ENSG00000002919	SNX11
ENSG00000002933.7	ENSG00000002933	TMEM176A
ENSG00000003056.7	ENSG00000003056	M6PR
ENSG00000003096.14	ENSG00000003096	KLHL13
ENSG00000003137.8	ENSG00000003137	CYP26B1
ENSG00000003147.17	ENSG00000003147	ICA1
ENSG00000003249.13	ENSG00000003249	DBNDD1
ENSG00000003393.14	ENSG00000003393	ALS2
ENSG00000003400.14	ENSG00000003400	CASP10
ENSG00000003402.19	ENSG00000003402	CFLAR
ENSG00000003436.15	ENSG00000003436	TFPI
ENSG00000003509.15	ENSG00000003509	NDUFAF7
ENSG00000003756.16	ENSG00000003756	RBM5
ENSG00000003987.13	ENSG00000003987	MTMR7
ENSG00000003989.17	ENSG00000003989	SLC7A2
ENSG00000004059.10	ENSG00000004059	ARF5
ENSG00000004139.13	ENSG00000004139	SARM1
ENSG00000004142.11	ENSG00000004142	POLDIP2
ENSG00000004399.12	ENSG00000004399	PLXND1
ENSG00000004455.16	ENSG00000004455	AK2
ENSG00000004468.12	ENSG00000004468	CD38
ENSG00000004478.7	ENSG00000004478	FKBP4
ENSG00000004487.15	ENSG00000004487	KDM1A
ENSG00000004534.14	ENSG00000004534	RBM6
ENSG00000004660.14	ENSG00000004660	CAMKK1
ENSG00000004700.15	ENSG00000004700	RECQL
ENSG00000004766.15	ENSG00000004766	VPS50
ENSG00000004776.12	ENSG00000004776	HSPB6
ENSG00000004777.18	ENSG00000004777	ARHGAP33
ENSG00000004779.9	ENSG00000004779	NDUFAB1
ENSG00000004799.7	ENSG00000004799	PDK4
ENSG00000004838.13	ENSG00000004838	ZMYND10
ENSG00000004848.7	ENSG00000004848	ARX
ENSG00000004864.13	ENSG00000004864	SLC25A13
ENSG00000004866.20	ENSG00000004866	ST7
ENSG00000004897.11	ENSG00000004897	CDC27
ENSG00000004961.14	ENSG00000004961	HCCS
ENSG00000004975.11	ENSG00000004975	DVL2
ENSG00000005007.12	ENSG00000005007	UPF1
ENSG00000005020.12	ENSG00000005020	SKAP2
ENSG00000005022.5	ENSG00000005022	SLC25A5
ENSG00000005059.15	ENSG00000005059	MCUB
ENSG00000005075.15	ENSG00000005075	POLR2J
ENSG00000005100.12	ENSG00000005100	DHX33
ENSG00000005108.15	ENSG00000005108	THSD7A
ENSG00000005156.11	ENSG00000005156	LIG3
ENSG00000005175.9	ENSG00000005175	RPAP3
ENSG00000005189.19	ENSG00000005189	REXO5
ENSG00000005194.14	ENSG00000005194	CIAPIN1
ENSG00000005206.16	ENSG00000005206	SPPL2B
ENSG00000005238.19	ENSG00000005238	FAM214B
ENSG00000005243.9	ENSG00000005243	COPZ2
ENSG00000005249.12	ENSG00000005249	PRKAR2B
ENSG00000005302.17	ENSG00000005302	MSL3
ENSG00000005339.14	ENSG00000005339	CREBBP
ENSG00000005379.15	ENSG00000005379	TSPOAP1
ENSG00000005381.7	ENSG00000005381	MPO
ENSG00000005436.13	ENSG00000005436	GCFC2
ENSG00000005448.16	ENSG00000005448	WDR54
ENSG00000005469.11	ENSG00000005469	CROT
ENSG00000005471.15	ENSG00000005471	ABCB4
ENSG00000005483.20	ENSG00000005483	KMT2E
ENSG00000005486.16	ENSG00000005486	RHBDD2
ENSG00000005513.9	ENSG00000005513	SOX8
ENSG00000005700.14	ENSG00000005700	IBTK
ENSG00000005801.16	ENSG00000005801	ZNF195
ENSG00000005810.17	ENSG00000005810	MYCBP2
ENSG00000005812.10	ENSG00000005812	FBXL3
ENSG00000005844.17	ENSG00000005844	ITGAL
ENSG00000005882.11	ENSG00000005882	PDK2
ENSG00000005884.17	ENSG00000005884	ITGA3
ENSG00000005889.15	ENSG00000005889	ZFX
ENSG00000005893.15	ENSG00000005893	LAMP2
ENSG00000005961.17	ENSG00000005961	ITGA2B
ENSG00000005981.12	ENSG00000005981	ASB4
ENSG00000006007.11	ENSG00000006007	GDE1
ENSG00000006015.17	ENSG00000006015	C19orf60
ENSG00000006016.10	ENSG00000006016	CRLF1
ENSG00000006025.11	ENSG00000006025	OSBPL7
ENSG00000006042.11	ENSG00000006042	TMEM98
ENSG00000006047.12	ENSG00000006047	YBX2
ENSG00000006062.14	ENSG00000006062	MAP3K14
ENSG00000006071.12	ENSG00000006071	ABCC8
ENSG00000006116.3	ENSG00000006116	CACNG3
ENSG00000006118.14	ENSG00000006118	TMEM132A
ENSG00000006125.17	ENSG00000006125	AP2B1
ENSG00000006128.11	ENSG00000006128	TAC1
ENSG00000006194.9	ENSG00000006194	ZNF263
ENSG00000006210.6	ENSG00000006210	CX3CL1
ENSG00000006282.20	ENSG00000006282	SPATA20
ENSG00000006283.17	ENSG00000006283	CACNA1G
ENSG00000006327.13	ENSG00000006327	TNFRSF12A
ENSG00000006377.10	ENSG00000006377	DLX6
ENSG00000006432.15	ENSG00000006432	MAP3K9
ENSG00000006451.7	ENSG00000006451	RALA
ENSG00000006453.13	ENSG00000006453	BAIAP2L1
ENSG00000006459.10	ENSG00000006459	KDM7A
ENSG00000006468.13	ENSG00000006468	ETV1
ENSG00000006530.15	ENSG00000006530	AGK
ENSG00000006534.15	ENSG00000006534	ALDH3B1
ENSG00000006555.10	ENSG00000006555	TTC22
ENSG00000006576.16	ENSG00000006576	PHTF2
ENSG00000006607.13	ENSG00000006607	FARP2
ENSG00000006611.15	ENSG00000006611	USH1C
ENSG00000006625.17	ENSG00000006625	GGCT
ENSG00000006634.7	ENSG00000006634	DBF4
ENSG00000006638.11	ENSG00000006638	TBXA2R
ENSG00000006652.13	ENSG00000006652	IFRD1
ENSG00000006695.10	ENSG00000006695	COX10
ENSG00000006704.10	ENSG00000006704	GTF2IRD1
ENSG00000006712.14	ENSG00000006712	PAF1
ENSG00000006715.15	ENSG00000006715	VPS41
ENSG00000006740.16	ENSG00000006740	ARHGAP44
ENSG00000006744.18	ENSG00000006744	ELAC2
ENSG00000006747.14	ENSG00000006747	SCIN
ENSG00000006756.15	ENSG00000006756	ARSD
ENSG00000006757.11	ENSG00000006757	PNPLA4
ENSG00000006831.9	ENSG00000006831	ADIPOR2
ENSG00000006837.11	ENSG00000006837	CDKL3
ENSG00000007001.12	ENSG00000007001	UPP2
ENSG00000007047.14	ENSG00000007047	MARK4
ENSG00000007062.11	ENSG00000007062	PROM1
ENSG00000007080.10	ENSG00000007080	CCDC124
ENSG00000007168.12	ENSG00000007168	PAFAH1B1
ENSG00000007171.16	ENSG00000007171	NOS2
ENSG00000007174.17	ENSG00000007174	DNAH9
ENSG00000007202.14	ENSG00000007202	KIAA0100
ENSG00000007237.18	ENSG00000007237	GAS7
ENSG00000007255.10	ENSG00000007255	TRAPPC6A
ENSG00000007264.14	ENSG00000007264	MATK
ENSG00000007341.18	ENSG00000007341	ST7L
ENSG00000007372.21	ENSG00000007372	PAX6
ENSG00000007376.7	ENSG00000007376	RPUSD1
ENSG00000007384.15	ENSG00000007384	RHBDF1
ENSG00000007392.16	ENSG00000007392	LUC7L
ENSG00000007402.11	ENSG00000007402	CACNA2D2
ENSG00000007516.13	ENSG00000007516	BAIAP3
ENSG00000007520.3	ENSG00000007520	TSR3
ENSG00000007541.16	ENSG00000007541	PIGQ
ENSG00000007545.15	ENSG00000007545	CRAMP1
ENSG00000007866.19	ENSG00000007866	TEAD3
ENSG00000007923.15	ENSG00000007923	DNAJC11
ENSG00000007933.12	ENSG00000007933	FMO3
ENSG00000007944.14	ENSG00000007944	MYLIP
ENSG00000008018.8	ENSG00000008018	PSMB1
ENSG00000008056.13	ENSG00000008056	SYN1
ENSG00000008083.13	ENSG00000008083	JARID2
ENSG00000008086.11	ENSG00000008086	CDKL5
ENSG00000008118.9	ENSG00000008118	CAMK1G
ENSG00000008128.22	ENSG00000008128	CDK11A
ENSG00000008130.15	ENSG00000008130	NADK
ENSG00000008226.19	ENSG00000008226	DLEC1
ENSG00000008256.15	ENSG00000008256	CYTH3
ENSG00000008277.14	ENSG00000008277	ADAM22
ENSG00000008282.8	ENSG00000008282	SYPL1
ENSG00000008283.15	ENSG00000008283	CYB561
ENSG00000008294.20	ENSG00000008294	SPAG9
ENSG00000008300.16	ENSG00000008300	CELSR3
ENSG00000008311.14	ENSG00000008311	AASS
ENSG00000008324.11	ENSG00000008324	SS18L2
ENSG00000008382.15	ENSG00000008382	MPND
ENSG00000008394.12	ENSG00000008394	MGST1
ENSG00000008405.11	ENSG00000008405	CRY1
ENSG00000008441.16	ENSG00000008441	NFIX
ENSG00000008513.14	ENSG00000008513	ST3GAL1
ENSG00000008516.16	ENSG00000008516	MMP25
ENSG00000008517.16	ENSG00000008517	IL32
ENSG00000008710.19	ENSG00000008710	PKD1
ENSG00000008735.13	ENSG00000008735	MAPK8IP2
ENSG00000008838.19	ENSG00000008838	MED24
ENSG00000008853.16	ENSG00000008853	RHOBTB2
ENSG00000008869.11	ENSG00000008869	HEATR5B
ENSG00000008952.16	ENSG00000008952	SEC62
ENSG00000008988.9	ENSG00000008988	RPS20
ENSG00000009307.15	ENSG00000009307	CSDE1
ENSG00000009335.17	ENSG00000009335	UBE3C
ENSG00000009413.15	ENSG00000009413	REV3L
ENSG00000009694.13	ENSG00000009694	TENM1
ENSG00000009709.11	ENSG00000009709	PAX7
ENSG00000009780.15	ENSG00000009780	FAM76A
ENSG00000009790.14	ENSG00000009790	TRAF3IP3
ENSG00000009830.11	ENSG00000009830	POMT2
ENSG00000009844.15	ENSG00000009844	VTA1
ENSG00000009950.15	ENSG00000009950	MLXIPL
ENSG00000009954.10	ENSG00000009954	BAZ1B
ENSG00000010017.12	ENSG00000010017	RANBP9
ENSG00000010030.13	ENSG00000010030	ETV7
ENSG00000010072.15	ENSG00000010072	SPRTN
ENSG00000010165.19	ENSG00000010165	METTL13
ENSG00000010219.13	ENSG00000010219	DYRK4
ENSG00000010244.18	ENSG00000010244	ZNF207
ENSG00000010256.10	ENSG00000010256	UQCRC1
ENSG00000010270.13	ENSG00000010270	STARD3NL
ENSG00000010278.12	ENSG00000010278	CD9
ENSG00000010282.14	ENSG00000010282	HHATL
ENSG00000010292.12	ENSG00000010292	NCAPD2
ENSG00000010295.19	ENSG00000010295	IFFO1
ENSG00000010310.8	ENSG00000010310	GIPR
ENSG00000010318.20	ENSG00000010318	PHF7
ENSG00000010319.6	ENSG00000010319	SEMA3G
ENSG00000010322.15	ENSG00000010322	NISCH
ENSG00000010327.10	ENSG00000010327	STAB1
ENSG00000010361.13	ENSG00000010361	FUZ
ENSG00000010379.15	ENSG00000010379	SLC6A13
ENSG00000010404.17	ENSG00000010404	IDS
ENSG00000010438.16	ENSG00000010438	PRSS3
ENSG00000010539.11	ENSG00000010539	ZNF200
ENSG00000010610.9	ENSG00000010610	CD4
ENSG00000010626.14	ENSG00000010626	LRRC23
ENSG00000010671.15	ENSG00000010671	BTK
ENSG00000010704.18	ENSG00000010704	HFE
ENSG00000010803.16	ENSG00000010803	SCMH1
ENSG00000010810.17	ENSG00000010810	FYN
ENSG00000010818.9	ENSG00000010818	HIVEP2
ENSG00000011007.12	ENSG00000011007	ELOA
ENSG00000011009.10	ENSG00000011009	LYPLA2
ENSG00000011021.21	ENSG00000011021	CLCN6
ENSG00000011028.13	ENSG00000011028	MRC2
ENSG00000011052.21	ENSG00000011052	NME1-NME2
ENSG00000011083.8	ENSG00000011083	SLC6A7
ENSG00000011105.12	ENSG00000011105	TSPAN9
ENSG00000011114.14	ENSG00000011114	BTBD7
ENSG00000011132.11	ENSG00000011132	APBA3
ENSG00000011143.16	ENSG00000011143	MKS1
ENSG00000011198.7	ENSG00000011198	ABHD5
ENSG00000011201.11	ENSG00000011201	ANOS1
ENSG00000011243.17	ENSG00000011243	AKAP8L
ENSG00000011258.15	ENSG00000011258	MBTD1
ENSG00000011260.13	ENSG00000011260	UTP18
ENSG00000011275.18	ENSG00000011275	RNF216
ENSG00000011295.15	ENSG00000011295	TTC19
ENSG00000011304.19	ENSG00000011304	PTBP1
ENSG00000011332.19	ENSG00000011332	DPF1
ENSG00000011347.9	ENSG00000011347	SYT7
ENSG00000011376.9	ENSG00000011376	LARS2
ENSG00000011405.13	ENSG00000011405	PIK3C2A
ENSG00000011422.11	ENSG00000011422	PLAUR
ENSG00000011426.10	ENSG00000011426	ANLN
ENSG00000011451.17	ENSG00000011451	WIZ
ENSG00000011454.16	ENSG00000011454	RABGAP1
ENSG00000011465.16	ENSG00000011465	DCN
ENSG00000011478.11	ENSG00000011478	QPCTL
ENSG00000011485.14	ENSG00000011485	PPP5C
ENSG00000011523.13	ENSG00000011523	CEP68
ENSG00000011566.14	ENSG00000011566	MAP4K3
ENSG00000011600.11	ENSG00000011600	TYROBP
ENSG00000011638.10	ENSG00000011638	TMEM159
ENSG00000011677.12	ENSG00000011677	GABRA3
ENSG00000012048.20	ENSG00000012048	BRCA1
ENSG00000012061.15	ENSG00000012061	ERCC1
ENSG00000012124.16	ENSG00000012124	CD22
ENSG00000012171.19	ENSG00000012171	SEMA3B
ENSG00000012174.11	ENSG00000012174	MBTPS2
ENSG00000012211.12	ENSG00000012211	PRICKLE3
ENSG00000012223.12	ENSG00000012223	LTF
ENSG00000012232.8	ENSG00000012232	EXTL3
ENSG00000012660.13	ENSG00000012660	ELOVL5
ENSG00000012779.10	ENSG00000012779	ALOX5
ENSG00000012822.15	ENSG00000012822	CALCOCO1
ENSG00000012963.14	ENSG00000012963	UBR7
ENSG00000012983.11	ENSG00000012983	MAP4K5
ENSG00000013016.15	ENSG00000013016	EHD3
ENSG00000013275.7	ENSG00000013275	PSMC4
ENSG00000013288.8	ENSG00000013288	MAN2B2
ENSG00000013293.5	ENSG00000013293	SLC7A14
ENSG00000013297.10	ENSG00000013297	CLDN11
ENSG00000013306.15	ENSG00000013306	SLC25A39
ENSG00000013364.18	ENSG00000013364	MVP
ENSG00000013374.15	ENSG00000013374	NUB1
ENSG00000013375.15	ENSG00000013375	PGM3
ENSG00000013392.7	ENSG00000013392	RWDD2A
ENSG00000013441.15	ENSG00000013441	CLK1
ENSG00000013503.9	ENSG00000013503	POLR3B
ENSG00000013523.9	ENSG00000013523	ANGEL1
ENSG00000013561.17	ENSG00000013561	RNF14
ENSG00000013563.13	ENSG00000013563	DNASE1L1
ENSG00000013573.16	ENSG00000013573	DDX11
ENSG00000013583.8	ENSG00000013583	HEBP1
ENSG00000013588.7	ENSG00000013588	GPRC5A
ENSG00000013619.13	ENSG00000013619	MAMLD1
ENSG00000013725.14	ENSG00000013725	CD6
ENSG00000013810.18	ENSG00000013810	TACC3
ENSG00000014123.9	ENSG00000014123	UFL1
ENSG00000014138.8	ENSG00000014138	POLA2
ENSG00000014164.6	ENSG00000014164	ZC3H3
ENSG00000014216.15	ENSG00000014216	CAPN1
ENSG00000014641.17	ENSG00000014641	MDH1
ENSG00000014824.13	ENSG00000014824	SLC30A9
ENSG00000014914.20	ENSG00000014914	MTMR11
ENSG00000014919.12	ENSG00000014919	COX15
ENSG00000015133.18	ENSG00000015133	CCDC88C
ENSG00000015153.14	ENSG00000015153	YAF2
ENSG00000015171.19	ENSG00000015171	ZMYND11
ENSG00000015285.10	ENSG00000015285	WAS
ENSG00000015475.18	ENSG00000015475	BID
ENSG00000015479.18	ENSG00000015479	MATR3
ENSG00000015532.9	ENSG00000015532	XYLT2
ENSG00000015568.12	ENSG00000015568	RGPD5
ENSG00000015592.16	ENSG00000015592	STMN4
ENSG00000015676.17	ENSG00000015676	NUDCD3
ENSG00000016391.10	ENSG00000016391	CHDH
ENSG00000016402.13	ENSG00000016402	IL20RA
ENSG00000016602.9	ENSG00000016602	CLCA4
ENSG00000016864.18	ENSG00000016864	GLT8D1
ENSG00000017260.19	ENSG00000017260	ATP2C1
ENSG00000017427.15	ENSG00000017427	IGF1
ENSG00000017483.14	ENSG00000017483	SLC38A5
ENSG00000017797.12	ENSG00000017797	RALBP1
ENSG00000018189.12	ENSG00000018189	RUFY3
ENSG00000018236.14	ENSG00000018236	CNTN1
ENSG00000018280.16	ENSG00000018280	SLC11A1
ENSG00000018408.14	ENSG00000018408	WWTR1
ENSG00000018510.13	ENSG00000018510	AGPS
ENSG00000018610.13	ENSG00000018610	CXorf56
ENSG00000018625.14	ENSG00000018625	ATP1A2
ENSG00000018699.11	ENSG00000018699	TTC27
ENSG00000018869.16	ENSG00000018869	ZNF582
ENSG00000019144.18	ENSG00000019144	PHLDB1
ENSG00000019485.13	ENSG00000019485	PRDM11
ENSG00000019505.7	ENSG00000019505	SYT13
ENSG00000019549.9	ENSG00000019549	SNAI2
ENSG00000019582.14	ENSG00000019582	CD74
ENSG00000019991.15	ENSG00000019991	HGF
ENSG00000019995.6	ENSG00000019995	ZRANB1
ENSG00000020129.15	ENSG00000020129	NCDN
ENSG00000020181.17	ENSG00000020181	ADGRA2
ENSG00000020256.19	ENSG00000020256	ZFP64
ENSG00000020426.10	ENSG00000020426	MNAT1
ENSG00000020577.13	ENSG00000020577	SAMD4A
ENSG00000020633.18	ENSG00000020633	RUNX3
ENSG00000020922.12	ENSG00000020922	MRE11
ENSG00000021300.13	ENSG00000021300	PLEKHB1
ENSG00000021355.12	ENSG00000021355	SERPINB1
ENSG00000021488.12	ENSG00000021488	SLC7A9
ENSG00000021574.11	ENSG00000021574	SPAST
ENSG00000021645.18	ENSG00000021645	NRXN3
ENSG00000021762.19	ENSG00000021762	OSBPL5
ENSG00000021776.10	ENSG00000021776	AQR
ENSG00000021826.14	ENSG00000021826	CPS1
ENSG00000022267.16	ENSG00000022267	FHL1
ENSG00000022277.12	ENSG00000022277	RTFDC1
ENSG00000022355.16	ENSG00000022355	GABRA1
ENSG00000022556.15	ENSG00000022556	NLRP2
ENSG00000022567.9	ENSG00000022567	SLC45A4
ENSG00000022840.15	ENSG00000022840	RNF10
ENSG00000022976.15	ENSG00000022976	ZNF839
ENSG00000023041.11	ENSG00000023041	ZDHHC6
ENSG00000023171.16	ENSG00000023171	GRAMD1B
ENSG00000023191.16	ENSG00000023191	RNH1
ENSG00000023228.13	ENSG00000023228	NDUFS1
ENSG00000023287.12	ENSG00000023287	RB1CC1
ENSG00000023318.7	ENSG00000023318	ERP44
ENSG00000023330.14	ENSG00000023330	ALAS1
ENSG00000023445.13	ENSG00000023445	BIRC3
ENSG00000023516.8	ENSG00000023516	AKAP11
ENSG00000023572.8	ENSG00000023572	GLRX2
ENSG00000023608.4	ENSG00000023608	SNAPC1
ENSG00000023697.12	ENSG00000023697	DERA
ENSG00000023734.10	ENSG00000023734	STRAP
ENSG00000023892.10	ENSG00000023892	DEF6
ENSG00000023902.13	ENSG00000023902	PLEKHO1
ENSG00000023909.9	ENSG00000023909	GCLM
ENSG00000024048.10	ENSG00000024048	UBR2
ENSG00000024422.11	ENSG00000024422	EHD2
ENSG00000024862.17	ENSG00000024862	CCDC28A
ENSG00000025039.14	ENSG00000025039	RRAGD
ENSG00000025156.12	ENSG00000025156	HSF2
ENSG00000025293.16	ENSG00000025293	PHF20
ENSG00000025423.11	ENSG00000025423	HSD17B6
ENSG00000025434.18	ENSG00000025434	NR1H3
ENSG00000025708.13	ENSG00000025708	TYMP
ENSG00000025770.18	ENSG00000025770	NCAPH2
ENSG00000025772.7	ENSG00000025772	TOMM34
ENSG00000025796.13	ENSG00000025796	SEC63
ENSG00000025800.13	ENSG00000025800	KPNA6
ENSG00000026025.15	ENSG00000026025	VIM
ENSG00000026036.21	ENSG00000026036	RTEL1-TNFRSF6B
ENSG00000026103.21	ENSG00000026103	FAS
ENSG00000026297.15	ENSG00000026297	RNASET2
ENSG00000026508.17	ENSG00000026508	CD44
ENSG00000026559.13	ENSG00000026559	KCNG1
ENSG00000026652.13	ENSG00000026652	AGPAT4
ENSG00000026950.16	ENSG00000026950	BTN3A1
ENSG00000027001.9	ENSG00000027001	MIPEP
ENSG00000027075.14	ENSG00000027075	PRKCH
ENSG00000027697.13	ENSG00000027697	IFNGR1
ENSG00000027847.13	ENSG00000027847	B4GALT7
ENSG00000028116.16	ENSG00000028116	VRK2
ENSG00000028137.18	ENSG00000028137	TNFRSF1B
ENSG00000028203.17	ENSG00000028203	VEZT
ENSG00000028277.21	ENSG00000028277	POU2F2
ENSG00000028310.17	ENSG00000028310	BRD9
ENSG00000028528.14	ENSG00000028528	SNX1
ENSG00000028839.9	ENSG00000028839	TBPL1
ENSG00000029153.14	ENSG00000029153	ARNTL2
ENSG00000029363.16	ENSG00000029363	BCLAF1
ENSG00000029364.11	ENSG00000029364	SLC39A9
ENSG00000029534.19	ENSG00000029534	ANK1
ENSG00000029639.10	ENSG00000029639	TFB1M
ENSG00000029725.16	ENSG00000029725	RABEP1
ENSG00000029993.14	ENSG00000029993	HMGB3
ENSG00000030066.13	ENSG00000030066	NUP160
ENSG00000030110.12	ENSG00000030110	BAK1
ENSG00000030419.16	ENSG00000030419	IKZF2
ENSG00000030582.17	ENSG00000030582	GRN
ENSG00000031003.10	ENSG00000031003	FAM13B
ENSG00000031081.10	ENSG00000031081	ARHGAP31
ENSG00000031691.6	ENSG00000031691	CENPQ
ENSG00000031698.12	ENSG00000031698	SARS
ENSG00000031823.14	ENSG00000031823	RANBP3
ENSG00000032219.18	ENSG00000032219	ARID4A
ENSG00000032389.12	ENSG00000032389	EIPR1
ENSG00000032444.15	ENSG00000032444	PNPLA6
ENSG00000032742.17	ENSG00000032742	IFT88
ENSG00000033011.11	ENSG00000033011	ALG1
ENSG00000033030.13	ENSG00000033030	ZCCHC8
ENSG00000033050.7	ENSG00000033050	ABCF2
ENSG00000033100.16	ENSG00000033100	CHPF2
ENSG00000033122.18	ENSG00000033122	LRRC7
ENSG00000033170.16	ENSG00000033170	FUT8
ENSG00000033178.12	ENSG00000033178	UBA6
ENSG00000033327.12	ENSG00000033327	GAB2
ENSG00000033627.16	ENSG00000033627	ATP6V0A1
ENSG00000033800.13	ENSG00000033800	PIAS1
ENSG00000033867.16	ENSG00000033867	SLC4A7
ENSG00000034053.14	ENSG00000034053	APBA2
ENSG00000034152.18	ENSG00000034152	MAP2K3
ENSG00000034239.10	ENSG00000034239	EFCAB1
ENSG00000034510.5	ENSG00000034510	TMSB10
ENSG00000034533.11	ENSG00000034533	ASTE1
ENSG00000034677.12	ENSG00000034677	RNF19A
ENSG00000034693.14	ENSG00000034693	PEX3
ENSG00000034713.7	ENSG00000034713	GABARAPL2
ENSG00000035115.21	ENSG00000035115	SH3YL1
ENSG00000035141.7	ENSG00000035141	FAM136A
ENSG00000035403.17	ENSG00000035403	VCL
ENSG00000035499.12	ENSG00000035499	DEPDC1B
ENSG00000035664.11	ENSG00000035664	DAPK2
ENSG00000035681.7	ENSG00000035681	NSMAF
ENSG00000035687.9	ENSG00000035687	ADSS
ENSG00000035862.12	ENSG00000035862	TIMP2
ENSG00000035928.15	ENSG00000035928	RFC1
ENSG00000036054.12	ENSG00000036054	TBC1D23
ENSG00000036257.12	ENSG00000036257	CUL3
ENSG00000036448.9	ENSG00000036448	MYOM2
ENSG00000036530.8	ENSG00000036530	CYP46A1
ENSG00000036549.12	ENSG00000036549	ZZZ3
ENSG00000036672.15	ENSG00000036672	USP2
ENSG00000037042.8	ENSG00000037042	TUBG2
ENSG00000037241.7	ENSG00000037241	RPL26L1
ENSG00000037280.15	ENSG00000037280	FLT4
ENSG00000037474.14	ENSG00000037474	NSUN2
ENSG00000037637.10	ENSG00000037637	FBXO42
ENSG00000037749.11	ENSG00000037749	MFAP3
ENSG00000037757.13	ENSG00000037757	MRI1
ENSG00000037897.16	ENSG00000037897	METTL1
ENSG00000038002.8	ENSG00000038002	AGA
ENSG00000038210.12	ENSG00000038210	PI4K2B
ENSG00000038219.12	ENSG00000038219	BOD1L1
ENSG00000038274.16	ENSG00000038274	MAT2B
ENSG00000038295.7	ENSG00000038295	TLL1
ENSG00000038358.14	ENSG00000038358	EDC4
ENSG00000038382.18	ENSG00000038382	TRIO
ENSG00000038427.15	ENSG00000038427	VCAN
ENSG00000038532.14	ENSG00000038532	CLEC16A
ENSG00000038945.14	ENSG00000038945	MSR1
ENSG00000039068.18	ENSG00000039068	CDH1
ENSG00000039123.15	ENSG00000039123	SKIV2L2
ENSG00000039139.9	ENSG00000039139	DNAH5
ENSG00000039319.16	ENSG00000039319	ZFYVE16
ENSG00000039523.19	ENSG00000039523	RIPOR1
ENSG00000039560.13	ENSG00000039560	RAI14
ENSG00000039650.11	ENSG00000039650	PNKP
ENSG00000040199.18	ENSG00000040199	PHLPP2
ENSG00000040275.16	ENSG00000040275	SPDL1
ENSG00000040341.17	ENSG00000040341	STAU2
ENSG00000040487.12	ENSG00000040487	PQLC2
ENSG00000040531.14	ENSG00000040531	CTNS
ENSG00000040608.13	ENSG00000040608	RTN4R
ENSG00000040633.12	ENSG00000040633	PHF23
ENSG00000040731.10	ENSG00000040731	CDH10
ENSG00000040933.15	ENSG00000040933	INPP4A
ENSG00000041353.9	ENSG00000041353	RAB27B
ENSG00000041357.15	ENSG00000041357	PSMA4
ENSG00000041515.15	ENSG00000041515	MYO16
ENSG00000041802.10	ENSG00000041802	LSG1
ENSG00000041880.14	ENSG00000041880	PARP3
ENSG00000041982.15	ENSG00000041982	TNC
ENSG00000041988.15	ENSG00000041988	THAP3
ENSG00000042062.11	ENSG00000042062	RIPOR3
ENSG00000042088.13	ENSG00000042088	TDP1
ENSG00000042286.14	ENSG00000042286	AIFM2
ENSG00000042317.16	ENSG00000042317	SPATA7
ENSG00000042429.11	ENSG00000042429	MED17
ENSG00000042445.13	ENSG00000042445	RETSAT
ENSG00000042493.15	ENSG00000042493	CAPG
ENSG00000042753.11	ENSG00000042753	AP2S1
ENSG00000042781.12	ENSG00000042781	USH2A
ENSG00000042832.11	ENSG00000042832	TG
ENSG00000042980.12	ENSG00000042980	ADAM28
ENSG00000043093.13	ENSG00000043093	DCUN1D1
ENSG00000043143.20	ENSG00000043143	JADE2
ENSG00000043355.11	ENSG00000043355	ZIC2
ENSG00000043462.11	ENSG00000043462	LCP2
ENSG00000043514.15	ENSG00000043514	TRIT1
ENSG00000043591.5	ENSG00000043591	ADRB1
ENSG00000044090.8	ENSG00000044090	CUL7
ENSG00000044115.20	ENSG00000044115	CTNNA1
ENSG00000044446.11	ENSG00000044446	PHKA2
ENSG00000044459.14	ENSG00000044459	CNTLN
ENSG00000044524.10	ENSG00000044524	EPHA3
ENSG00000044574.7	ENSG00000044574	HSPA5
ENSG00000046647.13	ENSG00000046647	GEMIN8
ENSG00000046651.14	ENSG00000046651	OFD1
ENSG00000046653.14	ENSG00000046653	GPM6B
ENSG00000046889.18	ENSG00000046889	PREX2
ENSG00000047056.14	ENSG00000047056	WDR37
ENSG00000047188.15	ENSG00000047188	YTHDC2
ENSG00000047230.14	ENSG00000047230	CTPS2
ENSG00000047249.17	ENSG00000047249	ATP6V1H
ENSG00000047315.15	ENSG00000047315	POLR2B
ENSG00000047346.12	ENSG00000047346	FAM214A
ENSG00000047365.11	ENSG00000047365	ARAP2
ENSG00000047410.13	ENSG00000047410	TPR
ENSG00000047457.13	ENSG00000047457	CP
ENSG00000047578.12	ENSG00000047578	KIAA0556
ENSG00000047579.19	ENSG00000047579	DTNBP1
ENSG00000047597.5	ENSG00000047597	XK
ENSG00000047617.14	ENSG00000047617	ANO2
ENSG00000047621.11	ENSG00000047621	C12orf4
ENSG00000047634.14	ENSG00000047634	SCML1
ENSG00000047644.18	ENSG00000047644	WWC3
ENSG00000047648.21	ENSG00000047648	ARHGAP6
ENSG00000047662.4	ENSG00000047662	FAM184B
ENSG00000047849.21	ENSG00000047849	MAP4
ENSG00000047932.13	ENSG00000047932	GOPC
ENSG00000047936.10	ENSG00000047936	ROS1
ENSG00000048028.11	ENSG00000048028	USP28
ENSG00000048052.21	ENSG00000048052	HDAC9
ENSG00000048140.17	ENSG00000048140	TSPAN17
ENSG00000048162.20	ENSG00000048162	NOP16
ENSG00000048342.15	ENSG00000048342	CC2D2A
ENSG00000048392.11	ENSG00000048392	RRM2B
ENSG00000048405.9	ENSG00000048405	ZNF800
ENSG00000048471.13	ENSG00000048471	SNX29
ENSG00000048540.14	ENSG00000048540	LMO3
ENSG00000048544.5	ENSG00000048544	MRPS10
ENSG00000048545.13	ENSG00000048545	GUCA1A
ENSG00000048649.13	ENSG00000048649	RSF1
ENSG00000048707.13	ENSG00000048707	VPS13D
ENSG00000048740.18	ENSG00000048740	CELF2
ENSG00000048828.16	ENSG00000048828	FAM120A
ENSG00000048991.16	ENSG00000048991	R3HDM1
ENSG00000049089.13	ENSG00000049089	COL9A2
ENSG00000049130.14	ENSG00000049130	KITLG
ENSG00000049167.13	ENSG00000049167	ERCC8
ENSG00000049192.14	ENSG00000049192	ADAMTS6
ENSG00000049239.12	ENSG00000049239	H6PD
ENSG00000049245.12	ENSG00000049245	VAMP3
ENSG00000049246.14	ENSG00000049246	PER3
ENSG00000049283.17	ENSG00000049283	EPN3
ENSG00000049323.15	ENSG00000049323	LTBP1
ENSG00000049449.8	ENSG00000049449	RCN1
ENSG00000049540.16	ENSG00000049540	ELN
ENSG00000049541.10	ENSG00000049541	RFC2
ENSG00000049618.22	ENSG00000049618	ARID1B
ENSG00000049656.13	ENSG00000049656	CLPTM1L
ENSG00000049759.17	ENSG00000049759	NEDD4L
ENSG00000049768.14	ENSG00000049768	FOXP3
ENSG00000049769.12	ENSG00000049769	PPP1R3F
ENSG00000049860.13	ENSG00000049860	HEXB
ENSG00000049883.14	ENSG00000049883	PTCD2
ENSG00000050030.13	ENSG00000050030	NEXMIF
ENSG00000050130.17	ENSG00000050130	JKAMP
ENSG00000050165.17	ENSG00000050165	DKK3
ENSG00000050327.14	ENSG00000050327	ARHGEF5
ENSG00000050393.11	ENSG00000050393	MCUR1
ENSG00000050405.13	ENSG00000050405	LIMA1
ENSG00000050426.15	ENSG00000050426	LETMD1
ENSG00000050438.16	ENSG00000050438	SLC4A8
ENSG00000050555.17	ENSG00000050555	LAMC3
ENSG00000050628.20	ENSG00000050628	PTGER3
ENSG00000050748.17	ENSG00000050748	MAPK9
ENSG00000050767.15	ENSG00000050767	COL23A1
ENSG00000050820.16	ENSG00000050820	BCAR1
ENSG00000051009.10	ENSG00000051009	FAM160A2
ENSG00000051108.14	ENSG00000051108	HERPUD1
ENSG00000051128.18	ENSG00000051128	HOMER3
ENSG00000051341.13	ENSG00000051341	POLQ
ENSG00000051382.8	ENSG00000051382	PIK3CB
ENSG00000051523.10	ENSG00000051523	CYBA
ENSG00000051596.9	ENSG00000051596	THOC3
ENSG00000051620.10	ENSG00000051620	HEBP2
ENSG00000051825.14	ENSG00000051825	MPHOSPH9
ENSG00000052126.14	ENSG00000052126	PLEKHA5
ENSG00000052723.11	ENSG00000052723	SIKE1
ENSG00000052749.13	ENSG00000052749	RRP12
ENSG00000052795.12	ENSG00000052795	FNIP2
ENSG00000052802.12	ENSG00000052802	MSMO1
ENSG00000052841.14	ENSG00000052841	TTC17
ENSG00000053108.16	ENSG00000053108	FSTL4
ENSG00000053254.15	ENSG00000053254	FOXN3
ENSG00000053328.8	ENSG00000053328	METTL24
ENSG00000053371.12	ENSG00000053371	AKR7A2
ENSG00000053372.4	ENSG00000053372	MRTO4
ENSG00000053438.8	ENSG00000053438	NNAT
ENSG00000053501.12	ENSG00000053501	USE1
ENSG00000053524.12	ENSG00000053524	MCF2L2
ENSG00000053702.14	ENSG00000053702	NRIP2
ENSG00000053747.15	ENSG00000053747	LAMA3
ENSG00000053770.11	ENSG00000053770	AP5M1
ENSG00000053900.10	ENSG00000053900	ANAPC4
ENSG00000053918.15	ENSG00000053918	KCNQ1
ENSG00000054116.11	ENSG00000054116	TRAPPC3
ENSG00000054118.13	ENSG00000054118	THRAP3
ENSG00000054148.17	ENSG00000054148	PHPT1
ENSG00000054179.11	ENSG00000054179	ENTPD2
ENSG00000054219.10	ENSG00000054219	LY75
ENSG00000054267.21	ENSG00000054267	ARID4B
ENSG00000054277.13	ENSG00000054277	OPN3
ENSG00000054282.15	ENSG00000054282	SDCCAG8
ENSG00000054356.13	ENSG00000054356	PTPRN
ENSG00000054392.12	ENSG00000054392	HHAT
ENSG00000054523.17	ENSG00000054523	KIF1B
ENSG00000054598.6	ENSG00000054598	FOXC1
ENSG00000054611.13	ENSG00000054611	TBC1D22A
ENSG00000054654.16	ENSG00000054654	SYNE2
ENSG00000054690.13	ENSG00000054690	PLEKHH1
ENSG00000054793.13	ENSG00000054793	ATP9A
ENSG00000054803.3	ENSG00000054803	CBLN4
ENSG00000054965.10	ENSG00000054965	FAM168A
ENSG00000054967.12	ENSG00000054967	RELT
ENSG00000054983.16	ENSG00000054983	GALC
ENSG00000055044.10	ENSG00000055044	NOP58
ENSG00000055070.16	ENSG00000055070	SZRD1
ENSG00000055118.14	ENSG00000055118	KCNH2
ENSG00000055130.15	ENSG00000055130	CUL1
ENSG00000055147.18	ENSG00000055147	FAM114A2
ENSG00000055163.19	ENSG00000055163	CYFIP2
ENSG00000055208.18	ENSG00000055208	TAB2
ENSG00000055211.12	ENSG00000055211	GINM1
ENSG00000055332.16	ENSG00000055332	EIF2AK2
ENSG00000055483.19	ENSG00000055483	USP36
ENSG00000055609.17	ENSG00000055609	KMT2C
ENSG00000055813.5	ENSG00000055813	CCDC85A
ENSG00000055917.15	ENSG00000055917	PUM2
ENSG00000055950.16	ENSG00000055950	MRPL43
ENSG00000055955.15	ENSG00000055955	ITIH4
ENSG00000056050.6	ENSG00000056050	HPF1
ENSG00000056097.15	ENSG00000056097	ZFR
ENSG00000056277.15	ENSG00000056277	ZNF280C
ENSG00000056487.15	ENSG00000056487	PHF21B
ENSG00000056558.10	ENSG00000056558	TRAF1
ENSG00000056586.15	ENSG00000056586	RC3H2
ENSG00000056736.9	ENSG00000056736	IL17RB
ENSG00000056972.18	ENSG00000056972	TRAF3IP2
ENSG00000056998.19	ENSG00000056998	GYG2
ENSG00000057019.15	ENSG00000057019	DCBLD2
ENSG00000057252.12	ENSG00000057252	SOAT1
ENSG00000057294.14	ENSG00000057294	PKP2
ENSG00000057468.6	ENSG00000057468	MSH4
ENSG00000057593.13	ENSG00000057593	F7
ENSG00000057608.16	ENSG00000057608	GDI2
ENSG00000057657.15	ENSG00000057657	PRDM1
ENSG00000057663.14	ENSG00000057663	ATG5
ENSG00000057704.12	ENSG00000057704	TMCC3
ENSG00000057757.9	ENSG00000057757	PITHD1
ENSG00000057935.13	ENSG00000057935	MTA3
ENSG00000058056.8	ENSG00000058056	USP13
ENSG00000058063.15	ENSG00000058063	ATP11B
ENSG00000058091.16	ENSG00000058091	CDK14
ENSG00000058262.9	ENSG00000058262	SEC61A1
ENSG00000058272.16	ENSG00000058272	PPP1R12A
ENSG00000058335.15	ENSG00000058335	RASGRF1
ENSG00000058404.19	ENSG00000058404	CAMK2B
ENSG00000058453.16	ENSG00000058453	CROCC
ENSG00000058600.15	ENSG00000058600	POLR3E
ENSG00000058668.14	ENSG00000058668	ATP2B4
ENSG00000058673.16	ENSG00000058673	ZC3H11A
ENSG00000058729.10	ENSG00000058729	RIOK2
ENSG00000058799.14	ENSG00000058799	YIPF1
ENSG00000058804.11	ENSG00000058804	NDC1
ENSG00000058866.14	ENSG00000058866	DGKG
ENSG00000059122.16	ENSG00000059122	FLYWCH1
ENSG00000059145.18	ENSG00000059145	UNKL
ENSG00000059377.16	ENSG00000059377	TBXAS1
ENSG00000059378.12	ENSG00000059378	PARP12
ENSG00000059573.8	ENSG00000059573	ALDH18A1
ENSG00000059588.9	ENSG00000059588	TARBP1
ENSG00000059691.11	ENSG00000059691	GATB
ENSG00000059728.10	ENSG00000059728	MXD1
ENSG00000059758.7	ENSG00000059758	CDK17
ENSG00000059769.19	ENSG00000059769	DNAJC25
ENSG00000059804.15	ENSG00000059804	SLC2A3
ENSG00000059915.16	ENSG00000059915	PSD
ENSG00000060069.16	ENSG00000060069	CTDP1
ENSG00000060138.12	ENSG00000060138	YBX3
ENSG00000060140.8	ENSG00000060140	STYK1
ENSG00000060237.16	ENSG00000060237	WNK1
ENSG00000060339.13	ENSG00000060339	CCAR1
ENSG00000060491.16	ENSG00000060491	OGFR
ENSG00000060558.3	ENSG00000060558	GNA15
ENSG00000060642.10	ENSG00000060642	PIGV
ENSG00000060656.19	ENSG00000060656	PTPRU
ENSG00000060688.12	ENSG00000060688	SNRNP40
ENSG00000060709.14	ENSG00000060709	RIMBP2
ENSG00000060718.20	ENSG00000060718	COL11A1
ENSG00000060749.14	ENSG00000060749	QSER1
ENSG00000060762.18	ENSG00000060762	MPC1
ENSG00000060971.17	ENSG00000060971	ACAA1
ENSG00000060982.14	ENSG00000060982	BCAT1
ENSG00000061273.17	ENSG00000061273	HDAC7
ENSG00000061337.15	ENSG00000061337	LZTS1
ENSG00000061455.10	ENSG00000061455	PRDM6
ENSG00000061656.9	ENSG00000061656	SPAG4
ENSG00000061676.14	ENSG00000061676	NCKAP1
ENSG00000061794.12	ENSG00000061794	MRPS35
ENSG00000061918.12	ENSG00000061918	GUCY1B3
ENSG00000061936.9	ENSG00000061936	SFSWAP
ENSG00000061938.17	ENSG00000061938	TNK2
ENSG00000061987.15	ENSG00000061987	MON2
ENSG00000062038.13	ENSG00000062038	CDH3
ENSG00000062096.14	ENSG00000062096	ARSF
ENSG00000062194.15	ENSG00000062194	GPBP1
ENSG00000062282.14	ENSG00000062282	DGAT2
ENSG00000062370.16	ENSG00000062370	ZNF112
ENSG00000062485.18	ENSG00000062485	CS
ENSG00000062524.15	ENSG00000062524	LTK
ENSG00000062582.13	ENSG00000062582	MRPS24
ENSG00000062598.17	ENSG00000062598	ELMO2
ENSG00000062650.18	ENSG00000062650	WAPL
ENSG00000062716.12	ENSG00000062716	VMP1
ENSG00000062725.9	ENSG00000062725	APPBP2
ENSG00000062822.12	ENSG00000062822	POLD1
ENSG00000063015.19	ENSG00000063015	SEZ6
ENSG00000063046.17	ENSG00000063046	EIF4B
ENSG00000063169.10	ENSG00000063169	BICRA
ENSG00000063176.15	ENSG00000063176	SPHK2
ENSG00000063177.12	ENSG00000063177	RPL18
ENSG00000063180.8	ENSG00000063180	CA11
ENSG00000063241.7	ENSG00000063241	ISOC2
ENSG00000063244.12	ENSG00000063244	U2AF2
ENSG00000063245.14	ENSG00000063245	EPN1
ENSG00000063322.13	ENSG00000063322	MED29
ENSG00000063438.16	ENSG00000063438	AHRR
ENSG00000063587.13	ENSG00000063587	ZNF275
ENSG00000063601.16	ENSG00000063601	MTMR1
ENSG00000063660.8	ENSG00000063660	GPC1
ENSG00000063761.15	ENSG00000063761	ADCK1
ENSG00000063854.12	ENSG00000063854	HAGH
ENSG00000063978.15	ENSG00000063978	RNF4
ENSG00000064012.21	ENSG00000064012	CASP8
ENSG00000064042.17	ENSG00000064042	LIMCH1
ENSG00000064102.14	ENSG00000064102	INTS13
ENSG00000064115.10	ENSG00000064115	TM7SF3
ENSG00000064199.6	ENSG00000064199	SPA17
ENSG00000064205.10	ENSG00000064205	WISP2
ENSG00000064225.12	ENSG00000064225	ST3GAL6
ENSG00000064270.12	ENSG00000064270	ATP2C2
ENSG00000064300.8	ENSG00000064300	NGFR
ENSG00000064309.14	ENSG00000064309	CDON
ENSG00000064313.11	ENSG00000064313	TAF2
ENSG00000064393.15	ENSG00000064393	HIPK2
ENSG00000064419.13	ENSG00000064419	TNPO3
ENSG00000064489.22	ENSG00000064489	BORCS8-MEF2B
ENSG00000064490.13	ENSG00000064490	RFXANK
ENSG00000064545.14	ENSG00000064545	TMEM161A
ENSG00000064547.13	ENSG00000064547	LPAR2
ENSG00000064601.16	ENSG00000064601	CTSA
ENSG00000064607.16	ENSG00000064607	SUGP2
ENSG00000064651.13	ENSG00000064651	SLC12A2
ENSG00000064652.10	ENSG00000064652	SNX24
ENSG00000064655.18	ENSG00000064655	EYA2
ENSG00000064666.14	ENSG00000064666	CNN2
ENSG00000064687.12	ENSG00000064687	ABCA7
ENSG00000064692.18	ENSG00000064692	SNCAIP
ENSG00000064703.11	ENSG00000064703	DDX20
ENSG00000064726.9	ENSG00000064726	BTBD1
ENSG00000064763.10	ENSG00000064763	FAR2
ENSG00000064787.13	ENSG00000064787	BCAS1
ENSG00000064886.13	ENSG00000064886	CHI3L2
ENSG00000064932.15	ENSG00000064932	SBNO2
ENSG00000064933.17	ENSG00000064933	PMS1
ENSG00000064961.18	ENSG00000064961	HMG20B
ENSG00000064989.12	ENSG00000064989	CALCRL
ENSG00000064995.16	ENSG00000064995	TAF11
ENSG00000064999.13	ENSG00000064999	ANKS1A
ENSG00000065000.15	ENSG00000065000	AP3D1
ENSG00000065029.14	ENSG00000065029	ZNF76
ENSG00000065054.13	ENSG00000065054	SLC9A3R2
ENSG00000065057.7	ENSG00000065057	NTHL1
ENSG00000065060.16	ENSG00000065060	UHRF1BP1
ENSG00000065135.10	ENSG00000065135	GNAI3
ENSG00000065150.18	ENSG00000065150	IPO5
ENSG00000065154.11	ENSG00000065154	OAT
ENSG00000065183.15	ENSG00000065183	WDR3
ENSG00000065243.19	ENSG00000065243	PKN2
ENSG00000065268.10	ENSG00000065268	WDR18
ENSG00000065308.4	ENSG00000065308	TRAM2
ENSG00000065320.8	ENSG00000065320	NTN1
ENSG00000065325.12	ENSG00000065325	GLP2R
ENSG00000065357.19	ENSG00000065357	DGKA
ENSG00000065361.14	ENSG00000065361	ERBB3
ENSG00000065413.18	ENSG00000065413	ANKRD44
ENSG00000065427.14	ENSG00000065427	KARS
ENSG00000065457.10	ENSG00000065457	ADAT1
ENSG00000065485.19	ENSG00000065485	PDIA5
ENSG00000065491.8	ENSG00000065491	TBC1D22B
ENSG00000065518.7	ENSG00000065518	NDUFB4
ENSG00000065526.10	ENSG00000065526	SPEN
ENSG00000065534.18	ENSG00000065534	MYLK
ENSG00000065548.17	ENSG00000065548	ZC3H15
ENSG00000065559.14	ENSG00000065559	MAP2K4
ENSG00000065600.12	ENSG00000065600	TMEM206
ENSG00000065609.14	ENSG00000065609	SNAP91
ENSG00000065613.13	ENSG00000065613	SLK
ENSG00000065615.13	ENSG00000065615	CYB5R4
ENSG00000065621.14	ENSG00000065621	GSTO2
ENSG00000065665.20	ENSG00000065665	SEC61A2
ENSG00000065675.14	ENSG00000065675	PRKCQ
ENSG00000065717.14	ENSG00000065717	TLE2
ENSG00000065802.11	ENSG00000065802	ASB1
ENSG00000065809.13	ENSG00000065809	FAM107B
ENSG00000065833.8	ENSG00000065833	ME1
ENSG00000065882.15	ENSG00000065882	TBC1D1
ENSG00000065883.14	ENSG00000065883	CDK13
ENSG00000065911.11	ENSG00000065911	MTHFD2
ENSG00000065923.9	ENSG00000065923	SLC9A7
ENSG00000065970.8	ENSG00000065970	FOXJ2
ENSG00000065978.18	ENSG00000065978	YBX1
ENSG00000065989.15	ENSG00000065989	PDE4A
ENSG00000066027.11	ENSG00000066027	PPP2R5A
ENSG00000066032.18	ENSG00000066032	CTNNA2
ENSG00000066044.14	ENSG00000066044	ELAVL1
ENSG00000066056.13	ENSG00000066056	TIE1
ENSG00000066084.12	ENSG00000066084	DIP2B
ENSG00000066117.14	ENSG00000066117	SMARCD1
ENSG00000066135.12	ENSG00000066135	KDM4A
ENSG00000066136.20	ENSG00000066136	NFYC
ENSG00000066185.12	ENSG00000066185	ZMYND12
ENSG00000066248.14	ENSG00000066248	NGEF
ENSG00000066294.14	ENSG00000066294	CD84
ENSG00000066322.14	ENSG00000066322	ELOVL1
ENSG00000066336.11	ENSG00000066336	SPI1
ENSG00000066379.14	ENSG00000066379	ZNRD1
ENSG00000066382.16	ENSG00000066382	MPPED2
ENSG00000066422.4	ENSG00000066422	ZBTB11
ENSG00000066427.21	ENSG00000066427	ATXN3
ENSG00000066455.12	ENSG00000066455	GOLGA5
ENSG00000066468.22	ENSG00000066468	FGFR2
ENSG00000066557.5	ENSG00000066557	LRRC40
ENSG00000066583.11	ENSG00000066583	ISOC1
ENSG00000066629.16	ENSG00000066629	EML1
ENSG00000066651.18	ENSG00000066651	TRMT11
ENSG00000066654.13	ENSG00000066654	THUMPD1
ENSG00000066697.14	ENSG00000066697	MSANTD3
ENSG00000066735.14	ENSG00000066735	KIF26A
ENSG00000066739.11	ENSG00000066739	ATG2B
ENSG00000066777.8	ENSG00000066777	ARFGEF1
ENSG00000066827.15	ENSG00000066827	ZFAT
ENSG00000066855.15	ENSG00000066855	MTFR1
ENSG00000066923.17	ENSG00000066923	STAG3
ENSG00000066926.10	ENSG00000066926	FECH
ENSG00000066933.15	ENSG00000066933	MYO9A
ENSG00000067057.16	ENSG00000067057	PFKP
ENSG00000067064.10	ENSG00000067064	IDI1
ENSG00000067066.16	ENSG00000067066	SP100
ENSG00000067082.14	ENSG00000067082	KLF6
ENSG00000067113.16	ENSG00000067113	PLPP1
ENSG00000067141.16	ENSG00000067141	NEO1
ENSG00000067167.7	ENSG00000067167	TRAM1
ENSG00000067177.14	ENSG00000067177	PHKA1
ENSG00000067182.7	ENSG00000067182	TNFRSF1A
ENSG00000067191.15	ENSG00000067191	CACNB1
ENSG00000067208.14	ENSG00000067208	EVI5
ENSG00000067221.13	ENSG00000067221	STOML1
ENSG00000067225.17	ENSG00000067225	PKM
ENSG00000067248.9	ENSG00000067248	DHX29
ENSG00000067334.13	ENSG00000067334	DNTTIP2
ENSG00000067365.14	ENSG00000067365	METTL22
ENSG00000067369.13	ENSG00000067369	TP53BP1
ENSG00000067445.20	ENSG00000067445	TRO
ENSG00000067533.5	ENSG00000067533	RRP15
ENSG00000067560.10	ENSG00000067560	RHOA
ENSG00000067596.10	ENSG00000067596	DHX8
ENSG00000067601.7	ENSG00000067601	PMS2P4
ENSG00000067606.16	ENSG00000067606	PRKCZ
ENSG00000067704.9	ENSG00000067704	IARS2
ENSG00000067715.13	ENSG00000067715	SYT1
ENSG00000067798.14	ENSG00000067798	NAV3
ENSG00000067829.18	ENSG00000067829	IDH3G
ENSG00000067836.12	ENSG00000067836	ROGDI
ENSG00000067840.12	ENSG00000067840	PDZD4
ENSG00000067842.17	ENSG00000067842	ATP2B3
ENSG00000067900.7	ENSG00000067900	ROCK1
ENSG00000067955.13	ENSG00000067955	CBFB
ENSG00000067992.12	ENSG00000067992	PDK3
ENSG00000068001.13	ENSG00000068001	HYAL2
ENSG00000068024.16	ENSG00000068024	HDAC4
ENSG00000068028.17	ENSG00000068028	RASSF1
ENSG00000068078.17	ENSG00000068078	FGFR3
ENSG00000068079.7	ENSG00000068079	IFI35
ENSG00000068097.14	ENSG00000068097	HEATR6
ENSG00000068120.14	ENSG00000068120	COASY
ENSG00000068137.14	ENSG00000068137	PLEKHH3
ENSG00000068305.17	ENSG00000068305	MEF2A
ENSG00000068308.13	ENSG00000068308	OTUD5
ENSG00000068323.16	ENSG00000068323	TFE3
ENSG00000068354.15	ENSG00000068354	TBC1D25
ENSG00000068366.19	ENSG00000068366	ACSL4
ENSG00000068383.18	ENSG00000068383	INPP5A
ENSG00000068394.10	ENSG00000068394	GPKOW
ENSG00000068400.13	ENSG00000068400	GRIPAP1
ENSG00000068438.14	ENSG00000068438	FTSJ1
ENSG00000068489.12	ENSG00000068489	PRR11
ENSG00000068615.17	ENSG00000068615	REEP1
ENSG00000068650.18	ENSG00000068650	ATP11A
ENSG00000068654.15	ENSG00000068654	POLR1A
ENSG00000068697.6	ENSG00000068697	LAPTM4A
ENSG00000068724.15	ENSG00000068724	TTC7A
ENSG00000068745.14	ENSG00000068745	IP6K2
ENSG00000068784.12	ENSG00000068784	SRBD1
ENSG00000068796.16	ENSG00000068796	KIF2A
ENSG00000068831.18	ENSG00000068831	RASGRP2
ENSG00000068878.14	ENSG00000068878	PSME4
ENSG00000068885.14	ENSG00000068885	IFT80
ENSG00000068903.19	ENSG00000068903	SIRT2
ENSG00000068912.13	ENSG00000068912	ERLEC1
ENSG00000068971.13	ENSG00000068971	PPP2R5B
ENSG00000068976.13	ENSG00000068976	PYGM
ENSG00000069020.18	ENSG00000069020	MAST4
ENSG00000069122.18	ENSG00000069122	ADGRF5
ENSG00000069188.16	ENSG00000069188	SDK2
ENSG00000069248.11	ENSG00000069248	NUP133
ENSG00000069275.12	ENSG00000069275	NUCKS1
ENSG00000069329.16	ENSG00000069329	VPS35
ENSG00000069345.11	ENSG00000069345	DNAJA2
ENSG00000069399.14	ENSG00000069399	BCL3
ENSG00000069424.14	ENSG00000069424	KCNAB2
ENSG00000069431.11	ENSG00000069431	ABCC9
ENSG00000069493.14	ENSG00000069493	CLEC2D
ENSG00000069509.5	ENSG00000069509	FUNDC1
ENSG00000069535.13	ENSG00000069535	MAOB
ENSG00000069667.15	ENSG00000069667	RORA
ENSG00000069702.10	ENSG00000069702	TGFBR3
ENSG00000069712.12	ENSG00000069712	KIAA1107
ENSG00000069849.10	ENSG00000069849	ATP1B3
ENSG00000069869.15	ENSG00000069869	NEDD4
ENSG00000069943.9	ENSG00000069943	PIGB
ENSG00000069956.11	ENSG00000069956	MAPK6
ENSG00000069966.18	ENSG00000069966	GNB5
ENSG00000069974.15	ENSG00000069974	RAB27A
ENSG00000069998.12	ENSG00000069998	HDHD5
ENSG00000070010.18	ENSG00000070010	UFD1
ENSG00000070018.8	ENSG00000070018	LRP6
ENSG00000070047.11	ENSG00000070047	PHRF1
ENSG00000070061.14	ENSG00000070061	ELP1
ENSG00000070081.15	ENSG00000070081	NUCB2
ENSG00000070087.13	ENSG00000070087	PFN2
ENSG00000070159.13	ENSG00000070159	PTPN3
ENSG00000070182.19	ENSG00000070182	SPTB
ENSG00000070190.12	ENSG00000070190	DAPP1
ENSG00000070214.15	ENSG00000070214	SLC44A1
ENSG00000070269.13	ENSG00000070269	TMEM260
ENSG00000070366.13	ENSG00000070366	SMG6
ENSG00000070367.15	ENSG00000070367	EXOC5
ENSG00000070371.15	ENSG00000070371	CLTCL1
ENSG00000070388.11	ENSG00000070388	FGF22
ENSG00000070404.9	ENSG00000070404	FSTL3
ENSG00000070413.19	ENSG00000070413	DGCR2
ENSG00000070423.17	ENSG00000070423	RNF126
ENSG00000070444.14	ENSG00000070444	MNT
ENSG00000070476.14	ENSG00000070476	ZXDC
ENSG00000070495.14	ENSG00000070495	JMJD6
ENSG00000070501.11	ENSG00000070501	POLB
ENSG00000070526.14	ENSG00000070526	ST6GALNAC1
ENSG00000070540.12	ENSG00000070540	WIPI1
ENSG00000070601.9	ENSG00000070601	FRMPD1
ENSG00000070610.14	ENSG00000070610	GBA2
ENSG00000070614.14	ENSG00000070614	NDST1
ENSG00000070669.16	ENSG00000070669	ASNS
ENSG00000070718.11	ENSG00000070718	AP3M2
ENSG00000070729.13	ENSG00000070729	CNGB1
ENSG00000070731.10	ENSG00000070731	ST6GALNAC2
ENSG00000070756.15	ENSG00000070756	PABPC1
ENSG00000070759.16	ENSG00000070759	TESK2
ENSG00000070761.7	ENSG00000070761	CFAP20
ENSG00000070770.8	ENSG00000070770	CSNK2A2
ENSG00000070778.12	ENSG00000070778	PTPN21
ENSG00000070785.16	ENSG00000070785	EIF2B3
ENSG00000070808.15	ENSG00000070808	CAMK2A
ENSG00000070814.17	ENSG00000070814	TCOF1
ENSG00000070831.15	ENSG00000070831	CDC42
ENSG00000070882.12	ENSG00000070882	OSBPL3
ENSG00000070886.11	ENSG00000070886	EPHA8
ENSG00000070950.9	ENSG00000070950	RAD18
ENSG00000070961.15	ENSG00000070961	ATP2B1
ENSG00000071051.13	ENSG00000071051	NCK2
ENSG00000071054.16	ENSG00000071054	MAP4K4
ENSG00000071073.12	ENSG00000071073	MGAT4A
ENSG00000071082.10	ENSG00000071082	RPL31
ENSG00000071127.16	ENSG00000071127	WDR1
ENSG00000071189.21	ENSG00000071189	SNX13
ENSG00000071205.11	ENSG00000071205	ARHGAP10
ENSG00000071242.11	ENSG00000071242	RPS6KA2
ENSG00000071243.15	ENSG00000071243	ING3
ENSG00000071246.10	ENSG00000071246	VASH1
ENSG00000071282.11	ENSG00000071282	LMCD1
ENSG00000071462.11	ENSG00000071462	BUD23
ENSG00000071537.13	ENSG00000071537	SEL1L
ENSG00000071539.13	ENSG00000071539	TRIP13
ENSG00000071553.16	ENSG00000071553	ATP6AP1
ENSG00000071564.14	ENSG00000071564	TCF3
ENSG00000071575.11	ENSG00000071575	TRIB2
ENSG00000071626.16	ENSG00000071626	DAZAP1
ENSG00000071655.17	ENSG00000071655	MBD3
ENSG00000071794.15	ENSG00000071794	HLTF
ENSG00000071859.14	ENSG00000071859	FAM50A
ENSG00000071889.16	ENSG00000071889	FAM3A
ENSG00000071894.16	ENSG00000071894	CPSF1
ENSG00000071967.11	ENSG00000071967	CYBRD1
ENSG00000071991.8	ENSG00000071991	CDH19
ENSG00000071994.10	ENSG00000071994	PDCD2
ENSG00000072041.16	ENSG00000072041	SLC6A15
ENSG00000072042.12	ENSG00000072042	RDH11
ENSG00000072062.13	ENSG00000072062	PRKACA
ENSG00000072071.16	ENSG00000072071	ADGRL1
ENSG00000072110.13	ENSG00000072110	ACTN1
ENSG00000072121.15	ENSG00000072121	ZFYVE26
ENSG00000072133.10	ENSG00000072133	RPS6KA6
ENSG00000072134.15	ENSG00000072134	EPN2
ENSG00000072135.12	ENSG00000072135	PTPN18
ENSG00000072163.19	ENSG00000072163	LIMS2
ENSG00000072182.12	ENSG00000072182	ASIC4
ENSG00000072195.14	ENSG00000072195	SPEG
ENSG00000072201.13	ENSG00000072201	LNX1
ENSG00000072210.18	ENSG00000072210	ALDH3A2
ENSG00000072274.12	ENSG00000072274	TFRC
ENSG00000072310.16	ENSG00000072310	SREBF1
ENSG00000072315.3	ENSG00000072315	TRPC5
ENSG00000072364.12	ENSG00000072364	AFF4
ENSG00000072401.14	ENSG00000072401	UBE2D1
ENSG00000072415.8	ENSG00000072415	MPP5
ENSG00000072422.16	ENSG00000072422	RHOBTB1
ENSG00000072501.17	ENSG00000072501	SMC1A
ENSG00000072506.12	ENSG00000072506	HSD17B10
ENSG00000072518.20	ENSG00000072518	MARK2
ENSG00000072609.17	ENSG00000072609	CHFR
ENSG00000072657.8	ENSG00000072657	TRHDE
ENSG00000072682.18	ENSG00000072682	P4HA2
ENSG00000072694.20	ENSG00000072694	FCGR2B
ENSG00000072736.18	ENSG00000072736	NFATC3
ENSG00000072756.16	ENSG00000072756	TRNT1
ENSG00000072778.19	ENSG00000072778	ACADVL
ENSG00000072786.12	ENSG00000072786	STK10
ENSG00000072803.17	ENSG00000072803	FBXW11
ENSG00000072818.11	ENSG00000072818	ACAP1
ENSG00000072832.14	ENSG00000072832	CRMP1
ENSG00000072840.12	ENSG00000072840	EVC
ENSG00000072849.10	ENSG00000072849	DERL2
ENSG00000072858.10	ENSG00000072858	SIDT1
ENSG00000072864.14	ENSG00000072864	NDE1
ENSG00000072952.18	ENSG00000072952	MRVI1
ENSG00000072954.6	ENSG00000072954	TMEM38A
ENSG00000072958.8	ENSG00000072958	AP1M1
ENSG00000073008.14	ENSG00000073008	PVR
ENSG00000073050.11	ENSG00000073050	XRCC1
ENSG00000073060.15	ENSG00000073060	SCARB1
ENSG00000073111.13	ENSG00000073111	MCM2
ENSG00000073146.15	ENSG00000073146	MOV10L1
ENSG00000073150.13	ENSG00000073150	PANX2
ENSG00000073169.13	ENSG00000073169	SELENOO
ENSG00000073331.17	ENSG00000073331	ALPK1
ENSG00000073350.13	ENSG00000073350	LLGL2
ENSG00000073417.14	ENSG00000073417	PDE8A
ENSG00000073464.11	ENSG00000073464	CLCN4
ENSG00000073536.17	ENSG00000073536	NLE1
ENSG00000073578.16	ENSG00000073578	SDHA
ENSG00000073584.18	ENSG00000073584	SMARCE1
ENSG00000073605.18	ENSG00000073605	GSDMB
ENSG00000073614.12	ENSG00000073614	KDM5A
ENSG00000073670.13	ENSG00000073670	ADAM11
ENSG00000073711.10	ENSG00000073711	PPP2R3A
ENSG00000073712.14	ENSG00000073712	FERMT2
ENSG00000073737.16	ENSG00000073737	DHRS9
ENSG00000073756.11	ENSG00000073756	PTGS2
ENSG00000073792.15	ENSG00000073792	IGF2BP2
ENSG00000073803.13	ENSG00000073803	MAP3K13
ENSG00000073849.14	ENSG00000073849	ST6GAL1
ENSG00000073910.20	ENSG00000073910	FRY
ENSG00000073921.17	ENSG00000073921	PICALM
ENSG00000073969.18	ENSG00000073969	NSF
ENSG00000074047.21	ENSG00000074047	GLI2
ENSG00000074054.17	ENSG00000074054	CLASP1
ENSG00000074071.14	ENSG00000074071	MRPS34
ENSG00000074181.8	ENSG00000074181	NOTCH3
ENSG00000074201.8	ENSG00000074201	CLNS1A
ENSG00000074211.13	ENSG00000074211	PPP2R2C
ENSG00000074219.13	ENSG00000074219	TEAD2
ENSG00000074266.19	ENSG00000074266	EED
ENSG00000074276.10	ENSG00000074276	CDHR2
ENSG00000074317.10	ENSG00000074317	SNCB
ENSG00000074319.12	ENSG00000074319	TSG101
ENSG00000074356.16	ENSG00000074356	NCBP3
ENSG00000074370.17	ENSG00000074370	ATP2A3
ENSG00000074410.13	ENSG00000074410	CA12
ENSG00000074416.13	ENSG00000074416	MGLL
ENSG00000074527.11	ENSG00000074527	NTN4
ENSG00000074582.12	ENSG00000074582	BCS1L
ENSG00000074590.13	ENSG00000074590	NUAK1
ENSG00000074603.18	ENSG00000074603	DPP8
ENSG00000074621.13	ENSG00000074621	SLC24A1
ENSG00000074657.13	ENSG00000074657	ZNF532
ENSG00000074660.15	ENSG00000074660	SCARF1
ENSG00000074695.5	ENSG00000074695	LMAN1
ENSG00000074696.12	ENSG00000074696	HACD3
ENSG00000074706.13	ENSG00000074706	IPCEF1
ENSG00000074755.14	ENSG00000074755	ZZEF1
ENSG00000074800.13	ENSG00000074800	ENO1
ENSG00000074803.17	ENSG00000074803	SLC12A1
ENSG00000074842.7	ENSG00000074842	MYDGF
ENSG00000074855.10	ENSG00000074855	ANO8
ENSG00000074935.13	ENSG00000074935	TUBE1
ENSG00000074964.16	ENSG00000074964	ARHGEF10L
ENSG00000075035.9	ENSG00000075035	WSCD2
ENSG00000075043.18	ENSG00000075043	KCNQ2
ENSG00000075073.14	ENSG00000075073	TACR2
ENSG00000075089.9	ENSG00000075089	ACTR6
ENSG00000075131.9	ENSG00000075131	TIPIN
ENSG00000075142.13	ENSG00000075142	SRI
ENSG00000075151.20	ENSG00000075151	EIF4G3
ENSG00000075188.8	ENSG00000075188	NUP37
ENSG00000075213.10	ENSG00000075213	SEMA3A
ENSG00000075223.13	ENSG00000075223	SEMA3C
ENSG00000075234.16	ENSG00000075234	TTC38
ENSG00000075239.13	ENSG00000075239	ACAT1
ENSG00000075240.16	ENSG00000075240	GRAMD4
ENSG00000075292.18	ENSG00000075292	ZNF638
ENSG00000075303.12	ENSG00000075303	SLC25A40
ENSG00000075336.11	ENSG00000075336	TIMM21
ENSG00000075340.22	ENSG00000075340	ADD2
ENSG00000075391.16	ENSG00000075391	RASAL2
ENSG00000075399.13	ENSG00000075399	VPS9D1
ENSG00000075407.18	ENSG00000075407	ZNF37A
ENSG00000075413.17	ENSG00000075413	MARK3
ENSG00000075415.12	ENSG00000075415	SLC25A3
ENSG00000075420.12	ENSG00000075420	FNDC3B
ENSG00000075426.11	ENSG00000075426	FOSL2
ENSG00000075429.8	ENSG00000075429	CACNG5
ENSG00000075461.5	ENSG00000075461	CACNG4
ENSG00000075539.14	ENSG00000075539	FRYL
ENSG00000075568.16	ENSG00000075568	TMEM131
ENSG00000075618.17	ENSG00000075618	FSCN1
ENSG00000075624.13	ENSG00000075624	ACTB
ENSG00000075643.5	ENSG00000075643	MOCOS
ENSG00000075651.15	ENSG00000075651	PLD1
ENSG00000075702.16	ENSG00000075702	WDR62
ENSG00000075711.20	ENSG00000075711	DLG1
ENSG00000075785.12	ENSG00000075785	RAB7A
ENSG00000075790.10	ENSG00000075790	BCAP29
ENSG00000075826.16	ENSG00000075826	SEC31B
ENSG00000075856.11	ENSG00000075856	SART3
ENSG00000075884.13	ENSG00000075884	ARHGAP15
ENSG00000075914.12	ENSG00000075914	EXOSC7
ENSG00000075945.12	ENSG00000075945	KIFAP3
ENSG00000075975.15	ENSG00000075975	MKRN2
ENSG00000076003.4	ENSG00000076003	MCM6
ENSG00000076043.9	ENSG00000076043	REXO2
ENSG00000076053.10	ENSG00000076053	RBM7
ENSG00000076067.12	ENSG00000076067	RBMS2
ENSG00000076108.11	ENSG00000076108	BAZ2A
ENSG00000076201.14	ENSG00000076201	PTPN23
ENSG00000076242.14	ENSG00000076242	MLH1
ENSG00000076248.10	ENSG00000076248	UNG
ENSG00000076258.9	ENSG00000076258	FMO4
ENSG00000076321.10	ENSG00000076321	KLHL20
ENSG00000076344.15	ENSG00000076344	RGS11
ENSG00000076351.12	ENSG00000076351	SLC46A1
ENSG00000076356.6	ENSG00000076356	PLXNA2
ENSG00000076382.16	ENSG00000076382	SPAG5
ENSG00000076513.16	ENSG00000076513	ANKRD13A
ENSG00000076554.15	ENSG00000076554	TPD52
ENSG00000076555.15	ENSG00000076555	ACACB
ENSG00000076604.14	ENSG00000076604	TRAF4
ENSG00000076641.4	ENSG00000076641	PAG1
ENSG00000076650.6	ENSG00000076650	GPATCH1
ENSG00000076662.9	ENSG00000076662	ICAM3
ENSG00000076685.18	ENSG00000076685	NT5C2
ENSG00000076706.16	ENSG00000076706	MCAM
ENSG00000076716.8	ENSG00000076716	GPC4
ENSG00000076770.14	ENSG00000076770	MBNL3
ENSG00000076826.9	ENSG00000076826	CAMSAP3
ENSG00000076864.19	ENSG00000076864	RAP1GAP
ENSG00000076924.11	ENSG00000076924	XAB2
ENSG00000076928.17	ENSG00000076928	ARHGEF1
ENSG00000076944.15	ENSG00000076944	STXBP2
ENSG00000076984.17	ENSG00000076984	MAP2K7
ENSG00000077044.10	ENSG00000077044	DGKD
ENSG00000077063.10	ENSG00000077063	CTTNBP2
ENSG00000077080.9	ENSG00000077080	ACTL6B
ENSG00000077092.18	ENSG00000077092	RARB
ENSG00000077097.15	ENSG00000077097	TOP2B
ENSG00000077147.14	ENSG00000077147	TM9SF3
ENSG00000077150.18	ENSG00000077150	NFKB2
ENSG00000077152.9	ENSG00000077152	UBE2T
ENSG00000077157.21	ENSG00000077157	PPP1R12B
ENSG00000077232.17	ENSG00000077232	DNAJC10
ENSG00000077235.17	ENSG00000077235	GTF3C1
ENSG00000077238.13	ENSG00000077238	IL4R
ENSG00000077254.14	ENSG00000077254	USP33
ENSG00000077264.14	ENSG00000077264	PAK3
ENSG00000077279.18	ENSG00000077279	DCX
ENSG00000077312.8	ENSG00000077312	SNRPA
ENSG00000077327.15	ENSG00000077327	SPAG6
ENSG00000077348.8	ENSG00000077348	EXOSC5
ENSG00000077380.15	ENSG00000077380	DYNC1I2
ENSG00000077420.15	ENSG00000077420	APBB1IP
ENSG00000077454.15	ENSG00000077454	LRCH4
ENSG00000077458.12	ENSG00000077458	FAM76B
ENSG00000077463.14	ENSG00000077463	SIRT6
ENSG00000077514.8	ENSG00000077514	POLD3
ENSG00000077522.12	ENSG00000077522	ACTN2
ENSG00000077549.17	ENSG00000077549	CAPZB
ENSG00000077585.13	ENSG00000077585	GPR137B
ENSG00000077616.10	ENSG00000077616	NAALAD2
ENSG00000077684.15	ENSG00000077684	JADE1
ENSG00000077713.18	ENSG00000077713	SLC25A43
ENSG00000077721.15	ENSG00000077721	UBE2A
ENSG00000077782.19	ENSG00000077782	FGFR1
ENSG00000077942.18	ENSG00000077942	FBLN1
ENSG00000077943.7	ENSG00000077943	ITGA8
ENSG00000078018.19	ENSG00000078018	MAP2
ENSG00000078043.15	ENSG00000078043	PIAS2
ENSG00000078053.16	ENSG00000078053	AMPH
ENSG00000078061.12	ENSG00000078061	ARAF
ENSG00000078070.12	ENSG00000078070	MCCC1
ENSG00000078098.13	ENSG00000078098	FAP
ENSG00000078114.18	ENSG00000078114	NEBL
ENSG00000078124.11	ENSG00000078124	ACER3
ENSG00000078140.13	ENSG00000078140	UBE2K
ENSG00000078142.12	ENSG00000078142	PIK3C3
ENSG00000078177.13	ENSG00000078177	N4BP2
ENSG00000078237.6	ENSG00000078237	TIGAR
ENSG00000078246.16	ENSG00000078246	TULP3
ENSG00000078269.14	ENSG00000078269	SYNJ2
ENSG00000078295.16	ENSG00000078295	ADCY2
ENSG00000078304.19	ENSG00000078304	PPP2R5C
ENSG00000078319.9	ENSG00000078319	PMS2P1
ENSG00000078328.20	ENSG00000078328	RBFOX1
ENSG00000078369.17	ENSG00000078369	GNB1
ENSG00000078401.6	ENSG00000078401	EDN1
ENSG00000078403.16	ENSG00000078403	MLLT10
ENSG00000078487.17	ENSG00000078487	ZCWPW1
ENSG00000078549.14	ENSG00000078549	ADCYAP1R1
ENSG00000078596.10	ENSG00000078596	ITM2A
ENSG00000078618.21	ENSG00000078618	NRDC
ENSG00000078668.13	ENSG00000078668	VDAC3
ENSG00000078674.17	ENSG00000078674	PCM1
ENSG00000078687.17	ENSG00000078687	TNRC6C
ENSG00000078699.21	ENSG00000078699	CBFA2T2
ENSG00000078725.12	ENSG00000078725	BRINP1
ENSG00000078747.14	ENSG00000078747	ITCH
ENSG00000078804.12	ENSG00000078804	TP53INP2
ENSG00000078808.16	ENSG00000078808	SDF4
ENSG00000078814.15	ENSG00000078814	MYH7B
ENSG00000078902.15	ENSG00000078902	TOLLIP
ENSG00000078967.12	ENSG00000078967	UBE2D4
ENSG00000079101.16	ENSG00000079101	CLUL1
ENSG00000079102.16	ENSG00000079102	RUNX1T1
ENSG00000079134.11	ENSG00000079134	THOC1
ENSG00000079150.17	ENSG00000079150	FKBP7
ENSG00000079156.16	ENSG00000079156	OSBPL6
ENSG00000079215.13	ENSG00000079215	SLC1A3
ENSG00000079246.15	ENSG00000079246	XRCC5
ENSG00000079257.7	ENSG00000079257	LXN
ENSG00000079263.18	ENSG00000079263	SP140
ENSG00000079277.19	ENSG00000079277	MKNK1
ENSG00000079308.16	ENSG00000079308	TNS1
ENSG00000079313.13	ENSG00000079313	REXO1
ENSG00000079332.14	ENSG00000079332	SAR1A
ENSG00000079335.18	ENSG00000079335	CDC14A
ENSG00000079337.15	ENSG00000079337	RAPGEF3
ENSG00000079387.13	ENSG00000079387	SENP1
ENSG00000079432.7	ENSG00000079432	CIC
ENSG00000079435.9	ENSG00000079435	LIPE
ENSG00000079459.12	ENSG00000079459	FDFT1
ENSG00000079462.7	ENSG00000079462	PAFAH1B3
ENSG00000079482.12	ENSG00000079482	OPHN1
ENSG00000079616.12	ENSG00000079616	KIF22
ENSG00000079691.17	ENSG00000079691	CARMIL1
ENSG00000079739.15	ENSG00000079739	PGM1
ENSG00000079785.14	ENSG00000079785	DDX1
ENSG00000079805.16	ENSG00000079805	DNM2
ENSG00000079819.18	ENSG00000079819	EPB41L2
ENSG00000079841.18	ENSG00000079841	RIMS1
ENSG00000079931.14	ENSG00000079931	MOXD1
ENSG00000079950.13	ENSG00000079950	STX7
ENSG00000079974.17	ENSG00000079974	RABL2B
ENSG00000079999.13	ENSG00000079999	KEAP1
ENSG00000080031.9	ENSG00000080031	PTPRH
ENSG00000080166.15	ENSG00000080166	DCT
ENSG00000080189.14	ENSG00000080189	SLC35C2
ENSG00000080200.9	ENSG00000080200	CRYBG3
ENSG00000080224.17	ENSG00000080224	EPHA6
ENSG00000080298.15	ENSG00000080298	RFX3
ENSG00000080345.17	ENSG00000080345	RIF1
ENSG00000080371.5	ENSG00000080371	RAB21
ENSG00000080493.15	ENSG00000080493	SLC4A4
ENSG00000080503.22	ENSG00000080503	SMARCA2
ENSG00000080546.13	ENSG00000080546	SESN1
ENSG00000080561.13	ENSG00000080561	MID2
ENSG00000080573.6	ENSG00000080573	COL5A3
ENSG00000080603.16	ENSG00000080603	SRCAP
ENSG00000080608.9	ENSG00000080608	PUM3
ENSG00000080709.14	ENSG00000080709	KCNN2
ENSG00000080802.18	ENSG00000080802	CNOT4
ENSG00000080815.18	ENSG00000080815	PSEN1
ENSG00000080819.6	ENSG00000080819	CPOX
ENSG00000080822.16	ENSG00000080822	CLDND1
ENSG00000080823.22	ENSG00000080823	MOK
ENSG00000080824.18	ENSG00000080824	HSP90AA1
ENSG00000080839.11	ENSG00000080839	RBL1
ENSG00000080845.17	ENSG00000080845	DLGAP4
ENSG00000080854.14	ENSG00000080854	IGSF9B
ENSG00000080947.14	ENSG00000080947	CROCCP3
ENSG00000081014.10	ENSG00000081014	AP4E1
ENSG00000081019.13	ENSG00000081019	RSBN1
ENSG00000081026.18	ENSG00000081026	MAGI3
ENSG00000081041.8	ENSG00000081041	CXCL2
ENSG00000081052.11	ENSG00000081052	COL4A4
ENSG00000081059.19	ENSG00000081059	TCF7
ENSG00000081087.14	ENSG00000081087	OSTM1
ENSG00000081138.13	ENSG00000081138	CDH7
ENSG00000081148.11	ENSG00000081148	IMPG2
ENSG00000081154.11	ENSG00000081154	PCNP
ENSG00000081177.18	ENSG00000081177	EXD2
ENSG00000081181.7	ENSG00000081181	ARG2
ENSG00000081189.15	ENSG00000081189	MEF2C
ENSG00000081237.18	ENSG00000081237	PTPRC
ENSG00000081248.10	ENSG00000081248	CACNA1S
ENSG00000081277.12	ENSG00000081277	PKP1
ENSG00000081307.12	ENSG00000081307	UBA5
ENSG00000081320.10	ENSG00000081320	STK17B
ENSG00000081377.16	ENSG00000081377	CDC14B
ENSG00000081386.12	ENSG00000081386	ZNF510
ENSG00000081479.12	ENSG00000081479	LRP2
ENSG00000081665.13	ENSG00000081665	ZNF506
ENSG00000081692.12	ENSG00000081692	JMJD4
ENSG00000081721.11	ENSG00000081721	DUSP12
ENSG00000081760.16	ENSG00000081760	AACS
ENSG00000081791.8	ENSG00000081791	KIAA0141
ENSG00000081803.15	ENSG00000081803	CADPS2
ENSG00000081818.3	ENSG00000081818	PCDHB4
ENSG00000081842.17	ENSG00000081842	PCDHA6
ENSG00000081853.14	ENSG00000081853	PCDHGA2
ENSG00000081870.11	ENSG00000081870	HSPB11
ENSG00000081913.13	ENSG00000081913	PHLPP1
ENSG00000081923.11	ENSG00000081923	ATP8B1
ENSG00000081985.10	ENSG00000081985	IL12RB2
ENSG00000082014.16	ENSG00000082014	SMARCD3
ENSG00000082068.8	ENSG00000082068	WDR70
ENSG00000082074.15	ENSG00000082074	FYB1
ENSG00000082146.12	ENSG00000082146	STRADB
ENSG00000082153.17	ENSG00000082153	BZW1
ENSG00000082175.14	ENSG00000082175	PGR
ENSG00000082196.20	ENSG00000082196	C1QTNF3
ENSG00000082212.12	ENSG00000082212	ME2
ENSG00000082213.17	ENSG00000082213	C5orf22
ENSG00000082258.12	ENSG00000082258	CCNT2
ENSG00000082269.16	ENSG00000082269	FAM135A
ENSG00000082293.12	ENSG00000082293	COL19A1
ENSG00000082397.17	ENSG00000082397	EPB41L3
ENSG00000082438.15	ENSG00000082438	COBLL1
ENSG00000082458.11	ENSG00000082458	DLG3
ENSG00000082482.13	ENSG00000082482	KCNK2
ENSG00000082497.11	ENSG00000082497	SERTAD4
ENSG00000082512.14	ENSG00000082512	TRAF5
ENSG00000082515.17	ENSG00000082515	MRPL22
ENSG00000082516.8	ENSG00000082516	GEMIN5
ENSG00000082556.10	ENSG00000082556	OPRK1
ENSG00000082641.15	ENSG00000082641	NFE2L1
ENSG00000082684.14	ENSG00000082684	SEMA5B
ENSG00000082701.14	ENSG00000082701	GSK3B
ENSG00000082781.11	ENSG00000082781	ITGB5
ENSG00000082805.19	ENSG00000082805	ERC1
ENSG00000082898.16	ENSG00000082898	XPO1
ENSG00000082996.19	ENSG00000082996	RNF13
ENSG00000083067.22	ENSG00000083067	TRPM3
ENSG00000083093.9	ENSG00000083093	PALB2
ENSG00000083097.14	ENSG00000083097	DOPEY1
ENSG00000083099.10	ENSG00000083099	LYRM2
ENSG00000083123.14	ENSG00000083123	BCKDHB
ENSG00000083168.9	ENSG00000083168	KAT6A
ENSG00000083223.17	ENSG00000083223	ZCCHC6
ENSG00000083290.19	ENSG00000083290	ULK2
ENSG00000083312.17	ENSG00000083312	TNPO1
ENSG00000083444.16	ENSG00000083444	PLOD1
ENSG00000083454.21	ENSG00000083454	P2RX5
ENSG00000083457.11	ENSG00000083457	ITGAE
ENSG00000083520.14	ENSG00000083520	DIS3
ENSG00000083535.15	ENSG00000083535	PIBF1
ENSG00000083544.13	ENSG00000083544	TDRD3
ENSG00000083635.7	ENSG00000083635	NUFIP1
ENSG00000083642.18	ENSG00000083642	PDS5B
ENSG00000083720.12	ENSG00000083720	OXCT1
ENSG00000083750.12	ENSG00000083750	RRAGB
ENSG00000083799.17	ENSG00000083799	CYLD
ENSG00000083807.9	ENSG00000083807	SLC27A5
ENSG00000083812.11	ENSG00000083812	ZNF324
ENSG00000083814.13	ENSG00000083814	ZNF671
ENSG00000083817.8	ENSG00000083817	ZNF416
ENSG00000083828.15	ENSG00000083828	ZNF586
ENSG00000083838.15	ENSG00000083838	ZNF446
ENSG00000083844.10	ENSG00000083844	ZNF264
ENSG00000083845.8	ENSG00000083845	RPS5
ENSG00000083857.13	ENSG00000083857	FAT1
ENSG00000083896.12	ENSG00000083896	YTHDC1
ENSG00000083937.8	ENSG00000083937	CHMP2B
ENSG00000084070.11	ENSG00000084070	SMAP2
ENSG00000084072.16	ENSG00000084072	PPIE
ENSG00000084073.8	ENSG00000084073	ZMPSTE24
ENSG00000084090.13	ENSG00000084090	STARD7
ENSG00000084092.6	ENSG00000084092	NOA1
ENSG00000084093.16	ENSG00000084093	REST
ENSG00000084112.14	ENSG00000084112	SSH1
ENSG00000084207.15	ENSG00000084207	GSTP1
ENSG00000084234.16	ENSG00000084234	APLP2
ENSG00000084444.13	ENSG00000084444	FAM234B
ENSG00000084453.16	ENSG00000084453	SLCO1A2
ENSG00000084463.7	ENSG00000084463	WBP11
ENSG00000084623.11	ENSG00000084623	EIF3I
ENSG00000084628.9	ENSG00000084628	NKAIN1
ENSG00000084636.17	ENSG00000084636	COL16A1
ENSG00000084652.15	ENSG00000084652	TXLNA
ENSG00000084674.14	ENSG00000084674	APOB
ENSG00000084676.15	ENSG00000084676	NCOA1
ENSG00000084693.15	ENSG00000084693	AGBL5
ENSG00000084710.13	ENSG00000084710	EFR3B
ENSG00000084731.14	ENSG00000084731	KIF3C
ENSG00000084733.10	ENSG00000084733	RAB10
ENSG00000084754.10	ENSG00000084754	HADHA
ENSG00000084764.10	ENSG00000084764	MAPRE3
ENSG00000084774.13	ENSG00000084774	CAD
ENSG00000085063.14	ENSG00000085063	CD59
ENSG00000085117.11	ENSG00000085117	CD82
ENSG00000085185.15	ENSG00000085185	BCORL1
ENSG00000085224.21	ENSG00000085224	ATRX
ENSG00000085231.13	ENSG00000085231	AK6
ENSG00000085274.15	ENSG00000085274	MYNN
ENSG00000085276.17	ENSG00000085276	MECOM
ENSG00000085365.17	ENSG00000085365	SCAMP1
ENSG00000085377.13	ENSG00000085377	PREP
ENSG00000085382.11	ENSG00000085382	HACE1
ENSG00000085415.15	ENSG00000085415	SEH1L
ENSG00000085433.15	ENSG00000085433	WDR47
ENSG00000085449.14	ENSG00000085449	WDFY1
ENSG00000085465.12	ENSG00000085465	OVGP1
ENSG00000085491.15	ENSG00000085491	SLC25A24
ENSG00000085511.19	ENSG00000085511	MAP3K4
ENSG00000085514.15	ENSG00000085514	PILRA
ENSG00000085563.14	ENSG00000085563	ABCB1
ENSG00000085644.13	ENSG00000085644	ZNF213
ENSG00000085662.13	ENSG00000085662	AKR1B1
ENSG00000085719.12	ENSG00000085719	CPNE3
ENSG00000085721.12	ENSG00000085721	RRN3
ENSG00000085733.15	ENSG00000085733	CTTN
ENSG00000085741.12	ENSG00000085741	WNT11
ENSG00000085760.14	ENSG00000085760	MTIF2
ENSG00000085788.13	ENSG00000085788	DDHD2
ENSG00000085831.15	ENSG00000085831	TTC39A
ENSG00000085832.16	ENSG00000085832	EPS15
ENSG00000085871.8	ENSG00000085871	MGST2
ENSG00000085872.14	ENSG00000085872	CHERP
ENSG00000085978.21	ENSG00000085978	ATG16L1
ENSG00000085982.13	ENSG00000085982	USP40
ENSG00000085998.13	ENSG00000085998	POMGNT1
ENSG00000085999.11	ENSG00000085999	RAD54L
ENSG00000086015.20	ENSG00000086015	MAST2
ENSG00000086061.15	ENSG00000086061	DNAJA1
ENSG00000086062.12	ENSG00000086062	B4GALT1
ENSG00000086065.13	ENSG00000086065	CHMP5
ENSG00000086102.18	ENSG00000086102	NFX1
ENSG00000086159.12	ENSG00000086159	AQP6
ENSG00000086189.9	ENSG00000086189	DIMT1
ENSG00000086200.16	ENSG00000086200	IPO11
ENSG00000086205.16	ENSG00000086205	FOLH1
ENSG00000086232.12	ENSG00000086232	EIF2AK1
ENSG00000086289.11	ENSG00000086289	EPDR1
ENSG00000086300.15	ENSG00000086300	SNX10
ENSG00000086475.14	ENSG00000086475	SEPHS1
ENSG00000086504.15	ENSG00000086504	MRPL28
ENSG00000086506.2	ENSG00000086506	HBQ1
ENSG00000086544.2	ENSG00000086544	ITPKC
ENSG00000086589.11	ENSG00000086589	RBM22
ENSG00000086598.10	ENSG00000086598	TMED2
ENSG00000086619.13	ENSG00000086619	ERO1B
ENSG00000086666.18	ENSG00000086666	ZFAND6
ENSG00000086712.12	ENSG00000086712	TXLNG
ENSG00000086717.18	ENSG00000086717	PPEF1
ENSG00000086730.16	ENSG00000086730	LAT2
ENSG00000086758.15	ENSG00000086758	HUWE1
ENSG00000086827.8	ENSG00000086827	ZW10
ENSG00000086848.14	ENSG00000086848	ALG9
ENSG00000086991.12	ENSG00000086991	NOX4
ENSG00000087008.15	ENSG00000087008	ACOX3
ENSG00000087053.18	ENSG00000087053	MTMR2
ENSG00000087074.7	ENSG00000087074	PPP1R15A
ENSG00000087076.8	ENSG00000087076	HSD17B14
ENSG00000087077.13	ENSG00000087077	TRIP6
ENSG00000087085.13	ENSG00000087085	ACHE
ENSG00000087086.14	ENSG00000087086	FTL
ENSG00000087087.19	ENSG00000087087	SRRT
ENSG00000087088.19	ENSG00000087088	BAX
ENSG00000087095.12	ENSG00000087095	NLK
ENSG00000087111.20	ENSG00000087111	PIGS
ENSG00000087116.14	ENSG00000087116	ADAMTS2
ENSG00000087152.15	ENSG00000087152	ATXN7L3
ENSG00000087157.18	ENSG00000087157	PGS1
ENSG00000087191.12	ENSG00000087191	PSMC5
ENSG00000087206.16	ENSG00000087206	UIMC1
ENSG00000087245.12	ENSG00000087245	MMP2
ENSG00000087250.8	ENSG00000087250	MT3
ENSG00000087253.12	ENSG00000087253	LPCAT2
ENSG00000087258.14	ENSG00000087258	GNAO1
ENSG00000087263.16	ENSG00000087263	OGFOD1
ENSG00000087266.15	ENSG00000087266	SH3BP2
ENSG00000087269.15	ENSG00000087269	NOP14
ENSG00000087274.16	ENSG00000087274	ADD1
ENSG00000087299.11	ENSG00000087299	L2HGDH
ENSG00000087301.8	ENSG00000087301	TXNDC16
ENSG00000087302.8	ENSG00000087302	C14orf166
ENSG00000087303.17	ENSG00000087303	NID2
ENSG00000087338.4	ENSG00000087338	GMCL1
ENSG00000087365.15	ENSG00000087365	SF3B2
ENSG00000087448.9	ENSG00000087448	KLHL42
ENSG00000087460.24	ENSG00000087460	GNAS
ENSG00000087470.17	ENSG00000087470	DNM1L
ENSG00000087494.15	ENSG00000087494	PTHLH
ENSG00000087495.16	ENSG00000087495	PHACTR3
ENSG00000087502.17	ENSG00000087502	ERGIC2
ENSG00000087510.6	ENSG00000087510	TFAP2C
ENSG00000087586.17	ENSG00000087586	AURKA
ENSG00000087589.16	ENSG00000087589	CASS4
ENSG00000087842.10	ENSG00000087842	PIR
ENSG00000087884.14	ENSG00000087884	AAMDC
ENSG00000087903.12	ENSG00000087903	RFX2
ENSG00000087995.15	ENSG00000087995	METTL2A
ENSG00000088035.15	ENSG00000088035	ALG6
ENSG00000088038.17	ENSG00000088038	CNOT3
ENSG00000088053.11	ENSG00000088053	GP6
ENSG00000088179.8	ENSG00000088179	PTPN4
ENSG00000088205.12	ENSG00000088205	DDX18
ENSG00000088247.17	ENSG00000088247	KHSRP
ENSG00000088256.8	ENSG00000088256	GNA11
ENSG00000088280.18	ENSG00000088280	ASAP3
ENSG00000088298.12	ENSG00000088298	EDEM2
ENSG00000088305.18	ENSG00000088305	DNMT3B
ENSG00000088325.15	ENSG00000088325	TPX2
ENSG00000088340.15	ENSG00000088340	FER1L4
ENSG00000088356.5	ENSG00000088356	PDRG1
ENSG00000088367.21	ENSG00000088367	EPB41L1
ENSG00000088387.18	ENSG00000088387	DOCK9
ENSG00000088448.14	ENSG00000088448	ANKRD10
ENSG00000088451.10	ENSG00000088451	TGDS
ENSG00000088538.12	ENSG00000088538	DOCK3
ENSG00000088543.14	ENSG00000088543	C3orf18
ENSG00000088682.13	ENSG00000088682	COQ9
ENSG00000088727.12	ENSG00000088727	KIF9
ENSG00000088756.12	ENSG00000088756	ARHGAP28
ENSG00000088766.11	ENSG00000088766	CRLS1
ENSG00000088808.16	ENSG00000088808	PPP1R13B
ENSG00000088812.17	ENSG00000088812	ATRN
ENSG00000088826.17	ENSG00000088826	SMOX
ENSG00000088827.12	ENSG00000088827	SIGLEC1
ENSG00000088832.16	ENSG00000088832	FKBP1A
ENSG00000088833.17	ENSG00000088833	NSFL1C
ENSG00000088836.12	ENSG00000088836	SLC4A11
ENSG00000088854.12	ENSG00000088854	C20orf194
ENSG00000088876.11	ENSG00000088876	ZNF343
ENSG00000088881.20	ENSG00000088881	EBF4
ENSG00000088888.17	ENSG00000088888	MAVS
ENSG00000088899.14	ENSG00000088899	LZTS3
ENSG00000088930.7	ENSG00000088930	XRN2
ENSG00000088970.15	ENSG00000088970	KIZ
ENSG00000088986.10	ENSG00000088986	DYNLL1
ENSG00000088992.17	ENSG00000088992	TESC
ENSG00000089006.16	ENSG00000089006	SNX5
ENSG00000089009.15	ENSG00000089009	RPL6
ENSG00000089022.13	ENSG00000089022	MAPKAPK5
ENSG00000089041.16	ENSG00000089041	P2RX7
ENSG00000089048.14	ENSG00000089048	ESF1
ENSG00000089050.15	ENSG00000089050	RBBP9
ENSG00000089053.12	ENSG00000089053	ANAPC5
ENSG00000089057.14	ENSG00000089057	SLC23A2
ENSG00000089060.11	ENSG00000089060	SLC8B1
ENSG00000089063.14	ENSG00000089063	TMEM230
ENSG00000089091.16	ENSG00000089091	DZANK1
ENSG00000089094.18	ENSG00000089094	KDM2B
ENSG00000089101.17	ENSG00000089101	CFAP61
ENSG00000089123.15	ENSG00000089123	TASP1
ENSG00000089127.12	ENSG00000089127	OAS1
ENSG00000089154.10	ENSG00000089154	GCN1
ENSG00000089157.15	ENSG00000089157	RPLP0
ENSG00000089159.16	ENSG00000089159	PXN
ENSG00000089163.4	ENSG00000089163	SIRT4
ENSG00000089169.14	ENSG00000089169	RPH3A
ENSG00000089177.18	ENSG00000089177	KIF16B
ENSG00000089195.14	ENSG00000089195	TRMT6
ENSG00000089199.9	ENSG00000089199	CHGB
ENSG00000089220.4	ENSG00000089220	PEBP1
ENSG00000089234.15	ENSG00000089234	BRAP
ENSG00000089248.6	ENSG00000089248	ERP29
ENSG00000089250.18	ENSG00000089250	NOS1
ENSG00000089280.18	ENSG00000089280	FUS
ENSG00000089289.15	ENSG00000089289	IGBP1
ENSG00000089327.14	ENSG00000089327	FXYD5
ENSG00000089335.20	ENSG00000089335	ZNF302
ENSG00000089351.14	ENSG00000089351	GRAMD1A
ENSG00000089356.18	ENSG00000089356	FXYD3
ENSG00000089472.16	ENSG00000089472	HEPH
ENSG00000089486.16	ENSG00000089486	CDIP1
ENSG00000089558.8	ENSG00000089558	KCNH4
ENSG00000089597.16	ENSG00000089597	GANAB
ENSG00000089639.10	ENSG00000089639	GMIP
ENSG00000089682.16	ENSG00000089682	RBM41
ENSG00000089693.10	ENSG00000089693	MLF2
ENSG00000089723.9	ENSG00000089723	OTUB2
ENSG00000089737.16	ENSG00000089737	DDX24
ENSG00000089775.11	ENSG00000089775	ZBTB25
ENSG00000089818.17	ENSG00000089818	NECAP1
ENSG00000089820.15	ENSG00000089820	ARHGAP4
ENSG00000089847.12	ENSG00000089847	ANKRD24
ENSG00000089876.11	ENSG00000089876	DHX32
ENSG00000089902.9	ENSG00000089902	RCOR1
ENSG00000089916.17	ENSG00000089916	GPATCH2L
ENSG00000090006.17	ENSG00000090006	LTBP4
ENSG00000090013.9	ENSG00000090013	BLVRB
ENSG00000090020.10	ENSG00000090020	SLC9A1
ENSG00000090054.13	ENSG00000090054	SPTLC1
ENSG00000090060.17	ENSG00000090060	PAPOLA
ENSG00000090061.17	ENSG00000090061	CCNK
ENSG00000090097.21	ENSG00000090097	PCBP4
ENSG00000090104.11	ENSG00000090104	RGS1
ENSG00000090238.11	ENSG00000090238	YPEL3
ENSG00000090263.15	ENSG00000090263	MRPS33
ENSG00000090266.12	ENSG00000090266	NDUFB2
ENSG00000090273.13	ENSG00000090273	NUDC
ENSG00000090316.15	ENSG00000090316	MAEA
ENSG00000090339.8	ENSG00000090339	ICAM1
ENSG00000090372.14	ENSG00000090372	STRN4
ENSG00000090376.10	ENSG00000090376	IRAK3
ENSG00000090382.6	ENSG00000090382	LYZ
ENSG00000090432.6	ENSG00000090432	MUL1
ENSG00000090447.11	ENSG00000090447	TFAP4
ENSG00000090470.14	ENSG00000090470	PDCD7
ENSG00000090487.10	ENSG00000090487	SPG21
ENSG00000090520.11	ENSG00000090520	DNAJB11
ENSG00000090530.9	ENSG00000090530	P3H2
ENSG00000090534.17	ENSG00000090534	THPO
ENSG00000090539.15	ENSG00000090539	CHRD
ENSG00000090554.12	ENSG00000090554	FLT3LG
ENSG00000090565.15	ENSG00000090565	RAB11FIP3
ENSG00000090581.9	ENSG00000090581	GNPTG
ENSG00000090612.20	ENSG00000090612	ZNF268
ENSG00000090615.14	ENSG00000090615	GOLGA3
ENSG00000090621.13	ENSG00000090621	PABPC4
ENSG00000090661.11	ENSG00000090661	CERS4
ENSG00000090674.15	ENSG00000090674	MCOLN1
ENSG00000090686.15	ENSG00000090686	USP48
ENSG00000090776.5	ENSG00000090776	EFNB1
ENSG00000090857.13	ENSG00000090857	PDPR
ENSG00000090861.15	ENSG00000090861	AARS
ENSG00000090863.11	ENSG00000090863	GLG1
ENSG00000090889.11	ENSG00000090889	KIF4A
ENSG00000090905.18	ENSG00000090905	TNRC6A
ENSG00000090924.14	ENSG00000090924	PLEKHG2
ENSG00000090932.10	ENSG00000090932	DLL3
ENSG00000090971.4	ENSG00000090971	NAT14
ENSG00000090975.12	ENSG00000090975	PITPNM2
ENSG00000090989.17	ENSG00000090989	EXOC1
ENSG00000091009.7	ENSG00000091009	RBM27
ENSG00000091039.16	ENSG00000091039	OSBPL8
ENSG00000091073.19	ENSG00000091073	DTX2
ENSG00000091106.18	ENSG00000091106	NLRC4
ENSG00000091127.13	ENSG00000091127	PUS7
ENSG00000091129.19	ENSG00000091129	NRCAM
ENSG00000091136.13	ENSG00000091136	LAMB1
ENSG00000091137.11	ENSG00000091137	SLC26A4
ENSG00000091140.13	ENSG00000091140	DLD
ENSG00000091157.13	ENSG00000091157	WDR7
ENSG00000091164.12	ENSG00000091164	TXNL1
ENSG00000091262.15	ENSG00000091262	ABCC6
ENSG00000091317.7	ENSG00000091317	CMTM6
ENSG00000091409.14	ENSG00000091409	ITGA6
ENSG00000091428.17	ENSG00000091428	RAPGEF4
ENSG00000091436.16	ENSG00000091436	MAP3K20
ENSG00000091482.5	ENSG00000091482	SMPX
ENSG00000091483.6	ENSG00000091483	FH
ENSG00000091490.10	ENSG00000091490	SEL1L3
ENSG00000091513.14	ENSG00000091513	TF
ENSG00000091527.15	ENSG00000091527	CDV3
ENSG00000091536.16	ENSG00000091536	MYO15A
ENSG00000091542.8	ENSG00000091542	ALKBH5
ENSG00000091592.15	ENSG00000091592	NLRP1
ENSG00000091622.15	ENSG00000091622	PITPNM3
ENSG00000091640.7	ENSG00000091640	SPAG7
ENSG00000091651.8	ENSG00000091651	ORC6
ENSG00000091656.15	ENSG00000091656	ZFHX4
ENSG00000091664.7	ENSG00000091664	SLC17A6
ENSG00000091732.15	ENSG00000091732	ZC3HC1
ENSG00000091844.7	ENSG00000091844	RGS17
ENSG00000091879.13	ENSG00000091879	ANGPT2
ENSG00000091947.9	ENSG00000091947	TMEM101
ENSG00000091972.18	ENSG00000091972	CD200
ENSG00000091986.15	ENSG00000091986	CCDC80
ENSG00000092010.14	ENSG00000092010	PSME1
ENSG00000092020.10	ENSG00000092020	PPP2R3C
ENSG00000092036.18	ENSG00000092036	HAUS4
ENSG00000092051.16	ENSG00000092051	JPH4
ENSG00000092054.12	ENSG00000092054	MYH7
ENSG00000092068.19	ENSG00000092068	SLC7A8
ENSG00000092094.10	ENSG00000092094	OSGEP
ENSG00000092096.16	ENSG00000092096	SLC22A17
ENSG00000092098.16	ENSG00000092098	RNF31
ENSG00000092108.20	ENSG00000092108	SCFD1
ENSG00000092140.14	ENSG00000092140	G2E3
ENSG00000092148.12	ENSG00000092148	HECTD1
ENSG00000092199.17	ENSG00000092199	HNRNPC
ENSG00000092201.9	ENSG00000092201	SUPT16H
ENSG00000092203.13	ENSG00000092203	TOX4
ENSG00000092208.16	ENSG00000092208	GEMIN2
ENSG00000092295.11	ENSG00000092295	TGM1
ENSG00000092330.15	ENSG00000092330	TINF2
ENSG00000092421.16	ENSG00000092421	SEMA6A
ENSG00000092439.13	ENSG00000092439	TRPM7
ENSG00000092445.11	ENSG00000092445	TYRO3
ENSG00000092470.11	ENSG00000092470	WDR76
ENSG00000092529.23	ENSG00000092529	CAPN3
ENSG00000092531.9	ENSG00000092531	SNAP23
ENSG00000092607.13	ENSG00000092607	TBX15
ENSG00000092621.12	ENSG00000092621	PHGDH
ENSG00000092758.15	ENSG00000092758	COL9A3
ENSG00000092820.17	ENSG00000092820	EZR
ENSG00000092841.18	ENSG00000092841	MYL6
ENSG00000092847.11	ENSG00000092847	AGO1
ENSG00000092850.11	ENSG00000092850	TEKT2
ENSG00000092853.13	ENSG00000092853	CLSPN
ENSG00000092871.16	ENSG00000092871	RFFL
ENSG00000092929.11	ENSG00000092929	UNC13D
ENSG00000092931.11	ENSG00000092931	MFSD11
ENSG00000092964.17	ENSG00000092964	DPYSL2
ENSG00000092969.11	ENSG00000092969	TGFB2
ENSG00000092978.10	ENSG00000092978	GPATCH2
ENSG00000093000.18	ENSG00000093000	NUP50
ENSG00000093010.13	ENSG00000093010	COMT
ENSG00000093072.15	ENSG00000093072	ADA2
ENSG00000093100.13	ENSG00000093100	AC016026.1
ENSG00000093144.18	ENSG00000093144	ECHDC1
ENSG00000093167.17	ENSG00000093167	LRRFIP2
ENSG00000093183.13	ENSG00000093183	SEC22C
ENSG00000093217.9	ENSG00000093217	XYLB
ENSG00000094631.18	ENSG00000094631	HDAC6
ENSG00000094804.9	ENSG00000094804	CDC6
ENSG00000094841.13	ENSG00000094841	UPRT
ENSG00000094880.10	ENSG00000094880	CDC23
ENSG00000094914.12	ENSG00000094914	AAAS
ENSG00000094916.15	ENSG00000094916	CBX5
ENSG00000094963.13	ENSG00000094963	FMO2
ENSG00000094975.13	ENSG00000094975	SUCO
ENSG00000095002.13	ENSG00000095002	MSH2
ENSG00000095015.5	ENSG00000095015	MAP3K1
ENSG00000095059.15	ENSG00000095059	DHPS
ENSG00000095066.11	ENSG00000095066	HOOK2
ENSG00000095139.13	ENSG00000095139	ARCN1
ENSG00000095203.14	ENSG00000095203	EPB41L4B
ENSG00000095209.11	ENSG00000095209	TMEM38B
ENSG00000095261.13	ENSG00000095261	PSMD5
ENSG00000095303.14	ENSG00000095303	PTGS1
ENSG00000095319.14	ENSG00000095319	NUP188
ENSG00000095321.16	ENSG00000095321	CRAT
ENSG00000095370.19	ENSG00000095370	SH2D3C
ENSG00000095380.10	ENSG00000095380	NANS
ENSG00000095383.19	ENSG00000095383	TBC1D2
ENSG00000095397.13	ENSG00000095397	WHRN
ENSG00000095485.17	ENSG00000095485	CWF19L1
ENSG00000095539.15	ENSG00000095539	SEMA4G
ENSG00000095564.13	ENSG00000095564	BTAF1
ENSG00000095574.11	ENSG00000095574	IKZF5
ENSG00000095585.16	ENSG00000095585	BLNK
ENSG00000095587.8	ENSG00000095587	TLL2
ENSG00000095596.11	ENSG00000095596	CYP26A1
ENSG00000095627.9	ENSG00000095627	TDRD1
ENSG00000095637.21	ENSG00000095637	SORBS1
ENSG00000095713.13	ENSG00000095713	CRTAC1
ENSG00000095739.10	ENSG00000095739	BAMBI
ENSG00000095752.6	ENSG00000095752	IL11
ENSG00000095787.21	ENSG00000095787	WAC
ENSG00000095794.19	ENSG00000095794	CREM
ENSG00000095906.16	ENSG00000095906	NUBP2
ENSG00000095932.6	ENSG00000095932	SMIM24
ENSG00000095951.16	ENSG00000095951	HIVEP1
ENSG00000095970.16	ENSG00000095970	TREM2
ENSG00000096060.14	ENSG00000096060	FKBP5
ENSG00000096063.15	ENSG00000096063	SRPK1
ENSG00000096070.19	ENSG00000096070	BRPF3
ENSG00000096080.11	ENSG00000096080	MRPS18A
ENSG00000096092.5	ENSG00000096092	TMEM14A
ENSG00000096093.15	ENSG00000096093	EFHC1
ENSG00000096384.19	ENSG00000096384	HSP90AB1
ENSG00000096401.7	ENSG00000096401	CDC5L
ENSG00000096433.10	ENSG00000096433	ITPR3
ENSG00000096654.15	ENSG00000096654	ZNF184
ENSG00000096696.13	ENSG00000096696	DSP
ENSG00000096717.11	ENSG00000096717	SIRT1
ENSG00000096746.17	ENSG00000096746	HNRNPH3
ENSG00000096872.15	ENSG00000096872	IFT74
ENSG00000096968.13	ENSG00000096968	JAK2
ENSG00000096996.15	ENSG00000096996	IL12RB1
ENSG00000097007.17	ENSG00000097007	ABL1
ENSG00000097021.19	ENSG00000097021	ACOT7
ENSG00000097033.14	ENSG00000097033	SH3GLB1
ENSG00000097046.12	ENSG00000097046	CDC7
ENSG00000097096.8	ENSG00000097096	SYDE2
ENSG00000099139.13	ENSG00000099139	PCSK5
ENSG00000099194.5	ENSG00000099194	SCD
ENSG00000099203.6	ENSG00000099203	TMED1
ENSG00000099204.18	ENSG00000099204	ABLIM1
ENSG00000099219.13	ENSG00000099219	ERMP1
ENSG00000099246.16	ENSG00000099246	RAB18
ENSG00000099250.17	ENSG00000099250	NRP1
ENSG00000099251.14	ENSG00000099251	HSD17B7P2
ENSG00000099256.18	ENSG00000099256	PRTFDC1
ENSG00000099260.10	ENSG00000099260	PALMD
ENSG00000099282.9	ENSG00000099282	TSPAN15
ENSG00000099284.13	ENSG00000099284	H2AFY2
ENSG00000099290.15	ENSG00000099290	WASHC2A
ENSG00000099308.10	ENSG00000099308	MAST3
ENSG00000099326.8	ENSG00000099326	MZF1
ENSG00000099330.8	ENSG00000099330	OCEL1
ENSG00000099331.13	ENSG00000099331	MYO9B
ENSG00000099337.4	ENSG00000099337	KCNK6
ENSG00000099338.22	ENSG00000099338	CATSPERG
ENSG00000099341.11	ENSG00000099341	PSMD8
ENSG00000099364.16	ENSG00000099364	FBXL19
ENSG00000099365.10	ENSG00000099365	STX1B
ENSG00000099377.13	ENSG00000099377	HSD3B7
ENSG00000099381.17	ENSG00000099381	SETD1A
ENSG00000099385.11	ENSG00000099385	BCL7C
ENSG00000099617.3	ENSG00000099617	EFNA2
ENSG00000099622.13	ENSG00000099622	CIRBP
ENSG00000099624.7	ENSG00000099624	ATP5D
ENSG00000099625.12	ENSG00000099625	CBARP
ENSG00000099783.11	ENSG00000099783	HNRNPM
ENSG00000099785.10	ENSG00000099785	MARCH2
ENSG00000099795.6	ENSG00000099795	NDUFB7
ENSG00000099797.13	ENSG00000099797	TECR
ENSG00000099800.7	ENSG00000099800	TIMM13
ENSG00000099804.8	ENSG00000099804	CDC34
ENSG00000099810.18	ENSG00000099810	MTAP
ENSG00000099814.15	ENSG00000099814	CEP170B
ENSG00000099817.11	ENSG00000099817	POLR2E
ENSG00000099821.13	ENSG00000099821	POLRMT
ENSG00000099822.2	ENSG00000099822	HCN2
ENSG00000099840.13	ENSG00000099840	IZUMO4
ENSG00000099849.14	ENSG00000099849	RASSF7
ENSG00000099860.8	ENSG00000099860	GADD45B
ENSG00000099864.17	ENSG00000099864	PALM
ENSG00000099866.14	ENSG00000099866	MADCAM1
ENSG00000099875.14	ENSG00000099875	MKNK2
ENSG00000099889.13	ENSG00000099889	ARVCF
ENSG00000099899.14	ENSG00000099899	TRMT2A
ENSG00000099901.16	ENSG00000099901	RANBP1
ENSG00000099904.15	ENSG00000099904	ZDHHC8
ENSG00000099910.16	ENSG00000099910	KLHL22
ENSG00000099917.17	ENSG00000099917	MED15
ENSG00000099940.11	ENSG00000099940	SNAP29
ENSG00000099942.12	ENSG00000099942	CRKL
ENSG00000099949.18	ENSG00000099949	LZTR1
ENSG00000099953.9	ENSG00000099953	MMP11
ENSG00000099954.18	ENSG00000099954	CECR2
ENSG00000099956.18	ENSG00000099956	SMARCB1
ENSG00000099957.16	ENSG00000099957	P2RX6
ENSG00000099958.14	ENSG00000099958	DERL3
ENSG00000099960.12	ENSG00000099960	SLC7A4
ENSG00000099968.17	ENSG00000099968	BCL2L13
ENSG00000099977.13	ENSG00000099977	DDT
ENSG00000099991.17	ENSG00000099991	CABIN1
ENSG00000099992.15	ENSG00000099992	TBC1D10A
ENSG00000099994.10	ENSG00000099994	SUSD2
ENSG00000099995.18	ENSG00000099995	SF3A1
ENSG00000099998.17	ENSG00000099998	GGT5
ENSG00000099999.14	ENSG00000099999	RNF215
ENSG00000100003.17	ENSG00000100003	SEC14L2
ENSG00000100014.19	ENSG00000100014	SPECC1L
ENSG00000100023.18	ENSG00000100023	PPIL2
ENSG00000100024.14	ENSG00000100024	UPB1
ENSG00000100027.14	ENSG00000100027	YPEL1
ENSG00000100028.11	ENSG00000100028	SNRPD3
ENSG00000100029.17	ENSG00000100029	PES1
ENSG00000100030.14	ENSG00000100030	MAPK1
ENSG00000100031.18	ENSG00000100031	GGT1
ENSG00000100033.16	ENSG00000100033	PRODH
ENSG00000100034.13	ENSG00000100034	PPM1F
ENSG00000100036.12	ENSG00000100036	SLC35E4
ENSG00000100038.19	ENSG00000100038	TOP3B
ENSG00000100055.20	ENSG00000100055	CYTH4
ENSG00000100056.11	ENSG00000100056	ESS2
ENSG00000100058.12	ENSG00000100058	CRYBB2P1
ENSG00000100060.17	ENSG00000100060	MFNG
ENSG00000100065.14	ENSG00000100065	CARD10
ENSG00000100068.11	ENSG00000100068	LRP5L
ENSG00000100075.9	ENSG00000100075	SLC25A1
ENSG00000100077.14	ENSG00000100077	GRK3
ENSG00000100083.18	ENSG00000100083	GGA1
ENSG00000100084.14	ENSG00000100084	HIRA
ENSG00000100092.20	ENSG00000100092	SH3BP1
ENSG00000100095.18	ENSG00000100095	SEZ6L
ENSG00000100097.11	ENSG00000100097	LGALS1
ENSG00000100099.20	ENSG00000100099	HPS4
ENSG00000100100.12	ENSG00000100100	PIK3IP1
ENSG00000100104.13	ENSG00000100104	SRRD
ENSG00000100105.17	ENSG00000100105	PATZ1
ENSG00000100106.19	ENSG00000100106	TRIOBP
ENSG00000100109.16	ENSG00000100109	TFIP11
ENSG00000100116.16	ENSG00000100116	GCAT
ENSG00000100122.5	ENSG00000100122	CRYBB1
ENSG00000100124.14	ENSG00000100124	ANKRD54
ENSG00000100129.17	ENSG00000100129	EIF3L
ENSG00000100138.13	ENSG00000100138	SNU13
ENSG00000100139.13	ENSG00000100139	MICALL1
ENSG00000100142.14	ENSG00000100142	POLR2F
ENSG00000100146.16	ENSG00000100146	SOX10
ENSG00000100147.13	ENSG00000100147	CCDC134
ENSG00000100150.16	ENSG00000100150	DEPDC5
ENSG00000100151.15	ENSG00000100151	PICK1
ENSG00000100154.14	ENSG00000100154	TTC28
ENSG00000100156.10	ENSG00000100156	SLC16A8
ENSG00000100167.19	ENSG00000100167	SEPT3
ENSG00000100181.22	ENSG00000100181	TPTEP1
ENSG00000100196.10	ENSG00000100196	KDELR3
ENSG00000100197.20	ENSG00000100197	CYP2D6
ENSG00000100201.20	ENSG00000100201	DDX17
ENSG00000100206.9	ENSG00000100206	DMC1
ENSG00000100207.18	ENSG00000100207	TCF20
ENSG00000100209.9	ENSG00000100209	HSCB
ENSG00000100211.10	ENSG00000100211	CBY1
ENSG00000100216.5	ENSG00000100216	TOMM22
ENSG00000100218.11	ENSG00000100218	RSPH14
ENSG00000100219.16	ENSG00000100219	XBP1
ENSG00000100220.11	ENSG00000100220	RTCB
ENSG00000100221.10	ENSG00000100221	JOSD1
ENSG00000100225.17	ENSG00000100225	FBXO7
ENSG00000100226.15	ENSG00000100226	GTPBP1
ENSG00000100227.17	ENSG00000100227	POLDIP3
ENSG00000100228.12	ENSG00000100228	RAB36
ENSG00000100234.11	ENSG00000100234	TIMP3
ENSG00000100239.15	ENSG00000100239	PPP6R2
ENSG00000100241.20	ENSG00000100241	SBF1
ENSG00000100242.15	ENSG00000100242	SUN2
ENSG00000100243.20	ENSG00000100243	CYB5R3
ENSG00000100246.12	ENSG00000100246	DNAL4
ENSG00000100258.17	ENSG00000100258	LMF2
ENSG00000100263.13	ENSG00000100263	RHBDD3
ENSG00000100266.18	ENSG00000100266	PACSIN2
ENSG00000100271.16	ENSG00000100271	TTLL1
ENSG00000100276.9	ENSG00000100276	RASL10A
ENSG00000100280.16	ENSG00000100280	AP1B1
ENSG00000100281.13	ENSG00000100281	HMGXB4
ENSG00000100284.20	ENSG00000100284	TOM1
ENSG00000100285.9	ENSG00000100285	NEFH
ENSG00000100288.19	ENSG00000100288	CHKB
ENSG00000100292.16	ENSG00000100292	HMOX1
ENSG00000100294.12	ENSG00000100294	MCAT
ENSG00000100296.13	ENSG00000100296	THOC5
ENSG00000100297.15	ENSG00000100297	MCM5
ENSG00000100299.17	ENSG00000100299	ARSA
ENSG00000100300.17	ENSG00000100300	TSPO
ENSG00000100302.6	ENSG00000100302	RASD2
ENSG00000100304.12	ENSG00000100304	TTLL12
ENSG00000100307.12	ENSG00000100307	CBX7
ENSG00000100311.16	ENSG00000100311	PDGFB
ENSG00000100314.3	ENSG00000100314	CABP7
ENSG00000100316.15	ENSG00000100316	RPL3
ENSG00000100319.12	ENSG00000100319	ZMAT5
ENSG00000100320.22	ENSG00000100320	RBFOX2
ENSG00000100321.14	ENSG00000100321	SYNGR1
ENSG00000100324.13	ENSG00000100324	TAB1
ENSG00000100325.14	ENSG00000100325	ASCC2
ENSG00000100330.15	ENSG00000100330	MTMR3
ENSG00000100335.13	ENSG00000100335	MIEF1
ENSG00000100336.17	ENSG00000100336	APOL4
ENSG00000100341.11	ENSG00000100341	PNPLA5
ENSG00000100342.20	ENSG00000100342	APOL1
ENSG00000100344.10	ENSG00000100344	PNPLA3
ENSG00000100345.20	ENSG00000100345	MYH9
ENSG00000100346.17	ENSG00000100346	CACNA1I
ENSG00000100347.14	ENSG00000100347	SAMM50
ENSG00000100348.9	ENSG00000100348	TXN2
ENSG00000100350.14	ENSG00000100350	FOXRED2
ENSG00000100353.17	ENSG00000100353	EIF3D
ENSG00000100354.20	ENSG00000100354	TNRC6B
ENSG00000100359.20	ENSG00000100359	SGSM3
ENSG00000100360.14	ENSG00000100360	IFT27
ENSG00000100362.12	ENSG00000100362	PVALB
ENSG00000100364.18	ENSG00000100364	KIAA0930
ENSG00000100365.14	ENSG00000100365	NCF4
ENSG00000100368.13	ENSG00000100368	CSF2RB
ENSG00000100372.14	ENSG00000100372	SLC25A17
ENSG00000100376.11	ENSG00000100376	FAM118A
ENSG00000100379.17	ENSG00000100379	KCTD17
ENSG00000100380.13	ENSG00000100380	ST13
ENSG00000100387.8	ENSG00000100387	RBX1
ENSG00000100393.12	ENSG00000100393	EP300
ENSG00000100395.14	ENSG00000100395	L3MBTL2
ENSG00000100399.15	ENSG00000100399	CHADL
ENSG00000100401.19	ENSG00000100401	RANGAP1
ENSG00000100403.11	ENSG00000100403	ZC3H7B
ENSG00000100410.7	ENSG00000100410	PHF5A
ENSG00000100412.15	ENSG00000100412	ACO2
ENSG00000100413.16	ENSG00000100413	POLR3H
ENSG00000100416.12	ENSG00000100416	TRMU
ENSG00000100417.11	ENSG00000100417	PMM1
ENSG00000100418.7	ENSG00000100418	DESI1
ENSG00000100422.13	ENSG00000100422	CERK
ENSG00000100425.18	ENSG00000100425	BRD1
ENSG00000100426.6	ENSG00000100426	ZBED4
ENSG00000100427.15	ENSG00000100427	MLC1
ENSG00000100429.17	ENSG00000100429	HDAC10
ENSG00000100433.15	ENSG00000100433	KCNK10
ENSG00000100439.10	ENSG00000100439	ABHD4
ENSG00000100441.9	ENSG00000100441	KHNYN
ENSG00000100442.10	ENSG00000100442	FKBP3
ENSG00000100445.17	ENSG00000100445	SDR39U1
ENSG00000100461.17	ENSG00000100461	RBM23
ENSG00000100462.15	ENSG00000100462	PRMT5
ENSG00000100473.15	ENSG00000100473	COCH
ENSG00000100478.14	ENSG00000100478	AP4S1
ENSG00000100483.13	ENSG00000100483	VCPKMT
ENSG00000100485.11	ENSG00000100485	SOS2
ENSG00000100490.9	ENSG00000100490	CDKL1
ENSG00000100503.23	ENSG00000100503	NIN
ENSG00000100504.16	ENSG00000100504	PYGL
ENSG00000100505.13	ENSG00000100505	TRIM9
ENSG00000100519.11	ENSG00000100519	PSMC6
ENSG00000100522.8	ENSG00000100522	GNPNAT1
ENSG00000100523.14	ENSG00000100523	DDHD1
ENSG00000100526.19	ENSG00000100526	CDKN3
ENSG00000100528.11	ENSG00000100528	CNIH1
ENSG00000100532.11	ENSG00000100532	CGRRF1
ENSG00000100554.11	ENSG00000100554	ATP6V1D
ENSG00000100564.8	ENSG00000100564	PIGH
ENSG00000100567.12	ENSG00000100567	PSMA3
ENSG00000100568.10	ENSG00000100568	VTI1B
ENSG00000100575.13	ENSG00000100575	TIMM9
ENSG00000100577.18	ENSG00000100577	GSTZ1
ENSG00000100578.14	ENSG00000100578	KIAA0586
ENSG00000100580.7	ENSG00000100580	TMED8
ENSG00000100583.4	ENSG00000100583	SAMD15
ENSG00000100591.7	ENSG00000100591	AHSA1
ENSG00000100592.15	ENSG00000100592	DAAM1
ENSG00000100593.17	ENSG00000100593	ISM2
ENSG00000100596.6	ENSG00000100596	SPTLC2
ENSG00000100599.15	ENSG00000100599	RIN3
ENSG00000100600.14	ENSG00000100600	LGMN
ENSG00000100601.9	ENSG00000100601	ALKBH1
ENSG00000100603.13	ENSG00000100603	SNW1
ENSG00000100604.12	ENSG00000100604	CHGA
ENSG00000100605.16	ENSG00000100605	ITPK1
ENSG00000100612.13	ENSG00000100612	DHRS7
ENSG00000100614.17	ENSG00000100614	PPM1A
ENSG00000100625.8	ENSG00000100625	SIX4
ENSG00000100626.16	ENSG00000100626	GALNT16
ENSG00000100628.11	ENSG00000100628	ASB2
ENSG00000100629.16	ENSG00000100629	CEP128
ENSG00000100632.10	ENSG00000100632	ERH
ENSG00000100644.16	ENSG00000100644	HIF1A
ENSG00000100647.7	ENSG00000100647	SUSD6
ENSG00000100650.15	ENSG00000100650	SRSF5
ENSG00000100664.10	ENSG00000100664	EIF5
ENSG00000100678.18	ENSG00000100678	SLC8A3
ENSG00000100697.14	ENSG00000100697	DICER1
ENSG00000100711.13	ENSG00000100711	ZFYVE21
ENSG00000100714.15	ENSG00000100714	MTHFD1
ENSG00000100722.18	ENSG00000100722	ZC3H14
ENSG00000100726.14	ENSG00000100726	TELO2
ENSG00000100731.15	ENSG00000100731	PCNX1
ENSG00000100744.14	ENSG00000100744	GSKIP
ENSG00000100749.7	ENSG00000100749	VRK1
ENSG00000100764.13	ENSG00000100764	PSMC1
ENSG00000100767.15	ENSG00000100767	PAPLN
ENSG00000100784.10	ENSG00000100784	RPS6KA5
ENSG00000100796.17	ENSG00000100796	PPP4R3A
ENSG00000100802.14	ENSG00000100802	C14orf93
ENSG00000100804.18	ENSG00000100804	PSMB5
ENSG00000100811.12	ENSG00000100811	YY1
ENSG00000100813.14	ENSG00000100813	ACIN1
ENSG00000100814.17	ENSG00000100814	CCNB1IP1
ENSG00000100815.12	ENSG00000100815	TRIP11
ENSG00000100823.11	ENSG00000100823	APEX1
ENSG00000100836.10	ENSG00000100836	PABPN1
ENSG00000100842.12	ENSG00000100842	EFS
ENSG00000100852.12	ENSG00000100852	ARHGAP5
ENSG00000100865.14	ENSG00000100865	CINP
ENSG00000100883.11	ENSG00000100883	SRP54
ENSG00000100884.9	ENSG00000100884	CPNE6
ENSG00000100888.12	ENSG00000100888	CHD8
ENSG00000100889.11	ENSG00000100889	PCK2
ENSG00000100890.15	ENSG00000100890	KIAA0391
ENSG00000100897.17	ENSG00000100897	DCAF11
ENSG00000100902.10	ENSG00000100902	PSMA6
ENSG00000100906.10	ENSG00000100906	NFKBIA
ENSG00000100908.13	ENSG00000100908	EMC9
ENSG00000100911.15	ENSG00000100911	PSME2
ENSG00000100916.13	ENSG00000100916	BRMS1L
ENSG00000100918.12	ENSG00000100918	REC8
ENSG00000100926.14	ENSG00000100926	TM9SF1
ENSG00000100934.14	ENSG00000100934	SEC23A
ENSG00000100938.17	ENSG00000100938	GMPR2
ENSG00000100941.8	ENSG00000100941	PNN
ENSG00000100949.14	ENSG00000100949	RABGGTA
ENSG00000100968.13	ENSG00000100968	NFATC4
ENSG00000100979.14	ENSG00000100979	PLTP
ENSG00000100982.11	ENSG00000100982	PCIF1
ENSG00000100983.9	ENSG00000100983	GSS
ENSG00000100987.14	ENSG00000100987	VSX1
ENSG00000100991.11	ENSG00000100991	TRPC4AP
ENSG00000100994.11	ENSG00000100994	PYGB
ENSG00000100997.18	ENSG00000100997	ABHD12
ENSG00000101000.5	ENSG00000101000	PROCR
ENSG00000101003.9	ENSG00000101003	GINS1
ENSG00000101004.14	ENSG00000101004	NINL
ENSG00000101017.13	ENSG00000101017	CD40
ENSG00000101019.21	ENSG00000101019	UQCC1
ENSG00000101040.19	ENSG00000101040	ZMYND8
ENSG00000101049.14	ENSG00000101049	SGK2
ENSG00000101052.12	ENSG00000101052	IFT52
ENSG00000101079.20	ENSG00000101079	NDRG3
ENSG00000101084.17	ENSG00000101084	C20orf24
ENSG00000101096.19	ENSG00000101096	NFATC2
ENSG00000101098.12	ENSG00000101098	RIMS4
ENSG00000101104.12	ENSG00000101104	PABPC1L
ENSG00000101109.11	ENSG00000101109	STK4
ENSG00000101126.15	ENSG00000101126	ADNP
ENSG00000101132.9	ENSG00000101132	PFDN4
ENSG00000101134.11	ENSG00000101134	DOK5
ENSG00000101138.11	ENSG00000101138	CSTF1
ENSG00000101144.12	ENSG00000101144	BMP7
ENSG00000101146.12	ENSG00000101146	RAE1
ENSG00000101150.17	ENSG00000101150	TPD52L2
ENSG00000101152.10	ENSG00000101152	DNAJC5
ENSG00000101158.13	ENSG00000101158	NELFCD
ENSG00000101160.13	ENSG00000101160	CTSZ
ENSG00000101161.7	ENSG00000101161	PRPF6
ENSG00000101166.15	ENSG00000101166	PRELID3B
ENSG00000101180.15	ENSG00000101180	HRH3
ENSG00000101181.17	ENSG00000101181	MTG2
ENSG00000101182.14	ENSG00000101182	PSMA7
ENSG00000101187.15	ENSG00000101187	SLCO4A1
ENSG00000101188.4	ENSG00000101188	NTSR1
ENSG00000101189.6	ENSG00000101189	MRGBP
ENSG00000101190.12	ENSG00000101190	TCFL5
ENSG00000101191.16	ENSG00000101191	DIDO1
ENSG00000101193.7	ENSG00000101193	GID8
ENSG00000101194.17	ENSG00000101194	SLC17A9
ENSG00000101198.14	ENSG00000101198	NKAIN4
ENSG00000101199.12	ENSG00000101199	ARFGAP1
ENSG00000101203.16	ENSG00000101203	COL20A1
ENSG00000101204.16	ENSG00000101204	CHRNA4
ENSG00000101210.10	ENSG00000101210	EEF1A2
ENSG00000101216.10	ENSG00000101216	GMEB2
ENSG00000101220.17	ENSG00000101220	C20orf27
ENSG00000101222.12	ENSG00000101222	SPEF1
ENSG00000101224.17	ENSG00000101224	CDC25B
ENSG00000101230.5	ENSG00000101230	ISM1
ENSG00000101236.16	ENSG00000101236	RNF24
ENSG00000101246.19	ENSG00000101246	ARFRP1
ENSG00000101247.17	ENSG00000101247	NDUFAF5
ENSG00000101255.10	ENSG00000101255	TRIB3
ENSG00000101265.15	ENSG00000101265	RASSF2
ENSG00000101266.17	ENSG00000101266	CSNK2A1
ENSG00000101276.14	ENSG00000101276	SLC52A3
ENSG00000101282.8	ENSG00000101282	RSPO4
ENSG00000101290.13	ENSG00000101290	CDS2
ENSG00000101294.16	ENSG00000101294	HM13
ENSG00000101298.13	ENSG00000101298	SNPH
ENSG00000101306.10	ENSG00000101306	MYLK2
ENSG00000101307.15	ENSG00000101307	SIRPB1
ENSG00000101310.14	ENSG00000101310	SEC23B
ENSG00000101311.15	ENSG00000101311	FERMT1
ENSG00000101327.8	ENSG00000101327	PDYN
ENSG00000101331.15	ENSG00000101331	CCM2L
ENSG00000101333.16	ENSG00000101333	PLCB4
ENSG00000101335.9	ENSG00000101335	MYL9
ENSG00000101336.13	ENSG00000101336	HCK
ENSG00000101337.15	ENSG00000101337	TM9SF4
ENSG00000101343.14	ENSG00000101343	CRNKL1
ENSG00000101346.13	ENSG00000101346	POFUT1
ENSG00000101347.8	ENSG00000101347	SAMHD1
ENSG00000101349.16	ENSG00000101349	PAK5
ENSG00000101350.7	ENSG00000101350	KIF3B
ENSG00000101353.14	ENSG00000101353	MROH8
ENSG00000101361.16	ENSG00000101361	NOP56
ENSG00000101363.12	ENSG00000101363	MANBAL
ENSG00000101365.20	ENSG00000101365	IDH3B
ENSG00000101367.8	ENSG00000101367	MAPRE1
ENSG00000101384.11	ENSG00000101384	JAG1
ENSG00000101391.20	ENSG00000101391	CDK5RAP1
ENSG00000101400.5	ENSG00000101400	SNTA1
ENSG00000101407.12	ENSG00000101407	TTI1
ENSG00000101412.12	ENSG00000101412	E2F1
ENSG00000101413.11	ENSG00000101413	RPRD1B
ENSG00000101417.11	ENSG00000101417	PXMP4
ENSG00000101421.3	ENSG00000101421	CHMP4B
ENSG00000101438.3	ENSG00000101438	SLC32A1
ENSG00000101439.8	ENSG00000101439	CST3
ENSG00000101442.9	ENSG00000101442	ACTR5
ENSG00000101443.17	ENSG00000101443	WFDC2
ENSG00000101444.12	ENSG00000101444	AHCY
ENSG00000101445.9	ENSG00000101445	PPP1R16B
ENSG00000101447.14	ENSG00000101447	FAM83D
ENSG00000101452.14	ENSG00000101452	DHX35
ENSG00000101457.12	ENSG00000101457	DNTTIP1
ENSG00000101460.12	ENSG00000101460	MAP1LC3A
ENSG00000101463.5	ENSG00000101463	SYNDIG1
ENSG00000101464.10	ENSG00000101464	PIGU
ENSG00000101470.9	ENSG00000101470	TNNC2
ENSG00000101473.16	ENSG00000101473	ACOT8
ENSG00000101474.11	ENSG00000101474	APMAP
ENSG00000101489.19	ENSG00000101489	CELF4
ENSG00000101493.10	ENSG00000101493	ZNF516
ENSG00000101542.9	ENSG00000101542	CDH20
ENSG00000101544.8	ENSG00000101544	ADNP2
ENSG00000101546.12	ENSG00000101546	RBFA
ENSG00000101557.14	ENSG00000101557	USP14
ENSG00000101558.13	ENSG00000101558	VAPA
ENSG00000101574.14	ENSG00000101574	METTL4
ENSG00000101577.9	ENSG00000101577	LPIN2
ENSG00000101596.14	ENSG00000101596	SMCHD1
ENSG00000101605.12	ENSG00000101605	MYOM1
ENSG00000101608.12	ENSG00000101608	MYL12A
ENSG00000101624.10	ENSG00000101624	CEP76
ENSG00000101638.13	ENSG00000101638	ST8SIA5
ENSG00000101639.18	ENSG00000101639	CEP192
ENSG00000101654.17	ENSG00000101654	RNMT
ENSG00000101665.8	ENSG00000101665	SMAD7
ENSG00000101670.11	ENSG00000101670	LIPG
ENSG00000101680.14	ENSG00000101680	LAMA1
ENSG00000101695.8	ENSG00000101695	RNF125
ENSG00000101745.16	ENSG00000101745	ANKRD12
ENSG00000101746.15	ENSG00000101746	NOL4
ENSG00000101751.10	ENSG00000101751	POLI
ENSG00000101752.11	ENSG00000101752	MIB1
ENSG00000101773.18	ENSG00000101773	RBBP8
ENSG00000101782.14	ENSG00000101782	RIOK3
ENSG00000101811.13	ENSG00000101811	CSTF2
ENSG00000101825.7	ENSG00000101825	MXRA5
ENSG00000101843.18	ENSG00000101843	PSMD10
ENSG00000101844.17	ENSG00000101844	ATG4A
ENSG00000101846.6	ENSG00000101846	STS
ENSG00000101849.15	ENSG00000101849	TBL1X
ENSG00000101850.12	ENSG00000101850	GPR143
ENSG00000101856.9	ENSG00000101856	PGRMC1
ENSG00000101868.10	ENSG00000101868	POLA1
ENSG00000101871.14	ENSG00000101871	MID1
ENSG00000101882.9	ENSG00000101882	NKAP
ENSG00000101888.11	ENSG00000101888	NXT2
ENSG00000101901.11	ENSG00000101901	ALG13
ENSG00000101911.12	ENSG00000101911	PRPS2
ENSG00000101916.11	ENSG00000101916	TLR8
ENSG00000101928.12	ENSG00000101928	MOSPD1
ENSG00000101935.9	ENSG00000101935	AMMECR1
ENSG00000101938.14	ENSG00000101938	CHRDL1
ENSG00000101940.17	ENSG00000101940	WDR13
ENSG00000101945.16	ENSG00000101945	SUV39H1
ENSG00000101955.14	ENSG00000101955	SRPX
ENSG00000101958.13	ENSG00000101958	GLRA2
ENSG00000101966.12	ENSG00000101966	XIAP
ENSG00000101972.18	ENSG00000101972	STAG2
ENSG00000101974.14	ENSG00000101974	ATP11C
ENSG00000101977.19	ENSG00000101977	MCF2
ENSG00000101986.11	ENSG00000101986	ABCD1
ENSG00000101997.12	ENSG00000101997	CCDC22
ENSG00000102001.12	ENSG00000102001	CACNA1F
ENSG00000102003.10	ENSG00000102003	SYP
ENSG00000102007.10	ENSG00000102007	PLP2
ENSG00000102024.17	ENSG00000102024	PLS3
ENSG00000102030.15	ENSG00000102030	NAA10
ENSG00000102032.12	ENSG00000102032	RENBP
ENSG00000102034.16	ENSG00000102034	ELF4
ENSG00000102038.15	ENSG00000102038	SMARCA1
ENSG00000102043.15	ENSG00000102043	MTMR8
ENSG00000102053.12	ENSG00000102053	ZC3H12B
ENSG00000102054.17	ENSG00000102054	RBBP7
ENSG00000102057.9	ENSG00000102057	KCND1
ENSG00000102078.15	ENSG00000102078	SLC25A14
ENSG00000102081.13	ENSG00000102081	FMR1
ENSG00000102096.9	ENSG00000102096	PIM2
ENSG00000102098.17	ENSG00000102098	SCML2
ENSG00000102100.15	ENSG00000102100	SLC35A2
ENSG00000102103.15	ENSG00000102103	PQBP1
ENSG00000102109.8	ENSG00000102109	PCSK1N
ENSG00000102119.10	ENSG00000102119	EMD
ENSG00000102125.15	ENSG00000102125	TAZ
ENSG00000102144.13	ENSG00000102144	PGK1
ENSG00000102158.19	ENSG00000102158	MAGT1
ENSG00000102172.15	ENSG00000102172	SMS
ENSG00000102174.8	ENSG00000102174	PHEX
ENSG00000102178.12	ENSG00000102178	UBL4A
ENSG00000102181.20	ENSG00000102181	CD99L2
ENSG00000102189.16	ENSG00000102189	EEA1
ENSG00000102218.5	ENSG00000102218	RP2
ENSG00000102221.13	ENSG00000102221	JADE3
ENSG00000102225.15	ENSG00000102225	CDK16
ENSG00000102226.9	ENSG00000102226	USP11
ENSG00000102230.13	ENSG00000102230	PCYT1B
ENSG00000102241.11	ENSG00000102241	HTATSF1
ENSG00000102265.11	ENSG00000102265	TIMP1
ENSG00000102271.13	ENSG00000102271	KLHL4
ENSG00000102287.18	ENSG00000102287	GABRE
ENSG00000102290.22	ENSG00000102290	PCDH11X
ENSG00000102302.7	ENSG00000102302	FGD1
ENSG00000102309.12	ENSG00000102309	PIN4
ENSG00000102312.21	ENSG00000102312	PORCN
ENSG00000102316.16	ENSG00000102316	MAGED2
ENSG00000102317.17	ENSG00000102317	RBM3
ENSG00000102349.17	ENSG00000102349	KLF8
ENSG00000102359.6	ENSG00000102359	SRPX2
ENSG00000102362.15	ENSG00000102362	SYTL4
ENSG00000102383.13	ENSG00000102383	ZDHHC15
ENSG00000102384.13	ENSG00000102384	CENPI
ENSG00000102385.12	ENSG00000102385	DRP2
ENSG00000102390.10	ENSG00000102390	PBDC1
ENSG00000102393.9	ENSG00000102393	GLA
ENSG00000102401.19	ENSG00000102401	ARMCX3
ENSG00000102409.9	ENSG00000102409	BEX4
ENSG00000102445.18	ENSG00000102445	RUBCNL
ENSG00000102452.15	ENSG00000102452	NALCN
ENSG00000102466.15	ENSG00000102466	FGF14
ENSG00000102468.10	ENSG00000102468	HTR2A
ENSG00000102471.13	ENSG00000102471	NDFIP2
ENSG00000102524.11	ENSG00000102524	TNFSF13B
ENSG00000102531.16	ENSG00000102531	FNDC3A
ENSG00000102543.14	ENSG00000102543	CDADC1
ENSG00000102547.18	ENSG00000102547	CAB39L
ENSG00000102554.13	ENSG00000102554	KLF5
ENSG00000102572.14	ENSG00000102572	STK24
ENSG00000102575.10	ENSG00000102575	ACP5
ENSG00000102580.14	ENSG00000102580	DNAJC3
ENSG00000102595.19	ENSG00000102595	UGGT2
ENSG00000102606.17	ENSG00000102606	ARHGEF7
ENSG00000102678.6	ENSG00000102678	FGF9
ENSG00000102699.5	ENSG00000102699	PARP4
ENSG00000102710.19	ENSG00000102710	SUPT20H
ENSG00000102738.7	ENSG00000102738	MRPS31
ENSG00000102743.14	ENSG00000102743	SLC25A15
ENSG00000102753.9	ENSG00000102753	KPNA3
ENSG00000102755.11	ENSG00000102755	FLT1
ENSG00000102760.12	ENSG00000102760	RGCC
ENSG00000102763.17	ENSG00000102763	VWA8
ENSG00000102780.16	ENSG00000102780	DGKH
ENSG00000102781.13	ENSG00000102781	KATNAL1
ENSG00000102786.14	ENSG00000102786	INTS6
ENSG00000102796.10	ENSG00000102796	DHRS12
ENSG00000102804.14	ENSG00000102804	TSC22D1
ENSG00000102805.14	ENSG00000102805	CLN5
ENSG00000102837.6	ENSG00000102837	OLFM4
ENSG00000102854.15	ENSG00000102854	MSLN
ENSG00000102858.12	ENSG00000102858	MGRN1
ENSG00000102870.5	ENSG00000102870	ZNF629
ENSG00000102871.15	ENSG00000102871	TRADD
ENSG00000102878.16	ENSG00000102878	HSF4
ENSG00000102879.15	ENSG00000102879	CORO1A
ENSG00000102882.11	ENSG00000102882	MAPK3
ENSG00000102886.14	ENSG00000102886	GDPD3
ENSG00000102890.14	ENSG00000102890	ELMO3
ENSG00000102893.15	ENSG00000102893	PHKB
ENSG00000102897.9	ENSG00000102897	LYRM1
ENSG00000102898.11	ENSG00000102898	NUTF2
ENSG00000102900.12	ENSG00000102900	NUP93
ENSG00000102901.12	ENSG00000102901	CENPT
ENSG00000102904.14	ENSG00000102904	TSNAXIP1
ENSG00000102908.20	ENSG00000102908	NFAT5
ENSG00000102910.13	ENSG00000102910	LONP2
ENSG00000102921.7	ENSG00000102921	N4BP1
ENSG00000102924.11	ENSG00000102924	CBLN1
ENSG00000102931.7	ENSG00000102931	ARL2BP
ENSG00000102934.9	ENSG00000102934	PLLP
ENSG00000102935.11	ENSG00000102935	ZNF423
ENSG00000102967.11	ENSG00000102967	DHODH
ENSG00000102974.14	ENSG00000102974	CTCF
ENSG00000102977.13	ENSG00000102977	ACD
ENSG00000102978.12	ENSG00000102978	POLR2C
ENSG00000102981.9	ENSG00000102981	PARD6A
ENSG00000102984.14	ENSG00000102984	ZNF821
ENSG00000102996.4	ENSG00000102996	MMP15
ENSG00000103005.11	ENSG00000103005	USB1
ENSG00000103018.16	ENSG00000103018	CYB5B
ENSG00000103021.9	ENSG00000103021	CCDC113
ENSG00000103024.7	ENSG00000103024	NME3
ENSG00000103034.14	ENSG00000103034	NDRG4
ENSG00000103035.10	ENSG00000103035	PSMD7
ENSG00000103037.11	ENSG00000103037	SETD6
ENSG00000103042.8	ENSG00000103042	SLC38A7
ENSG00000103043.14	ENSG00000103043	VAC14
ENSG00000103044.10	ENSG00000103044	HAS3
ENSG00000103047.7	ENSG00000103047	TANGO6
ENSG00000103051.18	ENSG00000103051	COG4
ENSG00000103056.11	ENSG00000103056	SMPD3
ENSG00000103061.12	ENSG00000103061	SLC7A6OS
ENSG00000103064.13	ENSG00000103064	SLC7A6
ENSG00000103066.12	ENSG00000103066	PLA2G15
ENSG00000103089.8	ENSG00000103089	FA2H
ENSG00000103091.14	ENSG00000103091	WDR59
ENSG00000103111.14	ENSG00000103111	MON1B
ENSG00000103121.8	ENSG00000103121	CMC2
ENSG00000103126.14	ENSG00000103126	AXIN1
ENSG00000103145.10	ENSG00000103145	HCFC1R1
ENSG00000103148.15	ENSG00000103148	NPRL3
ENSG00000103150.5	ENSG00000103150	MLYCD
ENSG00000103152.11	ENSG00000103152	MPG
ENSG00000103154.9	ENSG00000103154	NECAB2
ENSG00000103160.11	ENSG00000103160	HSDL1
ENSG00000103168.16	ENSG00000103168	TAF1C
ENSG00000103174.11	ENSG00000103174	NAGPA
ENSG00000103175.10	ENSG00000103175	WFDC1
ENSG00000103184.11	ENSG00000103184	SEC14L5
ENSG00000103187.7	ENSG00000103187	COTL1
ENSG00000103194.15	ENSG00000103194	USP10
ENSG00000103196.11	ENSG00000103196	CRISPLD2
ENSG00000103197.16	ENSG00000103197	TSC2
ENSG00000103199.13	ENSG00000103199	ZNF500
ENSG00000103202.12	ENSG00000103202	NME4
ENSG00000103222.18	ENSG00000103222	ABCC1
ENSG00000103226.17	ENSG00000103226	NOMO3
ENSG00000103227.18	ENSG00000103227	LMF1
ENSG00000103241.6	ENSG00000103241	FOXF1
ENSG00000103245.13	ENSG00000103245	NARFL
ENSG00000103248.18	ENSG00000103248	MTHFSD
ENSG00000103249.17	ENSG00000103249	CLCN7
ENSG00000103253.17	ENSG00000103253	HAGHL
ENSG00000103254.9	ENSG00000103254	FAM173A
ENSG00000103257.8	ENSG00000103257	SLC7A5
ENSG00000103260.8	ENSG00000103260	METRN
ENSG00000103264.17	ENSG00000103264	FBXO31
ENSG00000103266.10	ENSG00000103266	STUB1
ENSG00000103269.13	ENSG00000103269	RHBDL1
ENSG00000103274.10	ENSG00000103274	NUBP1
ENSG00000103275.19	ENSG00000103275	UBE2I
ENSG00000103313.12	ENSG00000103313	MEFV
ENSG00000103316.10	ENSG00000103316	CRYM
ENSG00000103319.11	ENSG00000103319	EEF2K
ENSG00000103326.11	ENSG00000103326	CAPN15
ENSG00000103335.21	ENSG00000103335	PIEZO1
ENSG00000103342.12	ENSG00000103342	GSPT1
ENSG00000103343.12	ENSG00000103343	ZNF174
ENSG00000103351.12	ENSG00000103351	CLUAP1
ENSG00000103353.15	ENSG00000103353	UBFD1
ENSG00000103356.15	ENSG00000103356	EARS2
ENSG00000103363.14	ENSG00000103363	ELOB
ENSG00000103365.15	ENSG00000103365	GGA2
ENSG00000103381.11	ENSG00000103381	CPPED1
ENSG00000103404.14	ENSG00000103404	USP31
ENSG00000103415.11	ENSG00000103415	HMOX2
ENSG00000103423.13	ENSG00000103423	DNAJA3
ENSG00000103426.12	ENSG00000103426	CORO7-PAM16
ENSG00000103429.10	ENSG00000103429	BFAR
ENSG00000103449.11	ENSG00000103449	SALL1
ENSG00000103460.16	ENSG00000103460	TOX3
ENSG00000103472.10	ENSG00000103472	RRN3P2
ENSG00000103479.15	ENSG00000103479	RBL2
ENSG00000103485.17	ENSG00000103485	QPRT
ENSG00000103489.11	ENSG00000103489	XYLT1
ENSG00000103490.13	ENSG00000103490	PYCARD
ENSG00000103494.12	ENSG00000103494	RPGRIP1L
ENSG00000103495.13	ENSG00000103495	MAZ
ENSG00000103496.14	ENSG00000103496	STX4
ENSG00000103502.13	ENSG00000103502	CDIPT
ENSG00000103507.13	ENSG00000103507	BCKDK
ENSG00000103510.19	ENSG00000103510	KAT8
ENSG00000103512.14	ENSG00000103512	NOMO1
ENSG00000103528.16	ENSG00000103528	SYT17
ENSG00000103540.16	ENSG00000103540	CCP110
ENSG00000103544.14	ENSG00000103544	C16orf62
ENSG00000103549.21	ENSG00000103549	RNF40
ENSG00000103550.13	ENSG00000103550	KNOP1
ENSG00000103569.9	ENSG00000103569	AQP9
ENSG00000103591.12	ENSG00000103591	AAGAB
ENSG00000103599.19	ENSG00000103599	IQCH
ENSG00000103642.11	ENSG00000103642	LACTB
ENSG00000103647.12	ENSG00000103647	CORO2B
ENSG00000103653.16	ENSG00000103653	CSK
ENSG00000103657.13	ENSG00000103657	HERC1
ENSG00000103671.9	ENSG00000103671	TRIP4
ENSG00000103707.9	ENSG00000103707	MTFMT
ENSG00000103710.10	ENSG00000103710	RASL12
ENSG00000103723.12	ENSG00000103723	AP3B2
ENSG00000103740.9	ENSG00000103740	ACSBG1
ENSG00000103742.11	ENSG00000103742	IGDCC4
ENSG00000103769.9	ENSG00000103769	RAB11A
ENSG00000103811.15	ENSG00000103811	CTSH
ENSG00000103852.12	ENSG00000103852	TTC23
ENSG00000103855.17	ENSG00000103855	CD276
ENSG00000103876.11	ENSG00000103876	FAH
ENSG00000103888.16	ENSG00000103888	CEMIP
ENSG00000103932.11	ENSG00000103932	RPAP1
ENSG00000103942.12	ENSG00000103942	HOMER2
ENSG00000103966.10	ENSG00000103966	EHD4
ENSG00000103978.15	ENSG00000103978	TMEM87A
ENSG00000103994.16	ENSG00000103994	ZNF106
ENSG00000103995.13	ENSG00000103995	CEP152
ENSG00000104043.14	ENSG00000104043	ATP8B4
ENSG00000104044.15	ENSG00000104044	OCA2
ENSG00000104047.14	ENSG00000104047	DTWD1
ENSG00000104059.4	ENSG00000104059	FAM189A1
ENSG00000104064.16	ENSG00000104064	GABPB1
ENSG00000104067.16	ENSG00000104067	TJP1
ENSG00000104081.13	ENSG00000104081	BMF
ENSG00000104093.13	ENSG00000104093	DMXL2
ENSG00000104112.8	ENSG00000104112	SCG3
ENSG00000104129.9	ENSG00000104129	DNAJC17
ENSG00000104131.12	ENSG00000104131	EIF3J
ENSG00000104133.14	ENSG00000104133	SPG11
ENSG00000104140.6	ENSG00000104140	RHOV
ENSG00000104142.10	ENSG00000104142	VPS18
ENSG00000104154.6	ENSG00000104154	SLC30A4
ENSG00000104164.10	ENSG00000104164	BLOC1S6
ENSG00000104177.17	ENSG00000104177	MYEF2
ENSG00000104205.12	ENSG00000104205	SGK3
ENSG00000104213.12	ENSG00000104213	PDGFRL
ENSG00000104218.14	ENSG00000104218	CSPP1
ENSG00000104219.12	ENSG00000104219	ZDHHC2
ENSG00000104221.12	ENSG00000104221	BRF2
ENSG00000104228.12	ENSG00000104228	TRIM35
ENSG00000104231.10	ENSG00000104231	ZFAND1
ENSG00000104267.9	ENSG00000104267	CA2
ENSG00000104290.10	ENSG00000104290	FZD3
ENSG00000104299.14	ENSG00000104299	INTS9
ENSG00000104312.7	ENSG00000104312	RIPK2
ENSG00000104313.17	ENSG00000104313	EYA1
ENSG00000104320.13	ENSG00000104320	NBN
ENSG00000104324.15	ENSG00000104324	CPQ
ENSG00000104325.6	ENSG00000104325	DECR1
ENSG00000104327.7	ENSG00000104327	CALB1
ENSG00000104331.8	ENSG00000104331	IMPAD1
ENSG00000104332.11	ENSG00000104332	SFRP1
ENSG00000104341.16	ENSG00000104341	LAPTM4B
ENSG00000104343.19	ENSG00000104343	UBE2W
ENSG00000104356.10	ENSG00000104356	POP1
ENSG00000104361.9	ENSG00000104361	NIPAL2
ENSG00000104365.13	ENSG00000104365	IKBKB
ENSG00000104368.17	ENSG00000104368	PLAT
ENSG00000104369.4	ENSG00000104369	JPH1
ENSG00000104375.15	ENSG00000104375	STK3
ENSG00000104381.12	ENSG00000104381	GDAP1
ENSG00000104388.14	ENSG00000104388	RAB2A
ENSG00000104408.9	ENSG00000104408	EIF3E
ENSG00000104412.7	ENSG00000104412	EMC2
ENSG00000104419.14	ENSG00000104419	NDRG1
ENSG00000104427.11	ENSG00000104427	ZC2HC1A
ENSG00000104435.13	ENSG00000104435	STMN2
ENSG00000104442.9	ENSG00000104442	ARMC1
ENSG00000104447.12	ENSG00000104447	TRPS1
ENSG00000104450.12	ENSG00000104450	SPAG1
ENSG00000104472.9	ENSG00000104472	CHRAC1
ENSG00000104490.17	ENSG00000104490	NCALD
ENSG00000104497.13	ENSG00000104497	SNX16
ENSG00000104517.12	ENSG00000104517	UBR5
ENSG00000104518.10	ENSG00000104518	GSDMD
ENSG00000104522.15	ENSG00000104522	TSTA3
ENSG00000104524.13	ENSG00000104524	PYCR3
ENSG00000104529.17	ENSG00000104529	EEF1D
ENSG00000104549.11	ENSG00000104549	SQLE
ENSG00000104611.11	ENSG00000104611	SH2D4A
ENSG00000104613.11	ENSG00000104613	INTS10
ENSG00000104626.14	ENSG00000104626	ERI1
ENSG00000104635.13	ENSG00000104635	SLC39A14
ENSG00000104643.9	ENSG00000104643	MTMR9
ENSG00000104660.17	ENSG00000104660	LEPROTL1
ENSG00000104671.7	ENSG00000104671	DCTN6
ENSG00000104679.10	ENSG00000104679	R3HCC1
ENSG00000104687.12	ENSG00000104687	GSR
ENSG00000104689.9	ENSG00000104689	TNFRSF10A
ENSG00000104691.14	ENSG00000104691	UBXN8
ENSG00000104695.12	ENSG00000104695	PPP2CB
ENSG00000104714.13	ENSG00000104714	ERICH1
ENSG00000104722.13	ENSG00000104722	NEFM
ENSG00000104723.20	ENSG00000104723	TUSC3
ENSG00000104728.15	ENSG00000104728	ARHGEF10
ENSG00000104731.13	ENSG00000104731	KLHDC4
ENSG00000104738.16	ENSG00000104738	MCM4
ENSG00000104756.15	ENSG00000104756	KCTD9
ENSG00000104760.16	ENSG00000104760	FGL1
ENSG00000104763.18	ENSG00000104763	ASAH1
ENSG00000104765.15	ENSG00000104765	BNIP3L
ENSG00000104774.12	ENSG00000104774	MAN2B1
ENSG00000104783.11	ENSG00000104783	KCNN4
ENSG00000104805.15	ENSG00000104805	NUCB1
ENSG00000104808.7	ENSG00000104808	DHDH
ENSG00000104812.14	ENSG00000104812	GYS1
ENSG00000104814.12	ENSG00000104814	MAP4K1
ENSG00000104823.8	ENSG00000104823	ECH1
ENSG00000104824.16	ENSG00000104824	HNRNPL
ENSG00000104825.16	ENSG00000104825	NFKBIB
ENSG00000104833.11	ENSG00000104833	TUBB4A
ENSG00000104835.14	ENSG00000104835	SARS2
ENSG00000104852.14	ENSG00000104852	SNRNP70
ENSG00000104853.15	ENSG00000104853	CLPTM1
ENSG00000104856.13	ENSG00000104856	RELB
ENSG00000104859.14	ENSG00000104859	CLASRP
ENSG00000104863.11	ENSG00000104863	LIN7B
ENSG00000104866.10	ENSG00000104866	PPP1R37
ENSG00000104870.12	ENSG00000104870	FCGRT
ENSG00000104872.10	ENSG00000104872	PIH1D1
ENSG00000104880.17	ENSG00000104880	ARHGEF18
ENSG00000104881.15	ENSG00000104881	PPP1R13L
ENSG00000104883.7	ENSG00000104883	PEX11G
ENSG00000104884.14	ENSG00000104884	ERCC2
ENSG00000104885.17	ENSG00000104885	DOT1L
ENSG00000104886.11	ENSG00000104886	PLEKHJ1
ENSG00000104888.9	ENSG00000104888	SLC17A7
ENSG00000104889.5	ENSG00000104889	RNASEH2A
ENSG00000104892.16	ENSG00000104892	KLC3
ENSG00000104894.11	ENSG00000104894	CD37
ENSG00000104897.9	ENSG00000104897	SF3A2
ENSG00000104899.7	ENSG00000104899	AMH
ENSG00000104903.4	ENSG00000104903	LYL1
ENSG00000104904.12	ENSG00000104904	OAZ1
ENSG00000104907.12	ENSG00000104907	TRMT1
ENSG00000104915.14	ENSG00000104915	STX10
ENSG00000104936.17	ENSG00000104936	DMPK
ENSG00000104946.12	ENSG00000104946	TBC1D17
ENSG00000104957.13	ENSG00000104957	CCDC130
ENSG00000104960.15	ENSG00000104960	PTOV1
ENSG00000104964.14	ENSG00000104964	AES
ENSG00000104967.6	ENSG00000104967	NOVA2
ENSG00000104969.9	ENSG00000104969	SGTA
ENSG00000104972.15	ENSG00000104972	LILRB1
ENSG00000104973.16	ENSG00000104973	MED25
ENSG00000104974.11	ENSG00000104974	LILRA1
ENSG00000104976.11	ENSG00000104976	SNAPC2
ENSG00000104979.8	ENSG00000104979	C19orf53
ENSG00000104980.7	ENSG00000104980	TIMM44
ENSG00000104983.8	ENSG00000104983	CCDC61
ENSG00000104998.3	ENSG00000104998	IL27RA
ENSG00000105048.16	ENSG00000105048	TNNT1
ENSG00000105053.10	ENSG00000105053	VRK3
ENSG00000105058.11	ENSG00000105058	FAM32A
ENSG00000105063.18	ENSG00000105063	PPP6R1
ENSG00000105072.8	ENSG00000105072	C19orf44
ENSG00000105085.10	ENSG00000105085	MED26
ENSG00000105088.8	ENSG00000105088	OLFM2
ENSG00000105122.12	ENSG00000105122	RASAL3
ENSG00000105127.8	ENSG00000105127	AKAP8
ENSG00000105135.15	ENSG00000105135	ILVBL
ENSG00000105136.20	ENSG00000105136	ZNF419
ENSG00000105137.12	ENSG00000105137	SYDE1
ENSG00000105143.12	ENSG00000105143	SLC1A6
ENSG00000105171.9	ENSG00000105171	POP4
ENSG00000105173.13	ENSG00000105173	CCNE1
ENSG00000105176.17	ENSG00000105176	URI1
ENSG00000105185.11	ENSG00000105185	PDCD5
ENSG00000105186.15	ENSG00000105186	ANKRD27
ENSG00000105193.8	ENSG00000105193	RPS16
ENSG00000105197.10	ENSG00000105197	TIMM50
ENSG00000105202.8	ENSG00000105202	FBL
ENSG00000105204.13	ENSG00000105204	DYRK1B
ENSG00000105220.14	ENSG00000105220	GPI
ENSG00000105221.16	ENSG00000105221	AKT2
ENSG00000105223.19	ENSG00000105223	PLD3
ENSG00000105227.14	ENSG00000105227	PRX
ENSG00000105229.6	ENSG00000105229	PIAS4
ENSG00000105245.9	ENSG00000105245	NUMBL
ENSG00000105246.5	ENSG00000105246	EBI3
ENSG00000105248.15	ENSG00000105248	CCDC94
ENSG00000105251.10	ENSG00000105251	SHD
ENSG00000105254.11	ENSG00000105254	TBCB
ENSG00000105255.10	ENSG00000105255	FSD1
ENSG00000105258.8	ENSG00000105258	POLR2I
ENSG00000105270.14	ENSG00000105270	CLIP3
ENSG00000105278.10	ENSG00000105278	ZFR2
ENSG00000105281.12	ENSG00000105281	SLC1A5
ENSG00000105287.12	ENSG00000105287	PRKD2
ENSG00000105290.11	ENSG00000105290	APLP1
ENSG00000105298.13	ENSG00000105298	CACTIN
ENSG00000105321.12	ENSG00000105321	CCDC9
ENSG00000105323.16	ENSG00000105323	HNRNPUL1
ENSG00000105325.13	ENSG00000105325	FZR1
ENSG00000105327.17	ENSG00000105327	BBC3
ENSG00000105329.9	ENSG00000105329	TGFB1
ENSG00000105339.10	ENSG00000105339	DENND3
ENSG00000105341.18	ENSG00000105341	DMAC2
ENSG00000105355.8	ENSG00000105355	PLIN3
ENSG00000105357.15	ENSG00000105357	MYH14
ENSG00000105364.13	ENSG00000105364	MRPL4
ENSG00000105366.15	ENSG00000105366	SIGLEC8
ENSG00000105372.6	ENSG00000105372	RPS19
ENSG00000105373.18	ENSG00000105373	NOP53
ENSG00000105376.4	ENSG00000105376	ICAM5
ENSG00000105379.9	ENSG00000105379	ETFB
ENSG00000105383.14	ENSG00000105383	CD33
ENSG00000105393.15	ENSG00000105393	BABAM1
ENSG00000105397.13	ENSG00000105397	TYK2
ENSG00000105401.8	ENSG00000105401	CDC37
ENSG00000105402.7	ENSG00000105402	NAPA
ENSG00000105404.10	ENSG00000105404	RABAC1
ENSG00000105409.16	ENSG00000105409	ATP1A3
ENSG00000105419.17	ENSG00000105419	MEIS3
ENSG00000105426.16	ENSG00000105426	PTPRS
ENSG00000105427.9	ENSG00000105427	CNFN
ENSG00000105429.12	ENSG00000105429	MEGF8
ENSG00000105438.8	ENSG00000105438	KDELR1
ENSG00000105443.14	ENSG00000105443	CYTH2
ENSG00000105447.12	ENSG00000105447	GRWD1
ENSG00000105464.3	ENSG00000105464	GRIN2D
ENSG00000105472.12	ENSG00000105472	CLEC11A
ENSG00000105479.15	ENSG00000105479	CCDC114
ENSG00000105483.17	ENSG00000105483	CARD8
ENSG00000105486.13	ENSG00000105486	LIG1
ENSG00000105497.7	ENSG00000105497	ZNF175
ENSG00000105499.13	ENSG00000105499	PLA2G4C
ENSG00000105509.10	ENSG00000105509	HAS1
ENSG00000105514.7	ENSG00000105514	RAB3D
ENSG00000105516.10	ENSG00000105516	DBP
ENSG00000105518.13	ENSG00000105518	TMEM205
ENSG00000105519.15	ENSG00000105519	CAPS
ENSG00000105520.10	ENSG00000105520	PLPPR2
ENSG00000105538.9	ENSG00000105538	RASIP1
ENSG00000105552.14	ENSG00000105552	BCAT2
ENSG00000105556.11	ENSG00000105556	MIER2
ENSG00000105559.11	ENSG00000105559	PLEKHA4
ENSG00000105568.17	ENSG00000105568	PPP2R1A
ENSG00000105576.15	ENSG00000105576	TNPO2
ENSG00000105583.9	ENSG00000105583	WDR83OS
ENSG00000105605.7	ENSG00000105605	CACNG7
ENSG00000105607.12	ENSG00000105607	GCDH
ENSG00000105609.16	ENSG00000105609	LILRB5
ENSG00000105612.8	ENSG00000105612	DNASE2
ENSG00000105613.9	ENSG00000105613	MAST1
ENSG00000105617.3	ENSG00000105617	LENG1
ENSG00000105618.13	ENSG00000105618	PRPF31
ENSG00000105619.13	ENSG00000105619	TFPT
ENSG00000105639.18	ENSG00000105639	JAK3
ENSG00000105640.12	ENSG00000105640	RPL18A
ENSG00000105642.15	ENSG00000105642	KCNN1
ENSG00000105643.9	ENSG00000105643	ARRDC2
ENSG00000105647.16	ENSG00000105647	PIK3R2
ENSG00000105649.9	ENSG00000105649	RAB3A
ENSG00000105650.21	ENSG00000105650	PDE4C
ENSG00000105655.18	ENSG00000105655	ISYNA1
ENSG00000105656.12	ENSG00000105656	ELL
ENSG00000105662.15	ENSG00000105662	CRTC1
ENSG00000105669.13	ENSG00000105669	COPE
ENSG00000105671.11	ENSG00000105671	DDX49
ENSG00000105676.13	ENSG00000105676	ARMC6
ENSG00000105677.11	ENSG00000105677	TMEM147
ENSG00000105695.14	ENSG00000105695	MAG
ENSG00000105696.8	ENSG00000105696	TMEM59L
ENSG00000105697.7	ENSG00000105697	HAMP
ENSG00000105698.15	ENSG00000105698	USF2
ENSG00000105699.16	ENSG00000105699	LSR
ENSG00000105700.10	ENSG00000105700	KXD1
ENSG00000105701.15	ENSG00000105701	FKBP8
ENSG00000105705.15	ENSG00000105705	SUGP1
ENSG00000105707.13	ENSG00000105707	HPN
ENSG00000105708.8	ENSG00000105708	ZNF14
ENSG00000105711.11	ENSG00000105711	SCN1B
ENSG00000105717.13	ENSG00000105717	PBX4
ENSG00000105722.9	ENSG00000105722	ERF
ENSG00000105723.11	ENSG00000105723	GSK3A
ENSG00000105726.16	ENSG00000105726	ATP13A1
ENSG00000105732.12	ENSG00000105732	ZNF574
ENSG00000105737.9	ENSG00000105737	GRIK5
ENSG00000105738.10	ENSG00000105738	SIPA1L3
ENSG00000105750.14	ENSG00000105750	ZNF85
ENSG00000105755.7	ENSG00000105755	ETHE1
ENSG00000105767.2	ENSG00000105767	CADM4
ENSG00000105771.13	ENSG00000105771	SMG9
ENSG00000105778.18	ENSG00000105778	AVL9
ENSG00000105784.15	ENSG00000105784	RUNDC3B
ENSG00000105792.19	ENSG00000105792	CFAP69
ENSG00000105793.15	ENSG00000105793	GTPBP10
ENSG00000105808.17	ENSG00000105808	RASA4
ENSG00000105810.9	ENSG00000105810	CDK6
ENSG00000105819.13	ENSG00000105819	PMPCB
ENSG00000105821.14	ENSG00000105821	DNAJC2
ENSG00000105829.11	ENSG00000105829	BET1
ENSG00000105835.11	ENSG00000105835	NAMPT
ENSG00000105849.5	ENSG00000105849	TWISTNB
ENSG00000105851.10	ENSG00000105851	PIK3CG
ENSG00000105852.10	ENSG00000105852	PON3
ENSG00000105854.12	ENSG00000105854	PON2
ENSG00000105855.9	ENSG00000105855	ITGB8
ENSG00000105856.13	ENSG00000105856	HBP1
ENSG00000105865.10	ENSG00000105865	DUS4L
ENSG00000105866.13	ENSG00000105866	SP4
ENSG00000105875.13	ENSG00000105875	WDR91
ENSG00000105877.17	ENSG00000105877	DNAH11
ENSG00000105879.11	ENSG00000105879	CBLL1
ENSG00000105880.4	ENSG00000105880	DLX5
ENSG00000105887.10	ENSG00000105887	MTPN
ENSG00000105889.14	ENSG00000105889	STEAP1B
ENSG00000105894.11	ENSG00000105894	PTN
ENSG00000105926.15	ENSG00000105926	MPP6
ENSG00000105928.13	ENSG00000105928	DFNA5
ENSG00000105939.12	ENSG00000105939	ZC3HAV1
ENSG00000105948.13	ENSG00000105948	TTC26
ENSG00000105953.14	ENSG00000105953	OGDH
ENSG00000105963.13	ENSG00000105963	ADAP1
ENSG00000105967.15	ENSG00000105967	TFEC
ENSG00000105968.18	ENSG00000105968	H2AFV
ENSG00000105971.14	ENSG00000105971	CAV2
ENSG00000105974.11	ENSG00000105974	CAV1
ENSG00000105976.14	ENSG00000105976	MET
ENSG00000105982.16	ENSG00000105982	RNF32
ENSG00000105983.20	ENSG00000105983	LMBR1
ENSG00000105989.8	ENSG00000105989	WNT2
ENSG00000105993.14	ENSG00000105993	DNAJB6
ENSG00000106003.12	ENSG00000106003	LFNG
ENSG00000106009.15	ENSG00000106009	BRAT1
ENSG00000106012.17	ENSG00000106012	IQCE
ENSG00000106013.14	ENSG00000106013	ANKRD7
ENSG00000106018.13	ENSG00000106018	VIPR2
ENSG00000106025.8	ENSG00000106025	TSPAN12
ENSG00000106028.10	ENSG00000106028	SSBP1
ENSG00000106034.17	ENSG00000106034	CPED1
ENSG00000106049.8	ENSG00000106049	HIBADH
ENSG00000106052.13	ENSG00000106052	TAX1BP1
ENSG00000106066.14	ENSG00000106066	CPVL
ENSG00000106069.21	ENSG00000106069	CHN2
ENSG00000106070.17	ENSG00000106070	GRB10
ENSG00000106077.18	ENSG00000106077	ABHD11
ENSG00000106078.17	ENSG00000106078	COBL
ENSG00000106080.10	ENSG00000106080	FKBP14
ENSG00000106086.18	ENSG00000106086	PLEKHA8
ENSG00000106089.11	ENSG00000106089	STX1A
ENSG00000106100.10	ENSG00000106100	NOD1
ENSG00000106105.13	ENSG00000106105	GARS
ENSG00000106113.18	ENSG00000106113	CRHR2
ENSG00000106123.11	ENSG00000106123	EPHB6
ENSG00000106125.14	ENSG00000106125	MINDY4
ENSG00000106133.17	ENSG00000106133	NSUN5P2
ENSG00000106144.19	ENSG00000106144	CASP2
ENSG00000106153.12	ENSG00000106153	CHCHD2
ENSG00000106211.8	ENSG00000106211	HSPB1
ENSG00000106236.3	ENSG00000106236	NPTX2
ENSG00000106244.12	ENSG00000106244	PDAP1
ENSG00000106245.10	ENSG00000106245	BUD31
ENSG00000106246.17	ENSG00000106246	PTCD1
ENSG00000106261.16	ENSG00000106261	ZKSCAN1
ENSG00000106263.17	ENSG00000106263	EIF3B
ENSG00000106266.10	ENSG00000106266	SNX8
ENSG00000106268.15	ENSG00000106268	NUDT1
ENSG00000106278.11	ENSG00000106278	PTPRZ1
ENSG00000106290.14	ENSG00000106290	TAF6
ENSG00000106299.7	ENSG00000106299	WASL
ENSG00000106305.9	ENSG00000106305	AIMP2
ENSG00000106327.12	ENSG00000106327	TFR2
ENSG00000106330.11	ENSG00000106330	MOSPD3
ENSG00000106333.12	ENSG00000106333	PCOLCE
ENSG00000106344.8	ENSG00000106344	RBM28
ENSG00000106346.11	ENSG00000106346	USP42
ENSG00000106348.16	ENSG00000106348	IMPDH1
ENSG00000106351.12	ENSG00000106351	AGFG2
ENSG00000106355.9	ENSG00000106355	LSM5
ENSG00000106366.8	ENSG00000106366	SERPINE1
ENSG00000106367.13	ENSG00000106367	AP1S1
ENSG00000106392.10	ENSG00000106392	C1GALT1
ENSG00000106397.11	ENSG00000106397	PLOD3
ENSG00000106399.11	ENSG00000106399	RPA3
ENSG00000106400.11	ENSG00000106400	ZNHIT1
ENSG00000106404.13	ENSG00000106404	CLDN15
ENSG00000106415.12	ENSG00000106415	GLCCI1
ENSG00000106443.15	ENSG00000106443	PHF14
ENSG00000106459.14	ENSG00000106459	NRF1
ENSG00000106460.18	ENSG00000106460	TMEM106B
ENSG00000106462.10	ENSG00000106462	EZH2
ENSG00000106477.18	ENSG00000106477	CEP41
ENSG00000106479.10	ENSG00000106479	ZNF862
ENSG00000106483.11	ENSG00000106483	SFRP4
ENSG00000106484.14	ENSG00000106484	MEST
ENSG00000106524.8	ENSG00000106524	ANKMY2
ENSG00000106526.10	ENSG00000106526	ACTR3C
ENSG00000106536.19	ENSG00000106536	POU6F2
ENSG00000106537.7	ENSG00000106537	TSPAN13
ENSG00000106538.9	ENSG00000106538	RARRES2
ENSG00000106546.12	ENSG00000106546	AHR
ENSG00000106554.12	ENSG00000106554	CHCHD3
ENSG00000106560.10	ENSG00000106560	GIMAP2
ENSG00000106565.17	ENSG00000106565	TMEM176B
ENSG00000106571.12	ENSG00000106571	GLI3
ENSG00000106588.10	ENSG00000106588	PSMA2
ENSG00000106591.3	ENSG00000106591	MRPL32
ENSG00000106603.18	ENSG00000106603	COA1
ENSG00000106605.10	ENSG00000106605	BLVRA
ENSG00000106608.16	ENSG00000106608	URGCP
ENSG00000106609.16	ENSG00000106609	TMEM248
ENSG00000106610.14	ENSG00000106610	STAG3L4
ENSG00000106615.9	ENSG00000106615	RHEB
ENSG00000106617.13	ENSG00000106617	PRKAG2
ENSG00000106624.10	ENSG00000106624	AEBP1
ENSG00000106628.10	ENSG00000106628	POLD2
ENSG00000106633.15	ENSG00000106633	GCK
ENSG00000106635.7	ENSG00000106635	BCL7B
ENSG00000106636.7	ENSG00000106636	YKT6
ENSG00000106638.15	ENSG00000106638	TBL2
ENSG00000106648.13	ENSG00000106648	GALNTL5
ENSG00000106665.15	ENSG00000106665	CLIP2
ENSG00000106682.14	ENSG00000106682	EIF4H
ENSG00000106683.14	ENSG00000106683	LIMK1
ENSG00000106686.16	ENSG00000106686	SPATA6L
ENSG00000106688.11	ENSG00000106688	SLC1A1
ENSG00000106689.10	ENSG00000106689	LHX2
ENSG00000106692.13	ENSG00000106692	FKTN
ENSG00000106701.11	ENSG00000106701	FSD1L
ENSG00000106714.17	ENSG00000106714	CNTNAP3
ENSG00000106723.16	ENSG00000106723	SPIN1
ENSG00000106733.20	ENSG00000106733	NMRK1
ENSG00000106771.12	ENSG00000106771	TMEM245
ENSG00000106772.17	ENSG00000106772	PRUNE2
ENSG00000106780.8	ENSG00000106780	MEGF9
ENSG00000106785.14	ENSG00000106785	TRIM14
ENSG00000106789.12	ENSG00000106789	CORO2A
ENSG00000106799.12	ENSG00000106799	TGFBR1
ENSG00000106803.9	ENSG00000106803	SEC61B
ENSG00000106804.7	ENSG00000106804	C5
ENSG00000106809.10	ENSG00000106809	OGN
ENSG00000106819.11	ENSG00000106819	ASPN
ENSG00000106823.12	ENSG00000106823	ECM2
ENSG00000106829.18	ENSG00000106829	TLE4
ENSG00000106852.15	ENSG00000106852	LHX6
ENSG00000106853.18	ENSG00000106853	PTGR1
ENSG00000106868.16	ENSG00000106868	SUSD1
ENSG00000106948.16	ENSG00000106948	AKNA
ENSG00000106976.20	ENSG00000106976	DNM1
ENSG00000106991.13	ENSG00000106991	ENG
ENSG00000106992.17	ENSG00000106992	AK1
ENSG00000106993.11	ENSG00000106993	CDC37L1
ENSG00000107020.9	ENSG00000107020	PLGRKT
ENSG00000107021.15	ENSG00000107021	TBC1D13
ENSG00000107036.11	ENSG00000107036	RIC1
ENSG00000107077.18	ENSG00000107077	KDM4C
ENSG00000107099.15	ENSG00000107099	DOCK8
ENSG00000107104.18	ENSG00000107104	KANK1
ENSG00000107105.14	ENSG00000107105	ELAVL2
ENSG00000107130.9	ENSG00000107130	NCS1
ENSG00000107140.15	ENSG00000107140	TESK1
ENSG00000107147.12	ENSG00000107147	KCNT1
ENSG00000107164.15	ENSG00000107164	FUBP3
ENSG00000107165.12	ENSG00000107165	TYRP1
ENSG00000107175.11	ENSG00000107175	CREB3
ENSG00000107185.9	ENSG00000107185	RGP1
ENSG00000107186.16	ENSG00000107186	MPDZ
ENSG00000107201.9	ENSG00000107201	DDX58
ENSG00000107223.12	ENSG00000107223	EDF1
ENSG00000107242.17	ENSG00000107242	PIP5K1B
ENSG00000107249.21	ENSG00000107249	GLIS3
ENSG00000107262.19	ENSG00000107262	BAG1
ENSG00000107263.18	ENSG00000107263	RAPGEF1
ENSG00000107281.9	ENSG00000107281	NPDC1
ENSG00000107282.7	ENSG00000107282	APBA1
ENSG00000107290.13	ENSG00000107290	SETX
ENSG00000107295.9	ENSG00000107295	SH3GL2
ENSG00000107317.12	ENSG00000107317	PTGDS
ENSG00000107331.16	ENSG00000107331	ABCA2
ENSG00000107338.9	ENSG00000107338	SHB
ENSG00000107341.4	ENSG00000107341	UBE2R2
ENSG00000107362.13	ENSG00000107362	ABHD17B
ENSG00000107371.12	ENSG00000107371	EXOSC3
ENSG00000107372.12	ENSG00000107372	ZFAND5
ENSG00000107404.19	ENSG00000107404	DVL1
ENSG00000107438.8	ENSG00000107438	PDLIM1
ENSG00000107443.15	ENSG00000107443	CCNJ
ENSG00000107518.16	ENSG00000107518	ATRNL1
ENSG00000107521.18	ENSG00000107521	HPS1
ENSG00000107537.13	ENSG00000107537	PHYH
ENSG00000107551.20	ENSG00000107551	RASSF4
ENSG00000107554.16	ENSG00000107554	DNMBP
ENSG00000107560.10	ENSG00000107560	RAB11FIP2
ENSG00000107562.16	ENSG00000107562	CXCL12
ENSG00000107566.13	ENSG00000107566	ERLIN1
ENSG00000107581.12	ENSG00000107581	EIF3A
ENSG00000107593.16	ENSG00000107593	PKD2L1
ENSG00000107611.14	ENSG00000107611	CUBN
ENSG00000107614.21	ENSG00000107614	TRDMT1
ENSG00000107625.12	ENSG00000107625	DDX50
ENSG00000107643.15	ENSG00000107643	MAPK8
ENSG00000107651.12	ENSG00000107651	SEC23IP
ENSG00000107669.17	ENSG00000107669	ATE1
ENSG00000107672.14	ENSG00000107672	NSMCE4A
ENSG00000107679.14	ENSG00000107679	PLEKHA1
ENSG00000107719.8	ENSG00000107719	PALD1
ENSG00000107731.12	ENSG00000107731	UNC5B
ENSG00000107736.19	ENSG00000107736	CDH23
ENSG00000107738.19	ENSG00000107738	VSIR
ENSG00000107742.12	ENSG00000107742	SPOCK2
ENSG00000107745.18	ENSG00000107745	MICU1
ENSG00000107758.15	ENSG00000107758	PPP3CB
ENSG00000107771.15	ENSG00000107771	CCSER2
ENSG00000107779.13	ENSG00000107779	BMPR1A
ENSG00000107789.15	ENSG00000107789	MINPP1
ENSG00000107796.13	ENSG00000107796	ACTA2
ENSG00000107798.17	ENSG00000107798	LIPA
ENSG00000107815.7	ENSG00000107815	TWNK
ENSG00000107816.17	ENSG00000107816	LZTS2
ENSG00000107819.13	ENSG00000107819	SFXN3
ENSG00000107821.14	ENSG00000107821	KAZALD1
ENSG00000107829.13	ENSG00000107829	FBXW4
ENSG00000107833.10	ENSG00000107833	NPM3
ENSG00000107854.5	ENSG00000107854	TNKS2
ENSG00000107862.4	ENSG00000107862	GBF1
ENSG00000107863.17	ENSG00000107863	ARHGAP21
ENSG00000107864.14	ENSG00000107864	CPEB3
ENSG00000107872.12	ENSG00000107872	FBXL15
ENSG00000107874.10	ENSG00000107874	CUEDC2
ENSG00000107882.11	ENSG00000107882	SUFU
ENSG00000107890.16	ENSG00000107890	ANKRD26
ENSG00000107897.18	ENSG00000107897	ACBD5
ENSG00000107902.13	ENSG00000107902	LHPP
ENSG00000107929.14	ENSG00000107929	LARP4B
ENSG00000107937.18	ENSG00000107937	GTPBP4
ENSG00000107938.17	ENSG00000107938	EDRF1
ENSG00000107949.16	ENSG00000107949	BCCIP
ENSG00000107951.14	ENSG00000107951	MTPAP
ENSG00000107954.10	ENSG00000107954	NEURL1
ENSG00000107957.16	ENSG00000107957	SH3PXD2A
ENSG00000107959.15	ENSG00000107959	PITRM1
ENSG00000107960.10	ENSG00000107960	STN1
ENSG00000107968.9	ENSG00000107968	MAP3K8
ENSG00000107984.9	ENSG00000107984	DKK1
ENSG00000108010.11	ENSG00000108010	GLRX3
ENSG00000108018.15	ENSG00000108018	SORCS1
ENSG00000108021.19	ENSG00000108021	FAM208B
ENSG00000108039.17	ENSG00000108039	XPNPEP1
ENSG00000108055.9	ENSG00000108055	SMC3
ENSG00000108061.11	ENSG00000108061	SHOC2
ENSG00000108064.10	ENSG00000108064	TFAM
ENSG00000108091.10	ENSG00000108091	CCDC6
ENSG00000108094.14	ENSG00000108094	CUL2
ENSG00000108100.17	ENSG00000108100	CCNY
ENSG00000108106.13	ENSG00000108106	UBE2S
ENSG00000108107.14	ENSG00000108107	RPL28
ENSG00000108175.16	ENSG00000108175	ZMIZ1
ENSG00000108176.14	ENSG00000108176	DNAJC12
ENSG00000108179.13	ENSG00000108179	PPIF
ENSG00000108187.15	ENSG00000108187	PBLD
ENSG00000108219.14	ENSG00000108219	TSPAN14
ENSG00000108231.12	ENSG00000108231	LGI1
ENSG00000108239.8	ENSG00000108239	TBC1D12
ENSG00000108256.8	ENSG00000108256	NUFIP2
ENSG00000108262.15	ENSG00000108262	GIT1
ENSG00000108298.9	ENSG00000108298	RPL19
ENSG00000108306.11	ENSG00000108306	FBXL20
ENSG00000108309.13	ENSG00000108309	RUNDC3A
ENSG00000108312.14	ENSG00000108312	UBTF
ENSG00000108344.14	ENSG00000108344	PSMD3
ENSG00000108349.16	ENSG00000108349	CASC3
ENSG00000108352.11	ENSG00000108352	RAPGEFL1
ENSG00000108370.16	ENSG00000108370	RGS9
ENSG00000108375.12	ENSG00000108375	RNF43
ENSG00000108379.9	ENSG00000108379	WNT3
ENSG00000108381.10	ENSG00000108381	ASPA
ENSG00000108384.14	ENSG00000108384	RAD51C
ENSG00000108387.14	ENSG00000108387	SEPT4
ENSG00000108389.9	ENSG00000108389	MTMR4
ENSG00000108395.13	ENSG00000108395	TRIM37
ENSG00000108406.9	ENSG00000108406	DHX40
ENSG00000108423.14	ENSG00000108423	TUBD1
ENSG00000108424.9	ENSG00000108424	KPNB1
ENSG00000108433.16	ENSG00000108433	GOSR2
ENSG00000108439.10	ENSG00000108439	PNPO
ENSG00000108443.13	ENSG00000108443	RPS6KB1
ENSG00000108448.21	ENSG00000108448	TRIM16L
ENSG00000108465.14	ENSG00000108465	CDK5RAP3
ENSG00000108468.14	ENSG00000108468	CBX1
ENSG00000108469.14	ENSG00000108469	RECQL5
ENSG00000108474.16	ENSG00000108474	PIGL
ENSG00000108479.11	ENSG00000108479	GALK1
ENSG00000108506.11	ENSG00000108506	INTS2
ENSG00000108509.20	ENSG00000108509	CAMTA2
ENSG00000108510.9	ENSG00000108510	MED13
ENSG00000108515.17	ENSG00000108515	ENO3
ENSG00000108518.7	ENSG00000108518	PFN1
ENSG00000108523.15	ENSG00000108523	RNF167
ENSG00000108528.13	ENSG00000108528	SLC25A11
ENSG00000108551.4	ENSG00000108551	RASD1
ENSG00000108557.18	ENSG00000108557	RAI1
ENSG00000108559.11	ENSG00000108559	NUP88
ENSG00000108561.8	ENSG00000108561	C1QBP
ENSG00000108578.14	ENSG00000108578	BLMH
ENSG00000108582.11	ENSG00000108582	CPD
ENSG00000108587.15	ENSG00000108587	GOSR1
ENSG00000108588.13	ENSG00000108588	CCDC47
ENSG00000108590.10	ENSG00000108590	MED31
ENSG00000108591.9	ENSG00000108591	DRG2
ENSG00000108592.16	ENSG00000108592	FTSJ3
ENSG00000108599.14	ENSG00000108599	AKAP10
ENSG00000108604.15	ENSG00000108604	SMARCD2
ENSG00000108622.10	ENSG00000108622	ICAM2
ENSG00000108639.7	ENSG00000108639	SYNGR2
ENSG00000108641.14	ENSG00000108641	B9D1
ENSG00000108651.9	ENSG00000108651	UTP6
ENSG00000108654.13	ENSG00000108654	DDX5
ENSG00000108666.9	ENSG00000108666	C17orf75
ENSG00000108669.16	ENSG00000108669	CYTH1
ENSG00000108671.9	ENSG00000108671	PSMD11
ENSG00000108679.12	ENSG00000108679	LGALS3BP
ENSG00000108684.14	ENSG00000108684	ASIC2
ENSG00000108691.9	ENSG00000108691	CCL2
ENSG00000108733.9	ENSG00000108733	PEX12
ENSG00000108771.12	ENSG00000108771	DHX58
ENSG00000108773.10	ENSG00000108773	KAT2A
ENSG00000108774.14	ENSG00000108774	RAB5C
ENSG00000108784.9	ENSG00000108784	NAGLU
ENSG00000108786.10	ENSG00000108786	HSD17B1
ENSG00000108788.11	ENSG00000108788	MLX
ENSG00000108797.11	ENSG00000108797	CNTNAP1
ENSG00000108798.8	ENSG00000108798	ABI3
ENSG00000108799.12	ENSG00000108799	EZH1
ENSG00000108819.10	ENSG00000108819	PPP1R9B
ENSG00000108821.13	ENSG00000108821	COL1A1
ENSG00000108825.17	ENSG00000108825	PTGES3L-AARSD1
ENSG00000108826.15	ENSG00000108826	MRPL27
ENSG00000108828.15	ENSG00000108828	VAT1
ENSG00000108829.9	ENSG00000108829	LRRC59
ENSG00000108830.9	ENSG00000108830	RND2
ENSG00000108840.15	ENSG00000108840	HDAC5
ENSG00000108846.15	ENSG00000108846	ABCC3
ENSG00000108848.15	ENSG00000108848	LUC7L3
ENSG00000108852.14	ENSG00000108852	MPP2
ENSG00000108854.15	ENSG00000108854	SMURF2
ENSG00000108861.8	ENSG00000108861	DUSP3
ENSG00000108883.12	ENSG00000108883	EFTUD2
ENSG00000108924.13	ENSG00000108924	HLF
ENSG00000108932.11	ENSG00000108932	SLC16A6
ENSG00000108946.14	ENSG00000108946	PRKAR1A
ENSG00000108947.4	ENSG00000108947	EFNB3
ENSG00000108950.11	ENSG00000108950	FAM20A
ENSG00000108953.16	ENSG00000108953	YWHAE
ENSG00000108960.7	ENSG00000108960	MMD
ENSG00000108961.13	ENSG00000108961	RANGRF
ENSG00000108963.17	ENSG00000108963	DPH1
ENSG00000108984.13	ENSG00000108984	MAP2K6
ENSG00000109016.17	ENSG00000109016	DHRS7B
ENSG00000109046.14	ENSG00000109046	WSB1
ENSG00000109047.7	ENSG00000109047	RCVRN
ENSG00000109062.11	ENSG00000109062	SLC9A3R1
ENSG00000109063.14	ENSG00000109063	MYH3
ENSG00000109065.11	ENSG00000109065	NAT9
ENSG00000109066.13	ENSG00000109066	TMEM104
ENSG00000109072.13	ENSG00000109072	VTN
ENSG00000109079.9	ENSG00000109079	TNFAIP1
ENSG00000109083.13	ENSG00000109083	IFT20
ENSG00000109084.13	ENSG00000109084	TMEM97
ENSG00000109089.7	ENSG00000109089	CDR2L
ENSG00000109099.13	ENSG00000109099	PMP22
ENSG00000109103.11	ENSG00000109103	UNC119
ENSG00000109107.13	ENSG00000109107	ALDOC
ENSG00000109111.14	ENSG00000109111	SUPT6H
ENSG00000109113.19	ENSG00000109113	RAB34
ENSG00000109118.13	ENSG00000109118	PHF12
ENSG00000109133.12	ENSG00000109133	TMEM33
ENSG00000109158.10	ENSG00000109158	GABRA4
ENSG00000109171.14	ENSG00000109171	SLAIN2
ENSG00000109180.14	ENSG00000109180	OCIAD1
ENSG00000109184.14	ENSG00000109184	DCUN1D4
ENSG00000109189.12	ENSG00000109189	USP46
ENSG00000109220.10	ENSG00000109220	CHIC2
ENSG00000109265.13	ENSG00000109265	KIAA1211
ENSG00000109270.12	ENSG00000109270	LAMTOR3
ENSG00000109320.11	ENSG00000109320	NFKB1
ENSG00000109323.8	ENSG00000109323	MANBA
ENSG00000109332.19	ENSG00000109332	UBE2D3
ENSG00000109339.20	ENSG00000109339	MAPK10
ENSG00000109381.19	ENSG00000109381	ELF2
ENSG00000109390.11	ENSG00000109390	NDUFC1
ENSG00000109436.7	ENSG00000109436	TBC1D9
ENSG00000109445.10	ENSG00000109445	ZNF330
ENSG00000109452.12	ENSG00000109452	INPP4B
ENSG00000109458.8	ENSG00000109458	GAB1
ENSG00000109466.13	ENSG00000109466	KLHL2
ENSG00000109472.13	ENSG00000109472	CPE
ENSG00000109475.16	ENSG00000109475	RPL34
ENSG00000109501.13	ENSG00000109501	WFS1
ENSG00000109519.12	ENSG00000109519	GRPEL1
ENSG00000109534.16	ENSG00000109534	GAR1
ENSG00000109536.11	ENSG00000109536	FRG1
ENSG00000109572.13	ENSG00000109572	CLCN3
ENSG00000109576.13	ENSG00000109576	AADAT
ENSG00000109586.11	ENSG00000109586	GALNT7
ENSG00000109606.12	ENSG00000109606	DHX15
ENSG00000109610.5	ENSG00000109610	SOD3
ENSG00000109618.11	ENSG00000109618	SEPSECS
ENSG00000109654.14	ENSG00000109654	TRIM2
ENSG00000109667.11	ENSG00000109667	SLC2A9
ENSG00000109670.13	ENSG00000109670	FBXW7
ENSG00000109680.10	ENSG00000109680	TBC1D19
ENSG00000109685.17	ENSG00000109685	NSD2
ENSG00000109686.17	ENSG00000109686	SH3D19
ENSG00000109689.15	ENSG00000109689	STIM2
ENSG00000109736.14	ENSG00000109736	MFSD10
ENSG00000109738.10	ENSG00000109738	GLRB
ENSG00000109743.10	ENSG00000109743	BST1
ENSG00000109756.8	ENSG00000109756	RAPGEF2
ENSG00000109758.8	ENSG00000109758	HGFAC
ENSG00000109762.15	ENSG00000109762	SNX25
ENSG00000109771.15	ENSG00000109771	LRP2BP
ENSG00000109775.10	ENSG00000109775	UFSP2
ENSG00000109787.12	ENSG00000109787	KLF3
ENSG00000109790.16	ENSG00000109790	KLHL5
ENSG00000109794.13	ENSG00000109794	FAM149A
ENSG00000109814.11	ENSG00000109814	UGDH
ENSG00000109819.8	ENSG00000109819	PPARGC1A
ENSG00000109832.13	ENSG00000109832	DDX25
ENSG00000109846.7	ENSG00000109846	CRYAB
ENSG00000109854.13	ENSG00000109854	HTATIP2
ENSG00000109861.15	ENSG00000109861	CTSC
ENSG00000109881.16	ENSG00000109881	CCDC34
ENSG00000109906.13	ENSG00000109906	ZBTB16
ENSG00000109911.18	ENSG00000109911	ELP4
ENSG00000109917.10	ENSG00000109917	ZPR1
ENSG00000109919.9	ENSG00000109919	MTCH2
ENSG00000109920.12	ENSG00000109920	FNBP4
ENSG00000109927.9	ENSG00000109927	TECTA
ENSG00000109929.9	ENSG00000109929	SC5D
ENSG00000109944.10	ENSG00000109944	C11orf63
ENSG00000109956.12	ENSG00000109956	B3GAT1
ENSG00000109971.13	ENSG00000109971	HSPA8
ENSG00000110002.15	ENSG00000110002	VWA5A
ENSG00000110011.13	ENSG00000110011	DNAJC4
ENSG00000110013.12	ENSG00000110013	SIAE
ENSG00000110025.12	ENSG00000110025	SNX15
ENSG00000110031.12	ENSG00000110031	LPXN
ENSG00000110042.7	ENSG00000110042	DTX4
ENSG00000110046.12	ENSG00000110046	ATG2A
ENSG00000110047.17	ENSG00000110047	EHD1
ENSG00000110048.11	ENSG00000110048	OSBP
ENSG00000110057.7	ENSG00000110057	UNC93B1
ENSG00000110060.8	ENSG00000110060	PUS3
ENSG00000110063.8	ENSG00000110063	DCPS
ENSG00000110066.14	ENSG00000110066	KMT5B
ENSG00000110074.10	ENSG00000110074	FOXRED1
ENSG00000110075.14	ENSG00000110075	PPP6R3
ENSG00000110076.18	ENSG00000110076	NRXN2
ENSG00000110077.14	ENSG00000110077	MS4A6A
ENSG00000110079.16	ENSG00000110079	MS4A4A
ENSG00000110080.18	ENSG00000110080	ST3GAL4
ENSG00000110090.12	ENSG00000110090	CPT1A
ENSG00000110092.3	ENSG00000110092	CCND1
ENSG00000110104.11	ENSG00000110104	CCDC86
ENSG00000110107.8	ENSG00000110107	PRPF19
ENSG00000110108.9	ENSG00000110108	TMEM109
ENSG00000110148.9	ENSG00000110148	CCKBR
ENSG00000110171.19	ENSG00000110171	TRIM3
ENSG00000110172.11	ENSG00000110172	CHORDC1
ENSG00000110200.8	ENSG00000110200	ANAPC15
ENSG00000110218.8	ENSG00000110218	PANX1
ENSG00000110237.3	ENSG00000110237	ARHGEF17
ENSG00000110274.15	ENSG00000110274	CEP164
ENSG00000110315.6	ENSG00000110315	RNF141
ENSG00000110318.13	ENSG00000110318	CEP126
ENSG00000110321.16	ENSG00000110321	EIF4G2
ENSG00000110324.10	ENSG00000110324	IL10RA
ENSG00000110328.5	ENSG00000110328	GALNT18
ENSG00000110330.8	ENSG00000110330	BIRC2
ENSG00000110344.9	ENSG00000110344	UBE4A
ENSG00000110367.11	ENSG00000110367	DDX6
ENSG00000110395.6	ENSG00000110395	CBL
ENSG00000110400.10	ENSG00000110400	NECTIN1
ENSG00000110422.11	ENSG00000110422	HIPK3
ENSG00000110427.14	ENSG00000110427	KIAA1549L
ENSG00000110429.13	ENSG00000110429	FBXO3
ENSG00000110435.11	ENSG00000110435	PDHX
ENSG00000110436.11	ENSG00000110436	SLC1A2
ENSG00000110442.11	ENSG00000110442	COMMD9
ENSG00000110446.10	ENSG00000110446	SLC15A3
ENSG00000110455.13	ENSG00000110455	ACCS
ENSG00000110492.15	ENSG00000110492	MDK
ENSG00000110497.14	ENSG00000110497	AMBRA1
ENSG00000110514.19	ENSG00000110514	MADD
ENSG00000110536.13	ENSG00000110536	PTPMT1
ENSG00000110583.12	ENSG00000110583	NAA40
ENSG00000110619.17	ENSG00000110619	CARS
ENSG00000110628.13	ENSG00000110628	SLC22A18
ENSG00000110651.11	ENSG00000110651	CD81
ENSG00000110660.14	ENSG00000110660	SLC35F2
ENSG00000110675.12	ENSG00000110675	ELMOD1
ENSG00000110693.17	ENSG00000110693	SOX6
ENSG00000110696.9	ENSG00000110696	C11orf58
ENSG00000110697.12	ENSG00000110697	PITPNM1
ENSG00000110700.6	ENSG00000110700	RPS13
ENSG00000110711.9	ENSG00000110711	AIP
ENSG00000110713.15	ENSG00000110713	NUP98
ENSG00000110717.12	ENSG00000110717	NDUFS8
ENSG00000110719.9	ENSG00000110719	TCIRG1
ENSG00000110721.11	ENSG00000110721	CHKA
ENSG00000110723.11	ENSG00000110723	EXPH5
ENSG00000110756.17	ENSG00000110756	HPS5
ENSG00000110768.11	ENSG00000110768	GTF2H1
ENSG00000110786.17	ENSG00000110786	PTPN5
ENSG00000110799.13	ENSG00000110799	VWF
ENSG00000110801.13	ENSG00000110801	PSMD9
ENSG00000110811.19	ENSG00000110811	P3H3
ENSG00000110841.13	ENSG00000110841	PPFIBP1
ENSG00000110844.13	ENSG00000110844	PRPF40B
ENSG00000110851.11	ENSG00000110851	PRDM4
ENSG00000110852.4	ENSG00000110852	CLEC2B
ENSG00000110871.14	ENSG00000110871	COQ5
ENSG00000110876.9	ENSG00000110876	SELPLG
ENSG00000110880.10	ENSG00000110880	CORO1C
ENSG00000110881.11	ENSG00000110881	ASIC1
ENSG00000110888.17	ENSG00000110888	CAPRIN2
ENSG00000110900.14	ENSG00000110900	TSPAN11
ENSG00000110906.12	ENSG00000110906	KCTD10
ENSG00000110911.14	ENSG00000110911	SLC11A2
ENSG00000110917.7	ENSG00000110917	MLEC
ENSG00000110921.13	ENSG00000110921	MVK
ENSG00000110925.6	ENSG00000110925	CSRNP2
ENSG00000110931.18	ENSG00000110931	CAMKK2
ENSG00000110934.10	ENSG00000110934	BIN2
ENSG00000110955.8	ENSG00000110955	ATP5B
ENSG00000110958.15	ENSG00000110958	PTGES3
ENSG00000110975.8	ENSG00000110975	SYT10
ENSG00000110987.8	ENSG00000110987	BCL7A
ENSG00000111011.17	ENSG00000111011	RSRC2
ENSG00000111052.7	ENSG00000111052	LIN7A
ENSG00000111057.10	ENSG00000111057	KRT18
ENSG00000111058.7	ENSG00000111058	ACSS3
ENSG00000111077.17	ENSG00000111077	TNS2
ENSG00000111087.9	ENSG00000111087	GLI1
ENSG00000111110.11	ENSG00000111110	PPM1H
ENSG00000111142.13	ENSG00000111142	METAP2
ENSG00000111144.9	ENSG00000111144	LTA4H
ENSG00000111145.7	ENSG00000111145	ELK3
ENSG00000111181.12	ENSG00000111181	SLC6A12
ENSG00000111186.12	ENSG00000111186	WNT5B
ENSG00000111196.9	ENSG00000111196	MAGOHB
ENSG00000111203.11	ENSG00000111203	ITFG2
ENSG00000111206.12	ENSG00000111206	FOXM1
ENSG00000111215.11	ENSG00000111215	PRR4
ENSG00000111218.11	ENSG00000111218	PRMT8
ENSG00000111224.13	ENSG00000111224	PARP11
ENSG00000111229.15	ENSG00000111229	ARPC3
ENSG00000111231.8	ENSG00000111231	GPN3
ENSG00000111237.18	ENSG00000111237	VPS29
ENSG00000111247.14	ENSG00000111247	RAD51AP1
ENSG00000111249.13	ENSG00000111249	CUX2
ENSG00000111252.10	ENSG00000111252	SH2B3
ENSG00000111254.7	ENSG00000111254	AKAP3
ENSG00000111261.13	ENSG00000111261	MANSC1
ENSG00000111262.5	ENSG00000111262	KCNA1
ENSG00000111266.8	ENSG00000111266	DUSP16
ENSG00000111269.2	ENSG00000111269	CREBL2
ENSG00000111271.14	ENSG00000111271	ACAD10
ENSG00000111275.12	ENSG00000111275	ALDH2
ENSG00000111276.10	ENSG00000111276	CDKN1B
ENSG00000111300.9	ENSG00000111300	NAA25
ENSG00000111321.10	ENSG00000111321	LTBR
ENSG00000111325.16	ENSG00000111325	OGFOD2
ENSG00000111328.6	ENSG00000111328	CDK2AP1
ENSG00000111331.12	ENSG00000111331	OAS3
ENSG00000111335.12	ENSG00000111335	OAS2
ENSG00000111341.9	ENSG00000111341	MGP
ENSG00000111344.11	ENSG00000111344	RASAL1
ENSG00000111348.8	ENSG00000111348	ARHGDIB
ENSG00000111358.13	ENSG00000111358	GTF2H3
ENSG00000111361.12	ENSG00000111361	EIF2B1
ENSG00000111364.15	ENSG00000111364	DDX55
ENSG00000111371.15	ENSG00000111371	SLC38A1
ENSG00000111404.6	ENSG00000111404	RERGL
ENSG00000111405.8	ENSG00000111405	ENDOU
ENSG00000111412.5	ENSG00000111412	C12orf49
ENSG00000111432.4	ENSG00000111432	FZD10
ENSG00000111445.13	ENSG00000111445	RFC5
ENSG00000111450.13	ENSG00000111450	STX2
ENSG00000111452.12	ENSG00000111452	ADGRD1
ENSG00000111481.9	ENSG00000111481	COPZ1
ENSG00000111490.12	ENSG00000111490	TBC1D30
ENSG00000111530.12	ENSG00000111530	CAND1
ENSG00000111540.15	ENSG00000111540	RAB5B
ENSG00000111554.14	ENSG00000111554	MDM1
ENSG00000111581.9	ENSG00000111581	NUP107
ENSG00000111596.11	ENSG00000111596	CNOT2
ENSG00000111602.11	ENSG00000111602	TIMELESS
ENSG00000111605.16	ENSG00000111605	CPSF6
ENSG00000111615.13	ENSG00000111615	KRR1
ENSG00000111639.7	ENSG00000111639	MRPL51
ENSG00000111640.14	ENSG00000111640	GAPDH
ENSG00000111641.11	ENSG00000111641	NOP2
ENSG00000111642.14	ENSG00000111642	CHD4
ENSG00000111647.12	ENSG00000111647	UHRF1BP1L
ENSG00000111652.9	ENSG00000111652	COPS7A
ENSG00000111653.19	ENSG00000111653	ING4
ENSG00000111664.10	ENSG00000111664	GNB3
ENSG00000111665.11	ENSG00000111665	CDCA3
ENSG00000111666.10	ENSG00000111666	CHPT1
ENSG00000111667.13	ENSG00000111667	USP5
ENSG00000111669.14	ENSG00000111669	TPI1
ENSG00000111670.14	ENSG00000111670	GNPTAB
ENSG00000111671.9	ENSG00000111671	SPSB2
ENSG00000111674.8	ENSG00000111674	ENO2
ENSG00000111676.14	ENSG00000111676	ATN1
ENSG00000111678.10	ENSG00000111678	C12orf57
ENSG00000111679.16	ENSG00000111679	PTPN6
ENSG00000111684.10	ENSG00000111684	LPCAT3
ENSG00000111696.11	ENSG00000111696	NT5DC3
ENSG00000111707.11	ENSG00000111707	SUDS3
ENSG00000111711.9	ENSG00000111711	GOLT1B
ENSG00000111716.12	ENSG00000111716	LDHB
ENSG00000111725.10	ENSG00000111725	PRKAB1
ENSG00000111726.12	ENSG00000111726	CMAS
ENSG00000111727.11	ENSG00000111727	HCFC2
ENSG00000111728.10	ENSG00000111728	ST8SIA1
ENSG00000111731.12	ENSG00000111731	C2CD5
ENSG00000111737.11	ENSG00000111737	RAB35
ENSG00000111752.10	ENSG00000111752	PHC1
ENSG00000111775.2	ENSG00000111775	COX6A1
ENSG00000111783.12	ENSG00000111783	RFX4
ENSG00000111785.19	ENSG00000111785	RIC8B
ENSG00000111786.8	ENSG00000111786	SRSF9
ENSG00000111788.10	ENSG00000111788	AC009533.1
ENSG00000111790.13	ENSG00000111790	FGFR1OP2
ENSG00000111799.20	ENSG00000111799	COL12A1
ENSG00000111801.15	ENSG00000111801	BTN3A3
ENSG00000111802.13	ENSG00000111802	TDP2
ENSG00000111816.7	ENSG00000111816	FRK
ENSG00000111817.16	ENSG00000111817	DSE
ENSG00000111832.12	ENSG00000111832	RWDD1
ENSG00000111834.12	ENSG00000111834	RSPH4A
ENSG00000111843.13	ENSG00000111843	TMEM14C
ENSG00000111845.4	ENSG00000111845	PAK1IP1
ENSG00000111846.16	ENSG00000111846	GCNT2
ENSG00000111850.10	ENSG00000111850	SMIM8
ENSG00000111859.16	ENSG00000111859	NEDD9
ENSG00000111860.13	ENSG00000111860	CEP85L
ENSG00000111863.12	ENSG00000111863	ADTRP
ENSG00000111875.7	ENSG00000111875	ASF1A
ENSG00000111877.17	ENSG00000111877	MCM9
ENSG00000111879.18	ENSG00000111879	FAM184A
ENSG00000111880.15	ENSG00000111880	RNGTT
ENSG00000111885.6	ENSG00000111885	MAN1A1
ENSG00000111897.6	ENSG00000111897	SERINC1
ENSG00000111906.17	ENSG00000111906	HDDC2
ENSG00000111907.20	ENSG00000111907	TPD52L1
ENSG00000111911.6	ENSG00000111911	HINT3
ENSG00000111912.19	ENSG00000111912	NCOA7
ENSG00000111913.17	ENSG00000111913	RIPOR2
ENSG00000111961.17	ENSG00000111961	SASH1
ENSG00000111962.7	ENSG00000111962	UST
ENSG00000112029.9	ENSG00000112029	FBXO5
ENSG00000112031.15	ENSG00000112031	MTRF1L
ENSG00000112033.13	ENSG00000112033	PPARD
ENSG00000112038.17	ENSG00000112038	OPRM1
ENSG00000112039.3	ENSG00000112039	FANCE
ENSG00000112053.13	ENSG00000112053	SLC26A8
ENSG00000112062.10	ENSG00000112062	MAPK14
ENSG00000112078.13	ENSG00000112078	KCTD20
ENSG00000112079.8	ENSG00000112079	STK38
ENSG00000112081.16	ENSG00000112081	SRSF3
ENSG00000112096.16	ENSG00000112096	SOD2
ENSG00000112110.9	ENSG00000112110	MRPL18
ENSG00000112118.18	ENSG00000112118	MCM3
ENSG00000112130.16	ENSG00000112130	RNF8
ENSG00000112137.17	ENSG00000112137	PHACTR1
ENSG00000112139.14	ENSG00000112139	MDGA1
ENSG00000112144.15	ENSG00000112144	ICK
ENSG00000112146.16	ENSG00000112146	FBXO9
ENSG00000112149.9	ENSG00000112149	CD83
ENSG00000112159.11	ENSG00000112159	MDN1
ENSG00000112167.9	ENSG00000112167	SAYSD1
ENSG00000112182.14	ENSG00000112182	BACH2
ENSG00000112183.14	ENSG00000112183	RBM24
ENSG00000112186.11	ENSG00000112186	CAP2
ENSG00000112200.16	ENSG00000112200	ZNF451
ENSG00000112208.11	ENSG00000112208	BAG2
ENSG00000112210.11	ENSG00000112210	RAB23
ENSG00000112214.10	ENSG00000112214	FHL5
ENSG00000112218.8	ENSG00000112218	GPR63
ENSG00000112232.8	ENSG00000112232	KHDRBS2
ENSG00000112234.8	ENSG00000112234	FBXL4
ENSG00000112237.12	ENSG00000112237	CCNC
ENSG00000112242.14	ENSG00000112242	E2F3
ENSG00000112245.10	ENSG00000112245	PTP4A1
ENSG00000112249.13	ENSG00000112249	ASCC3
ENSG00000112276.13	ENSG00000112276	BVES
ENSG00000112280.15	ENSG00000112280	COL9A1
ENSG00000112282.17	ENSG00000112282	MED23
ENSG00000112290.12	ENSG00000112290	WASF1
ENSG00000112293.14	ENSG00000112293	GPLD1
ENSG00000112294.12	ENSG00000112294	ALDH5A1
ENSG00000112297.14	ENSG00000112297	CRYBG1
ENSG00000112303.13	ENSG00000112303	VNN2
ENSG00000112304.10	ENSG00000112304	ACOT13
ENSG00000112305.14	ENSG00000112305	SMAP1
ENSG00000112306.7	ENSG00000112306	RPS12
ENSG00000112308.12	ENSG00000112308	C6orf62
ENSG00000112309.10	ENSG00000112309	B3GAT2
ENSG00000112312.9	ENSG00000112312	GMNN
ENSG00000112319.17	ENSG00000112319	EYA4
ENSG00000112320.11	ENSG00000112320	SOBP
ENSG00000112333.11	ENSG00000112333	NR2E1
ENSG00000112335.14	ENSG00000112335	SNX3
ENSG00000112339.14	ENSG00000112339	HBS1L
ENSG00000112343.10	ENSG00000112343	TRIM38
ENSG00000112357.12	ENSG00000112357	PEX7
ENSG00000112365.4	ENSG00000112365	ZBTB24
ENSG00000112367.10	ENSG00000112367	FIG4
ENSG00000112378.11	ENSG00000112378	PERP
ENSG00000112379.8	ENSG00000112379	ARFGEF3
ENSG00000112394.16	ENSG00000112394	SLC16A10
ENSG00000112406.4	ENSG00000112406	HECA
ENSG00000112414.14	ENSG00000112414	ADGRG6
ENSG00000112419.14	ENSG00000112419	PHACTR2
ENSG00000112425.14	ENSG00000112425	EPM2A
ENSG00000112473.17	ENSG00000112473	SLC39A7
ENSG00000112511.17	ENSG00000112511	PHF1
ENSG00000112514.15	ENSG00000112514	CUTA
ENSG00000112530.11	ENSG00000112530	PACRG
ENSG00000112531.16	ENSG00000112531	QKI
ENSG00000112539.14	ENSG00000112539	C6orf118
ENSG00000112541.13	ENSG00000112541	PDE10A
ENSG00000112559.13	ENSG00000112559	MDFI
ENSG00000112561.17	ENSG00000112561	TFEB
ENSG00000112562.18	ENSG00000112562	SMOC2
ENSG00000112576.12	ENSG00000112576	CCND3
ENSG00000112578.9	ENSG00000112578	BYSL
ENSG00000112584.13	ENSG00000112584	FAM120B
ENSG00000112592.13	ENSG00000112592	TBP
ENSG00000112599.8	ENSG00000112599	GUCA1B
ENSG00000112619.7	ENSG00000112619	PRPH2
ENSG00000112624.12	ENSG00000112624	BICRAL
ENSG00000112640.14	ENSG00000112640	PPP2R5D
ENSG00000112651.11	ENSG00000112651	MRPL2
ENSG00000112655.15	ENSG00000112655	PTK7
ENSG00000112658.7	ENSG00000112658	SRF
ENSG00000112659.13	ENSG00000112659	CUL9
ENSG00000112667.12	ENSG00000112667	DNPH1
ENSG00000112679.14	ENSG00000112679	DUSP22
ENSG00000112685.13	ENSG00000112685	EXOC2
ENSG00000112695.11	ENSG00000112695	COX7A2
ENSG00000112697.15	ENSG00000112697	TMEM30A
ENSG00000112699.10	ENSG00000112699	GMDS
ENSG00000112701.17	ENSG00000112701	SENP6
ENSG00000112706.11	ENSG00000112706	IMPG1
ENSG00000112715.21	ENSG00000112715	VEGFA
ENSG00000112739.16	ENSG00000112739	PRPF4B
ENSG00000112759.16	ENSG00000112759	SLC29A1
ENSG00000112763.15	ENSG00000112763	BTN2A1
ENSG00000112769.18	ENSG00000112769	LAMA4
ENSG00000112773.15	ENSG00000112773	FAM46A
ENSG00000112782.15	ENSG00000112782	CLIC5
ENSG00000112787.12	ENSG00000112787	FBRSL1
ENSG00000112796.9	ENSG00000112796	ENPP5
ENSG00000112799.8	ENSG00000112799	LY86
ENSG00000112812.15	ENSG00000112812	PRSS16
ENSG00000112837.16	ENSG00000112837	TBX18
ENSG00000112851.14	ENSG00000112851	ERBIN
ENSG00000112852.6	ENSG00000112852	PCDHB2
ENSG00000112855.14	ENSG00000112855	HARS2
ENSG00000112874.9	ENSG00000112874	NUDT12
ENSG00000112877.7	ENSG00000112877	CEP72
ENSG00000112893.9	ENSG00000112893	MAN2A1
ENSG00000112902.11	ENSG00000112902	SEMA5A
ENSG00000112936.18	ENSG00000112936	C7
ENSG00000112941.13	ENSG00000112941	PAPD7
ENSG00000112964.13	ENSG00000112964	GHR
ENSG00000112972.14	ENSG00000112972	HMGCS1
ENSG00000112977.15	ENSG00000112977	DAP
ENSG00000112981.4	ENSG00000112981	NME5
ENSG00000112983.17	ENSG00000112983	BRD8
ENSG00000112992.16	ENSG00000112992	NNT
ENSG00000112996.10	ENSG00000112996	MRPS30
ENSG00000113013.12	ENSG00000113013	HSPA9
ENSG00000113048.16	ENSG00000113048	MRPS27
ENSG00000113068.9	ENSG00000113068	PFDN1
ENSG00000113070.7	ENSG00000113070	HBEGF
ENSG00000113083.13	ENSG00000113083	LOX
ENSG00000113100.9	ENSG00000113100	CDH9
ENSG00000113108.19	ENSG00000113108	APBB3
ENSG00000113119.12	ENSG00000113119	TMCO6
ENSG00000113140.10	ENSG00000113140	SPARC
ENSG00000113141.17	ENSG00000113141	IK
ENSG00000113161.15	ENSG00000113161	HMGCR
ENSG00000113163.15	ENSG00000113163	COL4A3BP
ENSG00000113194.12	ENSG00000113194	FAF2
ENSG00000113205.5	ENSG00000113205	PCDHB3
ENSG00000113209.8	ENSG00000113209	PCDHB5
ENSG00000113211.5	ENSG00000113211	PCDHB6
ENSG00000113212.6	ENSG00000113212	PCDHB7
ENSG00000113231.13	ENSG00000113231	PDE8B
ENSG00000113240.12	ENSG00000113240	CLK4
ENSG00000113248.5	ENSG00000113248	PCDHB15
ENSG00000113269.13	ENSG00000113269	RNF130
ENSG00000113272.13	ENSG00000113272	THG1L
ENSG00000113273.15	ENSG00000113273	ARSB
ENSG00000113282.13	ENSG00000113282	CLINT1
ENSG00000113296.14	ENSG00000113296	THBS4
ENSG00000113300.11	ENSG00000113300	CNOT6
ENSG00000113312.10	ENSG00000113312	TTC1
ENSG00000113318.9	ENSG00000113318	MSH3
ENSG00000113319.12	ENSG00000113319	RASGRF2
ENSG00000113327.16	ENSG00000113327	GABRG2
ENSG00000113328.18	ENSG00000113328	CCNG1
ENSG00000113356.11	ENSG00000113356	POLR3G
ENSG00000113360.16	ENSG00000113360	DROSHA
ENSG00000113361.12	ENSG00000113361	CDH6
ENSG00000113368.11	ENSG00000113368	LMNB1
ENSG00000113369.8	ENSG00000113369	ARRDC3
ENSG00000113384.13	ENSG00000113384	GOLPH3
ENSG00000113387.11	ENSG00000113387	SUB1
ENSG00000113389.15	ENSG00000113389	NPR3
ENSG00000113391.18	ENSG00000113391	FAM172A
ENSG00000113407.13	ENSG00000113407	TARS
ENSG00000113441.15	ENSG00000113441	LNPEP
ENSG00000113448.18	ENSG00000113448	PDE4D
ENSG00000113456.18	ENSG00000113456	RAD1
ENSG00000113460.12	ENSG00000113460	BRIX1
ENSG00000113494.16	ENSG00000113494	PRLR
ENSG00000113504.20	ENSG00000113504	SLC12A7
ENSG00000113522.13	ENSG00000113522	RAD50
ENSG00000113532.12	ENSG00000113532	ST8SIA4
ENSG00000113552.15	ENSG00000113552	GNPDA1
ENSG00000113555.5	ENSG00000113555	PCDH12
ENSG00000113558.18	ENSG00000113558	SKP1
ENSG00000113569.15	ENSG00000113569	NUP155
ENSG00000113575.9	ENSG00000113575	PPP2CA
ENSG00000113578.17	ENSG00000113578	FGF1
ENSG00000113580.14	ENSG00000113580	NR3C1
ENSG00000113583.7	ENSG00000113583	C5orf15
ENSG00000113593.11	ENSG00000113593	PPWD1
ENSG00000113594.9	ENSG00000113594	LIFR
ENSG00000113595.14	ENSG00000113595	TRIM23
ENSG00000113597.17	ENSG00000113597	TRAPPC13
ENSG00000113615.12	ENSG00000113615	SEC24A
ENSG00000113621.14	ENSG00000113621	TXNDC15
ENSG00000113638.13	ENSG00000113638	TTC33
ENSG00000113643.8	ENSG00000113643	RARS
ENSG00000113645.14	ENSG00000113645	WWC1
ENSG00000113648.16	ENSG00000113648	H2AFY
ENSG00000113649.11	ENSG00000113649	TCERG1
ENSG00000113657.12	ENSG00000113657	DPYSL3
ENSG00000113658.16	ENSG00000113658	SMAD5
ENSG00000113712.17	ENSG00000113712	CSNK1A1
ENSG00000113716.12	ENSG00000113716	HMGXB3
ENSG00000113719.15	ENSG00000113719	ERGIC1
ENSG00000113721.13	ENSG00000113721	PDGFRB
ENSG00000113732.8	ENSG00000113732	ATP6V0E1
ENSG00000113734.17	ENSG00000113734	BNIP1
ENSG00000113739.10	ENSG00000113739	STC2
ENSG00000113742.12	ENSG00000113742	CPEB4
ENSG00000113749.7	ENSG00000113749	HRH2
ENSG00000113758.13	ENSG00000113758	DBN1
ENSG00000113761.11	ENSG00000113761	ZNF346
ENSG00000113763.10	ENSG00000113763	UNC5A
ENSG00000113790.10	ENSG00000113790	EHHADH
ENSG00000113805.8	ENSG00000113805	CNTN3
ENSG00000113810.15	ENSG00000113810	SMC4
ENSG00000113811.10	ENSG00000113811	SELENOK
ENSG00000113812.13	ENSG00000113812	ACTR8
ENSG00000113838.12	ENSG00000113838	TBCCD1
ENSG00000113845.9	ENSG00000113845	TIMMDC1
ENSG00000113851.14	ENSG00000113851	CRBN
ENSG00000113916.17	ENSG00000113916	BCL6
ENSG00000113966.9	ENSG00000113966	ARL6
ENSG00000113971.19	ENSG00000113971	NPHP3
ENSG00000114013.15	ENSG00000114013	CD86
ENSG00000114019.14	ENSG00000114019	AMOTL2
ENSG00000114021.11	ENSG00000114021	NIT2
ENSG00000114023.15	ENSG00000114023	FAM162A
ENSG00000114026.21	ENSG00000114026	OGG1
ENSG00000114030.12	ENSG00000114030	KPNA1
ENSG00000114054.13	ENSG00000114054	PCCB
ENSG00000114062.18	ENSG00000114062	UBE3A
ENSG00000114098.17	ENSG00000114098	ARMC8
ENSG00000114107.8	ENSG00000114107	CEP70
ENSG00000114115.9	ENSG00000114115	RBP1
ENSG00000114120.11	ENSG00000114120	SLC25A36
ENSG00000114125.13	ENSG00000114125	RNF7
ENSG00000114126.17	ENSG00000114126	TFDP2
ENSG00000114127.10	ENSG00000114127	XRN1
ENSG00000114166.7	ENSG00000114166	KAT2B
ENSG00000114200.9	ENSG00000114200	BCHE
ENSG00000114204.14	ENSG00000114204	SERPINI2
ENSG00000114209.14	ENSG00000114209	PDCD10
ENSG00000114251.14	ENSG00000114251	WNT5A
ENSG00000114268.11	ENSG00000114268	PFKFB4
ENSG00000114270.17	ENSG00000114270	COL7A1
ENSG00000114279.13	ENSG00000114279	FGF12
ENSG00000114302.15	ENSG00000114302	PRKAR2A
ENSG00000114315.3	ENSG00000114315	HES1
ENSG00000114316.12	ENSG00000114316	USP4
ENSG00000114331.13	ENSG00000114331	ACAP2
ENSG00000114346.13	ENSG00000114346	ECT2
ENSG00000114353.16	ENSG00000114353	GNAI2
ENSG00000114354.13	ENSG00000114354	TFG
ENSG00000114378.16	ENSG00000114378	HYAL1
ENSG00000114383.9	ENSG00000114383	TUSC2
ENSG00000114388.12	ENSG00000114388	NPRL2
ENSG00000114391.12	ENSG00000114391	RPL24
ENSG00000114395.10	ENSG00000114395	CYB561D2
ENSG00000114405.10	ENSG00000114405	C3orf14
ENSG00000114416.17	ENSG00000114416	FXR1
ENSG00000114423.18	ENSG00000114423	CBLB
ENSG00000114439.18	ENSG00000114439	BBX
ENSG00000114446.4	ENSG00000114446	IFT57
ENSG00000114450.9	ENSG00000114450	GNB4
ENSG00000114473.13	ENSG00000114473	IQCG
ENSG00000114480.12	ENSG00000114480	GBE1
ENSG00000114491.13	ENSG00000114491	UMPS
ENSG00000114503.10	ENSG00000114503	NCBP2
ENSG00000114520.10	ENSG00000114520	SNX4
ENSG00000114541.14	ENSG00000114541	FRMD4B
ENSG00000114544.16	ENSG00000114544	SLC41A3
ENSG00000114547.9	ENSG00000114547	ROPN1B
ENSG00000114554.11	ENSG00000114554	PLXNA1
ENSG00000114573.9	ENSG00000114573	ATP6V1A
ENSG00000114626.17	ENSG00000114626	ABTB1
ENSG00000114631.10	ENSG00000114631	PODXL2
ENSG00000114646.9	ENSG00000114646	CSPG5
ENSG00000114648.11	ENSG00000114648	KLHL18
ENSG00000114650.18	ENSG00000114650	SCAP
ENSG00000114654.7	ENSG00000114654	EFCC1
ENSG00000114656.10	ENSG00000114656	KIAA1257
ENSG00000114670.13	ENSG00000114670	NEK11
ENSG00000114686.8	ENSG00000114686	MRPL3
ENSG00000114698.14	ENSG00000114698	PLSCR4
ENSG00000114735.9	ENSG00000114735	HEMK1
ENSG00000114737.15	ENSG00000114737	CISH
ENSG00000114738.10	ENSG00000114738	MAPKAPK3
ENSG00000114739.13	ENSG00000114739	ACVR2B
ENSG00000114742.13	ENSG00000114742	WDR48
ENSG00000114744.8	ENSG00000114744	COMMD2
ENSG00000114745.13	ENSG00000114745	GORASP1
ENSG00000114757.18	ENSG00000114757	PEX5L
ENSG00000114767.6	ENSG00000114767	RRP9
ENSG00000114770.16	ENSG00000114770	ABCC5
ENSG00000114779.19	ENSG00000114779	ABHD14B
ENSG00000114784.3	ENSG00000114784	EIF1B
ENSG00000114786.16	ENSG00000114786	ABHD14A-ACY1
ENSG00000114790.12	ENSG00000114790	ARHGEF26
ENSG00000114796.15	ENSG00000114796	KLHL24
ENSG00000114805.16	ENSG00000114805	PLCH1
ENSG00000114812.12	ENSG00000114812	VIPR1
ENSG00000114841.17	ENSG00000114841	DNAH1
ENSG00000114850.6	ENSG00000114850	SSR3
ENSG00000114853.13	ENSG00000114853	ZBTB47
ENSG00000114857.17	ENSG00000114857	NKTR
ENSG00000114859.15	ENSG00000114859	CLCN2
ENSG00000114861.18	ENSG00000114861	FOXP1
ENSG00000114867.20	ENSG00000114867	EIF4G1
ENSG00000114902.13	ENSG00000114902	SPCS1
ENSG00000114904.12	ENSG00000114904	NEK4
ENSG00000114923.16	ENSG00000114923	SLC4A3
ENSG00000114933.15	ENSG00000114933	INO80D
ENSG00000114942.13	ENSG00000114942	EEF1B2
ENSG00000114948.12	ENSG00000114948	ADAM23
ENSG00000114956.19	ENSG00000114956	DGUOK
ENSG00000114978.17	ENSG00000114978	MOB1A
ENSG00000114982.17	ENSG00000114982	KANSL3
ENSG00000114988.11	ENSG00000114988	LMAN2L
ENSG00000114993.16	ENSG00000114993	RTKN
ENSG00000114999.7	ENSG00000114999	TTL
ENSG00000115020.16	ENSG00000115020	PIKFYVE
ENSG00000115041.12	ENSG00000115041	KCNIP3
ENSG00000115042.9	ENSG00000115042	FAHD2A
ENSG00000115053.15	ENSG00000115053	NCL
ENSG00000115073.7	ENSG00000115073	ACTR1B
ENSG00000115084.13	ENSG00000115084	SLC35F5
ENSG00000115085.13	ENSG00000115085	ZAP70
ENSG00000115091.11	ENSG00000115091	ACTR3
ENSG00000115107.19	ENSG00000115107	STEAP3
ENSG00000115109.13	ENSG00000115109	EPB41L5
ENSG00000115112.7	ENSG00000115112	TFCP2L1
ENSG00000115128.6	ENSG00000115128	SF3B6
ENSG00000115129.13	ENSG00000115129	TP53I3
ENSG00000115137.11	ENSG00000115137	DNAJC27
ENSG00000115138.10	ENSG00000115138	POMC
ENSG00000115145.9	ENSG00000115145	STAM2
ENSG00000115155.16	ENSG00000115155	OTOF
ENSG00000115159.15	ENSG00000115159	GPD2
ENSG00000115165.9	ENSG00000115165	CYTIP
ENSG00000115170.13	ENSG00000115170	ACVR1
ENSG00000115183.14	ENSG00000115183	TANC1
ENSG00000115194.10	ENSG00000115194	SLC30A3
ENSG00000115204.14	ENSG00000115204	MPV17
ENSG00000115207.13	ENSG00000115207	GTF3C2
ENSG00000115211.15	ENSG00000115211	EIF2B4
ENSG00000115216.13	ENSG00000115216	NRBP1
ENSG00000115226.9	ENSG00000115226	FNDC4
ENSG00000115232.13	ENSG00000115232	ITGA4
ENSG00000115233.11	ENSG00000115233	PSMD14
ENSG00000115234.10	ENSG00000115234	SNX17
ENSG00000115239.21	ENSG00000115239	ASB3
ENSG00000115241.10	ENSG00000115241	PPM1G
ENSG00000115252.18	ENSG00000115252	PDE1A
ENSG00000115255.10	ENSG00000115255	REEP6
ENSG00000115257.15	ENSG00000115257	PCSK4
ENSG00000115266.11	ENSG00000115266	APC2
ENSG00000115267.5	ENSG00000115267	IFIH1
ENSG00000115268.9	ENSG00000115268	RPS15
ENSG00000115271.10	ENSG00000115271	GCA
ENSG00000115274.14	ENSG00000115274	INO80B
ENSG00000115275.11	ENSG00000115275	MOGS
ENSG00000115282.19	ENSG00000115282	TTC31
ENSG00000115286.19	ENSG00000115286	NDUFS7
ENSG00000115289.13	ENSG00000115289	PCGF1
ENSG00000115290.9	ENSG00000115290	GRB14
ENSG00000115295.19	ENSG00000115295	CLIP4
ENSG00000115306.15	ENSG00000115306	SPTBN1
ENSG00000115307.16	ENSG00000115307	AUP1
ENSG00000115310.17	ENSG00000115310	RTN4
ENSG00000115317.11	ENSG00000115317	HTRA2
ENSG00000115318.11	ENSG00000115318	LOXL3
ENSG00000115325.13	ENSG00000115325	DOK1
ENSG00000115339.13	ENSG00000115339	GALNT3
ENSG00000115350.11	ENSG00000115350	POLE4
ENSG00000115353.10	ENSG00000115353	TACR1
ENSG00000115355.15	ENSG00000115355	CCDC88A
ENSG00000115361.7	ENSG00000115361	ACADL
ENSG00000115364.13	ENSG00000115364	MRPL19
ENSG00000115365.11	ENSG00000115365	LANCL1
ENSG00000115368.9	ENSG00000115368	WDR75
ENSG00000115380.19	ENSG00000115380	EFEMP1
ENSG00000115392.11	ENSG00000115392	FANCL
ENSG00000115414.18	ENSG00000115414	FN1
ENSG00000115415.18	ENSG00000115415	STAT1
ENSG00000115419.12	ENSG00000115419	GLS
ENSG00000115421.12	ENSG00000115421	PAPOLG
ENSG00000115423.18	ENSG00000115423	DNAH6
ENSG00000115425.13	ENSG00000115425	PECR
ENSG00000115446.11	ENSG00000115446	UNC50
ENSG00000115457.9	ENSG00000115457	IGFBP2
ENSG00000115459.17	ENSG00000115459	ELMOD3
ENSG00000115461.4	ENSG00000115461	IGFBP5
ENSG00000115464.14	ENSG00000115464	USP34
ENSG00000115468.11	ENSG00000115468	EFHD1
ENSG00000115484.14	ENSG00000115484	CCT4
ENSG00000115486.11	ENSG00000115486	GGCX
ENSG00000115504.14	ENSG00000115504	EHBP1
ENSG00000115507.9	ENSG00000115507	OTX1
ENSG00000115514.11	ENSG00000115514	TXNDC9
ENSG00000115520.8	ENSG00000115520	COQ10B
ENSG00000115523.16	ENSG00000115523	GNLY
ENSG00000115524.15	ENSG00000115524	SF3B1
ENSG00000115525.17	ENSG00000115525	ST3GAL5
ENSG00000115526.10	ENSG00000115526	CHST10
ENSG00000115539.13	ENSG00000115539	PDCL3
ENSG00000115540.14	ENSG00000115540	MOB4
ENSG00000115541.10	ENSG00000115541	HSPE1
ENSG00000115548.16	ENSG00000115548	KDM3A
ENSG00000115556.13	ENSG00000115556	PLCD4
ENSG00000115561.15	ENSG00000115561	CHMP3
ENSG00000115568.15	ENSG00000115568	ZNF142
ENSG00000115593.14	ENSG00000115593	SMYD1
ENSG00000115594.11	ENSG00000115594	IL1R1
ENSG00000115596.3	ENSG00000115596	WNT6
ENSG00000115598.9	ENSG00000115598	IL1RL2
ENSG00000115602.16	ENSG00000115602	IL1RL1
ENSG00000115604.10	ENSG00000115604	IL18R1
ENSG00000115616.2	ENSG00000115616	SLC9A2
ENSG00000115641.18	ENSG00000115641	FHL2
ENSG00000115649.15	ENSG00000115649	CNPPD1
ENSG00000115652.14	ENSG00000115652	UXS1
ENSG00000115657.12	ENSG00000115657	ABCB6
ENSG00000115661.13	ENSG00000115661	STK16
ENSG00000115677.16	ENSG00000115677	HDLBP
ENSG00000115685.14	ENSG00000115685	PPP1R7
ENSG00000115687.13	ENSG00000115687	PASK
ENSG00000115694.14	ENSG00000115694	STK25
ENSG00000115738.9	ENSG00000115738	ID2
ENSG00000115750.16	ENSG00000115750	TAF1B
ENSG00000115756.12	ENSG00000115756	HPCAL1
ENSG00000115758.12	ENSG00000115758	ODC1
ENSG00000115760.13	ENSG00000115760	BIRC6
ENSG00000115761.15	ENSG00000115761	NOL10
ENSG00000115762.16	ENSG00000115762	PLEKHB2
ENSG00000115806.12	ENSG00000115806	GORASP2
ENSG00000115808.11	ENSG00000115808	STRN
ENSG00000115816.14	ENSG00000115816	CEBPZ
ENSG00000115825.9	ENSG00000115825	PRKD3
ENSG00000115827.13	ENSG00000115827	DCAF17
ENSG00000115828.15	ENSG00000115828	QPCT
ENSG00000115839.17	ENSG00000115839	RAB3GAP1
ENSG00000115840.13	ENSG00000115840	SLC25A12
ENSG00000115841.19	ENSG00000115841	RMDN2
ENSG00000115844.10	ENSG00000115844	DLX2
ENSG00000115866.10	ENSG00000115866	DARS
ENSG00000115875.18	ENSG00000115875	SRSF7
ENSG00000115884.10	ENSG00000115884	SDC1
ENSG00000115896.15	ENSG00000115896	PLCL1
ENSG00000115902.10	ENSG00000115902	SLC1A4
ENSG00000115904.12	ENSG00000115904	SOS1
ENSG00000115919.14	ENSG00000115919	KYNU
ENSG00000115935.17	ENSG00000115935	WIPF1
ENSG00000115942.8	ENSG00000115942	ORC2
ENSG00000115944.14	ENSG00000115944	COX7A2L
ENSG00000115946.7	ENSG00000115946	PNO1
ENSG00000115947.13	ENSG00000115947	ORC4
ENSG00000115956.9	ENSG00000115956	PLEK
ENSG00000115963.13	ENSG00000115963	RND3
ENSG00000115966.16	ENSG00000115966	ATF2
ENSG00000115970.18	ENSG00000115970	THADA
ENSG00000115977.18	ENSG00000115977	AAK1
ENSG00000115993.12	ENSG00000115993	TRAK2
ENSG00000115998.7	ENSG00000115998	C2orf42
ENSG00000116001.15	ENSG00000116001	TIA1
ENSG00000116005.11	ENSG00000116005	PCYOX1
ENSG00000116014.9	ENSG00000116014	KISS1R
ENSG00000116016.13	ENSG00000116016	EPAS1
ENSG00000116017.10	ENSG00000116017	ARID3A
ENSG00000116030.16	ENSG00000116030	SUMO1
ENSG00000116035.2	ENSG00000116035	VAX2
ENSG00000116044.15	ENSG00000116044	NFE2L2
ENSG00000116062.14	ENSG00000116062	MSH6
ENSG00000116095.10	ENSG00000116095	PLEKHA3
ENSG00000116096.5	ENSG00000116096	SPR
ENSG00000116106.11	ENSG00000116106	EPHA4
ENSG00000116117.17	ENSG00000116117	PARD3B
ENSG00000116120.9	ENSG00000116120	FARSB
ENSG00000116127.17	ENSG00000116127	ALMS1
ENSG00000116128.10	ENSG00000116128	BCL9
ENSG00000116132.11	ENSG00000116132	PRRX1
ENSG00000116133.11	ENSG00000116133	DHCR24
ENSG00000116138.12	ENSG00000116138	DNAJC16
ENSG00000116141.15	ENSG00000116141	MARK1
ENSG00000116147.16	ENSG00000116147	TNR
ENSG00000116151.13	ENSG00000116151	MORN1
ENSG00000116157.5	ENSG00000116157	GPX7
ENSG00000116161.17	ENSG00000116161	CACYBP
ENSG00000116171.17	ENSG00000116171	SCP2
ENSG00000116183.10	ENSG00000116183	PAPPA2
ENSG00000116191.17	ENSG00000116191	RALGPS2
ENSG00000116194.12	ENSG00000116194	ANGPTL1
ENSG00000116198.12	ENSG00000116198	CEP104
ENSG00000116199.11	ENSG00000116199	FAM20B
ENSG00000116205.12	ENSG00000116205	TCEANC2
ENSG00000116209.11	ENSG00000116209	TMEM59
ENSG00000116212.14	ENSG00000116212	LRRC42
ENSG00000116213.15	ENSG00000116213	WRAP73
ENSG00000116221.15	ENSG00000116221	MRPL37
ENSG00000116237.15	ENSG00000116237	ICMT
ENSG00000116251.9	ENSG00000116251	RPL22
ENSG00000116254.17	ENSG00000116254	CHD5
ENSG00000116260.16	ENSG00000116260	QSOX1
ENSG00000116266.10	ENSG00000116266	STXBP3
ENSG00000116273.5	ENSG00000116273	PHF13
ENSG00000116285.12	ENSG00000116285	ERRFI1
ENSG00000116288.12	ENSG00000116288	PARK7
ENSG00000116299.16	ENSG00000116299	KIAA1324
ENSG00000116329.10	ENSG00000116329	OPRD1
ENSG00000116337.15	ENSG00000116337	AMPD2
ENSG00000116350.16	ENSG00000116350	SRSF4
ENSG00000116353.15	ENSG00000116353	MECR
ENSG00000116396.14	ENSG00000116396	KCNC4
ENSG00000116406.18	ENSG00000116406	EDEM3
ENSG00000116455.13	ENSG00000116455	WDR77
ENSG00000116459.10	ENSG00000116459	ATP5F1
ENSG00000116473.14	ENSG00000116473	RAP1A
ENSG00000116478.11	ENSG00000116478	HDAC1
ENSG00000116489.12	ENSG00000116489	CAPZA1
ENSG00000116497.17	ENSG00000116497	S100PBP
ENSG00000116514.16	ENSG00000116514	RNF19B
ENSG00000116521.10	ENSG00000116521	SCAMP3
ENSG00000116525.13	ENSG00000116525	TRIM62
ENSG00000116539.12	ENSG00000116539	ASH1L
ENSG00000116544.11	ENSG00000116544	DLGAP3
ENSG00000116560.10	ENSG00000116560	SFPQ
ENSG00000116574.5	ENSG00000116574	RHOU
ENSG00000116580.18	ENSG00000116580	GON4L
ENSG00000116584.17	ENSG00000116584	ARHGEF2
ENSG00000116586.11	ENSG00000116586	LAMTOR2
ENSG00000116604.17	ENSG00000116604	MEF2D
ENSG00000116641.17	ENSG00000116641	DOCK7
ENSG00000116649.9	ENSG00000116649	SRM
ENSG00000116652.6	ENSG00000116652	DLEU2L
ENSG00000116661.10	ENSG00000116661	FBXO2
ENSG00000116663.10	ENSG00000116663	FBXO6
ENSG00000116667.12	ENSG00000116667	C1orf21
ENSG00000116668.12	ENSG00000116668	SWT1
ENSG00000116670.14	ENSG00000116670	MAD2L2
ENSG00000116675.15	ENSG00000116675	DNAJC6
ENSG00000116678.19	ENSG00000116678	LEPR
ENSG00000116679.15	ENSG00000116679	IVNS1ABP
ENSG00000116685.15	ENSG00000116685	KIAA2013
ENSG00000116688.16	ENSG00000116688	MFN2
ENSG00000116691.10	ENSG00000116691	MIIP
ENSG00000116698.21	ENSG00000116698	SMG7
ENSG00000116701.14	ENSG00000116701	NCF2
ENSG00000116704.7	ENSG00000116704	SLC35D1
ENSG00000116711.9	ENSG00000116711	PLA2G4A
ENSG00000116717.11	ENSG00000116717	GADD45A
ENSG00000116729.13	ENSG00000116729	WLS
ENSG00000116731.22	ENSG00000116731	PRDM2
ENSG00000116741.7	ENSG00000116741	RGS2
ENSG00000116747.12	ENSG00000116747	TROVE2
ENSG00000116750.13	ENSG00000116750	UCHL5
ENSG00000116752.5	ENSG00000116752	BCAS2
ENSG00000116754.13	ENSG00000116754	SRSF11
ENSG00000116761.11	ENSG00000116761	CTH
ENSG00000116771.5	ENSG00000116771	AGMAT
ENSG00000116774.11	ENSG00000116774	OLFML3
ENSG00000116783.14	ENSG00000116783	TNNI3K
ENSG00000116786.11	ENSG00000116786	PLEKHM2
ENSG00000116791.13	ENSG00000116791	CRYZ
ENSG00000116793.15	ENSG00000116793	PHTF1
ENSG00000116809.11	ENSG00000116809	ZBTB17
ENSG00000116815.15	ENSG00000116815	CD58
ENSG00000116819.6	ENSG00000116819	TFAP2E
ENSG00000116830.11	ENSG00000116830	TTF2
ENSG00000116852.14	ENSG00000116852	KIF21B
ENSG00000116857.16	ENSG00000116857	TMEM9
ENSG00000116863.10	ENSG00000116863	ADPRHL2
ENSG00000116871.15	ENSG00000116871	MAP7D1
ENSG00000116874.11	ENSG00000116874	WARS2
ENSG00000116883.8	ENSG00000116883	AL591845.1
ENSG00000116885.18	ENSG00000116885	OSCP1
ENSG00000116898.11	ENSG00000116898	MRPS15
ENSG00000116903.7	ENSG00000116903	EXOC8
ENSG00000116906.11	ENSG00000116906	GNPAT
ENSG00000116918.13	ENSG00000116918	TSNAX
ENSG00000116922.14	ENSG00000116922	C1orf109
ENSG00000116954.7	ENSG00000116954	RRAGC
ENSG00000116957.12	ENSG00000116957	TBCE
ENSG00000116962.14	ENSG00000116962	NID1
ENSG00000116977.18	ENSG00000116977	LGALS8
ENSG00000116981.3	ENSG00000116981	NT5C1A
ENSG00000116983.12	ENSG00000116983	HPCAL4
ENSG00000116984.12	ENSG00000116984	MTR
ENSG00000116985.11	ENSG00000116985	BMP8B
ENSG00000116990.10	ENSG00000116990	MYCL
ENSG00000116991.10	ENSG00000116991	SIPA1L2
ENSG00000117000.8	ENSG00000117000	RLF
ENSG00000117009.11	ENSG00000117009	KMO
ENSG00000117010.15	ENSG00000117010	ZNF684
ENSG00000117013.14	ENSG00000117013	KCNQ4
ENSG00000117016.9	ENSG00000117016	RIMS3
ENSG00000117020.16	ENSG00000117020	AKT3
ENSG00000117036.11	ENSG00000117036	ETV3
ENSG00000117054.13	ENSG00000117054	ACADM
ENSG00000117069.14	ENSG00000117069	ST6GALNAC5
ENSG00000117114.19	ENSG00000117114	ADGRL2
ENSG00000117115.12	ENSG00000117115	PADI2
ENSG00000117118.9	ENSG00000117118	SDHB
ENSG00000117133.10	ENSG00000117133	RPF1
ENSG00000117139.16	ENSG00000117139	KDM5B
ENSG00000117143.13	ENSG00000117143	UAP1
ENSG00000117151.12	ENSG00000117151	CTBS
ENSG00000117152.13	ENSG00000117152	RGS4
ENSG00000117153.15	ENSG00000117153	KLHL12
ENSG00000117154.11	ENSG00000117154	IGSF21
ENSG00000117155.16	ENSG00000117155	SSX2IP
ENSG00000117174.10	ENSG00000117174	ZNHIT6
ENSG00000117222.13	ENSG00000117222	RBBP5
ENSG00000117226.11	ENSG00000117226	GBP3
ENSG00000117228.9	ENSG00000117228	GBP1
ENSG00000117242.7	ENSG00000117242	PINK1-AS
ENSG00000117245.12	ENSG00000117245	KIF17
ENSG00000117262.18	ENSG00000117262	GPR89A
ENSG00000117266.15	ENSG00000117266	CDK18
ENSG00000117280.12	ENSG00000117280	RAB29
ENSG00000117298.14	ENSG00000117298	ECE1
ENSG00000117305.14	ENSG00000117305	HMGCL
ENSG00000117308.14	ENSG00000117308	GALE
ENSG00000117318.8	ENSG00000117318	ID3
ENSG00000117335.19	ENSG00000117335	CD46
ENSG00000117360.12	ENSG00000117360	PRPF3
ENSG00000117362.12	ENSG00000117362	APH1A
ENSG00000117385.15	ENSG00000117385	P3H1
ENSG00000117394.20	ENSG00000117394	SLC2A1
ENSG00000117395.12	ENSG00000117395	EBNA1BP2
ENSG00000117408.10	ENSG00000117408	IPO13
ENSG00000117410.13	ENSG00000117410	ATP6V0B
ENSG00000117411.16	ENSG00000117411	B4GALT2
ENSG00000117419.14	ENSG00000117419	ERI3
ENSG00000117425.13	ENSG00000117425	PTCH2
ENSG00000117448.13	ENSG00000117448	AKR1A1
ENSG00000117450.13	ENSG00000117450	PRDX1
ENSG00000117461.14	ENSG00000117461	PIK3R3
ENSG00000117475.13	ENSG00000117475	BLZF1
ENSG00000117477.12	ENSG00000117477	CCDC181
ENSG00000117479.12	ENSG00000117479	SLC19A2
ENSG00000117480.15	ENSG00000117480	FAAH
ENSG00000117481.10	ENSG00000117481	NSUN4
ENSG00000117500.12	ENSG00000117500	TMED5
ENSG00000117505.12	ENSG00000117505	DR1
ENSG00000117519.15	ENSG00000117519	CNN3
ENSG00000117523.15	ENSG00000117523	PRRC2C
ENSG00000117525.13	ENSG00000117525	F3
ENSG00000117528.11	ENSG00000117528	ABCD3
ENSG00000117533.14	ENSG00000117533	VAMP4
ENSG00000117543.20	ENSG00000117543	DPH5
ENSG00000117569.18	ENSG00000117569	PTBP2
ENSG00000117586.10	ENSG00000117586	TNFSF4
ENSG00000117592.8	ENSG00000117592	PRDX6
ENSG00000117593.9	ENSG00000117593	DARS2
ENSG00000117594.9	ENSG00000117594	HSD11B1
ENSG00000117595.10	ENSG00000117595	IRF6
ENSG00000117597.17	ENSG00000117597	DIEXF
ENSG00000117598.11	ENSG00000117598	PLPPR5
ENSG00000117600.12	ENSG00000117600	PLPPR4
ENSG00000117602.11	ENSG00000117602	RCAN3
ENSG00000117614.9	ENSG00000117614	SYF2
ENSG00000117616.17	ENSG00000117616	RSRP1
ENSG00000117620.14	ENSG00000117620	SLC35A3
ENSG00000117625.13	ENSG00000117625	RCOR3
ENSG00000117632.22	ENSG00000117632	STMN1
ENSG00000117640.17	ENSG00000117640	MTFR1L
ENSG00000117643.14	ENSG00000117643	MAN1C1
ENSG00000117676.13	ENSG00000117676	RPS6KA1
ENSG00000117682.16	ENSG00000117682	DHDDS
ENSG00000117691.9	ENSG00000117691	NENF
ENSG00000117697.14	ENSG00000117697	NSL1
ENSG00000117707.15	ENSG00000117707	PROX1
ENSG00000117713.18	ENSG00000117713	ARID1A
ENSG00000117724.12	ENSG00000117724	CENPF
ENSG00000117748.9	ENSG00000117748	RPA2
ENSG00000117751.17	ENSG00000117751	PPP1R8
ENSG00000117758.13	ENSG00000117758	STX12
ENSG00000117791.15	ENSG00000117791	MARC2
ENSG00000117859.18	ENSG00000117859	OSBPL9
ENSG00000117862.11	ENSG00000117862	TXNDC12
ENSG00000117868.15	ENSG00000117868	ESYT2
ENSG00000117877.10	ENSG00000117877	CD3EAP
ENSG00000117899.10	ENSG00000117899	MESD
ENSG00000117906.13	ENSG00000117906	RCN2
ENSG00000117984.13	ENSG00000117984	CTSD
ENSG00000118004.17	ENSG00000118004	COLEC11
ENSG00000118007.12	ENSG00000118007	STAG1
ENSG00000118046.14	ENSG00000118046	STK11
ENSG00000118058.20	ENSG00000118058	KMT2A
ENSG00000118096.7	ENSG00000118096	IFT46
ENSG00000118156.12	ENSG00000118156	ZNF541
ENSG00000118160.13	ENSG00000118160	SLC8A2
ENSG00000118162.13	ENSG00000118162	KPTN
ENSG00000118181.10	ENSG00000118181	RPS25
ENSG00000118194.18	ENSG00000118194	TNNT2
ENSG00000118197.13	ENSG00000118197	DDX59
ENSG00000118200.14	ENSG00000118200	CAMSAP2
ENSG00000118217.5	ENSG00000118217	ATF6
ENSG00000118242.15	ENSG00000118242	MREG
ENSG00000118246.13	ENSG00000118246	FASTKD2
ENSG00000118257.16	ENSG00000118257	NRP2
ENSG00000118260.14	ENSG00000118260	CREB1
ENSG00000118263.14	ENSG00000118263	KLF7
ENSG00000118276.11	ENSG00000118276	B4GALT6
ENSG00000118292.8	ENSG00000118292	C1orf54
ENSG00000118298.10	ENSG00000118298	CA14
ENSG00000118307.18	ENSG00000118307	CASC1
ENSG00000118308.15	ENSG00000118308	LRMP
ENSG00000118322.12	ENSG00000118322	ATP10B
ENSG00000118363.11	ENSG00000118363	SPCS2
ENSG00000118369.12	ENSG00000118369	USP35
ENSG00000118402.5	ENSG00000118402	ELOVL4
ENSG00000118407.14	ENSG00000118407	FILIP1
ENSG00000118412.12	ENSG00000118412	CASP8AP2
ENSG00000118418.14	ENSG00000118418	HMGN3
ENSG00000118420.16	ENSG00000118420	UBE3D
ENSG00000118432.12	ENSG00000118432	CNR1
ENSG00000118454.12	ENSG00000118454	ANKRD13C
ENSG00000118473.21	ENSG00000118473	SGIP1
ENSG00000118482.11	ENSG00000118482	PHF3
ENSG00000118495.18	ENSG00000118495	PLAGL1
ENSG00000118496.4	ENSG00000118496	FBXO30
ENSG00000118503.14	ENSG00000118503	TNFAIP3
ENSG00000118507.15	ENSG00000118507	AKAP7
ENSG00000118508.4	ENSG00000118508	RAB32
ENSG00000118514.13	ENSG00000118514	ALDH8A1
ENSG00000118515.11	ENSG00000118515	SGK1
ENSG00000118518.15	ENSG00000118518	RNF146
ENSG00000118523.5	ENSG00000118523	CTGF
ENSG00000118557.15	ENSG00000118557	PMFBP1
ENSG00000118564.14	ENSG00000118564	FBXL5
ENSG00000118579.12	ENSG00000118579	MED28
ENSG00000118596.11	ENSG00000118596	SLC16A7
ENSG00000118600.11	ENSG00000118600	TMEM5
ENSG00000118620.12	ENSG00000118620	ZNF430
ENSG00000118640.10	ENSG00000118640	VAMP8
ENSG00000118655.4	ENSG00000118655	DCLRE1B
ENSG00000118680.12	ENSG00000118680	MYL12B
ENSG00000118689.14	ENSG00000118689	FOXO3
ENSG00000118690.12	ENSG00000118690	ARMC2
ENSG00000118705.16	ENSG00000118705	RPN2
ENSG00000118707.9	ENSG00000118707	TGIF2
ENSG00000118729.11	ENSG00000118729	CASQ2
ENSG00000118733.16	ENSG00000118733	OLFM3
ENSG00000118762.7	ENSG00000118762	PKD2
ENSG00000118777.10	ENSG00000118777	ABCG2
ENSG00000118785.13	ENSG00000118785	SPP1
ENSG00000118804.8	ENSG00000118804	STBD1
ENSG00000118816.9	ENSG00000118816	CCNI
ENSG00000118849.9	ENSG00000118849	RARRES1
ENSG00000118855.18	ENSG00000118855	MFSD1
ENSG00000118873.15	ENSG00000118873	RAB3GAP2
ENSG00000118894.14	ENSG00000118894	EEF2KMT
ENSG00000118898.15	ENSG00000118898	PPL
ENSG00000118900.14	ENSG00000118900	UBN1
ENSG00000118922.17	ENSG00000118922	KLF12
ENSG00000118939.17	ENSG00000118939	UCHL3
ENSG00000118946.11	ENSG00000118946	PCDH17
ENSG00000118960.12	ENSG00000118960	HS1BP3
ENSG00000118961.14	ENSG00000118961	LDAH
ENSG00000118965.14	ENSG00000118965	WDR35
ENSG00000118971.7	ENSG00000118971	CCND2
ENSG00000118985.15	ENSG00000118985	ELL2
ENSG00000118997.13	ENSG00000118997	DNAH7
ENSG00000119004.15	ENSG00000119004	CYP20A1
ENSG00000119013.8	ENSG00000119013	NDUFB3
ENSG00000119041.10	ENSG00000119041	GTF3C3
ENSG00000119042.16	ENSG00000119042	SATB2
ENSG00000119048.7	ENSG00000119048	UBE2B
ENSG00000119121.21	ENSG00000119121	TRPM6
ENSG00000119125.16	ENSG00000119125	GDA
ENSG00000119138.4	ENSG00000119138	KLF9
ENSG00000119139.17	ENSG00000119139	TJP2
ENSG00000119147.9	ENSG00000119147	C2orf40
ENSG00000119185.12	ENSG00000119185	ITGB1BP1
ENSG00000119203.13	ENSG00000119203	CPSF3
ENSG00000119227.7	ENSG00000119227	PIGZ
ENSG00000119231.10	ENSG00000119231	SENP5
ENSG00000119242.8	ENSG00000119242	CCDC92
ENSG00000119280.16	ENSG00000119280	C1orf198
ENSG00000119283.15	ENSG00000119283	TRIM67
ENSG00000119285.10	ENSG00000119285	HEATR1
ENSG00000119314.15	ENSG00000119314	PTBP3
ENSG00000119318.12	ENSG00000119318	RAD23B
ENSG00000119321.8	ENSG00000119321	FKBP15
ENSG00000119326.14	ENSG00000119326	CTNNAL1
ENSG00000119328.11	ENSG00000119328	FAM206A
ENSG00000119333.11	ENSG00000119333	WDR34
ENSG00000119335.16	ENSG00000119335	SET
ENSG00000119383.19	ENSG00000119383	PTPA
ENSG00000119392.14	ENSG00000119392	GLE1
ENSG00000119396.10	ENSG00000119396	RAB14
ENSG00000119397.16	ENSG00000119397	CNTRL
ENSG00000119401.10	ENSG00000119401	TRIM32
ENSG00000119402.16	ENSG00000119402	FBXW2
ENSG00000119403.13	ENSG00000119403	PHF19
ENSG00000119408.16	ENSG00000119408	NEK6
ENSG00000119411.10	ENSG00000119411	BSPRY
ENSG00000119414.11	ENSG00000119414	PPP6C
ENSG00000119421.6	ENSG00000119421	NDUFA8
ENSG00000119431.9	ENSG00000119431	HDHD3
ENSG00000119446.13	ENSG00000119446	RBM18
ENSG00000119471.14	ENSG00000119471	HSDL2
ENSG00000119487.16	ENSG00000119487	MAPKAP1
ENSG00000119508.17	ENSG00000119508	NR4A3
ENSG00000119509.12	ENSG00000119509	INVS
ENSG00000119514.6	ENSG00000119514	GALNT12
ENSG00000119522.16	ENSG00000119522	DENND1A
ENSG00000119523.9	ENSG00000119523	ALG2
ENSG00000119535.17	ENSG00000119535	CSF3R
ENSG00000119537.15	ENSG00000119537	KDSR
ENSG00000119541.9	ENSG00000119541	VPS4B
ENSG00000119547.5	ENSG00000119547	ONECUT2
ENSG00000119559.15	ENSG00000119559	C19orf25
ENSG00000119574.12	ENSG00000119574	ZBTB45
ENSG00000119596.17	ENSG00000119596	YLPM1
ENSG00000119599.16	ENSG00000119599	DCAF4
ENSG00000119616.11	ENSG00000119616	FCF1
ENSG00000119630.13	ENSG00000119630	PGF
ENSG00000119632.3	ENSG00000119632	IFI27L2
ENSG00000119636.15	ENSG00000119636	BBOF1
ENSG00000119638.12	ENSG00000119638	NEK9
ENSG00000119640.8	ENSG00000119640	ACYP1
ENSG00000119650.12	ENSG00000119650	IFT43
ENSG00000119655.10	ENSG00000119655	NPC2
ENSG00000119661.14	ENSG00000119661	DNAL1
ENSG00000119669.4	ENSG00000119669	IRF2BPL
ENSG00000119673.14	ENSG00000119673	ACOT2
ENSG00000119681.11	ENSG00000119681	LTBP2
ENSG00000119682.16	ENSG00000119682	AREL1
ENSG00000119684.15	ENSG00000119684	MLH3
ENSG00000119685.19	ENSG00000119685	TTLL5
ENSG00000119686.9	ENSG00000119686	FLVCR2
ENSG00000119688.20	ENSG00000119688	ABCD4
ENSG00000119689.14	ENSG00000119689	DLST
ENSG00000119698.11	ENSG00000119698	PPP4R4
ENSG00000119699.7	ENSG00000119699	TGFB3
ENSG00000119703.13	ENSG00000119703	ZC2HC1C
ENSG00000119705.9	ENSG00000119705	SLIRP
ENSG00000119707.13	ENSG00000119707	RBM25
ENSG00000119711.12	ENSG00000119711	ALDH6A1
ENSG00000119714.10	ENSG00000119714	GPR68
ENSG00000119715.14	ENSG00000119715	ESRRB
ENSG00000119718.10	ENSG00000119718	EIF2B2
ENSG00000119720.17	ENSG00000119720	NRDE2
ENSG00000119723.16	ENSG00000119723	COQ6
ENSG00000119725.18	ENSG00000119725	ZNF410
ENSG00000119729.11	ENSG00000119729	RHOQ
ENSG00000119737.5	ENSG00000119737	GPR75
ENSG00000119760.15	ENSG00000119760	SUPT7L
ENSG00000119771.14	ENSG00000119771	KLHL29
ENSG00000119772.16	ENSG00000119772	DNMT3A
ENSG00000119777.18	ENSG00000119777	TMEM214
ENSG00000119778.14	ENSG00000119778	ATAD2B
ENSG00000119782.13	ENSG00000119782	FKBP1B
ENSG00000119787.13	ENSG00000119787	ATL2
ENSG00000119801.12	ENSG00000119801	YPEL5
ENSG00000119812.18	ENSG00000119812	FAM98A
ENSG00000119820.10	ENSG00000119820	YIPF4
ENSG00000119844.15	ENSG00000119844	AFTPH
ENSG00000119862.12	ENSG00000119862	LGALSL
ENSG00000119865.8	ENSG00000119865	CNRIP1
ENSG00000119866.20	ENSG00000119866	BCL11A
ENSG00000119878.5	ENSG00000119878	CRIPT
ENSG00000119888.10	ENSG00000119888	EPCAM
ENSG00000119899.12	ENSG00000119899	SLC17A5
ENSG00000119900.7	ENSG00000119900	OGFRL1
ENSG00000119906.11	ENSG00000119906	SLF2
ENSG00000119912.15	ENSG00000119912	IDE
ENSG00000119917.13	ENSG00000119917	IFIT3
ENSG00000119922.9	ENSG00000119922	IFIT2
ENSG00000119927.13	ENSG00000119927	GPAM
ENSG00000119929.12	ENSG00000119929	CUTC
ENSG00000119938.8	ENSG00000119938	PPP1R3C
ENSG00000119943.12	ENSG00000119943	PYROXD2
ENSG00000119946.10	ENSG00000119946	CNNM1
ENSG00000119950.20	ENSG00000119950	MXI1
ENSG00000119953.12	ENSG00000119953	SMNDC1
ENSG00000119965.12	ENSG00000119965	C10orf88
ENSG00000119969.14	ENSG00000119969	HELLS
ENSG00000119973.5	ENSG00000119973	PRLHR
ENSG00000119977.20	ENSG00000119977	TCTN3
ENSG00000119979.16	ENSG00000119979	FAM45A
ENSG00000119986.6	ENSG00000119986	AVPI1
ENSG00000120008.15	ENSG00000120008	WDR11
ENSG00000120029.12	ENSG00000120029	C10orf76
ENSG00000120049.18	ENSG00000120049	KCNIP2
ENSG00000120051.14	ENSG00000120051	CFAP58
ENSG00000120053.10	ENSG00000120053	GOT1
ENSG00000120057.4	ENSG00000120057	SFRP5
ENSG00000120063.9	ENSG00000120063	GNA13
ENSG00000120071.13	ENSG00000120071	KANSL1
ENSG00000120088.14	ENSG00000120088	CRHR1
ENSG00000120129.5	ENSG00000120129	DUSP1
ENSG00000120137.6	ENSG00000120137	PANK3
ENSG00000120156.20	ENSG00000120156	TEK
ENSG00000120158.11	ENSG00000120158	RCL1
ENSG00000120159.11	ENSG00000120159	CAAP1
ENSG00000120162.9	ENSG00000120162	MOB3B
ENSG00000120217.13	ENSG00000120217	CD274
ENSG00000120251.18	ENSG00000120251	GRIA2
ENSG00000120253.13	ENSG00000120253	NUP43
ENSG00000120254.15	ENSG00000120254	MTHFD1L
ENSG00000120256.9	ENSG00000120256	LRP11
ENSG00000120262.9	ENSG00000120262	CCDC170
ENSG00000120265.16	ENSG00000120265	PCMT1
ENSG00000120278.15	ENSG00000120278	PLEKHG1
ENSG00000120279.6	ENSG00000120279	MYCT1
ENSG00000120280.5	ENSG00000120280	CXorf21
ENSG00000120306.9	ENSG00000120306	CYSTM1
ENSG00000120314.18	ENSG00000120314	WDR55
ENSG00000120318.15	ENSG00000120318	ARAP3
ENSG00000120322.3	ENSG00000120322	PCDHB8
ENSG00000120324.8	ENSG00000120324	PCDHB10
ENSG00000120327.6	ENSG00000120327	PCDHB14
ENSG00000120328.6	ENSG00000120328	PCDHB12
ENSG00000120333.4	ENSG00000120333	MRPS14
ENSG00000120334.15	ENSG00000120334	CENPL
ENSG00000120341.18	ENSG00000120341	SEC16B
ENSG00000120370.12	ENSG00000120370	GORAB
ENSG00000120437.8	ENSG00000120437	ACAT2
ENSG00000120438.11	ENSG00000120438	TCP1
ENSG00000120451.10	ENSG00000120451	SNX19
ENSG00000120457.11	ENSG00000120457	KCNJ5
ENSG00000120458.10	ENSG00000120458	MSANTD2
ENSG00000120509.10	ENSG00000120509	PDZD11
ENSG00000120519.14	ENSG00000120519	SLC10A7
ENSG00000120526.10	ENSG00000120526	NUDCD1
ENSG00000120533.12	ENSG00000120533	ENY2
ENSG00000120539.14	ENSG00000120539	MASTL
ENSG00000120549.17	ENSG00000120549	KIAA1217
ENSG00000120594.16	ENSG00000120594	PLXDC2
ENSG00000120616.15	ENSG00000120616	EPC1
ENSG00000120645.11	ENSG00000120645	IQSEC3
ENSG00000120647.9	ENSG00000120647	CCDC77
ENSG00000120656.11	ENSG00000120656	TAF12
ENSG00000120658.13	ENSG00000120658	ENOX1
ENSG00000120662.15	ENSG00000120662	MTRF1
ENSG00000120669.15	ENSG00000120669	SOHLH2
ENSG00000120675.5	ENSG00000120675	DNAJC15
ENSG00000120685.19	ENSG00000120685	PROSER1
ENSG00000120686.11	ENSG00000120686	UFM1
ENSG00000120688.8	ENSG00000120688	WBP4
ENSG00000120690.15	ENSG00000120690	ELF1
ENSG00000120693.13	ENSG00000120693	SMAD9
ENSG00000120694.19	ENSG00000120694	HSPH1
ENSG00000120696.8	ENSG00000120696	KBTBD7
ENSG00000120697.8	ENSG00000120697	ALG5
ENSG00000120699.12	ENSG00000120699	EXOSC8
ENSG00000120705.12	ENSG00000120705	ETF1
ENSG00000120708.16	ENSG00000120708	TGFBI
ENSG00000120709.10	ENSG00000120709	FAM53C
ENSG00000120725.12	ENSG00000120725	SIL1
ENSG00000120727.12	ENSG00000120727	PAIP2
ENSG00000120729.9	ENSG00000120729	MYOT
ENSG00000120733.13	ENSG00000120733	KDM3B
ENSG00000120738.7	ENSG00000120738	EGR1
ENSG00000120742.10	ENSG00000120742	SERP1
ENSG00000120756.12	ENSG00000120756	PLS1
ENSG00000120784.15	ENSG00000120784	ZFP30
ENSG00000120798.16	ENSG00000120798	NR2C1
ENSG00000120800.4	ENSG00000120800	UTP20
ENSG00000120802.13	ENSG00000120802	TMPO
ENSG00000120805.13	ENSG00000120805	ARL1
ENSG00000120820.12	ENSG00000120820	GLT8D2
ENSG00000120832.9	ENSG00000120832	MTERF2
ENSG00000120833.13	ENSG00000120833	SOCS2
ENSG00000120837.7	ENSG00000120837	NFYB
ENSG00000120860.10	ENSG00000120860	WASHC3
ENSG00000120868.13	ENSG00000120868	APAF1
ENSG00000120875.8	ENSG00000120875	DUSP4
ENSG00000120885.21	ENSG00000120885	CLU
ENSG00000120889.12	ENSG00000120889	TNFRSF10B
ENSG00000120896.13	ENSG00000120896	SORBS3
ENSG00000120899.17	ENSG00000120899	PTK2B
ENSG00000120903.12	ENSG00000120903	CHRNA2
ENSG00000120907.17	ENSG00000120907	ADRA1A
ENSG00000120910.14	ENSG00000120910	PPP3CC
ENSG00000120913.23	ENSG00000120913	PDLIM2
ENSG00000120915.13	ENSG00000120915	EPHX2
ENSG00000120925.15	ENSG00000120925	RNF170
ENSG00000120942.13	ENSG00000120942	UBIAD1
ENSG00000120948.16	ENSG00000120948	TARDBP
ENSG00000120963.11	ENSG00000120963	ZNF706
ENSG00000120992.17	ENSG00000120992	LYPLA1
ENSG00000121005.8	ENSG00000121005	CRISPLD1
ENSG00000121022.13	ENSG00000121022	COPS5
ENSG00000121039.9	ENSG00000121039	RDH10
ENSG00000121057.12	ENSG00000121057	AKAP1
ENSG00000121058.4	ENSG00000121058	COIL
ENSG00000121060.16	ENSG00000121060	TRIM25
ENSG00000121064.12	ENSG00000121064	SCPEP1
ENSG00000121067.17	ENSG00000121067	SPOP
ENSG00000121068.13	ENSG00000121068	TBX2
ENSG00000121073.13	ENSG00000121073	SLC35B1
ENSG00000121101.15	ENSG00000121101	TEX14
ENSG00000121104.7	ENSG00000121104	FAM117A
ENSG00000121207.11	ENSG00000121207	LRAT
ENSG00000121210.15	ENSG00000121210	TMEM131L
ENSG00000121270.15	ENSG00000121270	ABCC11
ENSG00000121274.12	ENSG00000121274	PAPD5
ENSG00000121281.12	ENSG00000121281	ADCY7
ENSG00000121289.17	ENSG00000121289	CEP89
ENSG00000121297.6	ENSG00000121297	TSHZ3
ENSG00000121310.16	ENSG00000121310	ECHDC2
ENSG00000121316.10	ENSG00000121316	PLBD1
ENSG00000121335.11	ENSG00000121335	PRB2
ENSG00000121350.15	ENSG00000121350	PYROXD1
ENSG00000121361.3	ENSG00000121361	KCNJ8
ENSG00000121390.18	ENSG00000121390	PSPC1
ENSG00000121406.8	ENSG00000121406	ZNF549
ENSG00000121410.11	ENSG00000121410	A1BG
ENSG00000121413.12	ENSG00000121413	ZSCAN18
ENSG00000121417.13	ENSG00000121417	ZNF211
ENSG00000121440.14	ENSG00000121440	PDZRN3
ENSG00000121481.10	ENSG00000121481	RNF2
ENSG00000121486.11	ENSG00000121486	TRMT1L
ENSG00000121542.11	ENSG00000121542	SEC22A
ENSG00000121578.12	ENSG00000121578	B4GALT4
ENSG00000121579.12	ENSG00000121579	NAA50
ENSG00000121644.18	ENSG00000121644	DESI2
ENSG00000121653.11	ENSG00000121653	MAPK8IP1
ENSG00000121671.11	ENSG00000121671	CRY2
ENSG00000121680.15	ENSG00000121680	PEX16
ENSG00000121690.10	ENSG00000121690	DEPDC7
ENSG00000121691.4	ENSG00000121691	CAT
ENSG00000121716.20	ENSG00000121716	PILRB
ENSG00000121741.16	ENSG00000121741	ZMYM2
ENSG00000121742.16	ENSG00000121742	GJB6
ENSG00000121749.15	ENSG00000121749	TBC1D15
ENSG00000121753.12	ENSG00000121753	ADGRB2
ENSG00000121766.15	ENSG00000121766	ZCCHC17
ENSG00000121769.7	ENSG00000121769	FABP3
ENSG00000121774.17	ENSG00000121774	KHDRBS1
ENSG00000121775.17	ENSG00000121775	TMEM39B
ENSG00000121797.9	ENSG00000121797	CCRL2
ENSG00000121851.12	ENSG00000121851	POLR3GL
ENSG00000121858.10	ENSG00000121858	TNFSF10
ENSG00000121864.9	ENSG00000121864	ZNF639
ENSG00000121871.3	ENSG00000121871	SLITRK3
ENSG00000121879.3	ENSG00000121879	PIK3CA
ENSG00000121892.14	ENSG00000121892	PDS5A
ENSG00000121895.7	ENSG00000121895	TMEM156
ENSG00000121897.14	ENSG00000121897	LIAS
ENSG00000121898.12	ENSG00000121898	CPXM2
ENSG00000121900.18	ENSG00000121900	TMEM54
ENSG00000121903.14	ENSG00000121903	ZSCAN20
ENSG00000121904.17	ENSG00000121904	CSMD2
ENSG00000121905.9	ENSG00000121905	HPCA
ENSG00000121931.15	ENSG00000121931	LRIF1
ENSG00000121933.18	ENSG00000121933	TMIGD3
ENSG00000121940.15	ENSG00000121940	CLCC1
ENSG00000121957.12	ENSG00000121957	GPSM2
ENSG00000121964.14	ENSG00000121964	GTDC1
ENSG00000121966.6	ENSG00000121966	CXCR4
ENSG00000121988.17	ENSG00000121988	ZRANB3
ENSG00000121989.14	ENSG00000121989	ACVR2A
ENSG00000122008.15	ENSG00000122008	POLK
ENSG00000122012.13	ENSG00000122012	SV2C
ENSG00000122025.14	ENSG00000122025	FLT3
ENSG00000122026.10	ENSG00000122026	RPL21
ENSG00000122033.14	ENSG00000122033	MTIF3
ENSG00000122034.14	ENSG00000122034	GTF3A
ENSG00000122035.6	ENSG00000122035	RASL11A
ENSG00000122042.9	ENSG00000122042	UBL3
ENSG00000122068.12	ENSG00000122068	FYTTD1
ENSG00000122085.16	ENSG00000122085	MTERF4
ENSG00000122122.9	ENSG00000122122	SASH3
ENSG00000122126.15	ENSG00000122126	OCRL
ENSG00000122140.10	ENSG00000122140	MRPS2
ENSG00000122176.10	ENSG00000122176	FMOD
ENSG00000122203.14	ENSG00000122203	KIAA1191
ENSG00000122218.14	ENSG00000122218	COPA
ENSG00000122254.6	ENSG00000122254	HS3ST2
ENSG00000122257.18	ENSG00000122257	RBBP6
ENSG00000122299.11	ENSG00000122299	ZC3H7A
ENSG00000122335.13	ENSG00000122335	SERAC1
ENSG00000122359.17	ENSG00000122359	ANXA11
ENSG00000122367.19	ENSG00000122367	LDB3
ENSG00000122375.11	ENSG00000122375	OPN4
ENSG00000122376.11	ENSG00000122376	FAM35A
ENSG00000122378.13	ENSG00000122378	FAM213A
ENSG00000122386.10	ENSG00000122386	ZNF205
ENSG00000122390.17	ENSG00000122390	NAA60
ENSG00000122406.12	ENSG00000122406	RPL5
ENSG00000122417.15	ENSG00000122417	ODF2L
ENSG00000122420.9	ENSG00000122420	PTGFR
ENSG00000122435.9	ENSG00000122435	TRMT13
ENSG00000122477.12	ENSG00000122477	LRRC39
ENSG00000122481.16	ENSG00000122481	RWDD3
ENSG00000122482.20	ENSG00000122482	ZNF644
ENSG00000122483.17	ENSG00000122483	CCDC18
ENSG00000122484.8	ENSG00000122484	RPAP2
ENSG00000122490.18	ENSG00000122490	PQLC1
ENSG00000122507.20	ENSG00000122507	BBS9
ENSG00000122512.14	ENSG00000122512	PMS2
ENSG00000122515.14	ENSG00000122515	ZMIZ2
ENSG00000122545.18	ENSG00000122545	SEPT7
ENSG00000122547.10	ENSG00000122547	EEPD1
ENSG00000122550.17	ENSG00000122550	KLHL7
ENSG00000122557.9	ENSG00000122557	HERPUD2
ENSG00000122565.18	ENSG00000122565	CBX3
ENSG00000122566.20	ENSG00000122566	HNRNPA2B1
ENSG00000122574.10	ENSG00000122574	WIPF3
ENSG00000122584.12	ENSG00000122584	NXPH1
ENSG00000122585.7	ENSG00000122585	NPY
ENSG00000122591.11	ENSG00000122591	FAM126A
ENSG00000122641.10	ENSG00000122641	INHBA
ENSG00000122642.10	ENSG00000122642	FKBP9
ENSG00000122643.18	ENSG00000122643	NT5C3A
ENSG00000122644.12	ENSG00000122644	ARL4A
ENSG00000122674.11	ENSG00000122674	CCZ1
ENSG00000122678.16	ENSG00000122678	POLM
ENSG00000122679.8	ENSG00000122679	RAMP3
ENSG00000122687.17	ENSG00000122687	MRM2
ENSG00000122691.12	ENSG00000122691	TWIST1
ENSG00000122692.8	ENSG00000122692	SMU1
ENSG00000122694.15	ENSG00000122694	GLIPR2
ENSG00000122696.13	ENSG00000122696	SLC25A51
ENSG00000122705.16	ENSG00000122705	CLTA
ENSG00000122707.11	ENSG00000122707	RECK
ENSG00000122729.18	ENSG00000122729	ACO1
ENSG00000122733.12	ENSG00000122733	PHF24
ENSG00000122735.15	ENSG00000122735	DNAI1
ENSG00000122741.15	ENSG00000122741	DCAF10
ENSG00000122756.14	ENSG00000122756	CNTFR
ENSG00000122778.9	ENSG00000122778	KIAA1549
ENSG00000122779.17	ENSG00000122779	TRIM24
ENSG00000122783.16	ENSG00000122783	C7orf49
ENSG00000122786.19	ENSG00000122786	CALD1
ENSG00000122824.10	ENSG00000122824	NUDT10
ENSG00000122861.15	ENSG00000122861	PLAU
ENSG00000122862.4	ENSG00000122862	SRGN
ENSG00000122863.5	ENSG00000122863	CHST3
ENSG00000122870.11	ENSG00000122870	BICC1
ENSG00000122873.11	ENSG00000122873	CISD1
ENSG00000122877.15	ENSG00000122877	EGR2
ENSG00000122882.10	ENSG00000122882	ECD
ENSG00000122884.12	ENSG00000122884	P4HA1
ENSG00000122912.14	ENSG00000122912	SLC25A16
ENSG00000122952.16	ENSG00000122952	ZWINT
ENSG00000122958.14	ENSG00000122958	VPS26A
ENSG00000122965.10	ENSG00000122965	RBM19
ENSG00000122966.15	ENSG00000122966	CIT
ENSG00000122970.15	ENSG00000122970	IFT81
ENSG00000122971.8	ENSG00000122971	ACADS
ENSG00000122986.13	ENSG00000122986	HVCN1
ENSG00000123064.12	ENSG00000123064	DDX54
ENSG00000123066.7	ENSG00000123066	MED13L
ENSG00000123080.10	ENSG00000123080	CDKN2C
ENSG00000123091.4	ENSG00000123091	RNF11
ENSG00000123094.15	ENSG00000123094	RASSF8
ENSG00000123095.5	ENSG00000123095	BHLHE41
ENSG00000123096.11	ENSG00000123096	SSPN
ENSG00000123104.11	ENSG00000123104	ITPR2
ENSG00000123106.10	ENSG00000123106	CCDC91
ENSG00000123119.11	ENSG00000123119	NECAB1
ENSG00000123124.13	ENSG00000123124	WWP1
ENSG00000123130.16	ENSG00000123130	ACOT9
ENSG00000123131.12	ENSG00000123131	PRDX4
ENSG00000123136.14	ENSG00000123136	DDX39A
ENSG00000123143.12	ENSG00000123143	PKN1
ENSG00000123144.10	ENSG00000123144	TRIR
ENSG00000123146.19	ENSG00000123146	ADGRE5
ENSG00000123154.11	ENSG00000123154	WDR83
ENSG00000123159.15	ENSG00000123159	GIPC1
ENSG00000123178.14	ENSG00000123178	SPRYD7
ENSG00000123179.13	ENSG00000123179	EBPL
ENSG00000123191.14	ENSG00000123191	ATP7B
ENSG00000123200.16	ENSG00000123200	ZC3H13
ENSG00000123213.22	ENSG00000123213	NLN
ENSG00000123240.16	ENSG00000123240	OPTN
ENSG00000123243.14	ENSG00000123243	ITIH5
ENSG00000123268.8	ENSG00000123268	ATF1
ENSG00000123297.17	ENSG00000123297	TSFM
ENSG00000123329.17	ENSG00000123329	ARHGAP9
ENSG00000123338.12	ENSG00000123338	NCKAP1L
ENSG00000123349.13	ENSG00000123349	PFDN5
ENSG00000123352.17	ENSG00000123352	SPATS2
ENSG00000123353.9	ENSG00000123353	ORMDL2
ENSG00000123358.19	ENSG00000123358	NR4A1
ENSG00000123360.11	ENSG00000123360	PDE1B
ENSG00000123374.10	ENSG00000123374	CDK2
ENSG00000123384.13	ENSG00000123384	LRP1
ENSG00000123395.14	ENSG00000123395	ATG101
ENSG00000123411.14	ENSG00000123411	IKZF4
ENSG00000123415.15	ENSG00000123415	SMUG1
ENSG00000123416.15	ENSG00000123416	TUBA1B
ENSG00000123427.16	ENSG00000123427	EEF1AKMT3
ENSG00000123444.13	ENSG00000123444	KBTBD4
ENSG00000123453.17	ENSG00000123453	SARDH
ENSG00000123454.10	ENSG00000123454	DBH
ENSG00000123472.12	ENSG00000123472	ATPAF1
ENSG00000123473.15	ENSG00000123473	STIL
ENSG00000123500.9	ENSG00000123500	COL10A1
ENSG00000123505.15	ENSG00000123505	AMD1
ENSG00000123545.5	ENSG00000123545	NDUFAF4
ENSG00000123552.17	ENSG00000123552	USP45
ENSG00000123560.13	ENSG00000123560	PLP1
ENSG00000123562.16	ENSG00000123562	MORF4L2
ENSG00000123570.3	ENSG00000123570	RAB9B
ENSG00000123575.8	ENSG00000123575	FAM199X
ENSG00000123595.7	ENSG00000123595	RAB9A
ENSG00000123600.19	ENSG00000123600	METTL8
ENSG00000123607.14	ENSG00000123607	TTC21B
ENSG00000123609.10	ENSG00000123609	NMI
ENSG00000123610.4	ENSG00000123610	TNFAIP6
ENSG00000123612.15	ENSG00000123612	ACVR1C
ENSG00000123636.17	ENSG00000123636	BAZ2B
ENSG00000123643.12	ENSG00000123643	SLC36A1
ENSG00000123684.12	ENSG00000123684	LPGAT1
ENSG00000123685.8	ENSG00000123685	BATF3
ENSG00000123689.5	ENSG00000123689	G0S2
ENSG00000123700.4	ENSG00000123700	KCNJ2
ENSG00000123728.9	ENSG00000123728	RAP2C
ENSG00000123737.12	ENSG00000123737	EXOSC9
ENSG00000123739.10	ENSG00000123739	PLA2G12A
ENSG00000123810.7	ENSG00000123810	B9D2
ENSG00000123815.11	ENSG00000123815	COQ8B
ENSG00000123836.14	ENSG00000123836	PFKFB2
ENSG00000123870.10	ENSG00000123870	ZNF137P
ENSG00000123901.8	ENSG00000123901	GPR83
ENSG00000123908.11	ENSG00000123908	AGO2
ENSG00000123933.16	ENSG00000123933	MXD4
ENSG00000123975.4	ENSG00000123975	CKS2
ENSG00000123977.9	ENSG00000123977	DAW1
ENSG00000123983.13	ENSG00000123983	ACSL3
ENSG00000123989.13	ENSG00000123989	CHPF
ENSG00000123992.18	ENSG00000123992	DNPEP
ENSG00000124006.14	ENSG00000124006	OBSL1
ENSG00000124019.9	ENSG00000124019	FAM124B
ENSG00000124067.16	ENSG00000124067	SLC12A4
ENSG00000124074.11	ENSG00000124074	ENKD1
ENSG00000124098.9	ENSG00000124098	FAM210B
ENSG00000124104.18	ENSG00000124104	SNX21
ENSG00000124120.10	ENSG00000124120	TTPAL
ENSG00000124126.13	ENSG00000124126	PREX1
ENSG00000124134.8	ENSG00000124134	KCNS1
ENSG00000124140.13	ENSG00000124140	SLC12A5
ENSG00000124145.6	ENSG00000124145	SDC4
ENSG00000124151.18	ENSG00000124151	NCOA3
ENSG00000124155.17	ENSG00000124155	PIGT
ENSG00000124160.11	ENSG00000124160	NCOA5
ENSG00000124164.15	ENSG00000124164	VAPB
ENSG00000124171.8	ENSG00000124171	PARD6B
ENSG00000124172.9	ENSG00000124172	ATP5E
ENSG00000124177.14	ENSG00000124177	CHD6
ENSG00000124181.14	ENSG00000124181	PLCG1
ENSG00000124191.17	ENSG00000124191	TOX2
ENSG00000124193.14	ENSG00000124193	SRSF6
ENSG00000124194.16	ENSG00000124194	GDAP1L1
ENSG00000124198.8	ENSG00000124198	ARFGEF2
ENSG00000124201.14	ENSG00000124201	ZNFX1
ENSG00000124203.6	ENSG00000124203	ZNF831
ENSG00000124205.15	ENSG00000124205	EDN3
ENSG00000124207.16	ENSG00000124207	CSE1L
ENSG00000124209.3	ENSG00000124209	RAB22A
ENSG00000124212.5	ENSG00000124212	PTGIS
ENSG00000124214.19	ENSG00000124214	STAU1
ENSG00000124215.16	ENSG00000124215	CDH26
ENSG00000124216.3	ENSG00000124216	SNAI1
ENSG00000124217.4	ENSG00000124217	MOCS3
ENSG00000124222.22	ENSG00000124222	STX16
ENSG00000124224.16	ENSG00000124224	PPP4R1L
ENSG00000124225.15	ENSG00000124225	PMEPA1
ENSG00000124226.10	ENSG00000124226	RNF114
ENSG00000124228.14	ENSG00000124228	DDX27
ENSG00000124243.17	ENSG00000124243	BCAS4
ENSG00000124251.10	ENSG00000124251	TP53TG5
ENSG00000124253.10	ENSG00000124253	PCK1
ENSG00000124257.6	ENSG00000124257	NEURL2
ENSG00000124275.14	ENSG00000124275	MTRR
ENSG00000124279.11	ENSG00000124279	FASTKD3
ENSG00000124299.13	ENSG00000124299	PEPD
ENSG00000124302.12	ENSG00000124302	CHST8
ENSG00000124313.13	ENSG00000124313	IQSEC2
ENSG00000124333.15	ENSG00000124333	VAMP7
ENSG00000124333.15_PAR_Y	ENSG00000124333	VAMP7
ENSG00000124356.15	ENSG00000124356	STAMBP
ENSG00000124357.12	ENSG00000124357	NAGK
ENSG00000124370.10	ENSG00000124370	MCEE
ENSG00000124374.8	ENSG00000124374	PAIP2B
ENSG00000124380.10	ENSG00000124380	SNRNP27
ENSG00000124383.8	ENSG00000124383	MPHOSPH10
ENSG00000124406.16	ENSG00000124406	ATP8A1
ENSG00000124422.11	ENSG00000124422	USP22
ENSG00000124440.15	ENSG00000124440	HIF3A
ENSG00000124444.15	ENSG00000124444	ZNF576
ENSG00000124459.11	ENSG00000124459	ZNF45
ENSG00000124479.8	ENSG00000124479	NDP
ENSG00000124486.12	ENSG00000124486	USP9X
ENSG00000124491.15	ENSG00000124491	F13A1
ENSG00000124493.13	ENSG00000124493	GRM4
ENSG00000124496.12	ENSG00000124496	TRERF1
ENSG00000124507.10	ENSG00000124507	PACSIN1
ENSG00000124508.16	ENSG00000124508	BTN2A2
ENSG00000124523.15	ENSG00000124523	SIRT5
ENSG00000124532.14	ENSG00000124532	MRS2
ENSG00000124535.15	ENSG00000124535	WRNIP1
ENSG00000124541.6	ENSG00000124541	RRP36
ENSG00000124562.9	ENSG00000124562	SNRPC
ENSG00000124570.17	ENSG00000124570	SERPINB6
ENSG00000124571.17	ENSG00000124571	XPO5
ENSG00000124574.14	ENSG00000124574	ABCC10
ENSG00000124575.6	ENSG00000124575	HIST1H1D
ENSG00000124587.13	ENSG00000124587	PEX6
ENSG00000124588.19	ENSG00000124588	NQO2
ENSG00000124593.15	ENSG00000124593	AL365205.1
ENSG00000124596.16	ENSG00000124596	OARD1
ENSG00000124602.9	ENSG00000124602	UNC5CL
ENSG00000124608.4	ENSG00000124608	AARS2
ENSG00000124610.4	ENSG00000124610	HIST1H1A
ENSG00000124613.8	ENSG00000124613	ZNF391
ENSG00000124614.13	ENSG00000124614	RPS10
ENSG00000124615.17	ENSG00000124615	MOCS1
ENSG00000124635.8	ENSG00000124635	HIST1H2BJ
ENSG00000124641.15	ENSG00000124641	MED20
ENSG00000124659.6	ENSG00000124659	TBCC
ENSG00000124664.10	ENSG00000124664	SPDEF
ENSG00000124688.13	ENSG00000124688	MAD2L1BP
ENSG00000124702.17	ENSG00000124702	KLHDC3
ENSG00000124733.3	ENSG00000124733	MEA1
ENSG00000124749.16	ENSG00000124749	COL21A1
ENSG00000124762.13	ENSG00000124762	CDKN1A
ENSG00000124766.6	ENSG00000124766	SOX4
ENSG00000124767.6	ENSG00000124767	GLO1
ENSG00000124772.11	ENSG00000124772	CPNE5
ENSG00000124782.19	ENSG00000124782	RREB1
ENSG00000124783.12	ENSG00000124783	SSR1
ENSG00000124784.8	ENSG00000124784	RIOK1
ENSG00000124785.8	ENSG00000124785	NRN1
ENSG00000124786.9	ENSG00000124786	SLC35B3
ENSG00000124787.13	ENSG00000124787	RPP40
ENSG00000124788.17	ENSG00000124788	ATXN1
ENSG00000124789.11	ENSG00000124789	NUP153
ENSG00000124795.14	ENSG00000124795	DEK
ENSG00000124802.11	ENSG00000124802	EEF1E1
ENSG00000124813.20	ENSG00000124813	RUNX2
ENSG00000124831.18	ENSG00000124831	LRRFIP1
ENSG00000124920.13	ENSG00000124920	MYRF
ENSG00000124942.13	ENSG00000124942	AHNAK
ENSG00000125037.12	ENSG00000125037	EMC3
ENSG00000125046.14	ENSG00000125046	SSUH2
ENSG00000125089.16	ENSG00000125089	SH3TC1
ENSG00000125107.17	ENSG00000125107	CNOT1
ENSG00000125122.15	ENSG00000125122	LRRC29
ENSG00000125124.11	ENSG00000125124	BBS2
ENSG00000125144.13	ENSG00000125144	MT1G
ENSG00000125148.6	ENSG00000125148	MT2A
ENSG00000125149.11	ENSG00000125149	C16orf70
ENSG00000125166.12	ENSG00000125166	GOT2
ENSG00000125170.10	ENSG00000125170	DOK4
ENSG00000125246.15	ENSG00000125246	CLYBL
ENSG00000125247.15	ENSG00000125247	TMTC4
ENSG00000125249.6	ENSG00000125249	RAP2A
ENSG00000125257.13	ENSG00000125257	ABCC4
ENSG00000125266.6	ENSG00000125266	EFNB2
ENSG00000125285.5	ENSG00000125285	SOX21
ENSG00000125304.8	ENSG00000125304	TM9SF2
ENSG00000125337.16	ENSG00000125337	KIF25
ENSG00000125347.13	ENSG00000125347	IRF1
ENSG00000125351.11	ENSG00000125351	UPF3B
ENSG00000125352.5	ENSG00000125352	RNF113A
ENSG00000125354.22	ENSG00000125354	SEPT6
ENSG00000125355.15	ENSG00000125355	TMEM255A
ENSG00000125356.6	ENSG00000125356	NDUFA1
ENSG00000125375.14	ENSG00000125375	ATP5S
ENSG00000125378.15	ENSG00000125378	BMP4
ENSG00000125386.15	ENSG00000125386	FAM193A
ENSG00000125388.19	ENSG00000125388	GRK4
ENSG00000125398.5	ENSG00000125398	SOX9
ENSG00000125409.12	ENSG00000125409	TEKT3
ENSG00000125430.8	ENSG00000125430	HS3ST3B1
ENSG00000125434.10	ENSG00000125434	SLC25A35
ENSG00000125445.10	ENSG00000125445	MRPS7
ENSG00000125447.16	ENSG00000125447	GGA3
ENSG00000125449.6	ENSG00000125449	ARMC7
ENSG00000125450.10	ENSG00000125450	NUP85
ENSG00000125454.11	ENSG00000125454	SLC25A19
ENSG00000125457.13	ENSG00000125457	MIF4GD
ENSG00000125458.6	ENSG00000125458	NT5C
ENSG00000125459.14	ENSG00000125459	MSTO1
ENSG00000125462.16	ENSG00000125462	C1orf61
ENSG00000125482.12	ENSG00000125482	TTF1
ENSG00000125484.11	ENSG00000125484	GTF3C4
ENSG00000125485.17	ENSG00000125485	DDX31
ENSG00000125503.12	ENSG00000125503	PPP1R12C
ENSG00000125505.16	ENSG00000125505	MBOAT7
ENSG00000125510.15	ENSG00000125510	OPRL1
ENSG00000125520.13	ENSG00000125520	SLC2A4RG
ENSG00000125534.9	ENSG00000125534	PPDPF
ENSG00000125538.11	ENSG00000125538	IL1B
ENSG00000125551.18	ENSG00000125551	PLGLB2
ENSG00000125611.15	ENSG00000125611	CHCHD5
ENSG00000125618.16	ENSG00000125618	PAX8
ENSG00000125629.14	ENSG00000125629	INSIG2
ENSG00000125630.15	ENSG00000125630	POLR1B
ENSG00000125633.10	ENSG00000125633	CCDC93
ENSG00000125637.15	ENSG00000125637	PSD4
ENSG00000125648.14	ENSG00000125648	SLC25A23
ENSG00000125650.4	ENSG00000125650	PSPN
ENSG00000125651.13	ENSG00000125651	GTF2F1
ENSG00000125652.7	ENSG00000125652	ALKBH7
ENSG00000125656.8	ENSG00000125656	CLPP
ENSG00000125657.4	ENSG00000125657	TNFSF9
ENSG00000125675.17	ENSG00000125675	GRIA3
ENSG00000125676.19	ENSG00000125676	THOC2
ENSG00000125686.11	ENSG00000125686	MED1
ENSG00000125691.12	ENSG00000125691	RPL23
ENSG00000125703.14	ENSG00000125703	ATG4C
ENSG00000125730.16	ENSG00000125730	C3
ENSG00000125733.17	ENSG00000125733	TRIP10
ENSG00000125734.15	ENSG00000125734	GPR108
ENSG00000125740.13	ENSG00000125740	FOSB
ENSG00000125741.4	ENSG00000125741	OPA3
ENSG00000125743.10	ENSG00000125743	SNRPD2
ENSG00000125744.11	ENSG00000125744	RTN2
ENSG00000125746.16	ENSG00000125746	EML2
ENSG00000125753.13	ENSG00000125753	VASP
ENSG00000125755.18	ENSG00000125755	SYMPK
ENSG00000125772.12	ENSG00000125772	GPCPD1
ENSG00000125775.14	ENSG00000125775	SDCBP2
ENSG00000125779.21	ENSG00000125779	PANK2
ENSG00000125804.13	ENSG00000125804	FAM182A
ENSG00000125810.9	ENSG00000125810	CD93
ENSG00000125812.15	ENSG00000125812	GZF1
ENSG00000125814.17	ENSG00000125814	NAPB
ENSG00000125817.7	ENSG00000125817	CENPB
ENSG00000125818.17	ENSG00000125818	PSMF1
ENSG00000125820.5	ENSG00000125820	NKX2-2
ENSG00000125821.11	ENSG00000125821	DTD1
ENSG00000125826.20	ENSG00000125826	RBCK1
ENSG00000125827.8	ENSG00000125827	TMX4
ENSG00000125834.12	ENSG00000125834	STK35
ENSG00000125835.18	ENSG00000125835	SNRPB
ENSG00000125841.12	ENSG00000125841	NRSN2
ENSG00000125843.10	ENSG00000125843	AP5S1
ENSG00000125844.15	ENSG00000125844	RRBP1
ENSG00000125845.6	ENSG00000125845	BMP2
ENSG00000125846.15	ENSG00000125846	ZNF133
ENSG00000125848.9	ENSG00000125848	FLRT3
ENSG00000125851.9	ENSG00000125851	PCSK2
ENSG00000125863.18	ENSG00000125863	MKKS
ENSG00000125864.13	ENSG00000125864	BFSP1
ENSG00000125868.15	ENSG00000125868	DSTN
ENSG00000125869.9	ENSG00000125869	LAMP5
ENSG00000125870.10	ENSG00000125870	SNRPB2
ENSG00000125871.13	ENSG00000125871	MGME1
ENSG00000125875.13	ENSG00000125875	TBC1D20
ENSG00000125877.12	ENSG00000125877	ITPA
ENSG00000125878.6	ENSG00000125878	TCF15
ENSG00000125885.13	ENSG00000125885	MCM8
ENSG00000125895.5	ENSG00000125895	TMEM74B
ENSG00000125898.12	ENSG00000125898	FAM110A
ENSG00000125901.5	ENSG00000125901	MRPS26
ENSG00000125912.10	ENSG00000125912	NCLN
ENSG00000125931.10	ENSG00000125931	CITED1
ENSG00000125944.19	ENSG00000125944	HNRNPR
ENSG00000125945.14	ENSG00000125945	ZNF436
ENSG00000125952.18	ENSG00000125952	MAX
ENSG00000125954.12	ENSG00000125954	CHURC1-FNTB
ENSG00000125962.14	ENSG00000125962	ARMCX5
ENSG00000125966.9	ENSG00000125966	MMP24
ENSG00000125967.16	ENSG00000125967	NECAB3
ENSG00000125968.8	ENSG00000125968	ID1
ENSG00000125970.11	ENSG00000125970	RALY
ENSG00000125971.16	ENSG00000125971	DYNLRB1
ENSG00000125977.6	ENSG00000125977	EIF2S2
ENSG00000125991.19	ENSG00000125991	ERGIC3
ENSG00000125995.15	ENSG00000125995	ROMO1
ENSG00000126001.15	ENSG00000126001	CEP250
ENSG00000126003.6	ENSG00000126003	PLAGL2
ENSG00000126005.16	ENSG00000126005	MMP24-AS1
ENSG00000126012.11	ENSG00000126012	KDM5C
ENSG00000126016.15	ENSG00000126016	AMOT
ENSG00000126062.3	ENSG00000126062	TMEM115
ENSG00000126067.11	ENSG00000126067	PSMB2
ENSG00000126070.19	ENSG00000126070	AGO3
ENSG00000126088.13	ENSG00000126088	UROD
ENSG00000126091.19	ENSG00000126091	ST3GAL3
ENSG00000126106.13	ENSG00000126106	TMEM53
ENSG00000126107.14	ENSG00000126107	HECTD3
ENSG00000126214.21	ENSG00000126214	KLC1
ENSG00000126215.13	ENSG00000126215	XRCC3
ENSG00000126216.13	ENSG00000126216	TUBGCP3
ENSG00000126217.20	ENSG00000126217	MCF2L
ENSG00000126218.11	ENSG00000126218	F10
ENSG00000126226.21	ENSG00000126226	PCID2
ENSG00000126243.8	ENSG00000126243	LRFN3
ENSG00000126246.9	ENSG00000126246	IGFLR1
ENSG00000126247.10	ENSG00000126247	CAPNS1
ENSG00000126249.7	ENSG00000126249	PDCD2L
ENSG00000126254.11	ENSG00000126254	RBM42
ENSG00000126259.19	ENSG00000126259	KIRREL2
ENSG00000126261.12	ENSG00000126261	UBA2
ENSG00000126264.9	ENSG00000126264	HCST
ENSG00000126267.8	ENSG00000126267	COX6B1
ENSG00000126351.12	ENSG00000126351	THRA
ENSG00000126368.5	ENSG00000126368	NR1D1
ENSG00000126391.13	ENSG00000126391	FRMD8
ENSG00000126432.13	ENSG00000126432	PRDX5
ENSG00000126453.9	ENSG00000126453	BCL2L12
ENSG00000126456.15	ENSG00000126456	IRF3
ENSG00000126457.21	ENSG00000126457	PRMT1
ENSG00000126458.3	ENSG00000126458	RRAS
ENSG00000126461.14	ENSG00000126461	SCAF1
ENSG00000126464.13	ENSG00000126464	PRR12
ENSG00000126500.3	ENSG00000126500	FLRT1
ENSG00000126522.16	ENSG00000126522	ASL
ENSG00000126524.9	ENSG00000126524	SBDS
ENSG00000126561.16	ENSG00000126561	STAT5A
ENSG00000126581.12	ENSG00000126581	BECN1
ENSG00000126583.10	ENSG00000126583	PRKCG
ENSG00000126602.10	ENSG00000126602	TRAP1
ENSG00000126603.8	ENSG00000126603	GLIS2
ENSG00000126653.17	ENSG00000126653	NSRP1
ENSG00000126698.10	ENSG00000126698	DNAJC8
ENSG00000126705.13	ENSG00000126705	AHDC1
ENSG00000126709.14	ENSG00000126709	IFI6
ENSG00000126733.20	ENSG00000126733	DACH2
ENSG00000126746.17	ENSG00000126746	ZNF384
ENSG00000126749.14	ENSG00000126749	EMG1
ENSG00000126756.11	ENSG00000126756	UXT
ENSG00000126759.13	ENSG00000126759	CFP
ENSG00000126767.17	ENSG00000126767	ELK1
ENSG00000126768.12	ENSG00000126768	TIMM17B
ENSG00000126773.12	ENSG00000126773	PCNX4
ENSG00000126775.8	ENSG00000126775	ATG14
ENSG00000126777.17	ENSG00000126777	KTN1
ENSG00000126785.12	ENSG00000126785	RHOJ
ENSG00000126790.11	ENSG00000126790	L3HYPDH
ENSG00000126803.9	ENSG00000126803	HSPA2
ENSG00000126804.13	ENSG00000126804	ZBTB1
ENSG00000126814.6	ENSG00000126814	TRMT5
ENSG00000126821.7	ENSG00000126821	SGPP1
ENSG00000126822.16	ENSG00000126822	PLEKHG3
ENSG00000126858.16	ENSG00000126858	RHOT1
ENSG00000126860.11	ENSG00000126860	EVI2A
ENSG00000126861.4	ENSG00000126861	OMG
ENSG00000126870.15	ENSG00000126870	WDR60
ENSG00000126878.12	ENSG00000126878	AIF1L
ENSG00000126882.12	ENSG00000126882	FAM78A
ENSG00000126883.16	ENSG00000126883	NUP214
ENSG00000126903.15	ENSG00000126903	SLC10A3
ENSG00000126934.13	ENSG00000126934	MAP2K2
ENSG00000126945.8	ENSG00000126945	HNRNPH2
ENSG00000126947.12	ENSG00000126947	ARMCX1
ENSG00000126950.7	ENSG00000126950	TMEM35A
ENSG00000126953.5	ENSG00000126953	TIMM8A
ENSG00000126970.15	ENSG00000126970	ZC4H2
ENSG00000127022.14	ENSG00000127022	CANX
ENSG00000127054.20	ENSG00000127054	INTS11
ENSG00000127080.9	ENSG00000127080	IPPK
ENSG00000127081.13	ENSG00000127081	ZNF484
ENSG00000127083.7	ENSG00000127083	OMD
ENSG00000127084.17	ENSG00000127084	FGD3
ENSG00000127124.14	ENSG00000127124	HIVEP3
ENSG00000127125.8	ENSG00000127125	PPCS
ENSG00000127152.17	ENSG00000127152	BCL11B
ENSG00000127184.12	ENSG00000127184	COX7C
ENSG00000127191.17	ENSG00000127191	TRAF2
ENSG00000127220.5	ENSG00000127220	ABHD8
ENSG00000127241.16	ENSG00000127241	MASP1
ENSG00000127249.14	ENSG00000127249	ATP13A4
ENSG00000127252.5	ENSG00000127252	HRASLS
ENSG00000127311.9	ENSG00000127311	HELB
ENSG00000127314.17	ENSG00000127314	RAP1B
ENSG00000127325.18	ENSG00000127325	BEST3
ENSG00000127328.21	ENSG00000127328	RAB3IP
ENSG00000127329.15	ENSG00000127329	PTPRB
ENSG00000127334.10	ENSG00000127334	DYRK2
ENSG00000127337.6	ENSG00000127337	YEATS4
ENSG00000127364.3	ENSG00000127364	TAS2R4
ENSG00000127366.5	ENSG00000127366	TAS2R5
ENSG00000127399.14	ENSG00000127399	LRRC61
ENSG00000127415.12	ENSG00000127415	IDUA
ENSG00000127418.14	ENSG00000127418	FGFRL1
ENSG00000127419.16	ENSG00000127419	TMEM175
ENSG00000127423.10	ENSG00000127423	AUNIP
ENSG00000127445.13	ENSG00000127445	PIN1
ENSG00000127452.8	ENSG00000127452	FBXL12
ENSG00000127463.14	ENSG00000127463	EMC1
ENSG00000127472.10	ENSG00000127472	PLA2G5
ENSG00000127481.14	ENSG00000127481	UBR4
ENSG00000127483.17	ENSG00000127483	HP1BP3
ENSG00000127507.17	ENSG00000127507	ADGRE2
ENSG00000127511.9	ENSG00000127511	SIN3B
ENSG00000127526.14	ENSG00000127526	SLC35E1
ENSG00000127527.13	ENSG00000127527	EPS15L1
ENSG00000127528.5	ENSG00000127528	KLF2
ENSG00000127530.3	ENSG00000127530	OR7C1
ENSG00000127540.11	ENSG00000127540	UQCR11
ENSG00000127554.12	ENSG00000127554	GFER
ENSG00000127561.14	ENSG00000127561	SYNGR3
ENSG00000127564.16	ENSG00000127564	PKMYT1
ENSG00000127578.6	ENSG00000127578	WFIKKN1
ENSG00000127580.15	ENSG00000127580	WDR24
ENSG00000127585.11	ENSG00000127585	FBXL16
ENSG00000127586.16	ENSG00000127586	CHTF18
ENSG00000127588.4	ENSG00000127588	GNG13
ENSG00000127603.24	ENSG00000127603	MACF1
ENSG00000127616.17	ENSG00000127616	SMARCA4
ENSG00000127663.14	ENSG00000127663	KDM4B
ENSG00000127666.9	ENSG00000127666	TICAM1
ENSG00000127720.7	ENSG00000127720	METTL25
ENSG00000127774.6	ENSG00000127774	EMC6
ENSG00000127804.12	ENSG00000127804	METTL16
ENSG00000127824.13	ENSG00000127824	TUBA4A
ENSG00000127837.9	ENSG00000127837	AAMP
ENSG00000127838.13	ENSG00000127838	PNKD
ENSG00000127863.15	ENSG00000127863	TNFRSF19
ENSG00000127870.16	ENSG00000127870	RNF6
ENSG00000127884.4	ENSG00000127884	ECHS1
ENSG00000127903.13	ENSG00000127903	ZNF835
ENSG00000127914.16	ENSG00000127914	AKAP9
ENSG00000127920.5	ENSG00000127920	GNG11
ENSG00000127922.9	ENSG00000127922	SEM1
ENSG00000127946.16	ENSG00000127946	HIP1
ENSG00000127947.15	ENSG00000127947	PTPN12
ENSG00000127948.15	ENSG00000127948	POR
ENSG00000127951.6	ENSG00000127951	FGL2
ENSG00000127952.16	ENSG00000127952	STYXL1
ENSG00000127954.12	ENSG00000127954	STEAP4
ENSG00000127955.15	ENSG00000127955	GNAI1
ENSG00000127957.17	ENSG00000127957	PMS2P3
ENSG00000127980.15	ENSG00000127980	PEX1
ENSG00000127989.13	ENSG00000127989	MTERF1
ENSG00000127990.15	ENSG00000127990	SGCE
ENSG00000127993.15	ENSG00000127993	RBM48
ENSG00000127995.16	ENSG00000127995	CASD1
ENSG00000128000.15	ENSG00000128000	ZNF780B
ENSG00000128011.4	ENSG00000128011	LRFN1
ENSG00000128016.5	ENSG00000128016	ZFP36
ENSG00000128039.10	ENSG00000128039	SRD5A3
ENSG00000128045.6	ENSG00000128045	RASL11B
ENSG00000128050.8	ENSG00000128050	PAICS
ENSG00000128052.8	ENSG00000128052	KDR
ENSG00000128059.8	ENSG00000128059	PPAT
ENSG00000128159.11	ENSG00000128159	TUBGCP6
ENSG00000128185.9	ENSG00000128185	DGCR6L
ENSG00000128191.15	ENSG00000128191	DGCR8
ENSG00000128203.6	ENSG00000128203	ASPHD2
ENSG00000128228.4	ENSG00000128228	SDF2L1
ENSG00000128242.12	ENSG00000128242	GAL3ST1
ENSG00000128245.14	ENSG00000128245	YWHAH
ENSG00000128253.13	ENSG00000128253	RFPL2
ENSG00000128254.13	ENSG00000128254	C22orf24
ENSG00000128266.8	ENSG00000128266	GNAZ
ENSG00000128268.11	ENSG00000128268	MGAT3
ENSG00000128271.21	ENSG00000128271	ADORA2A
ENSG00000128272.14	ENSG00000128272	ATF4
ENSG00000128274.15	ENSG00000128274	A4GALT
ENSG00000128283.6	ENSG00000128283	CDC42EP1
ENSG00000128284.19	ENSG00000128284	APOL3
ENSG00000128285.4	ENSG00000128285	MCHR1
ENSG00000128294.15	ENSG00000128294	TPST2
ENSG00000128298.16	ENSG00000128298	BAIAP2L2
ENSG00000128309.16	ENSG00000128309	MPST
ENSG00000128311.13	ENSG00000128311	TST
ENSG00000128335.13	ENSG00000128335	APOL2
ENSG00000128340.14	ENSG00000128340	RAC2
ENSG00000128346.10	ENSG00000128346	C22orf23
ENSG00000128394.16	ENSG00000128394	APOBEC3F
ENSG00000128408.8	ENSG00000128408	RIBC2
ENSG00000128422.15	ENSG00000128422	KRT17
ENSG00000128463.12	ENSG00000128463	EMC4
ENSG00000128482.15	ENSG00000128482	RNF112
ENSG00000128487.16	ENSG00000128487	SPECC1
ENSG00000128512.20	ENSG00000128512	DOCK4
ENSG00000128513.14	ENSG00000128513	POT1
ENSG00000128524.4	ENSG00000128524	ATP6V1F
ENSG00000128534.7	ENSG00000128534	LSM8
ENSG00000128536.15	ENSG00000128536	CDHR3
ENSG00000128563.13	ENSG00000128563	PRKRIP1
ENSG00000128564.6	ENSG00000128564	VGF
ENSG00000128567.16	ENSG00000128567	PODXL
ENSG00000128573.24	ENSG00000128573	FOXP2
ENSG00000128578.9	ENSG00000128578	STRIP2
ENSG00000128581.15	ENSG00000128581	IFT22
ENSG00000128585.17	ENSG00000128585	MKLN1
ENSG00000128590.4	ENSG00000128590	DNAJB9
ENSG00000128591.15	ENSG00000128591	FLNC
ENSG00000128594.7	ENSG00000128594	LRRC4
ENSG00000128595.16	ENSG00000128595	CALU
ENSG00000128596.16	ENSG00000128596	CCDC136
ENSG00000128602.9	ENSG00000128602	SMO
ENSG00000128604.19	ENSG00000128604	IRF5
ENSG00000128606.12	ENSG00000128606	LRRC17
ENSG00000128607.13	ENSG00000128607	KLHDC10
ENSG00000128609.14	ENSG00000128609	NDUFA5
ENSG00000128626.11	ENSG00000128626	MRPS12
ENSG00000128641.18	ENSG00000128641	MYO1B
ENSG00000128654.13	ENSG00000128654	MTX2
ENSG00000128655.17	ENSG00000128655	PDE11A
ENSG00000128656.13	ENSG00000128656	CHN1
ENSG00000128683.13	ENSG00000128683	GAD1
ENSG00000128694.11	ENSG00000128694	OSGEPL1
ENSG00000128699.13	ENSG00000128699	ORMDL1
ENSG00000128708.12	ENSG00000128708	HAT1
ENSG00000128731.15	ENSG00000128731	HERC2
ENSG00000128739.21	ENSG00000128739	SNRPN
ENSG00000128789.20	ENSG00000128789	PSMG2
ENSG00000128791.11	ENSG00000128791	TWSG1
ENSG00000128805.14	ENSG00000128805	ARHGAP22
ENSG00000128815.19	ENSG00000128815	WDFY4
ENSG00000128829.11	ENSG00000128829	EIF2AK4
ENSG00000128833.12	ENSG00000128833	MYO5C
ENSG00000128849.10	ENSG00000128849	CGNL1
ENSG00000128872.9	ENSG00000128872	TMOD2
ENSG00000128881.16	ENSG00000128881	TTBK2
ENSG00000128886.11	ENSG00000128886	ELL3
ENSG00000128891.15	ENSG00000128891	CCDC32
ENSG00000128908.15	ENSG00000128908	INO80
ENSG00000128915.11	ENSG00000128915	ICE2
ENSG00000128917.6	ENSG00000128917	DLL4
ENSG00000128918.14	ENSG00000128918	ALDH1A2
ENSG00000128923.10	ENSG00000128923	MINDY2
ENSG00000128928.8	ENSG00000128928	IVD
ENSG00000128944.13	ENSG00000128944	KNSTRN
ENSG00000128951.13	ENSG00000128951	DUT
ENSG00000128965.11	ENSG00000128965	CHAC1
ENSG00000128973.12	ENSG00000128973	CLN6
ENSG00000128989.10	ENSG00000128989	ARPP19
ENSG00000129003.15	ENSG00000129003	VPS13C
ENSG00000129007.14	ENSG00000129007	CALML4
ENSG00000129009.12	ENSG00000129009	ISLR
ENSG00000129028.8	ENSG00000129028	THAP10
ENSG00000129038.15	ENSG00000129038	LOXL1
ENSG00000129055.12	ENSG00000129055	ANAPC13
ENSG00000129071.9	ENSG00000129071	MBD4
ENSG00000129083.12	ENSG00000129083	COPB1
ENSG00000129084.17	ENSG00000129084	PSMA1
ENSG00000129103.17	ENSG00000129103	SUMF2
ENSG00000129116.17	ENSG00000129116	PALLD
ENSG00000129128.12	ENSG00000129128	SPCS3
ENSG00000129151.8	ENSG00000129151	BBOX1
ENSG00000129158.10	ENSG00000129158	SERGEF
ENSG00000129159.7	ENSG00000129159	KCNC1
ENSG00000129187.14	ENSG00000129187	DCTD
ENSG00000129194.7	ENSG00000129194	SOX15
ENSG00000129197.14	ENSG00000129197	RPAIN
ENSG00000129204.16	ENSG00000129204	USP6
ENSG00000129219.13	ENSG00000129219	PLD2
ENSG00000129226.13	ENSG00000129226	CD68
ENSG00000129235.10	ENSG00000129235	TXNDC17
ENSG00000129244.8	ENSG00000129244	ATP1B2
ENSG00000129245.11	ENSG00000129245	FXR2
ENSG00000129250.11	ENSG00000129250	KIF1C
ENSG00000129255.15	ENSG00000129255	MPDU1
ENSG00000129292.20	ENSG00000129292	PHF20L1
ENSG00000129295.8	ENSG00000129295	LRRC6
ENSG00000129315.10	ENSG00000129315	CCNT1
ENSG00000129317.14	ENSG00000129317	PUS7L
ENSG00000129347.19	ENSG00000129347	KRI1
ENSG00000129351.17	ENSG00000129351	ILF3
ENSG00000129353.14	ENSG00000129353	SLC44A2
ENSG00000129355.6	ENSG00000129355	CDKN2D
ENSG00000129422.14	ENSG00000129422	MTUS1
ENSG00000129450.8	ENSG00000129450	SIGLEC9
ENSG00000129460.15	ENSG00000129460	NGDN
ENSG00000129465.15	ENSG00000129465	RIPK3
ENSG00000129467.13	ENSG00000129467	ADCY4
ENSG00000129472.13	ENSG00000129472	RAB2B
ENSG00000129473.9	ENSG00000129473	BCL2L2
ENSG00000129474.15	ENSG00000129474	AJUBA
ENSG00000129480.12	ENSG00000129480	DTD2
ENSG00000129484.13	ENSG00000129484	PARP2
ENSG00000129493.14	ENSG00000129493	HEATR5A
ENSG00000129515.18	ENSG00000129515	SNX6
ENSG00000129518.8	ENSG00000129518	EAPP
ENSG00000129521.13	ENSG00000129521	EGLN3
ENSG00000129534.13	ENSG00000129534	MIS18BP1
ENSG00000129535.12	ENSG00000129535	NRL
ENSG00000129538.13	ENSG00000129538	RNASE1
ENSG00000129559.12	ENSG00000129559	NEDD8
ENSG00000129562.10	ENSG00000129562	DAD1
ENSG00000129566.12	ENSG00000129566	TEP1
ENSG00000129595.12	ENSG00000129595	EPB41L4A
ENSG00000129596.4	ENSG00000129596	CDO1
ENSG00000129625.12	ENSG00000129625	REEP5
ENSG00000129636.12	ENSG00000129636	ITFG1
ENSG00000129646.14	ENSG00000129646	QRICH2
ENSG00000129654.7	ENSG00000129654	FOXJ1
ENSG00000129657.14	ENSG00000129657	SEC14L1
ENSG00000129667.12	ENSG00000129667	RHBDF2
ENSG00000129675.15	ENSG00000129675	ARHGEF6
ENSG00000129680.15	ENSG00000129680	MAP7D3
ENSG00000129682.15	ENSG00000129682	FGF13
ENSG00000129691.15	ENSG00000129691	ASH2L
ENSG00000129696.12	ENSG00000129696	TTI2
ENSG00000129757.12	ENSG00000129757	CDKN1C
ENSG00000129911.8	ENSG00000129911	KLF16
ENSG00000129925.10	ENSG00000129925	TMEM8A
ENSG00000129932.8	ENSG00000129932	DOHH
ENSG00000129933.20	ENSG00000129933	MAU2
ENSG00000129946.10	ENSG00000129946	SHC2
ENSG00000129951.18	ENSG00000129951	PLPPR3
ENSG00000129965.14	ENSG00000129965	INS-IGF2
ENSG00000129968.15	ENSG00000129968	ABHD17A
ENSG00000129990.14	ENSG00000129990	SYT5
ENSG00000129993.14	ENSG00000129993	CBFA2T3
ENSG00000130005.12	ENSG00000130005	GAMT
ENSG00000130021.13	ENSG00000130021	PUDP
ENSG00000130023.15	ENSG00000130023	ERMARD
ENSG00000130024.14	ENSG00000130024	PHF10
ENSG00000130032.15	ENSG00000130032	PRRG3
ENSG00000130035.6	ENSG00000130035	GALNT8
ENSG00000130037.4	ENSG00000130037	KCNA5
ENSG00000130038.9	ENSG00000130038	CRACR2A
ENSG00000130052.13	ENSG00000130052	STARD8
ENSG00000130054.4	ENSG00000130054	FAM155B
ENSG00000130055.13	ENSG00000130055	GDPD2
ENSG00000130066.16	ENSG00000130066	SAT1
ENSG00000130119.15	ENSG00000130119	GNL3L
ENSG00000130147.15	ENSG00000130147	SH3BP4
ENSG00000130150.11	ENSG00000130150	MOSPD2
ENSG00000130158.13	ENSG00000130158	DOCK6
ENSG00000130159.13	ENSG00000130159	ECSIT
ENSG00000130164.13	ENSG00000130164	LDLR
ENSG00000130165.10	ENSG00000130165	ELOF1
ENSG00000130175.9	ENSG00000130175	PRKCSH
ENSG00000130176.7	ENSG00000130176	CNN1
ENSG00000130177.14	ENSG00000130177	CDC16
ENSG00000130193.7	ENSG00000130193	THEM6
ENSG00000130202.9	ENSG00000130202	NECTIN2
ENSG00000130203.9	ENSG00000130203	APOE
ENSG00000130204.12	ENSG00000130204	TOMM40
ENSG00000130208.9	ENSG00000130208	APOC1
ENSG00000130222.10	ENSG00000130222	GADD45G
ENSG00000130224.14	ENSG00000130224	LRCH2
ENSG00000130226.16	ENSG00000130226	DPP6
ENSG00000130227.16	ENSG00000130227	XPO7
ENSG00000130244.12	ENSG00000130244	FAM98C
ENSG00000130254.11	ENSG00000130254	SAFB2
ENSG00000130255.12	ENSG00000130255	RPL36
ENSG00000130270.16	ENSG00000130270	ATP8B3
ENSG00000130283.8	ENSG00000130283	GDF1
ENSG00000130287.13	ENSG00000130287	NCAN
ENSG00000130294.15	ENSG00000130294	KIF1A
ENSG00000130299.16	ENSG00000130299	GTPBP3
ENSG00000130300.8	ENSG00000130300	PLVAP
ENSG00000130303.12	ENSG00000130303	BST2
ENSG00000130304.16	ENSG00000130304	SLC27A1
ENSG00000130305.16	ENSG00000130305	NSUN5
ENSG00000130307.11	ENSG00000130307	USHBP1
ENSG00000130309.10	ENSG00000130309	COLGALT1
ENSG00000130311.10	ENSG00000130311	DDA1
ENSG00000130312.6	ENSG00000130312	MRPL34
ENSG00000130313.6	ENSG00000130313	PGLS
ENSG00000130332.14	ENSG00000130332	LSM7
ENSG00000130338.12	ENSG00000130338	TULP4
ENSG00000130340.15	ENSG00000130340	SNX9
ENSG00000130347.12	ENSG00000130347	RTN4IP1
ENSG00000130348.11	ENSG00000130348	QRSL1
ENSG00000130349.9	ENSG00000130349	C6orf203
ENSG00000130363.11	ENSG00000130363	RSPH3
ENSG00000130368.5	ENSG00000130368	MAS1
ENSG00000130382.8	ENSG00000130382	MLLT1
ENSG00000130396.20	ENSG00000130396	AFDN
ENSG00000130402.11	ENSG00000130402	ACTN4
ENSG00000130413.15	ENSG00000130413	STK33
ENSG00000130414.11	ENSG00000130414	NDUFA10
ENSG00000130429.12	ENSG00000130429	ARPC1B
ENSG00000130449.5	ENSG00000130449	ZSWIM6
ENSG00000130475.14	ENSG00000130475	FCHO1
ENSG00000130477.15	ENSG00000130477	UNC13A
ENSG00000130479.10	ENSG00000130479	MAP1S
ENSG00000130489.14	ENSG00000130489	SCO2
ENSG00000130508.10	ENSG00000130508	PXDN
ENSG00000130511.15	ENSG00000130511	SSBP4
ENSG00000130517.13	ENSG00000130517	PGPEP1
ENSG00000130518.16	ENSG00000130518	KIAA1683
ENSG00000130520.10	ENSG00000130520	LSM4
ENSG00000130522.5	ENSG00000130522	JUND
ENSG00000130528.11	ENSG00000130528	HRC
ENSG00000130529.15	ENSG00000130529	TRPM4
ENSG00000130540.13	ENSG00000130540	SULT4A1
ENSG00000130544.11	ENSG00000130544	ZNF557
ENSG00000130558.19	ENSG00000130558	OLFM1
ENSG00000130559.18	ENSG00000130559	CAMSAP1
ENSG00000130560.8	ENSG00000130560	UBAC1
ENSG00000130584.10	ENSG00000130584	ZBTB46
ENSG00000130589.16	ENSG00000130589	HELZ2
ENSG00000130590.13	ENSG00000130590	SAMD10
ENSG00000130592.15	ENSG00000130592	LSP1
ENSG00000130600.17	ENSG00000130600	H19
ENSG00000130635.15	ENSG00000130635	COL5A1
ENSG00000130638.16	ENSG00000130638	ATXN10
ENSG00000130640.13	ENSG00000130640	TUBGCP2
ENSG00000130643.8	ENSG00000130643	CALY
ENSG00000130649.9	ENSG00000130649	CYP2E1
ENSG00000130653.15	ENSG00000130653	PNPLA7
ENSG00000130669.17	ENSG00000130669	PAK4
ENSG00000130684.13	ENSG00000130684	ZNF337
ENSG00000130695.14	ENSG00000130695	CEP85
ENSG00000130699.18	ENSG00000130699	TAF4
ENSG00000130702.15	ENSG00000130702	LAMA5
ENSG00000130703.15	ENSG00000130703	OSBPL2
ENSG00000130706.12	ENSG00000130706	ADRM1
ENSG00000130707.17	ENSG00000130707	ASS1
ENSG00000130713.15	ENSG00000130713	EXOSC2
ENSG00000130714.15	ENSG00000130714	POMT1
ENSG00000130717.12	ENSG00000130717	UCK1
ENSG00000130720.12	ENSG00000130720	FIBCD1
ENSG00000130723.18	ENSG00000130723	PRRC2B
ENSG00000130724.8	ENSG00000130724	CHMP2A
ENSG00000130725.7	ENSG00000130725	UBE2M
ENSG00000130726.11	ENSG00000130726	TRIM28
ENSG00000130731.15	ENSG00000130731	METTL26
ENSG00000130733.10	ENSG00000130733	YIPF2
ENSG00000130734.9	ENSG00000130734	ATG4D
ENSG00000130741.10	ENSG00000130741	EIF2S3
ENSG00000130748.6	ENSG00000130748	TMEM160
ENSG00000130749.9	ENSG00000130749	ZC3H4
ENSG00000130751.9	ENSG00000130751	NPAS1
ENSG00000130755.12	ENSG00000130755	GMFG
ENSG00000130758.7	ENSG00000130758	MAP3K10
ENSG00000130762.14	ENSG00000130762	ARHGEF16
ENSG00000130764.9	ENSG00000130764	LRRC47
ENSG00000130766.4	ENSG00000130766	SESN2
ENSG00000130770.17	ENSG00000130770	ATPIF1
ENSG00000130772.13	ENSG00000130772	MED18
ENSG00000130775.15	ENSG00000130775	THEMIS2
ENSG00000130779.19	ENSG00000130779	CLIP1
ENSG00000130783.13	ENSG00000130783	CCDC62
ENSG00000130787.13	ENSG00000130787	HIP1R
ENSG00000130803.14	ENSG00000130803	ZNF317
ENSG00000130810.19	ENSG00000130810	PPAN
ENSG00000130811.11	ENSG00000130811	EIF3G
ENSG00000130812.10	ENSG00000130812	ANGPTL6
ENSG00000130813.17	ENSG00000130813	C19orf66
ENSG00000130816.14	ENSG00000130816	DNMT1
ENSG00000130818.11	ENSG00000130818	ZNF426
ENSG00000130821.15	ENSG00000130821	SLC6A8
ENSG00000130822.15	ENSG00000130822	PNCK
ENSG00000130826.17	ENSG00000130826	DKC1
ENSG00000130827.6	ENSG00000130827	PLXNA3
ENSG00000130829.17	ENSG00000130829	DUSP9
ENSG00000130830.14	ENSG00000130830	MPP1
ENSG00000130844.16	ENSG00000130844	ZNF331
ENSG00000130856.15	ENSG00000130856	ZNF236
ENSG00000130876.11	ENSG00000130876	SLC7A10
ENSG00000130881.13	ENSG00000130881	LRP3
ENSG00000130921.7	ENSG00000130921	C12orf65
ENSG00000130935.9	ENSG00000130935	NOL11
ENSG00000130939.18	ENSG00000130939	UBE4B
ENSG00000130940.14	ENSG00000130940	CASZ1
ENSG00000130948.9	ENSG00000130948	HSD17B3
ENSG00000130956.13	ENSG00000130956	HABP4
ENSG00000130958.11	ENSG00000130958	SLC35D2
ENSG00000130962.17	ENSG00000130962	PRRG1
ENSG00000130985.16	ENSG00000130985	UBA1
ENSG00000130988.12	ENSG00000130988	RGN
ENSG00000130997.16	ENSG00000130997	POLN
ENSG00000131013.3	ENSG00000131013	PPIL4
ENSG00000131015.4	ENSG00000131015	ULBP2
ENSG00000131016.16	ENSG00000131016	AKAP12
ENSG00000131018.22	ENSG00000131018	SYNE1
ENSG00000131023.12	ENSG00000131023	LATS1
ENSG00000131042.14	ENSG00000131042	LILRB2
ENSG00000131043.11	ENSG00000131043	AAR2
ENSG00000131044.16	ENSG00000131044	TTLL9
ENSG00000131051.22	ENSG00000131051	RBM39
ENSG00000131055.4	ENSG00000131055	COX4I2
ENSG00000131061.13	ENSG00000131061	ZNF341
ENSG00000131067.16	ENSG00000131067	GGT7
ENSG00000131069.19	ENSG00000131069	ACSS2
ENSG00000131080.14	ENSG00000131080	EDA2R
ENSG00000131089.15	ENSG00000131089	ARHGEF9
ENSG00000131094.3	ENSG00000131094	C1QL1
ENSG00000131095.12	ENSG00000131095	GFAP
ENSG00000131097.6	ENSG00000131097	HIGD1B
ENSG00000131100.12	ENSG00000131100	ATP6V1E1
ENSG00000131115.15	ENSG00000131115	ZNF227
ENSG00000131116.11	ENSG00000131116	ZNF428
ENSG00000131127.13	ENSG00000131127	ZNF141
ENSG00000131143.8	ENSG00000131143	COX4I1
ENSG00000131148.8	ENSG00000131148	EMC8
ENSG00000131149.18	ENSG00000131149	GSE1
ENSG00000131153.8	ENSG00000131153	GINS2
ENSG00000131165.14	ENSG00000131165	CHMP1A
ENSG00000131171.12	ENSG00000131171	SH3BGRL
ENSG00000131174.4	ENSG00000131174	COX7B
ENSG00000131187.9	ENSG00000131187	F12
ENSG00000131188.11	ENSG00000131188	PRR7
ENSG00000131196.17	ENSG00000131196	NFATC1
ENSG00000131236.16	ENSG00000131236	CAP1
ENSG00000131238.17	ENSG00000131238	PPT1
ENSG00000131242.17	ENSG00000131242	RAB11FIP4
ENSG00000131263.12	ENSG00000131263	RLIM
ENSG00000131269.15	ENSG00000131269	ABCB7
ENSG00000131323.14	ENSG00000131323	TRAF3
ENSG00000131351.14	ENSG00000131351	HAUS8
ENSG00000131368.7	ENSG00000131368	MRPS25
ENSG00000131370.15	ENSG00000131370	SH3BP5
ENSG00000131373.14	ENSG00000131373	HACL1
ENSG00000131374.14	ENSG00000131374	TBC1D5
ENSG00000131375.9	ENSG00000131375	CAPN7
ENSG00000131378.13	ENSG00000131378	RFTN1
ENSG00000131381.12	ENSG00000131381	RBSN
ENSG00000131386.17	ENSG00000131386	GALNT15
ENSG00000131389.16	ENSG00000131389	SLC6A6
ENSG00000131398.13	ENSG00000131398	KCNC3
ENSG00000131401.11	ENSG00000131401	NAPSB
ENSG00000131408.13	ENSG00000131408	NR1H2
ENSG00000131409.12	ENSG00000131409	LRRC4B
ENSG00000131435.12	ENSG00000131435	PDLIM4
ENSG00000131437.15	ENSG00000131437	KIF3A
ENSG00000131446.16	ENSG00000131446	MGAT1
ENSG00000131459.12	ENSG00000131459	GFPT2
ENSG00000131462.7	ENSG00000131462	TUBG1
ENSG00000131467.10	ENSG00000131467	PSME3
ENSG00000131469.12	ENSG00000131469	RPL27
ENSG00000131470.14	ENSG00000131470	PSMC3IP
ENSG00000131471.6	ENSG00000131471	AOC3
ENSG00000131473.16	ENSG00000131473	ACLY
ENSG00000131475.6	ENSG00000131475	VPS25
ENSG00000131477.10	ENSG00000131477	RAMP2
ENSG00000131480.8	ENSG00000131480	AOC2
ENSG00000131495.8	ENSG00000131495	NDUFA2
ENSG00000131503.20	ENSG00000131503	ANKHD1
ENSG00000131504.15	ENSG00000131504	DIAPH1
ENSG00000131507.10	ENSG00000131507	NDFIP1
ENSG00000131508.15	ENSG00000131508	UBE2D2
ENSG00000131558.14	ENSG00000131558	EXOC4
ENSG00000131584.18	ENSG00000131584	ACAP3
ENSG00000131591.17	ENSG00000131591	C1orf159
ENSG00000131620.17	ENSG00000131620	ANO1
ENSG00000131626.16	ENSG00000131626	PPFIA1
ENSG00000131634.13	ENSG00000131634	TMEM204
ENSG00000131652.13	ENSG00000131652	THOC6
ENSG00000131653.12	ENSG00000131653	TRAF7
ENSG00000131669.9	ENSG00000131669	NINJ1
ENSG00000131697.17	ENSG00000131697	NPHP4
ENSG00000131711.14	ENSG00000131711	MAP1B
ENSG00000131724.10	ENSG00000131724	IL13RA1
ENSG00000131725.13	ENSG00000131725	WDR44
ENSG00000131730.15	ENSG00000131730	CKMT2
ENSG00000131732.11	ENSG00000131732	ZCCHC9
ENSG00000131748.15	ENSG00000131748	STARD3
ENSG00000131759.17	ENSG00000131759	RARA
ENSG00000131771.13	ENSG00000131771	PPP1R1B
ENSG00000131773.13	ENSG00000131773	KHDRBS3
ENSG00000131778.18	ENSG00000131778	CHD1L
ENSG00000131779.10	ENSG00000131779	PEX11B
ENSG00000131781.12	ENSG00000131781	FMO5
ENSG00000131788.15	ENSG00000131788	PIAS3
ENSG00000131791.7	ENSG00000131791	PRKAB2
ENSG00000131797.12	ENSG00000131797	CLUHP3
ENSG00000131828.13	ENSG00000131828	PDHA1
ENSG00000131831.17	ENSG00000131831	RAI2
ENSG00000131844.15	ENSG00000131844	MCCC2
ENSG00000131845.14	ENSG00000131845	ZNF304
ENSG00000131848.9	ENSG00000131848	ZSCAN5A
ENSG00000131849.11	ENSG00000131849	ZNF132
ENSG00000131871.14	ENSG00000131871	SELENOS
ENSG00000131873.5	ENSG00000131873	CHSY1
ENSG00000131876.16	ENSG00000131876	SNRPA1
ENSG00000131885.16	ENSG00000131885	KRT17P1
ENSG00000131899.10	ENSG00000131899	LLGL1
ENSG00000131931.8	ENSG00000131931	THAP1
ENSG00000131941.7	ENSG00000131941	RHPN2
ENSG00000131943.17	ENSG00000131943	C19orf12
ENSG00000131951.10	ENSG00000131951	LRRC9
ENSG00000131966.13	ENSG00000131966	ACTR10
ENSG00000131969.14	ENSG00000131969	ABHD12B
ENSG00000131979.18	ENSG00000131979	GCH1
ENSG00000131981.15	ENSG00000131981	LGALS3
ENSG00000132000.11	ENSG00000132000	PODNL1
ENSG00000132002.7	ENSG00000132002	DNAJB1
ENSG00000132003.9	ENSG00000132003	ZSWIM4
ENSG00000132004.12	ENSG00000132004	FBXW9
ENSG00000132005.8	ENSG00000132005	RFX1
ENSG00000132010.15	ENSG00000132010	ZNF20
ENSG00000132016.11	ENSG00000132016	C19orf57
ENSG00000132017.10	ENSG00000132017	DCAF15
ENSG00000132024.17	ENSG00000132024	CC2D1A
ENSG00000132026.13	ENSG00000132026	RTBDN
ENSG00000132031.12	ENSG00000132031	MATN3
ENSG00000132109.9	ENSG00000132109	TRIM21
ENSG00000132122.11	ENSG00000132122	SPATA6
ENSG00000132128.16	ENSG00000132128	LRRC41
ENSG00000132141.13	ENSG00000132141	CCT6B
ENSG00000132153.14	ENSG00000132153	DHX30
ENSG00000132155.11	ENSG00000132155	RAF1
ENSG00000132164.9	ENSG00000132164	SLC6A11
ENSG00000132170.19	ENSG00000132170	PPARG
ENSG00000132182.11	ENSG00000132182	NUP210
ENSG00000132196.13	ENSG00000132196	HSD17B7
ENSG00000132199.18	ENSG00000132199	ENOSF1
ENSG00000132205.10	ENSG00000132205	EMILIN2
ENSG00000132207.17	ENSG00000132207	SLX1A
ENSG00000132254.12	ENSG00000132254	ARFIP2
ENSG00000132256.18	ENSG00000132256	TRIM5
ENSG00000132259.12	ENSG00000132259	CNGA4
ENSG00000132274.15	ENSG00000132274	TRIM22
ENSG00000132275.10	ENSG00000132275	RRP8
ENSG00000132286.11	ENSG00000132286	TIMM10B
ENSG00000132294.14	ENSG00000132294	EFR3A
ENSG00000132300.18	ENSG00000132300	PTCD3
ENSG00000132305.20	ENSG00000132305	IMMT
ENSG00000132313.14	ENSG00000132313	MRPL35
ENSG00000132321.16	ENSG00000132321	IQCA1
ENSG00000132323.8	ENSG00000132323	ILKAP
ENSG00000132326.11	ENSG00000132326	PER2
ENSG00000132329.10	ENSG00000132329	RAMP1
ENSG00000132330.16	ENSG00000132330	SCLY
ENSG00000132334.16	ENSG00000132334	PTPRE
ENSG00000132341.11	ENSG00000132341	RAN
ENSG00000132356.11	ENSG00000132356	PRKAA1
ENSG00000132357.13	ENSG00000132357	CARD6
ENSG00000132359.14	ENSG00000132359	RAP1GAP2
ENSG00000132361.16	ENSG00000132361	CLUH
ENSG00000132376.19	ENSG00000132376	INPP5K
ENSG00000132382.14	ENSG00000132382	MYBBP1A
ENSG00000132383.11	ENSG00000132383	RPA1
ENSG00000132386.10	ENSG00000132386	SERPINF1
ENSG00000132388.12	ENSG00000132388	UBE2G1
ENSG00000132394.10	ENSG00000132394	EEFSEC
ENSG00000132405.18	ENSG00000132405	TBC1D14
ENSG00000132406.11	ENSG00000132406	TMEM128
ENSG00000132423.11	ENSG00000132423	COQ3
ENSG00000132424.14	ENSG00000132424	PNISR
ENSG00000132429.9	ENSG00000132429	POPDC3
ENSG00000132432.13	ENSG00000132432	SEC61G
ENSG00000132434.9	ENSG00000132434	LANCL2
ENSG00000132436.11	ENSG00000132436	FIGNL1
ENSG00000132463.13	ENSG00000132463	GRSF1
ENSG00000132466.18	ENSG00000132466	ANKRD17
ENSG00000132467.3	ENSG00000132467	UTP3
ENSG00000132470.13	ENSG00000132470	ITGB4
ENSG00000132471.11	ENSG00000132471	WBP2
ENSG00000132475.10	ENSG00000132475	H3F3B
ENSG00000132478.9	ENSG00000132478	UNK
ENSG00000132481.6	ENSG00000132481	TRIM47
ENSG00000132485.13	ENSG00000132485	ZRANB2
ENSG00000132507.17	ENSG00000132507	EIF5A
ENSG00000132510.10	ENSG00000132510	KDM6B
ENSG00000132522.15	ENSG00000132522	GPS2
ENSG00000132530.16	ENSG00000132530	XAF1
ENSG00000132535.18	ENSG00000132535	DLG4
ENSG00000132541.10	ENSG00000132541	RIDA
ENSG00000132549.18	ENSG00000132549	VPS13B
ENSG00000132554.19	ENSG00000132554	RGS22
ENSG00000132561.13	ENSG00000132561	MATN2
ENSG00000132563.15	ENSG00000132563	REEP2
ENSG00000132570.14	ENSG00000132570	PCBD2
ENSG00000132581.9	ENSG00000132581	SDF2
ENSG00000132589.15	ENSG00000132589	FLOT2
ENSG00000132591.11	ENSG00000132591	ERAL1
ENSG00000132600.16	ENSG00000132600	PRMT7
ENSG00000132603.13	ENSG00000132603	NIP7
ENSG00000132604.10	ENSG00000132604	TERF2
ENSG00000132612.15	ENSG00000132612	VPS4A
ENSG00000132613.14	ENSG00000132613	MTSS1L
ENSG00000132622.10	ENSG00000132622	HSPA12B
ENSG00000132623.15	ENSG00000132623	ANKEF1
ENSG00000132635.16	ENSG00000132635	PCED1A
ENSG00000132639.12	ENSG00000132639	SNAP25
ENSG00000132640.14	ENSG00000132640	BTBD3
ENSG00000132646.10	ENSG00000132646	PCNA
ENSG00000132661.3	ENSG00000132661	NXT1
ENSG00000132664.11	ENSG00000132664	POLR3F
ENSG00000132669.12	ENSG00000132669	RIN2
ENSG00000132670.20	ENSG00000132670	PTPRA
ENSG00000132676.15	ENSG00000132676	DAP3
ENSG00000132680.10	ENSG00000132680	KIAA0907
ENSG00000132688.10	ENSG00000132688	NES
ENSG00000132692.18	ENSG00000132692	BCAN
ENSG00000132694.18	ENSG00000132694	ARHGEF11
ENSG00000132702.12	ENSG00000132702	HAPLN2
ENSG00000132716.18	ENSG00000132716	DCAF8
ENSG00000132718.8	ENSG00000132718	SYT11
ENSG00000132740.8	ENSG00000132740	IGHMBP2
ENSG00000132744.7	ENSG00000132744	ACY3
ENSG00000132749.10	ENSG00000132749	TESMIN
ENSG00000132763.14	ENSG00000132763	MMACHC
ENSG00000132768.13	ENSG00000132768	DPH2
ENSG00000132773.11	ENSG00000132773	TOE1
ENSG00000132780.16	ENSG00000132780	NASP
ENSG00000132781.17	ENSG00000132781	MUTYH
ENSG00000132792.18	ENSG00000132792	CTNNBL1
ENSG00000132793.11	ENSG00000132793	LPIN3
ENSG00000132801.6	ENSG00000132801	ZSWIM3
ENSG00000132819.16	ENSG00000132819	RBM38
ENSG00000132821.11	ENSG00000132821	VSTM2L
ENSG00000132823.10	ENSG00000132823	OSER1
ENSG00000132824.13	ENSG00000132824	SERINC3
ENSG00000132825.6	ENSG00000132825	PPP1R3D
ENSG00000132837.14	ENSG00000132837	DMGDH
ENSG00000132840.9	ENSG00000132840	BHMT2
ENSG00000132842.13	ENSG00000132842	AP3B1
ENSG00000132846.5	ENSG00000132846	ZBED3
ENSG00000132849.19	ENSG00000132849	PATJ
ENSG00000132854.18	ENSG00000132854	KANK4
ENSG00000132872.11	ENSG00000132872	SYT4
ENSG00000132879.13	ENSG00000132879	FBXO44
ENSG00000132881.11	ENSG00000132881	RSG1
ENSG00000132906.17	ENSG00000132906	CASP9
ENSG00000132912.12	ENSG00000132912	DCTN4
ENSG00000132932.16	ENSG00000132932	ATP8A2
ENSG00000132938.19	ENSG00000132938	MTUS2
ENSG00000132950.18	ENSG00000132950	ZMYM5
ENSG00000132952.11	ENSG00000132952	USPL1
ENSG00000132953.16	ENSG00000132953	XPO4
ENSG00000132963.7	ENSG00000132963	POMP
ENSG00000132964.11	ENSG00000132964	CDK8
ENSG00000132965.9	ENSG00000132965	ALOX5AP
ENSG00000132967.9	ENSG00000132967	HMGB1P5
ENSG00000132970.12	ENSG00000132970	WASF3
ENSG00000132975.7	ENSG00000132975	GPR12
ENSG00000133019.11	ENSG00000133019	CHRM3
ENSG00000133026.12	ENSG00000133026	MYH10
ENSG00000133027.17	ENSG00000133027	PEMT
ENSG00000133028.10	ENSG00000133028	SCO1
ENSG00000133030.20	ENSG00000133030	MPRIP
ENSG00000133048.12	ENSG00000133048	CHI3L1
ENSG00000133056.13	ENSG00000133056	PIK3C2B
ENSG00000133059.16	ENSG00000133059	DSTYK
ENSG00000133065.10	ENSG00000133065	SLC41A1
ENSG00000133067.17	ENSG00000133067	LGR6
ENSG00000133069.15	ENSG00000133069	TMCC2
ENSG00000133083.14	ENSG00000133083	DCLK1
ENSG00000133101.9	ENSG00000133101	CCNA1
ENSG00000133103.16	ENSG00000133103	COG6
ENSG00000133104.12	ENSG00000133104	SPART
ENSG00000133106.14	ENSG00000133106	EPSTI1
ENSG00000133107.14	ENSG00000133107	TRPC4
ENSG00000133110.14	ENSG00000133110	POSTN
ENSG00000133111.3	ENSG00000133111	RFXAP
ENSG00000133112.16	ENSG00000133112	TPT1
ENSG00000133114.17	ENSG00000133114	GPALPP1
ENSG00000133116.7	ENSG00000133116	KL
ENSG00000133119.12	ENSG00000133119	RFC3
ENSG00000133121.20	ENSG00000133121	STARD13
ENSG00000133124.11	ENSG00000133124	IRS4
ENSG00000133131.14	ENSG00000133131	MORC4
ENSG00000133134.11	ENSG00000133134	BEX2
ENSG00000133135.13	ENSG00000133135	RNF128
ENSG00000133138.19	ENSG00000133138	TBC1D8B
ENSG00000133142.17	ENSG00000133142	TCEAL4
ENSG00000133169.5	ENSG00000133169	BEX1
ENSG00000133193.12	ENSG00000133193	FAM104A
ENSG00000133195.11	ENSG00000133195	SLC39A11
ENSG00000133216.16	ENSG00000133216	EPHB2
ENSG00000133226.16	ENSG00000133226	SRRM1
ENSG00000133243.8	ENSG00000133243	BTBD2
ENSG00000133246.11	ENSG00000133246	PRAM1
ENSG00000133247.13	ENSG00000133247	KMT5C
ENSG00000133250.13	ENSG00000133250	ZNF414
ENSG00000133256.12	ENSG00000133256	PDE6B
ENSG00000133265.10	ENSG00000133265	HSPBP1
ENSG00000133275.15	ENSG00000133275	CSNK1G2
ENSG00000133302.12	ENSG00000133302	SLF1
ENSG00000133313.14	ENSG00000133313	CNDP2
ENSG00000133315.10	ENSG00000133315	MACROD1
ENSG00000133316.15	ENSG00000133316	WDR74
ENSG00000133318.13	ENSG00000133318	RTN3
ENSG00000133321.10	ENSG00000133321	RARRES3
ENSG00000133392.17	ENSG00000133392	MYH11
ENSG00000133393.12	ENSG00000133393	FOPNL
ENSG00000133398.3	ENSG00000133398	MED10
ENSG00000133401.15	ENSG00000133401	PDZD2
ENSG00000133422.12	ENSG00000133422	MORC2
ENSG00000133424.20	ENSG00000133424	LARGE1
ENSG00000133433.10	ENSG00000133433	GSTT2B
ENSG00000133460.19	ENSG00000133460	SLC2A11
ENSG00000133466.13	ENSG00000133466	C1QTNF6
ENSG00000133519.12	ENSG00000133519	ZDHHC8P1
ENSG00000133561.15	ENSG00000133561	GIMAP6
ENSG00000133574.9	ENSG00000133574	GIMAP4
ENSG00000133597.10	ENSG00000133597	ADCK2
ENSG00000133606.10	ENSG00000133606	MKRN1
ENSG00000133612.18	ENSG00000133612	AGAP3
ENSG00000133619.17	ENSG00000133619	KRBA1
ENSG00000133624.13	ENSG00000133624	ZNF767P
ENSG00000133627.17	ENSG00000133627	ACTR3B
ENSG00000133639.4	ENSG00000133639	BTG1
ENSG00000133640.18	ENSG00000133640	LRRIQ1
ENSG00000133641.17	ENSG00000133641	C12orf29
ENSG00000133657.14	ENSG00000133657	ATP13A3
ENSG00000133661.15	ENSG00000133661	SFTPD
ENSG00000133665.12	ENSG00000133665	DYDC2
ENSG00000133678.13	ENSG00000133678	TMEM254
ENSG00000133687.15	ENSG00000133687	TMTC1
ENSG00000133703.11	ENSG00000133703	KRAS
ENSG00000133704.9	ENSG00000133704	IPO8
ENSG00000133706.17	ENSG00000133706	LARS
ENSG00000133731.9	ENSG00000133731	IMPA1
ENSG00000133739.15	ENSG00000133739	LRRCC1
ENSG00000133740.10	ENSG00000133740	E2F5
ENSG00000133773.11	ENSG00000133773	CCDC59
ENSG00000133789.14	ENSG00000133789	SWAP70
ENSG00000133794.17	ENSG00000133794	ARNTL
ENSG00000133800.8	ENSG00000133800	LYVE1
ENSG00000133805.15	ENSG00000133805	AMPD3
ENSG00000133812.15	ENSG00000133812	SBF2
ENSG00000133816.13	ENSG00000133816	MICAL2
ENSG00000133818.13	ENSG00000133818	RRAS2
ENSG00000133835.14	ENSG00000133835	HSD17B4
ENSG00000133858.15	ENSG00000133858	ZFC3H1
ENSG00000133863.7	ENSG00000133863	TEX15
ENSG00000133872.13	ENSG00000133872	SARAF
ENSG00000133874.1	ENSG00000133874	RNF122
ENSG00000133878.8	ENSG00000133878	DUSP26
ENSG00000133884.9	ENSG00000133884	DPF2
ENSG00000133895.14	ENSG00000133895	MEN1
ENSG00000133935.6	ENSG00000133935	ERG28
ENSG00000133943.20	ENSG00000133943	C14orf159
ENSG00000133958.13	ENSG00000133958	UNC79
ENSG00000133961.19	ENSG00000133961	NUMB
ENSG00000133983.14	ENSG00000133983	COX16
ENSG00000133985.2	ENSG00000133985	TTC9
ENSG00000133997.11	ENSG00000133997	MED6
ENSG00000134001.12	ENSG00000134001	EIF2S1
ENSG00000134013.15	ENSG00000134013	LOXL2
ENSG00000134014.16	ENSG00000134014	ELP3
ENSG00000134020.7	ENSG00000134020	PEBP4
ENSG00000134030.13	ENSG00000134030	CTIF
ENSG00000134042.12	ENSG00000134042	MRO
ENSG00000134046.11	ENSG00000134046	MBD2
ENSG00000134049.5	ENSG00000134049	IER3IP1
ENSG00000134056.11	ENSG00000134056	MRPS36
ENSG00000134057.14	ENSG00000134057	CCNB1
ENSG00000134058.11	ENSG00000134058	CDK7
ENSG00000134061.5	ENSG00000134061	CD180
ENSG00000134070.4	ENSG00000134070	IRAK2
ENSG00000134072.10	ENSG00000134072	CAMK1
ENSG00000134077.15	ENSG00000134077	THUMPD3
ENSG00000134086.7	ENSG00000134086	VHL
ENSG00000134107.4	ENSG00000134107	BHLHE40
ENSG00000134108.12	ENSG00000134108	ARL8B
ENSG00000134109.10	ENSG00000134109	EDEM1
ENSG00000134115.12	ENSG00000134115	CNTN6
ENSG00000134121.9	ENSG00000134121	CHL1
ENSG00000134138.19	ENSG00000134138	MEIS2
ENSG00000134146.11	ENSG00000134146	DPH6
ENSG00000134152.10	ENSG00000134152	KATNBL1
ENSG00000134153.9	ENSG00000134153	EMC7
ENSG00000134184.12	ENSG00000134184	GSTM1
ENSG00000134186.11	ENSG00000134186	PRPF38B
ENSG00000134198.9	ENSG00000134198	TSPAN2
ENSG00000134201.10	ENSG00000134201	GSTM5
ENSG00000134202.10	ENSG00000134202	GSTM3
ENSG00000134207.15	ENSG00000134207	SYT6
ENSG00000134215.15	ENSG00000134215	VAV3
ENSG00000134222.16	ENSG00000134222	PSRC1
ENSG00000134243.11	ENSG00000134243	SORT1
ENSG00000134245.17	ENSG00000134245	WNT2B
ENSG00000134247.9	ENSG00000134247	PTGFRN
ENSG00000134248.13	ENSG00000134248	LAMTOR5
ENSG00000134250.19	ENSG00000134250	NOTCH2
ENSG00000134253.9	ENSG00000134253	TRIM45
ENSG00000134255.13	ENSG00000134255	CEPT1
ENSG00000134256.12	ENSG00000134256	CD101
ENSG00000134262.12	ENSG00000134262	AP4B1
ENSG00000134265.12	ENSG00000134265	NAPG
ENSG00000134278.15	ENSG00000134278	SPIRE1
ENSG00000134283.17	ENSG00000134283	PPHLN1
ENSG00000134285.10	ENSG00000134285	FKBP11
ENSG00000134287.9	ENSG00000134287	ARF3
ENSG00000134291.11	ENSG00000134291	TMEM106C
ENSG00000134294.13	ENSG00000134294	SLC38A2
ENSG00000134297.6	ENSG00000134297	PLEKHA8P1
ENSG00000134308.13	ENSG00000134308	YWHAQ
ENSG00000134313.15	ENSG00000134313	KIDINS220
ENSG00000134317.17	ENSG00000134317	GRHL1
ENSG00000134318.13	ENSG00000134318	ROCK2
ENSG00000134321.11	ENSG00000134321	RSAD2
ENSG00000134323.11	ENSG00000134323	MYCN
ENSG00000134324.11	ENSG00000134324	LPIN1
ENSG00000134326.11	ENSG00000134326	CMPK2
ENSG00000134330.18	ENSG00000134330	IAH1
ENSG00000134333.13	ENSG00000134333	LDHA
ENSG00000134343.12	ENSG00000134343	ANO3
ENSG00000134352.19	ENSG00000134352	IL6ST
ENSG00000134369.15	ENSG00000134369	NAV1
ENSG00000134371.10	ENSG00000134371	CDC73
ENSG00000134375.10	ENSG00000134375	TIMM17A
ENSG00000134376.15	ENSG00000134376	CRB1
ENSG00000134419.15	ENSG00000134419	RPS15A
ENSG00000134440.11	ENSG00000134440	NARS
ENSG00000134444.13	ENSG00000134444	KIAA1468
ENSG00000134452.19	ENSG00000134452	FBXO18
ENSG00000134453.15	ENSG00000134453	RBM17
ENSG00000134461.15	ENSG00000134461	ANKRD16
ENSG00000134463.14	ENSG00000134463	ECHDC3
ENSG00000134470.20	ENSG00000134470	IL15RA
ENSG00000134480.13	ENSG00000134480	CCNH
ENSG00000134490.13	ENSG00000134490	TMEM241
ENSG00000134504.12	ENSG00000134504	KCTD1
ENSG00000134508.12	ENSG00000134508	CABLES1
ENSG00000134516.15	ENSG00000134516	DOCK2
ENSG00000134531.9	ENSG00000134531	EMP1
ENSG00000134532.15	ENSG00000134532	SOX5
ENSG00000134533.6	ENSG00000134533	RERG
ENSG00000134539.16	ENSG00000134539	KLRD1
ENSG00000134548.9	ENSG00000134548	SPX
ENSG00000134569.9	ENSG00000134569	LRP4
ENSG00000134574.11	ENSG00000134574	DDB2
ENSG00000134575.9	ENSG00000134575	ACP2
ENSG00000134590.13	ENSG00000134590	RTL8C
ENSG00000134594.4	ENSG00000134594	RAB33A
ENSG00000134595.8	ENSG00000134595	SOX3
ENSG00000134597.15	ENSG00000134597	RBMX2
ENSG00000134602.15	ENSG00000134602	STK26
ENSG00000134627.11	ENSG00000134627	PIWIL4
ENSG00000134644.15	ENSG00000134644	PUM1
ENSG00000134684.10	ENSG00000134684	YARS
ENSG00000134686.18	ENSG00000134686	PHC2
ENSG00000134690.10	ENSG00000134690	CDCA8
ENSG00000134697.12	ENSG00000134697	GNL2
ENSG00000134698.10	ENSG00000134698	AGO4
ENSG00000134709.10	ENSG00000134709	HOOK1
ENSG00000134716.9	ENSG00000134716	CYP2J2
ENSG00000134717.17	ENSG00000134717	BTF3L4
ENSG00000134744.13	ENSG00000134744	ZCCHC11
ENSG00000134748.12	ENSG00000134748	PRPF38A
ENSG00000134755.14	ENSG00000134755	DSC2
ENSG00000134758.13	ENSG00000134758	RNF138
ENSG00000134759.13	ENSG00000134759	ELP2
ENSG00000134769.21	ENSG00000134769	DTNA
ENSG00000134775.15	ENSG00000134775	FHOD3
ENSG00000134779.14	ENSG00000134779	TPGS2
ENSG00000134780.9	ENSG00000134780	DAGLA
ENSG00000134802.17	ENSG00000134802	SLC43A3
ENSG00000134809.8	ENSG00000134809	TIMM10
ENSG00000134815.18	ENSG00000134815	DHX34
ENSG00000134824.13	ENSG00000134824	FADS2
ENSG00000134825.15	ENSG00000134825	TMEM258
ENSG00000134830.5	ENSG00000134830	C5AR2
ENSG00000134851.12	ENSG00000134851	TMEM165
ENSG00000134852.14	ENSG00000134852	CLOCK
ENSG00000134853.11	ENSG00000134853	PDGFRA
ENSG00000134864.10	ENSG00000134864	GGACT
ENSG00000134871.17	ENSG00000134871	COL4A2
ENSG00000134873.9	ENSG00000134873	CLDN10
ENSG00000134874.17	ENSG00000134874	DZIP1
ENSG00000134882.15	ENSG00000134882	UBAC2
ENSG00000134884.13	ENSG00000134884	ARGLU1
ENSG00000134897.13	ENSG00000134897	BIVM
ENSG00000134899.18	ENSG00000134899	ERCC5
ENSG00000134900.11	ENSG00000134900	TPP2
ENSG00000134901.12	ENSG00000134901	KDELC1
ENSG00000134905.16	ENSG00000134905	CARS2
ENSG00000134909.18	ENSG00000134909	ARHGAP32
ENSG00000134910.12	ENSG00000134910	STT3A
ENSG00000134917.9	ENSG00000134917	ADAMTS8
ENSG00000134954.14	ENSG00000134954	ETS1
ENSG00000134955.11	ENSG00000134955	SLC37A2
ENSG00000134970.13	ENSG00000134970	TMED7
ENSG00000134982.16	ENSG00000134982	APC
ENSG00000134986.13	ENSG00000134986	NREP
ENSG00000134987.11	ENSG00000134987	WDR36
ENSG00000134996.11	ENSG00000134996	OSTF1
ENSG00000135002.11	ENSG00000135002	RFK
ENSG00000135018.13	ENSG00000135018	UBQLN1
ENSG00000135040.15	ENSG00000135040	NAA35
ENSG00000135045.6	ENSG00000135045	C9orf40
ENSG00000135046.13	ENSG00000135046	ANXA1
ENSG00000135047.14	ENSG00000135047	CTSL
ENSG00000135048.13	ENSG00000135048	TMEM2
ENSG00000135049.15	ENSG00000135049	AGTPBP1
ENSG00000135052.16	ENSG00000135052	GOLM1
ENSG00000135063.17	ENSG00000135063	FAM189A2
ENSG00000135069.13	ENSG00000135069	PSAT1
ENSG00000135070.14	ENSG00000135070	ISCA1
ENSG00000135074.15	ENSG00000135074	ADAM19
ENSG00000135077.8	ENSG00000135077	HAVCR2
ENSG00000135083.14	ENSG00000135083	CCNJL
ENSG00000135090.13	ENSG00000135090	TAOK3
ENSG00000135093.12	ENSG00000135093	USP30
ENSG00000135094.10	ENSG00000135094	SDS
ENSG00000135097.6	ENSG00000135097	MSI1
ENSG00000135108.14	ENSG00000135108	FBXO21
ENSG00000135111.15	ENSG00000135111	TBX3
ENSG00000135116.9	ENSG00000135116	HRK
ENSG00000135119.14	ENSG00000135119	RNFT2
ENSG00000135124.14	ENSG00000135124	P2RX4
ENSG00000135127.11	ENSG00000135127	BICDL1
ENSG00000135144.7	ENSG00000135144	DTX1
ENSG00000135148.11	ENSG00000135148	TRAFD1
ENSG00000135164.18	ENSG00000135164	DMTF1
ENSG00000135185.11	ENSG00000135185	TMEM243
ENSG00000135205.14	ENSG00000135205	CCDC146
ENSG00000135211.5	ENSG00000135211	TMEM60
ENSG00000135218.17	ENSG00000135218	CD36
ENSG00000135241.16	ENSG00000135241	PNPLA8
ENSG00000135245.9	ENSG00000135245	HILPDA
ENSG00000135249.7	ENSG00000135249	RINT1
ENSG00000135250.16	ENSG00000135250	SRPK2
ENSG00000135269.17	ENSG00000135269	TES
ENSG00000135272.10	ENSG00000135272	MDFIC
ENSG00000135297.15	ENSG00000135297	MTO1
ENSG00000135298.13	ENSG00000135298	ADGRB3
ENSG00000135299.16	ENSG00000135299	ANKRD6
ENSG00000135312.6	ENSG00000135312	HTR1B
ENSG00000135314.12	ENSG00000135314	KHDC1
ENSG00000135315.11	ENSG00000135315	CEP162
ENSG00000135316.17	ENSG00000135316	SYNCRIP
ENSG00000135317.12	ENSG00000135317	SNX14
ENSG00000135318.11	ENSG00000135318	NT5E
ENSG00000135324.5	ENSG00000135324	MRAP2
ENSG00000135333.13	ENSG00000135333	EPHA7
ENSG00000135334.8	ENSG00000135334	AKIRIN2
ENSG00000135336.14	ENSG00000135336	ORC3
ENSG00000135338.13	ENSG00000135338	LCA5
ENSG00000135341.17	ENSG00000135341	MAP3K7
ENSG00000135362.13	ENSG00000135362	PRR5L
ENSG00000135363.11	ENSG00000135363	LMO2
ENSG00000135365.15	ENSG00000135365	PHF21A
ENSG00000135372.8	ENSG00000135372	NAT10
ENSG00000135373.12	ENSG00000135373	EHF
ENSG00000135378.3	ENSG00000135378	PRRG4
ENSG00000135387.20	ENSG00000135387	CAPRIN1
ENSG00000135390.17	ENSG00000135390	ATP5G2
ENSG00000135392.15	ENSG00000135392	DNAJC14
ENSG00000135404.11	ENSG00000135404	CD63
ENSG00000135407.10	ENSG00000135407	AVIL
ENSG00000135414.9	ENSG00000135414	GDF11
ENSG00000135423.12	ENSG00000135423	GLS2
ENSG00000135424.15	ENSG00000135424	ITGA7
ENSG00000135426.15	ENSG00000135426	TESPA1
ENSG00000135437.9	ENSG00000135437	RDH5
ENSG00000135439.11	ENSG00000135439	AGAP2
ENSG00000135441.7	ENSG00000135441	BLOC1S1
ENSG00000135446.16	ENSG00000135446	CDK4
ENSG00000135447.16	ENSG00000135447	PPP1R1A
ENSG00000135452.9	ENSG00000135452	TSPAN31
ENSG00000135454.13	ENSG00000135454	B4GALNT1
ENSG00000135457.9	ENSG00000135457	TFCP2
ENSG00000135469.13	ENSG00000135469	COQ10A
ENSG00000135472.8	ENSG00000135472	FAIM2
ENSG00000135473.14	ENSG00000135473	PAN2
ENSG00000135482.6	ENSG00000135482	ZC3H10
ENSG00000135486.17	ENSG00000135486	HNRNPA1
ENSG00000135502.17	ENSG00000135502	SLC26A10
ENSG00000135503.12	ENSG00000135503	ACVR1B
ENSG00000135506.15	ENSG00000135506	OS9
ENSG00000135519.6	ENSG00000135519	KCNH3
ENSG00000135521.8	ENSG00000135521	LTV1
ENSG00000135525.18	ENSG00000135525	MAP7
ENSG00000135535.15	ENSG00000135535	CD164
ENSG00000135537.16	ENSG00000135537	AFG1L
ENSG00000135540.11	ENSG00000135540	NHSL1
ENSG00000135541.20	ENSG00000135541	AHI1
ENSG00000135547.8	ENSG00000135547	HEY2
ENSG00000135549.14	ENSG00000135549	PKIB
ENSG00000135587.8	ENSG00000135587	SMPD2
ENSG00000135596.17	ENSG00000135596	MICAL1
ENSG00000135597.18	ENSG00000135597	REPS1
ENSG00000135604.9	ENSG00000135604	STX11
ENSG00000135605.12	ENSG00000135605	TEC
ENSG00000135617.3	ENSG00000135617	PRADC1
ENSG00000135622.12	ENSG00000135622	SEMA4F
ENSG00000135624.15	ENSG00000135624	CCT7
ENSG00000135625.7	ENSG00000135625	EGR4
ENSG00000135631.16	ENSG00000135631	RAB11FIP5
ENSG00000135632.11	ENSG00000135632	SMYD5
ENSG00000135636.13	ENSG00000135636	DYSF
ENSG00000135637.13	ENSG00000135637	CCDC142
ENSG00000135638.13	ENSG00000135638	EMX1
ENSG00000135643.4	ENSG00000135643	KCNMB4
ENSG00000135655.15	ENSG00000135655	USP15
ENSG00000135677.10	ENSG00000135677	GNS
ENSG00000135678.11	ENSG00000135678	CPM
ENSG00000135679.22	ENSG00000135679	MDM2
ENSG00000135686.12	ENSG00000135686	KLHL36
ENSG00000135698.9	ENSG00000135698	MPHOSPH6
ENSG00000135702.14	ENSG00000135702	CHST5
ENSG00000135709.12	ENSG00000135709	KIAA0513
ENSG00000135720.12	ENSG00000135720	DYNC1LI2
ENSG00000135722.8	ENSG00000135722	FBXL8
ENSG00000135723.13	ENSG00000135723	FHOD1
ENSG00000135736.5	ENSG00000135736	CCDC102A
ENSG00000135740.16	ENSG00000135740	SLC9A5
ENSG00000135744.7	ENSG00000135744	AGT
ENSG00000135749.18	ENSG00000135749	PCNX2
ENSG00000135750.14	ENSG00000135750	KCNK1
ENSG00000135763.9	ENSG00000135763	URB2
ENSG00000135766.8	ENSG00000135766	EGLN1
ENSG00000135775.13	ENSG00000135775	COG2
ENSG00000135776.4	ENSG00000135776	ABCB10
ENSG00000135778.11	ENSG00000135778	NTPCR
ENSG00000135801.9	ENSG00000135801	TAF5L
ENSG00000135821.17	ENSG00000135821	GLUL
ENSG00000135823.13	ENSG00000135823	STX6
ENSG00000135824.12	ENSG00000135824	RGS8
ENSG00000135828.11	ENSG00000135828	RNASEL
ENSG00000135829.16	ENSG00000135829	DHX9
ENSG00000135835.11	ENSG00000135835	KIAA1614
ENSG00000135837.15	ENSG00000135837	CEP350
ENSG00000135838.13	ENSG00000135838	NPL
ENSG00000135842.16	ENSG00000135842	FAM129A
ENSG00000135845.9	ENSG00000135845	PIGC
ENSG00000135862.5	ENSG00000135862	LAMC1
ENSG00000135870.11	ENSG00000135870	RC3H1
ENSG00000135898.9	ENSG00000135898	GPR55
ENSG00000135899.17	ENSG00000135899	SP110
ENSG00000135900.3	ENSG00000135900	MRPL44
ENSG00000135905.18	ENSG00000135905	DOCK10
ENSG00000135912.10	ENSG00000135912	TTLL4
ENSG00000135913.10	ENSG00000135913	USP37
ENSG00000135916.15	ENSG00000135916	ITM2C
ENSG00000135917.13	ENSG00000135917	SLC19A3
ENSG00000135919.12	ENSG00000135919	SERPINE2
ENSG00000135924.15	ENSG00000135924	DNAJB2
ENSG00000135925.8	ENSG00000135925	WNT10A
ENSG00000135926.14	ENSG00000135926	TMBIM1
ENSG00000135929.8	ENSG00000135929	CYP27A1
ENSG00000135930.13	ENSG00000135930	EIF4E2
ENSG00000135931.17	ENSG00000135931	ARMC9
ENSG00000135932.10	ENSG00000135932	CAB39
ENSG00000135940.6	ENSG00000135940	COX5B
ENSG00000135945.9	ENSG00000135945	REV1
ENSG00000135951.14	ENSG00000135951	TSGA10
ENSG00000135953.10	ENSG00000135953	MFSD9
ENSG00000135956.8	ENSG00000135956	TMEM127
ENSG00000135966.12	ENSG00000135966	TGFBRAP1
ENSG00000135968.20	ENSG00000135968	GCC2
ENSG00000135972.8	ENSG00000135972	MRPS9
ENSG00000135973.2	ENSG00000135973	GPR45
ENSG00000135974.9	ENSG00000135974	C2orf49
ENSG00000135976.17	ENSG00000135976	ANKRD36
ENSG00000135999.11	ENSG00000135999	EPC2
ENSG00000136002.18	ENSG00000136002	ARHGEF4
ENSG00000136003.15	ENSG00000136003	ISCU
ENSG00000136010.13	ENSG00000136010	ALDH1L2
ENSG00000136014.11	ENSG00000136014	USP44
ENSG00000136021.18	ENSG00000136021	SCYL2
ENSG00000136026.13	ENSG00000136026	CKAP4
ENSG00000136040.8	ENSG00000136040	PLXNC1
ENSG00000136044.11	ENSG00000136044	APPL2
ENSG00000136045.11	ENSG00000136045	PWP1
ENSG00000136048.13	ENSG00000136048	DRAM1
ENSG00000136051.13	ENSG00000136051	WASHC4
ENSG00000136052.9	ENSG00000136052	SLC41A2
ENSG00000136059.14	ENSG00000136059	VILL
ENSG00000136068.14	ENSG00000136068	FLNB
ENSG00000136098.16	ENSG00000136098	NEK3
ENSG00000136099.13	ENSG00000136099	PCDH8
ENSG00000136100.12	ENSG00000136100	VPS36
ENSG00000136104.19	ENSG00000136104	RNASEH2B
ENSG00000136108.14	ENSG00000136108	CKAP2
ENSG00000136110.12	ENSG00000136110	CNMD
ENSG00000136111.12	ENSG00000136111	TBC1D4
ENSG00000136114.15	ENSG00000136114	THSD1
ENSG00000136122.15	ENSG00000136122	BORA
ENSG00000136141.14	ENSG00000136141	LRCH1
ENSG00000136143.14	ENSG00000136143	SUCLA2
ENSG00000136144.11	ENSG00000136144	RCBTB1
ENSG00000136146.14	ENSG00000136146	MED4
ENSG00000136147.17	ENSG00000136147	PHF11
ENSG00000136152.14	ENSG00000136152	COG3
ENSG00000136153.19	ENSG00000136153	LMO7
ENSG00000136156.12	ENSG00000136156	ITM2B
ENSG00000136158.11	ENSG00000136158	SPRY2
ENSG00000136159.3	ENSG00000136159	NUDT15
ENSG00000136160.14	ENSG00000136160	EDNRB
ENSG00000136161.12	ENSG00000136161	RCBTB2
ENSG00000136167.13	ENSG00000136167	LCP1
ENSG00000136169.16	ENSG00000136169	SETDB2
ENSG00000136193.16	ENSG00000136193	SCRN1
ENSG00000136197.12	ENSG00000136197	C7orf25
ENSG00000136205.16	ENSG00000136205	TNS3
ENSG00000136213.9	ENSG00000136213	CHST12
ENSG00000136235.15	ENSG00000136235	GPNMB
ENSG00000136237.18	ENSG00000136237	RAPGEF5
ENSG00000136238.17	ENSG00000136238	RAC1
ENSG00000136240.9	ENSG00000136240	KDELR2
ENSG00000136243.16	ENSG00000136243	NUPL2
ENSG00000136247.14	ENSG00000136247	ZDHHC4
ENSG00000136250.11	ENSG00000136250	AOAH
ENSG00000136261.14	ENSG00000136261	BZW2
ENSG00000136267.13	ENSG00000136267	DGKB
ENSG00000136270.13	ENSG00000136270	TBRG4
ENSG00000136271.10	ENSG00000136271	DDX56
ENSG00000136273.11	ENSG00000136273	HUS1
ENSG00000136274.8	ENSG00000136274	NACAD
ENSG00000136279.20	ENSG00000136279	DBNL
ENSG00000136280.15	ENSG00000136280	CCM2
ENSG00000136286.14	ENSG00000136286	MYO1G
ENSG00000136295.14	ENSG00000136295	TTYH3
ENSG00000136297.14	ENSG00000136297	MMD2
ENSG00000136305.11	ENSG00000136305	CIDEB
ENSG00000136319.11	ENSG00000136319	TTC5
ENSG00000136367.13	ENSG00000136367	ZFHX2
ENSG00000136371.10	ENSG00000136371	MTHFS
ENSG00000136378.14	ENSG00000136378	ADAMTS7
ENSG00000136379.11	ENSG00000136379	ABHD17C
ENSG00000136381.12	ENSG00000136381	IREB2
ENSG00000136383.6	ENSG00000136383	ALPK3
ENSG00000136404.15	ENSG00000136404	TM6SF1
ENSG00000136425.12	ENSG00000136425	CIB2
ENSG00000136436.14	ENSG00000136436	CALCOCO2
ENSG00000136444.9	ENSG00000136444	RSAD1
ENSG00000136448.11	ENSG00000136448	NMT1
ENSG00000136449.13	ENSG00000136449	MYCBPAP
ENSG00000136450.12	ENSG00000136450	SRSF1
ENSG00000136451.8	ENSG00000136451	VEZF1
ENSG00000136457.9	ENSG00000136457	CHAD
ENSG00000136463.7	ENSG00000136463	TACO1
ENSG00000136478.7	ENSG00000136478	TEX2
ENSG00000136485.14	ENSG00000136485	DCAF7
ENSG00000136490.8	ENSG00000136490	LIMD2
ENSG00000136492.8	ENSG00000136492	BRIP1
ENSG00000136504.11	ENSG00000136504	KAT7
ENSG00000136514.2	ENSG00000136514	RTP4
ENSG00000136518.16	ENSG00000136518	ACTL6A
ENSG00000136521.12	ENSG00000136521	NDUFB5
ENSG00000136522.13	ENSG00000136522	MRPL47
ENSG00000136527.17	ENSG00000136527	TRA2B
ENSG00000136531.15	ENSG00000136531	SCN2A
ENSG00000136535.14	ENSG00000136535	TBR1
ENSG00000136536.14	ENSG00000136536	MARCH7
ENSG00000136541.14	ENSG00000136541	ERMN
ENSG00000136546.13	ENSG00000136546	SCN7A
ENSG00000136560.13	ENSG00000136560	TANK
ENSG00000136603.13	ENSG00000136603	SKIL
ENSG00000136628.17	ENSG00000136628	EPRS
ENSG00000136630.12	ENSG00000136630	HLX
ENSG00000136631.12	ENSG00000136631	VPS45
ENSG00000136636.12	ENSG00000136636	KCTD3
ENSG00000136643.11	ENSG00000136643	RPS6KC1
ENSG00000136682.14	ENSG00000136682	CBWD2
ENSG00000136698.8	ENSG00000136698	CFC1
ENSG00000136699.19	ENSG00000136699	SMPD4
ENSG00000136709.11	ENSG00000136709	WDR33
ENSG00000136710.9	ENSG00000136710	CCDC115
ENSG00000136715.17	ENSG00000136715	SAP130
ENSG00000136717.14	ENSG00000136717	BIN1
ENSG00000136718.9	ENSG00000136718	IMP4
ENSG00000136720.6	ENSG00000136720	HS6ST1
ENSG00000136731.12	ENSG00000136731	UGGT1
ENSG00000136732.14	ENSG00000136732	GYPC
ENSG00000136738.14	ENSG00000136738	STAM
ENSG00000136750.11	ENSG00000136750	GAD2
ENSG00000136754.17	ENSG00000136754	ABI1
ENSG00000136758.18	ENSG00000136758	YME1L1
ENSG00000136770.10	ENSG00000136770	DNAJC1
ENSG00000136783.9	ENSG00000136783	NIPSNAP3A
ENSG00000136802.11	ENSG00000136802	LRRC8A
ENSG00000136807.13	ENSG00000136807	CDK9
ENSG00000136810.12	ENSG00000136810	TXN
ENSG00000136811.16	ENSG00000136811	ODF2
ENSG00000136813.14	ENSG00000136813	KIAA0368
ENSG00000136816.15	ENSG00000136816	TOR1B
ENSG00000136819.15	ENSG00000136819	C9orf78
ENSG00000136824.18	ENSG00000136824	SMC2
ENSG00000136826.14	ENSG00000136826	KLF4
ENSG00000136827.11	ENSG00000136827	TOR1A
ENSG00000136828.18	ENSG00000136828	RALGPS1
ENSG00000136830.11	ENSG00000136830	FAM129B
ENSG00000136840.18	ENSG00000136840	ST6GALNAC4
ENSG00000136842.13	ENSG00000136842	TMOD1
ENSG00000136848.16	ENSG00000136848	DAB2IP
ENSG00000136854.19	ENSG00000136854	STXBP1
ENSG00000136856.17	ENSG00000136856	SLC2A8
ENSG00000136859.9	ENSG00000136859	ANGPTL2
ENSG00000136861.17	ENSG00000136861	CDK5RAP2
ENSG00000136866.13	ENSG00000136866	ZFP37
ENSG00000136867.10	ENSG00000136867	SLC31A2
ENSG00000136868.10	ENSG00000136868	SLC31A1
ENSG00000136869.13	ENSG00000136869	TLR4
ENSG00000136870.10	ENSG00000136870	ZNF189
ENSG00000136874.10	ENSG00000136874	STX17
ENSG00000136875.12	ENSG00000136875	PRPF4
ENSG00000136877.14	ENSG00000136877	FPGS
ENSG00000136878.12	ENSG00000136878	USP20
ENSG00000136881.11	ENSG00000136881	BAAT
ENSG00000136883.13	ENSG00000136883	KIF12
ENSG00000136888.6	ENSG00000136888	ATP6V1G1
ENSG00000136891.13	ENSG00000136891	TEX10
ENSG00000136895.18	ENSG00000136895	GARNL3
ENSG00000136897.7	ENSG00000136897	MRPL50
ENSG00000136908.17	ENSG00000136908	DPM2
ENSG00000136925.14	ENSG00000136925	TSTD2
ENSG00000136928.6	ENSG00000136928	GABBR2
ENSG00000136930.12	ENSG00000136930	PSMB7
ENSG00000136932.13	ENSG00000136932	TRMO
ENSG00000136933.16	ENSG00000136933	RABEPK
ENSG00000136935.13	ENSG00000136935	GOLGA1
ENSG00000136936.10	ENSG00000136936	XPA
ENSG00000136937.12	ENSG00000136937	NCBP1
ENSG00000136938.8	ENSG00000136938	ANP32B
ENSG00000136940.13	ENSG00000136940	PDCL
ENSG00000136942.14	ENSG00000136942	RPL35
ENSG00000136950.13	ENSG00000136950	ARPC5L
ENSG00000136960.12	ENSG00000136960	ENPP2
ENSG00000136982.5	ENSG00000136982	DSCC1
ENSG00000136986.9	ENSG00000136986	DERL1
ENSG00000136997.17	ENSG00000136997	MYC
ENSG00000136999.4	ENSG00000136999	NOV
ENSG00000137033.11	ENSG00000137033	IL33
ENSG00000137038.7	ENSG00000137038	DMAC1
ENSG00000137040.9	ENSG00000137040	RANBP6
ENSG00000137054.15	ENSG00000137054	POLR1E
ENSG00000137055.14	ENSG00000137055	PLAA
ENSG00000137070.17	ENSG00000137070	IL11RA
ENSG00000137073.21	ENSG00000137073	UBAP2
ENSG00000137074.18	ENSG00000137074	APTX
ENSG00000137075.17	ENSG00000137075	RNF38
ENSG00000137076.20	ENSG00000137076	TLN1
ENSG00000137094.14	ENSG00000137094	DNAJB5
ENSG00000137098.13	ENSG00000137098	SPAG8
ENSG00000137100.15	ENSG00000137100	DCTN3
ENSG00000137101.12	ENSG00000137101	CD72
ENSG00000137103.17	ENSG00000137103	TMEM8B
ENSG00000137106.17	ENSG00000137106	GRHPR
ENSG00000137124.7	ENSG00000137124	ALDH1B1
ENSG00000137133.10	ENSG00000137133	HINT2
ENSG00000137142.4	ENSG00000137142	IGFBPL1
ENSG00000137145.20	ENSG00000137145	DENND4C
ENSG00000137154.12	ENSG00000137154	RPS6
ENSG00000137161.16	ENSG00000137161	CNPY3
ENSG00000137166.14	ENSG00000137166	FOXP4
ENSG00000137168.7	ENSG00000137168	PPIL1
ENSG00000137171.14	ENSG00000137171	KLC4
ENSG00000137177.19	ENSG00000137177	KIF13A
ENSG00000137185.11	ENSG00000137185	ZSCAN9
ENSG00000137193.13	ENSG00000137193	PIM1
ENSG00000137198.9	ENSG00000137198	GMPR
ENSG00000137200.12	ENSG00000137200	CMTR1
ENSG00000137207.11	ENSG00000137207	YIPF3
ENSG00000137210.13	ENSG00000137210	TMEM14B
ENSG00000137216.18	ENSG00000137216	TMEM63B
ENSG00000137218.10	ENSG00000137218	FRS3
ENSG00000137221.14	ENSG00000137221	TJAP1
ENSG00000137261.13	ENSG00000137261	KIAA0319
ENSG00000137266.14	ENSG00000137266	SLC22A23
ENSG00000137267.5	ENSG00000137267	TUBB2A
ENSG00000137269.14	ENSG00000137269	LRRC1
ENSG00000137273.3	ENSG00000137273	FOXF2
ENSG00000137274.12	ENSG00000137274	BPHL
ENSG00000137275.13	ENSG00000137275	RIPK1
ENSG00000137285.9	ENSG00000137285	TUBB2B
ENSG00000137288.9	ENSG00000137288	UQCC2
ENSG00000137309.19	ENSG00000137309	HMGA1
ENSG00000137310.11	ENSG00000137310	TCF19
ENSG00000137312.14	ENSG00000137312	FLOT1
ENSG00000137331.11	ENSG00000137331	IER3
ENSG00000137337.14	ENSG00000137337	MDC1
ENSG00000137338.5	ENSG00000137338	PGBD1
ENSG00000137343.17	ENSG00000137343	ATAT1
ENSG00000137364.4	ENSG00000137364	TPMT
ENSG00000137393.9	ENSG00000137393	RNF144B
ENSG00000137404.14	ENSG00000137404	NRM
ENSG00000137409.19	ENSG00000137409	MTCH1
ENSG00000137411.16	ENSG00000137411	VARS2
ENSG00000137413.15	ENSG00000137413	TAF8
ENSG00000137414.5	ENSG00000137414	FAM8A1
ENSG00000137449.15	ENSG00000137449	CPEB2
ENSG00000137460.8	ENSG00000137460	FHDC1
ENSG00000137462.6	ENSG00000137462	TLR2
ENSG00000137463.4	ENSG00000137463	MGARP
ENSG00000137474.19	ENSG00000137474	MYO7A
ENSG00000137478.14	ENSG00000137478	FCHSD2
ENSG00000137486.16	ENSG00000137486	ARRB1
ENSG00000137491.14	ENSG00000137491	SLCO2B1
ENSG00000137492.7	ENSG00000137492	THAP12
ENSG00000137494.13	ENSG00000137494	ANKRD42
ENSG00000137496.17	ENSG00000137496	IL18BP
ENSG00000137497.17	ENSG00000137497	NUMA1
ENSG00000137500.9	ENSG00000137500	CCDC90B
ENSG00000137501.17	ENSG00000137501	SYTL2
ENSG00000137502.9	ENSG00000137502	RAB30
ENSG00000137504.13	ENSG00000137504	CREBZF
ENSG00000137507.11	ENSG00000137507	LRRC32
ENSG00000137509.10	ENSG00000137509	PRCP
ENSG00000137513.9	ENSG00000137513	NARS2
ENSG00000137522.17	ENSG00000137522	RNF121
ENSG00000137547.8	ENSG00000137547	MRPL15
ENSG00000137558.7	ENSG00000137558	PI15
ENSG00000137561.4	ENSG00000137561	TTPA
ENSG00000137563.11	ENSG00000137563	GGH
ENSG00000137571.10	ENSG00000137571	SLCO5A1
ENSG00000137573.13	ENSG00000137573	SULF1
ENSG00000137574.10	ENSG00000137574	TGS1
ENSG00000137575.11	ENSG00000137575	SDCBP
ENSG00000137601.16	ENSG00000137601	NEK1
ENSG00000137628.16	ENSG00000137628	DDX60
ENSG00000137642.12	ENSG00000137642	SORL1
ENSG00000137656.11	ENSG00000137656	BUD13
ENSG00000137672.12	ENSG00000137672	TRPC6
ENSG00000137691.12	ENSG00000137691	C11orf70
ENSG00000137692.11	ENSG00000137692	DCUN1D5
ENSG00000137693.13	ENSG00000137693	YAP1
ENSG00000137700.17	ENSG00000137700	SLC37A4
ENSG00000137710.14	ENSG00000137710	RDX
ENSG00000137713.15	ENSG00000137713	PPP2R1B
ENSG00000137714.2	ENSG00000137714	FDX1
ENSG00000137720.7	ENSG00000137720	C11orf1
ENSG00000137726.16	ENSG00000137726	FXYD6
ENSG00000137727.12	ENSG00000137727	ARHGAP20
ENSG00000137752.23	ENSG00000137752	CASP1
ENSG00000137760.14	ENSG00000137760	ALKBH8
ENSG00000137764.19	ENSG00000137764	MAP2K5
ENSG00000137766.16	ENSG00000137766	UNC13C
ENSG00000137767.13	ENSG00000137767	SQOR
ENSG00000137770.13	ENSG00000137770	CTDSPL2
ENSG00000137776.16	ENSG00000137776	SLTM
ENSG00000137801.10	ENSG00000137801	THBS1
ENSG00000137802.13	ENSG00000137802	MAPKBP1
ENSG00000137804.12	ENSG00000137804	NUSAP1
ENSG00000137806.8	ENSG00000137806	NDUFAF1
ENSG00000137807.13	ENSG00000137807	KIF23
ENSG00000137809.16	ENSG00000137809	ITGA11
ENSG00000137814.10	ENSG00000137814	HAUS2
ENSG00000137815.14	ENSG00000137815	RTF1
ENSG00000137817.16	ENSG00000137817	PARP6
ENSG00000137818.11	ENSG00000137818	RPLP1
ENSG00000137819.13	ENSG00000137819	PAQR5
ENSG00000137821.11	ENSG00000137821	LRRC49
ENSG00000137822.12	ENSG00000137822	TUBGCP4
ENSG00000137824.15	ENSG00000137824	RMDN3
ENSG00000137825.10	ENSG00000137825	ITPKA
ENSG00000137831.14	ENSG00000137831	UACA
ENSG00000137834.14	ENSG00000137834	SMAD6
ENSG00000137841.11	ENSG00000137841	PLCB2
ENSG00000137842.6	ENSG00000137842	TMEM62
ENSG00000137843.11	ENSG00000137843	PAK6
ENSG00000137845.14	ENSG00000137845	ADAM10
ENSG00000137857.17	ENSG00000137857	DUOX1
ENSG00000137871.19	ENSG00000137871	ZNF280D
ENSG00000137872.16	ENSG00000137872	SEMA6D
ENSG00000137876.9	ENSG00000137876	RSL24D1
ENSG00000137877.9	ENSG00000137877	SPTBN5
ENSG00000137880.5	ENSG00000137880	GCHFR
ENSG00000137936.16	ENSG00000137936	BCAR3
ENSG00000137941.16	ENSG00000137941	TTLL7
ENSG00000137942.16	ENSG00000137942	FNBP1L
ENSG00000137944.17	ENSG00000137944	KYAT3
ENSG00000137947.11	ENSG00000137947	GTF2B
ENSG00000137955.15	ENSG00000137955	RABGGTB
ENSG00000137959.15	ENSG00000137959	IFI44L
ENSG00000137960.5	ENSG00000137960	GIPC2
ENSG00000137962.12	ENSG00000137962	ARHGAP29
ENSG00000137965.10	ENSG00000137965	IFI44
ENSG00000137968.16	ENSG00000137968	SLC44A5
ENSG00000137992.14	ENSG00000137992	DBT
ENSG00000137996.12	ENSG00000137996	RTCA
ENSG00000138002.14	ENSG00000138002	IFT172
ENSG00000138018.17	ENSG00000138018	SELENOI
ENSG00000138028.15	ENSG00000138028	CGREF1
ENSG00000138029.13	ENSG00000138029	HADHB
ENSG00000138030.12	ENSG00000138030	KHK
ENSG00000138031.14	ENSG00000138031	ADCY3
ENSG00000138032.20	ENSG00000138032	PPM1B
ENSG00000138035.14	ENSG00000138035	PNPT1
ENSG00000138036.18	ENSG00000138036	DYNC2LI1
ENSG00000138050.14	ENSG00000138050	THUMPD2
ENSG00000138061.11	ENSG00000138061	CYP1B1
ENSG00000138069.16	ENSG00000138069	RAB1A
ENSG00000138071.13	ENSG00000138071	ACTR2
ENSG00000138073.13	ENSG00000138073	PREB
ENSG00000138074.14	ENSG00000138074	SLC5A6
ENSG00000138078.15	ENSG00000138078	PREPL
ENSG00000138080.13	ENSG00000138080	EMILIN1
ENSG00000138081.20	ENSG00000138081	FBXO11
ENSG00000138083.4	ENSG00000138083	SIX3
ENSG00000138085.16	ENSG00000138085	ATRAID
ENSG00000138092.10	ENSG00000138092	CENPO
ENSG00000138095.18	ENSG00000138095	LRPPRC
ENSG00000138100.13	ENSG00000138100	TRIM54
ENSG00000138101.18	ENSG00000138101	DTNB
ENSG00000138107.12	ENSG00000138107	ACTR1A
ENSG00000138111.14	ENSG00000138111	MFSD13A
ENSG00000138115.13	ENSG00000138115	CYP2C8
ENSG00000138119.16	ENSG00000138119	MYOF
ENSG00000138131.3	ENSG00000138131	LOXL4
ENSG00000138134.11	ENSG00000138134	STAMBPL1
ENSG00000138135.6	ENSG00000138135	CH25H
ENSG00000138138.13	ENSG00000138138	ATAD1
ENSG00000138160.5	ENSG00000138160	KIF11
ENSG00000138161.13	ENSG00000138161	CUZD1
ENSG00000138162.18	ENSG00000138162	TACC2
ENSG00000138166.5	ENSG00000138166	DUSP5
ENSG00000138172.10	ENSG00000138172	CALHM2
ENSG00000138175.8	ENSG00000138175	ARL3
ENSG00000138182.14	ENSG00000138182	KIF20B
ENSG00000138185.19	ENSG00000138185	ENTPD1
ENSG00000138190.16	ENSG00000138190	EXOC6
ENSG00000138193.15	ENSG00000138193	PLCE1
ENSG00000138207.13	ENSG00000138207	RBP4
ENSG00000138231.12	ENSG00000138231	DBR1
ENSG00000138246.15	ENSG00000138246	DNAJC13
ENSG00000138279.15	ENSG00000138279	ANXA7
ENSG00000138286.14	ENSG00000138286	FAM149B1
ENSG00000138303.17	ENSG00000138303	ASCC1
ENSG00000138311.15	ENSG00000138311	ZNF365
ENSG00000138316.10	ENSG00000138316	ADAMTS14
ENSG00000138326.18	ENSG00000138326	RPS24
ENSG00000138336.8	ENSG00000138336	TET1
ENSG00000138346.14	ENSG00000138346	DNA2
ENSG00000138356.13	ENSG00000138356	AOX1
ENSG00000138363.14	ENSG00000138363	ATIC
ENSG00000138375.12	ENSG00000138375	SMARCAL1
ENSG00000138376.10	ENSG00000138376	BARD1
ENSG00000138378.17	ENSG00000138378	STAT4
ENSG00000138379.4	ENSG00000138379	MSTN
ENSG00000138380.17	ENSG00000138380	CARF
ENSG00000138381.9	ENSG00000138381	ASNSD1
ENSG00000138382.14	ENSG00000138382	METTL5
ENSG00000138385.15	ENSG00000138385	SSB
ENSG00000138386.16	ENSG00000138386	NAB1
ENSG00000138398.15	ENSG00000138398	PPIG
ENSG00000138399.17	ENSG00000138399	FASTKD1
ENSG00000138400.12	ENSG00000138400	MDH1B
ENSG00000138411.10	ENSG00000138411	HECW2
ENSG00000138413.13	ENSG00000138413	IDH1
ENSG00000138430.15	ENSG00000138430	OLA1
ENSG00000138433.15	ENSG00000138433	CIR1
ENSG00000138434.16	ENSG00000138434	SSFA2
ENSG00000138439.11	ENSG00000138439	FAM117B
ENSG00000138442.9	ENSG00000138442	WDR12
ENSG00000138443.15	ENSG00000138443	ABI2
ENSG00000138448.11	ENSG00000138448	ITGAV
ENSG00000138449.10	ENSG00000138449	SLC40A1
ENSG00000138459.8	ENSG00000138459	SLC35A5
ENSG00000138463.8	ENSG00000138463	DIRC2
ENSG00000138468.15	ENSG00000138468	SENP7
ENSG00000138495.6	ENSG00000138495	COX17
ENSG00000138496.16	ENSG00000138496	PARP9
ENSG00000138587.5	ENSG00000138587	MNS1
ENSG00000138592.13	ENSG00000138592	USP8
ENSG00000138593.8	ENSG00000138593	SECISBP2L
ENSG00000138594.13	ENSG00000138594	TMOD3
ENSG00000138600.9	ENSG00000138600	SPPL2A
ENSG00000138604.9	ENSG00000138604	GLCE
ENSG00000138606.19	ENSG00000138606	SHF
ENSG00000138613.13	ENSG00000138613	APH1B
ENSG00000138614.14	ENSG00000138614	INTS14
ENSG00000138617.14	ENSG00000138617	PARP16
ENSG00000138621.11	ENSG00000138621	PPCDC
ENSG00000138622.3	ENSG00000138622	HCN4
ENSG00000138623.9	ENSG00000138623	SEMA7A
ENSG00000138629.15	ENSG00000138629	UBL7
ENSG00000138639.17	ENSG00000138639	ARHGAP24
ENSG00000138640.14	ENSG00000138640	FAM13A
ENSG00000138641.15	ENSG00000138641	HERC3
ENSG00000138642.14	ENSG00000138642	HERC6
ENSG00000138646.8	ENSG00000138646	HERC5
ENSG00000138650.8	ENSG00000138650	PCDH10
ENSG00000138658.15	ENSG00000138658	ZGRF1
ENSG00000138660.11	ENSG00000138660	AP1AR
ENSG00000138663.8	ENSG00000138663	COPS4
ENSG00000138668.18	ENSG00000138668	HNRNPD
ENSG00000138669.9	ENSG00000138669	PRKG2
ENSG00000138670.17	ENSG00000138670	RASGEF1B
ENSG00000138674.16	ENSG00000138674	SEC31A
ENSG00000138675.16	ENSG00000138675	FGF5
ENSG00000138678.10	ENSG00000138678	GPAT3
ENSG00000138685.13	ENSG00000138685	FGF2
ENSG00000138686.9	ENSG00000138686	BBS7
ENSG00000138688.15	ENSG00000138688	KIAA1109
ENSG00000138696.10	ENSG00000138696	BMPR1B
ENSG00000138698.14	ENSG00000138698	RAP1GDS1
ENSG00000138709.17	ENSG00000138709	LARP1B
ENSG00000138722.9	ENSG00000138722	MMRN1
ENSG00000138735.15	ENSG00000138735	PDE5A
ENSG00000138738.10	ENSG00000138738	PRDM5
ENSG00000138741.10	ENSG00000138741	TRPC3
ENSG00000138744.14	ENSG00000138744	NAAA
ENSG00000138750.14	ENSG00000138750	NUP54
ENSG00000138756.17	ENSG00000138756	BMP2K
ENSG00000138757.14	ENSG00000138757	G3BP2
ENSG00000138758.11	ENSG00000138758	SEPT11
ENSG00000138759.18	ENSG00000138759	FRAS1
ENSG00000138760.9	ENSG00000138760	SCARB2
ENSG00000138764.14	ENSG00000138764	CCNG2
ENSG00000138767.12	ENSG00000138767	CNOT6L
ENSG00000138768.14	ENSG00000138768	USO1
ENSG00000138769.10	ENSG00000138769	CDKL2
ENSG00000138771.14	ENSG00000138771	SHROOM3
ENSG00000138772.12	ENSG00000138772	ANXA3
ENSG00000138777.19	ENSG00000138777	PPA2
ENSG00000138778.11	ENSG00000138778	CENPE
ENSG00000138780.14	ENSG00000138780	GSTCD
ENSG00000138785.14	ENSG00000138785	INTS12
ENSG00000138792.9	ENSG00000138792	ENPEP
ENSG00000138794.9	ENSG00000138794	CASP6
ENSG00000138795.9	ENSG00000138795	LEF1
ENSG00000138796.16	ENSG00000138796	HADH
ENSG00000138798.11	ENSG00000138798	EGF
ENSG00000138801.8	ENSG00000138801	PAPSS1
ENSG00000138802.11	ENSG00000138802	SEC24B
ENSG00000138814.16	ENSG00000138814	PPP3CA
ENSG00000138821.12	ENSG00000138821	SLC39A8
ENSG00000138823.13	ENSG00000138823	MTTP
ENSG00000138829.11	ENSG00000138829	FBN2
ENSG00000138834.12	ENSG00000138834	MAPK8IP3
ENSG00000138835.22	ENSG00000138835	RGS3
ENSG00000138867.16	ENSG00000138867	GUCD1
ENSG00000138942.15	ENSG00000138942	RNF185
ENSG00000138944.7	ENSG00000138944	KIAA1644
ENSG00000138964.16	ENSG00000138964	PARVG
ENSG00000139044.10	ENSG00000139044	B4GALNT3
ENSG00000139083.10	ENSG00000139083	ETV6
ENSG00000139112.10	ENSG00000139112	GABARAPL1
ENSG00000139116.18	ENSG00000139116	KIF21A
ENSG00000139117.13	ENSG00000139117	CPNE8
ENSG00000139131.12	ENSG00000139131	YARS2
ENSG00000139132.14	ENSG00000139132	FGD4
ENSG00000139133.6	ENSG00000139133	ALG10
ENSG00000139146.13	ENSG00000139146	FAM60A
ENSG00000139154.14	ENSG00000139154	AEBP2
ENSG00000139155.8	ENSG00000139155	SLCO1C1
ENSG00000139160.13	ENSG00000139160	ETFBKMT
ENSG00000139163.15	ENSG00000139163	ETNK1
ENSG00000139168.7	ENSG00000139168	ZCRB1
ENSG00000139173.9	ENSG00000139173	TMEM117
ENSG00000139174.11	ENSG00000139174	PRICKLE1
ENSG00000139178.10	ENSG00000139178	C1RL
ENSG00000139180.10	ENSG00000139180	NDUFA9
ENSG00000139182.13	ENSG00000139182	CLSTN3
ENSG00000139187.9	ENSG00000139187	KLRG1
ENSG00000139190.16	ENSG00000139190	VAMP1
ENSG00000139192.11	ENSG00000139192	TAPBPL
ENSG00000139197.10	ENSG00000139197	PEX5
ENSG00000139200.13	ENSG00000139200	PIANP
ENSG00000139211.6	ENSG00000139211	AMIGO2
ENSG00000139218.17	ENSG00000139218	SCAF11
ENSG00000139220.16	ENSG00000139220	PPFIA2
ENSG00000139233.6	ENSG00000139233	LLPH
ENSG00000139263.11	ENSG00000139263	LRIG3
ENSG00000139266.5	ENSG00000139266	MARCH9
ENSG00000139278.9	ENSG00000139278	GLIPR1
ENSG00000139289.13	ENSG00000139289	PHLDA1
ENSG00000139291.13	ENSG00000139291	TMEM19
ENSG00000139292.12	ENSG00000139292	LGR5
ENSG00000139304.12	ENSG00000139304	PTPRQ
ENSG00000139318.7	ENSG00000139318	DUSP6
ENSG00000139323.13	ENSG00000139323	POC1B
ENSG00000139324.11	ENSG00000139324	TMTC3
ENSG00000139329.4	ENSG00000139329	LUM
ENSG00000139343.10	ENSG00000139343	SNRPF
ENSG00000139350.11	ENSG00000139350	NEDD1
ENSG00000139352.3	ENSG00000139352	ASCL1
ENSG00000139354.10	ENSG00000139354	GAS2L3
ENSG00000139364.10	ENSG00000139364	TMEM132B
ENSG00000139370.11	ENSG00000139370	SLC15A4
ENSG00000139372.14	ENSG00000139372	TDG
ENSG00000139405.15	ENSG00000139405	RITA1
ENSG00000139410.14	ENSG00000139410	SDSL
ENSG00000139428.11	ENSG00000139428	MMAB
ENSG00000139433.9	ENSG00000139433	GLTP
ENSG00000139436.20	ENSG00000139436	GIT2
ENSG00000139437.17	ENSG00000139437	TCHP
ENSG00000139438.5	ENSG00000139438	FAM222A
ENSG00000139496.15	ENSG00000139496	NUP58
ENSG00000139505.11	ENSG00000139505	MTMR6
ENSG00000139508.14	ENSG00000139508	SLC46A3
ENSG00000139514.12	ENSG00000139514	SLC7A1
ENSG00000139517.7	ENSG00000139517	LNX2
ENSG00000139531.12	ENSG00000139531	SUOX
ENSG00000139537.10	ENSG00000139537	CCDC65
ENSG00000139546.10	ENSG00000139546	TARBP2
ENSG00000139547.7	ENSG00000139547	RDH16
ENSG00000139567.12	ENSG00000139567	ACVRL1
ENSG00000139579.12	ENSG00000139579	NABP2
ENSG00000139597.17	ENSG00000139597	N4BP2L1
ENSG00000139613.11	ENSG00000139613	SMARCC2
ENSG00000139618.14	ENSG00000139618	BRCA2
ENSG00000139620.12	ENSG00000139620	KANSL2
ENSG00000139624.12	ENSG00000139624	CERS5
ENSG00000139625.12	ENSG00000139625	MAP3K12
ENSG00000139626.15	ENSG00000139626	ITGB7
ENSG00000139629.15	ENSG00000139629	GALNT6
ENSG00000139631.18	ENSG00000139631	CSAD
ENSG00000139636.15	ENSG00000139636	LMBR1L
ENSG00000139637.13	ENSG00000139637	C12orf10
ENSG00000139641.12	ENSG00000139641	ESYT1
ENSG00000139644.12	ENSG00000139644	TMBIM6
ENSG00000139645.9	ENSG00000139645	ANKRD52
ENSG00000139651.10	ENSG00000139651	ZNF740
ENSG00000139668.8	ENSG00000139668	WDFY2
ENSG00000139675.11	ENSG00000139675	HNRNPA1L2
ENSG00000139679.15	ENSG00000139679	LPAR6
ENSG00000139684.13	ENSG00000139684	ESD
ENSG00000139687.13	ENSG00000139687	RB1
ENSG00000139697.13	ENSG00000139697	SBNO1
ENSG00000139714.12	ENSG00000139714	MORN3
ENSG00000139718.10	ENSG00000139718	SETD1B
ENSG00000139719.9	ENSG00000139719	VPS33A
ENSG00000139722.6	ENSG00000139722	VPS37B
ENSG00000139725.7	ENSG00000139725	RHOF
ENSG00000139726.10	ENSG00000139726	DENR
ENSG00000139734.17	ENSG00000139734	DIAPH3
ENSG00000139737.21	ENSG00000139737	SLAIN1
ENSG00000139746.15	ENSG00000139746	RBM26
ENSG00000139767.9	ENSG00000139767	SRRM4
ENSG00000139793.18	ENSG00000139793	MBNL2
ENSG00000139800.8	ENSG00000139800	ZIC5
ENSG00000139826.5	ENSG00000139826	ABHD13
ENSG00000139832.4	ENSG00000139832	RAB20
ENSG00000139835.13	ENSG00000139835	GRTP1
ENSG00000139842.14	ENSG00000139842	CUL4A
ENSG00000139874.5	ENSG00000139874	SSTR1
ENSG00000139880.19	ENSG00000139880	CDH24
ENSG00000139890.9	ENSG00000139890	REM2
ENSG00000139899.10	ENSG00000139899	CBLN3
ENSG00000139910.19	ENSG00000139910	NOVA1
ENSG00000139915.19	ENSG00000139915	MDGA2
ENSG00000139921.12	ENSG00000139921	TMX1
ENSG00000139926.15	ENSG00000139926	FRMD6
ENSG00000139946.9	ENSG00000139946	PELI2
ENSG00000139970.16	ENSG00000139970	RTN1
ENSG00000139971.15	ENSG00000139971	C14orf37
ENSG00000139973.16	ENSG00000139973	SYT16
ENSG00000139974.15	ENSG00000139974	SLC38A6
ENSG00000139977.13	ENSG00000139977	NAA30
ENSG00000139988.9	ENSG00000139988	RDH12
ENSG00000139990.17	ENSG00000139990	DCAF5
ENSG00000139998.14	ENSG00000139998	RAB15
ENSG00000140006.11	ENSG00000140006	WDR89
ENSG00000140009.18	ENSG00000140009	ESR2
ENSG00000140015.19	ENSG00000140015	KCNH5
ENSG00000140022.9	ENSG00000140022	STON2
ENSG00000140025.15	ENSG00000140025	EFCAB11
ENSG00000140030.5	ENSG00000140030	GPR65
ENSG00000140043.11	ENSG00000140043	PTGR2
ENSG00000140044.12	ENSG00000140044	JDP2
ENSG00000140057.8	ENSG00000140057	AK7
ENSG00000140067.6	ENSG00000140067	FAM181A
ENSG00000140090.17	ENSG00000140090	SLC24A4
ENSG00000140092.14	ENSG00000140092	FBLN5
ENSG00000140104.13	ENSG00000140104	C14orf79
ENSG00000140105.17	ENSG00000140105	WARS
ENSG00000140153.17	ENSG00000140153	WDR20
ENSG00000140157.14	ENSG00000140157	NIPA2
ENSG00000140199.11	ENSG00000140199	SLC12A6
ENSG00000140259.6	ENSG00000140259	MFAP1
ENSG00000140262.17	ENSG00000140262	TCF12
ENSG00000140263.13	ENSG00000140263	SORD
ENSG00000140264.19	ENSG00000140264	SERF2
ENSG00000140265.12	ENSG00000140265	ZSCAN29
ENSG00000140280.13	ENSG00000140280	LYSMD2
ENSG00000140284.10	ENSG00000140284	SLC27A2
ENSG00000140285.9	ENSG00000140285	FGF7
ENSG00000140299.11	ENSG00000140299	BNIP2
ENSG00000140307.10	ENSG00000140307	GTF2A2
ENSG00000140319.10	ENSG00000140319	SRP14
ENSG00000140320.11	ENSG00000140320	BAHD1
ENSG00000140323.5	ENSG00000140323	DISP2
ENSG00000140326.12	ENSG00000140326	CDAN1
ENSG00000140332.15	ENSG00000140332	TLE3
ENSG00000140350.15	ENSG00000140350	ANP32A
ENSG00000140365.15	ENSG00000140365	COMMD4
ENSG00000140367.11	ENSG00000140367	UBE2Q2
ENSG00000140368.12	ENSG00000140368	PSTPIP1
ENSG00000140374.15	ENSG00000140374	ETFA
ENSG00000140382.14	ENSG00000140382	HMG20A
ENSG00000140386.12	ENSG00000140386	SCAPER
ENSG00000140391.14	ENSG00000140391	TSPAN3
ENSG00000140395.8	ENSG00000140395	WDR61
ENSG00000140396.12	ENSG00000140396	NCOA2
ENSG00000140398.13	ENSG00000140398	NEIL1
ENSG00000140400.16	ENSG00000140400	MAN2C1
ENSG00000140403.12	ENSG00000140403	DNAJA4
ENSG00000140406.3	ENSG00000140406	TLNRD1
ENSG00000140416.19	ENSG00000140416	TPM1
ENSG00000140443.13	ENSG00000140443	IGF1R
ENSG00000140450.8	ENSG00000140450	ARRDC4
ENSG00000140451.12	ENSG00000140451	PIF1
ENSG00000140455.16	ENSG00000140455	USP3
ENSG00000140459.17	ENSG00000140459	CYP11A1
ENSG00000140463.13	ENSG00000140463	BBS4
ENSG00000140464.19	ENSG00000140464	PML
ENSG00000140470.13	ENSG00000140470	ADAMTS17
ENSG00000140471.16	ENSG00000140471	LINS1
ENSG00000140474.12	ENSG00000140474	ULK3
ENSG00000140479.16	ENSG00000140479	PCSK6
ENSG00000140488.15	ENSG00000140488	CELF6
ENSG00000140497.16	ENSG00000140497	SCAMP2
ENSG00000140511.11	ENSG00000140511	HAPLN3
ENSG00000140519.12	ENSG00000140519	RHCG
ENSG00000140521.12	ENSG00000140521	POLG
ENSG00000140522.11	ENSG00000140522	RLBP1
ENSG00000140525.17	ENSG00000140525	FANCI
ENSG00000140526.17	ENSG00000140526	ABHD2
ENSG00000140538.16	ENSG00000140538	NTRK3
ENSG00000140543.14	ENSG00000140543	DET1
ENSG00000140545.14	ENSG00000140545	MFGE8
ENSG00000140548.9	ENSG00000140548	ZNF710
ENSG00000140553.17	ENSG00000140553	UNC45A
ENSG00000140563.14	ENSG00000140563	MCTP2
ENSG00000140564.11	ENSG00000140564	FURIN
ENSG00000140575.12	ENSG00000140575	IQGAP1
ENSG00000140577.15	ENSG00000140577	CRTC3
ENSG00000140598.13	ENSG00000140598	EFL1
ENSG00000140600.16	ENSG00000140600	SH3GL3
ENSG00000140612.13	ENSG00000140612	SEC11A
ENSG00000140632.16	ENSG00000140632	GLYR1
ENSG00000140650.11	ENSG00000140650	PMM2
ENSG00000140678.16	ENSG00000140678	ITGAX
ENSG00000140682.18	ENSG00000140682	TGFB1I1
ENSG00000140688.16	ENSG00000140688	C16orf58
ENSG00000140691.16	ENSG00000140691	ARMC5
ENSG00000140694.16	ENSG00000140694	PARN
ENSG00000140718.20	ENSG00000140718	FTO
ENSG00000140740.10	ENSG00000140740	UQCRC2
ENSG00000140743.7	ENSG00000140743	CDR2
ENSG00000140749.8	ENSG00000140749	IGSF6
ENSG00000140750.16	ENSG00000140750	ARHGAP17
ENSG00000140795.12	ENSG00000140795	MYLK3
ENSG00000140798.15	ENSG00000140798	ABCC12
ENSG00000140807.6	ENSG00000140807	NKD1
ENSG00000140829.11	ENSG00000140829	DHX38
ENSG00000140830.8	ENSG00000140830	TXNL4B
ENSG00000140836.15	ENSG00000140836	ZFHX3
ENSG00000140839.11	ENSG00000140839	CLEC18B
ENSG00000140848.16	ENSG00000140848	CPNE2
ENSG00000140853.15	ENSG00000140853	NLRC5
ENSG00000140854.12	ENSG00000140854	KATNB1
ENSG00000140859.15	ENSG00000140859	KIFC3
ENSG00000140873.15	ENSG00000140873	ADAMTS18
ENSG00000140876.11	ENSG00000140876	NUDT7
ENSG00000140905.10	ENSG00000140905	GCSH
ENSG00000140931.19	ENSG00000140931	CMTM3
ENSG00000140937.13	ENSG00000140937	CDH11
ENSG00000140939.14	ENSG00000140939	NOL3
ENSG00000140941.12	ENSG00000140941	MAP1LC3B
ENSG00000140943.16	ENSG00000140943	MBTPS1
ENSG00000140945.16	ENSG00000140945	CDH13
ENSG00000140948.11	ENSG00000140948	ZCCHC14
ENSG00000140950.15	ENSG00000140950	TLDC1
ENSG00000140955.10	ENSG00000140955	ADAD2
ENSG00000140961.12	ENSG00000140961	OSGIN1
ENSG00000140968.10	ENSG00000140968	IRF8
ENSG00000140983.13	ENSG00000140983	RHOT2
ENSG00000140987.19	ENSG00000140987	ZSCAN32
ENSG00000140988.15	ENSG00000140988	RPS2
ENSG00000140990.14	ENSG00000140990	NDUFB10
ENSG00000140992.18	ENSG00000140992	PDPK1
ENSG00000140993.10	ENSG00000140993	TIGD7
ENSG00000140995.16	ENSG00000140995	DEF8
ENSG00000141002.19	ENSG00000141002	TCF25
ENSG00000141012.12	ENSG00000141012	GALNS
ENSG00000141013.16	ENSG00000141013	GAS8
ENSG00000141026.5	ENSG00000141026	MED9
ENSG00000141027.20	ENSG00000141027	NCOR1
ENSG00000141030.12	ENSG00000141030	COPS3
ENSG00000141034.9	ENSG00000141034	GID4
ENSG00000141040.14	ENSG00000141040	ZNF287
ENSG00000141052.17	ENSG00000141052	MYOCD
ENSG00000141068.13	ENSG00000141068	KSR1
ENSG00000141076.17	ENSG00000141076	UTP4
ENSG00000141084.10	ENSG00000141084	RANBP10
ENSG00000141086.17	ENSG00000141086	CTRL
ENSG00000141098.12	ENSG00000141098	GFOD2
ENSG00000141101.12	ENSG00000141101	NOB1
ENSG00000141127.14	ENSG00000141127	PRPSAP2
ENSG00000141179.13	ENSG00000141179	PCTP
ENSG00000141198.15	ENSG00000141198	TOM1L1
ENSG00000141219.15	ENSG00000141219	C17orf80
ENSG00000141232.4	ENSG00000141232	TOB1
ENSG00000141252.19	ENSG00000141252	VPS53
ENSG00000141258.12	ENSG00000141258	SGSM2
ENSG00000141279.15	ENSG00000141279	NPEPPS
ENSG00000141295.13	ENSG00000141295	SCRN2
ENSG00000141298.17	ENSG00000141298	SSH2
ENSG00000141314.12	ENSG00000141314	RHBDL3
ENSG00000141337.12	ENSG00000141337	ARSG
ENSG00000141338.13	ENSG00000141338	ABCA8
ENSG00000141349.8	ENSG00000141349	G6PC3
ENSG00000141367.11	ENSG00000141367	CLTC
ENSG00000141376.22	ENSG00000141376	BCAS3
ENSG00000141378.14	ENSG00000141378	PTRH2
ENSG00000141380.13	ENSG00000141380	SS18
ENSG00000141384.12	ENSG00000141384	TAF4B
ENSG00000141385.9	ENSG00000141385	AFG3L2
ENSG00000141391.13	ENSG00000141391	PRELID3A
ENSG00000141401.11	ENSG00000141401	IMPA2
ENSG00000141404.15	ENSG00000141404	GNAL
ENSG00000141424.12	ENSG00000141424	SLC39A6
ENSG00000141425.17	ENSG00000141425	RPRD1A
ENSG00000141428.16	ENSG00000141428	C18orf21
ENSG00000141429.13	ENSG00000141429	GALNT1
ENSG00000141431.10	ENSG00000141431	ASXL3
ENSG00000141433.12	ENSG00000141433	ADCYAP1
ENSG00000141441.15	ENSG00000141441	GAREM1
ENSG00000141446.10	ENSG00000141446	ESCO1
ENSG00000141447.17	ENSG00000141447	OSBPL1A
ENSG00000141449.14	ENSG00000141449	GREB1L
ENSG00000141452.9	ENSG00000141452	C18orf8
ENSG00000141456.14	ENSG00000141456	PELP1
ENSG00000141458.12	ENSG00000141458	NPC1
ENSG00000141469.16	ENSG00000141469	SLC14A1
ENSG00000141480.17	ENSG00000141480	ARRB2
ENSG00000141485.16	ENSG00000141485	SLC13A5
ENSG00000141497.13	ENSG00000141497	ZMYND15
ENSG00000141499.16	ENSG00000141499	WRAP53
ENSG00000141503.15	ENSG00000141503	MINK1
ENSG00000141504.11	ENSG00000141504	SAT2
ENSG00000141505.11	ENSG00000141505	ASGR1
ENSG00000141506.13	ENSG00000141506	PIK3R5
ENSG00000141510.16	ENSG00000141510	TP53
ENSG00000141519.14	ENSG00000141519	CCDC40
ENSG00000141522.11	ENSG00000141522	ARHGDIA
ENSG00000141524.15	ENSG00000141524	TMC6
ENSG00000141526.16	ENSG00000141526	SLC16A3
ENSG00000141540.10	ENSG00000141540	TTYH2
ENSG00000141542.10	ENSG00000141542	RAB40B
ENSG00000141543.9	ENSG00000141543	EIF4A3
ENSG00000141551.14	ENSG00000141551	CSNK1D
ENSG00000141552.17	ENSG00000141552	ANAPC11
ENSG00000141556.20	ENSG00000141556	TBCD
ENSG00000141560.14	ENSG00000141560	FN3KRP
ENSG00000141562.17	ENSG00000141562	NARF
ENSG00000141564.13	ENSG00000141564	RPTOR
ENSG00000141568.20	ENSG00000141568	FOXK2
ENSG00000141569.10	ENSG00000141569	TRIM65
ENSG00000141570.10	ENSG00000141570	CBX8
ENSG00000141574.7	ENSG00000141574	SECTM1
ENSG00000141576.14	ENSG00000141576	RNF157
ENSG00000141577.13	ENSG00000141577	CEP131
ENSG00000141580.15	ENSG00000141580	WDR45B
ENSG00000141582.14	ENSG00000141582	CBX4
ENSG00000141622.13	ENSG00000141622	RNF165
ENSG00000141627.13	ENSG00000141627	DYM
ENSG00000141639.11	ENSG00000141639	MAPK4
ENSG00000141642.8	ENSG00000141642	ELAC1
ENSG00000141644.17	ENSG00000141644	MBD1
ENSG00000141646.13	ENSG00000141646	SMAD4
ENSG00000141655.16	ENSG00000141655	TNFRSF11A
ENSG00000141664.9	ENSG00000141664	ZCCHC2
ENSG00000141665.11	ENSG00000141665	FBXO15
ENSG00000141668.9	ENSG00000141668	CBLN2
ENSG00000141682.11	ENSG00000141682	PMAIP1
ENSG00000141696.12	ENSG00000141696	P3H4
ENSG00000141698.16	ENSG00000141698	NT5C3B
ENSG00000141699.10	ENSG00000141699	RETREG3
ENSG00000141736.13	ENSG00000141736	ERBB2
ENSG00000141738.13	ENSG00000141738	GRB7
ENSG00000141741.11	ENSG00000141741	MIEN1
ENSG00000141744.3	ENSG00000141744	PNMT
ENSG00000141750.6	ENSG00000141750	STAC2
ENSG00000141753.6	ENSG00000141753	IGFBP4
ENSG00000141756.18	ENSG00000141756	FKBP10
ENSG00000141759.14	ENSG00000141759	TXNL4A
ENSG00000141837.19	ENSG00000141837	CACNA1A
ENSG00000141854.9	ENSG00000141854	MISP3
ENSG00000141858.11	ENSG00000141858	SAMD1
ENSG00000141867.17	ENSG00000141867	BRD4
ENSG00000141873.10	ENSG00000141873	SLC39A3
ENSG00000141905.18	ENSG00000141905	NFIC
ENSG00000141933.9	ENSG00000141933	TPGS1
ENSG00000141934.9	ENSG00000141934	PLPP2
ENSG00000141956.13	ENSG00000141956	PRDM15
ENSG00000141959.16	ENSG00000141959	PFKL
ENSG00000141965.4	ENSG00000141965	FEM1A
ENSG00000141968.7	ENSG00000141968	VAV1
ENSG00000141971.12	ENSG00000141971	MVB12A
ENSG00000141985.9	ENSG00000141985	SH3GL1
ENSG00000141994.15	ENSG00000141994	DUS3L
ENSG00000142002.16	ENSG00000142002	DPP9
ENSG00000142039.3	ENSG00000142039	CCDC97
ENSG00000142046.14	ENSG00000142046	TMEM91
ENSG00000142065.13	ENSG00000142065	ZFP14
ENSG00000142082.14	ENSG00000142082	SIRT3
ENSG00000142089.15	ENSG00000142089	IFITM3
ENSG00000142102.15	ENSG00000142102	PGGHG
ENSG00000142149.8	ENSG00000142149	HUNK
ENSG00000142156.14	ENSG00000142156	COL6A1
ENSG00000142166.12	ENSG00000142166	IFNAR1
ENSG00000142168.14	ENSG00000142168	SOD1
ENSG00000142173.14	ENSG00000142173	COL6A2
ENSG00000142178.7	ENSG00000142178	SIK1
ENSG00000142185.16	ENSG00000142185	TRPM2
ENSG00000142186.16	ENSG00000142186	SCYL1
ENSG00000142188.16	ENSG00000142188	TMEM50B
ENSG00000142192.20	ENSG00000142192	APP
ENSG00000142197.12	ENSG00000142197	DOPEY2
ENSG00000142207.6	ENSG00000142207	URB1
ENSG00000142208.15	ENSG00000142208	AKT1
ENSG00000142227.10	ENSG00000142227	EMP3
ENSG00000142230.11	ENSG00000142230	SAE1
ENSG00000142233.11	ENSG00000142233	NTN5
ENSG00000142235.8	ENSG00000142235	LMTK3
ENSG00000142252.10	ENSG00000142252	GEMIN7
ENSG00000142279.12	ENSG00000142279	WTIP
ENSG00000142303.13	ENSG00000142303	ADAMTS10
ENSG00000142327.12	ENSG00000142327	RNPEPL1
ENSG00000142330.19	ENSG00000142330	CAPN10
ENSG00000142347.16	ENSG00000142347	MYO1F
ENSG00000142396.10	ENSG00000142396	AC020915.1
ENSG00000142408.4	ENSG00000142408	CACNG8
ENSG00000142409.5	ENSG00000142409	ZNF787
ENSG00000142444.6	ENSG00000142444	TIMM29
ENSG00000142449.12	ENSG00000142449	FBN3
ENSG00000142453.11	ENSG00000142453	CARM1
ENSG00000142459.8	ENSG00000142459	EVI5L
ENSG00000142494.13	ENSG00000142494	SLC47A1
ENSG00000142507.9	ENSG00000142507	PSMB6
ENSG00000142512.14	ENSG00000142512	SIGLEC10
ENSG00000142528.15	ENSG00000142528	ZNF473
ENSG00000142530.10	ENSG00000142530	FAM71E1
ENSG00000142534.6	ENSG00000142534	RPS11
ENSG00000142541.16	ENSG00000142541	RPL13A
ENSG00000142544.6	ENSG00000142544	CTU1
ENSG00000142546.13	ENSG00000142546	NOSIP
ENSG00000142549.9	ENSG00000142549	IGLON5
ENSG00000142552.7	ENSG00000142552	RCN3
ENSG00000142556.18	ENSG00000142556	ZNF614
ENSG00000142583.17	ENSG00000142583	SLC2A5
ENSG00000142599.17	ENSG00000142599	RERE
ENSG00000142606.15	ENSG00000142606	MMEL1
ENSG00000142609.17	ENSG00000142609	CFAP74
ENSG00000142611.16	ENSG00000142611	PRDM16
ENSG00000142621.19	ENSG00000142621	FHAD1
ENSG00000142627.12	ENSG00000142627	EPHA2
ENSG00000142632.16	ENSG00000142632	ARHGEF19
ENSG00000142634.12	ENSG00000142634	EFHD2
ENSG00000142655.12	ENSG00000142655	PEX14
ENSG00000142657.20	ENSG00000142657	PGD
ENSG00000142669.14	ENSG00000142669	SH3BGRL3
ENSG00000142675.17	ENSG00000142675	CNKSR1
ENSG00000142676.12	ENSG00000142676	RPL11
ENSG00000142684.8	ENSG00000142684	ZNF593
ENSG00000142686.7	ENSG00000142686	C1orf216
ENSG00000142687.17	ENSG00000142687	KIAA0319L
ENSG00000142694.6	ENSG00000142694	EVA1B
ENSG00000142731.10	ENSG00000142731	PLK4
ENSG00000142733.14	ENSG00000142733	MAP3K6
ENSG00000142751.14	ENSG00000142751	GPN2
ENSG00000142765.17	ENSG00000142765	SYTL1
ENSG00000142784.15	ENSG00000142784	WDTC1
ENSG00000142794.18	ENSG00000142794	NBPF3
ENSG00000142798.17	ENSG00000142798	HSPG2
ENSG00000142856.16	ENSG00000142856	ITGB3BP
ENSG00000142864.14	ENSG00000142864	SERBP1
ENSG00000142867.12	ENSG00000142867	BCL10
ENSG00000142871.16	ENSG00000142871	CYR61
ENSG00000142875.19	ENSG00000142875	PRKACB
ENSG00000142892.14	ENSG00000142892	PIGK
ENSG00000142910.15	ENSG00000142910	TINAGL1
ENSG00000142920.16	ENSG00000142920	AZIN2
ENSG00000142937.11	ENSG00000142937	RPS8
ENSG00000142945.12	ENSG00000142945	KIF2C
ENSG00000142949.16	ENSG00000142949	PTPRF
ENSG00000142959.4	ENSG00000142959	BEST4
ENSG00000142961.14	ENSG00000142961	MOB3C
ENSG00000142973.13	ENSG00000142973	CYP4B1
ENSG00000143013.12	ENSG00000143013	LMO4
ENSG00000143028.8	ENSG00000143028	SYPL2
ENSG00000143033.17	ENSG00000143033	MTF2
ENSG00000143036.16	ENSG00000143036	SLC44A3
ENSG00000143061.17	ENSG00000143061	IGSF3
ENSG00000143067.4	ENSG00000143067	ZNF697
ENSG00000143079.14	ENSG00000143079	CTTNBP2NL
ENSG00000143093.14	ENSG00000143093	STRIP1
ENSG00000143106.12	ENSG00000143106	PSMA5
ENSG00000143110.11	ENSG00000143110	C1orf162
ENSG00000143119.12	ENSG00000143119	CD53
ENSG00000143126.7	ENSG00000143126	CELSR2
ENSG00000143127.12	ENSG00000143127	ITGA10
ENSG00000143147.14	ENSG00000143147	GPR161
ENSG00000143149.12	ENSG00000143149	ALDH9A1
ENSG00000143153.12	ENSG00000143153	ATP1B1
ENSG00000143155.12	ENSG00000143155	TIPRL
ENSG00000143156.13	ENSG00000143156	NME7
ENSG00000143157.11	ENSG00000143157	POGK
ENSG00000143158.10	ENSG00000143158	MPC2
ENSG00000143162.7	ENSG00000143162	CREG1
ENSG00000143164.15	ENSG00000143164	DCAF6
ENSG00000143171.12	ENSG00000143171	RXRG
ENSG00000143178.12	ENSG00000143178	TBX19
ENSG00000143179.14	ENSG00000143179	UCK2
ENSG00000143183.16	ENSG00000143183	TMCO1
ENSG00000143190.21	ENSG00000143190	POU2F1
ENSG00000143194.12	ENSG00000143194	MAEL
ENSG00000143195.12	ENSG00000143195	ILDR2
ENSG00000143198.12	ENSG00000143198	MGST3
ENSG00000143199.17	ENSG00000143199	ADCY10
ENSG00000143207.19	ENSG00000143207	RFWD2
ENSG00000143222.11	ENSG00000143222	UFC1
ENSG00000143224.17	ENSG00000143224	PPOX
ENSG00000143226.13	ENSG00000143226	FCGR2A
ENSG00000143248.12	ENSG00000143248	RGS5
ENSG00000143252.14	ENSG00000143252	SDHC
ENSG00000143256.4	ENSG00000143256	PFDN2
ENSG00000143258.15	ENSG00000143258	USP21
ENSG00000143294.14	ENSG00000143294	PRCC
ENSG00000143303.11	ENSG00000143303	RRNAD1
ENSG00000143314.12	ENSG00000143314	MRPL24
ENSG00000143315.6	ENSG00000143315	PIGM
ENSG00000143318.12	ENSG00000143318	CASQ1
ENSG00000143319.16	ENSG00000143319	ISG20L2
ENSG00000143320.8	ENSG00000143320	CRABP2
ENSG00000143321.18	ENSG00000143321	HDGF
ENSG00000143322.19	ENSG00000143322	ABL2
ENSG00000143324.13	ENSG00000143324	XPR1
ENSG00000143333.6	ENSG00000143333	RGS16
ENSG00000143337.18	ENSG00000143337	TOR1AIP1
ENSG00000143340.6	ENSG00000143340	FAM163A
ENSG00000143341.11	ENSG00000143341	HMCN1
ENSG00000143344.15	ENSG00000143344	RGL1
ENSG00000143353.11	ENSG00000143353	LYPLAL1
ENSG00000143363.15	ENSG00000143363	PRUNE1
ENSG00000143367.15	ENSG00000143367	TUFT1
ENSG00000143368.9	ENSG00000143368	SF3B4
ENSG00000143369.14	ENSG00000143369	ECM1
ENSG00000143373.17	ENSG00000143373	ZNF687
ENSG00000143374.16	ENSG00000143374	TARS2
ENSG00000143375.14	ENSG00000143375	CGN
ENSG00000143376.12	ENSG00000143376	SNX27
ENSG00000143379.12	ENSG00000143379	SETDB1
ENSG00000143382.14	ENSG00000143382	ADAMTSL4
ENSG00000143384.12	ENSG00000143384	MCL1
ENSG00000143387.12	ENSG00000143387	CTSK
ENSG00000143390.17	ENSG00000143390	RFX5
ENSG00000143393.16	ENSG00000143393	PI4KB
ENSG00000143398.19	ENSG00000143398	PIP5K1A
ENSG00000143401.14	ENSG00000143401	ANP32E
ENSG00000143409.15	ENSG00000143409	MINDY1
ENSG00000143416.20	ENSG00000143416	SELENBP1
ENSG00000143418.19	ENSG00000143418	CERS2
ENSG00000143420.18	ENSG00000143420	ENSA
ENSG00000143429.10	ENSG00000143429	AC116050.1
ENSG00000143434.15	ENSG00000143434	SEMA6C
ENSG00000143436.10	ENSG00000143436	MRPL9
ENSG00000143437.20	ENSG00000143437	ARNT
ENSG00000143442.21	ENSG00000143442	POGZ
ENSG00000143443.9	ENSG00000143443	C1orf56
ENSG00000143457.10	ENSG00000143457	GOLPH3L
ENSG00000143458.11	ENSG00000143458	GABPB2
ENSG00000143469.18	ENSG00000143469	SYT14
ENSG00000143473.12	ENSG00000143473	KCNH1
ENSG00000143479.15	ENSG00000143479	DYRK3
ENSG00000143486.15	ENSG00000143486	EIF2D
ENSG00000143493.12	ENSG00000143493	INTS7
ENSG00000143494.15	ENSG00000143494	VASH2
ENSG00000143498.17	ENSG00000143498	TAF1A
ENSG00000143499.13	ENSG00000143499	SMYD2
ENSG00000143502.14	ENSG00000143502	SUSD4
ENSG00000143507.17	ENSG00000143507	DUSP10
ENSG00000143514.16	ENSG00000143514	TP53BP2
ENSG00000143515.16	ENSG00000143515	ATP8B2
ENSG00000143537.13	ENSG00000143537	ADAM15
ENSG00000143543.14	ENSG00000143543	JTB
ENSG00000143545.8	ENSG00000143545	RAB13
ENSG00000143546.9	ENSG00000143546	S100A8
ENSG00000143549.19	ENSG00000143549	TPM3
ENSG00000143553.10	ENSG00000143553	SNAPIN
ENSG00000143554.13	ENSG00000143554	SLC27A3
ENSG00000143569.18	ENSG00000143569	UBAP2L
ENSG00000143570.17	ENSG00000143570	SLC39A1
ENSG00000143575.14	ENSG00000143575	HAX1
ENSG00000143578.15	ENSG00000143578	CREB3L4
ENSG00000143590.13	ENSG00000143590	EFNA3
ENSG00000143603.18	ENSG00000143603	KCNN3
ENSG00000143612.19	ENSG00000143612	C1orf43
ENSG00000143614.9	ENSG00000143614	GATAD2B
ENSG00000143621.16	ENSG00000143621	ILF2
ENSG00000143622.10	ENSG00000143622	RIT1
ENSG00000143624.13	ENSG00000143624	INTS3
ENSG00000143630.9	ENSG00000143630	HCN3
ENSG00000143632.14	ENSG00000143632	ACTA1
ENSG00000143633.12	ENSG00000143633	C1orf131
ENSG00000143641.9	ENSG00000143641	GALNT2
ENSG00000143643.12	ENSG00000143643	TTC13
ENSG00000143653.9	ENSG00000143653	SCCPDH
ENSG00000143669.13	ENSG00000143669	LYST
ENSG00000143674.10	ENSG00000143674	MAP3K21
ENSG00000143702.15	ENSG00000143702	CEP170
ENSG00000143727.15	ENSG00000143727	ACP1
ENSG00000143740.14	ENSG00000143740	SNAP47
ENSG00000143742.12	ENSG00000143742	SRP9
ENSG00000143748.17	ENSG00000143748	NVL
ENSG00000143751.9	ENSG00000143751	SDE2
ENSG00000143753.12	ENSG00000143753	DEGS1
ENSG00000143756.11	ENSG00000143756	FBXO28
ENSG00000143761.15	ENSG00000143761	ARF1
ENSG00000143771.11	ENSG00000143771	CNIH4
ENSG00000143772.9	ENSG00000143772	ITPKB
ENSG00000143774.16	ENSG00000143774	GUK1
ENSG00000143776.18	ENSG00000143776	CDC42BPA
ENSG00000143786.7	ENSG00000143786	CNIH3
ENSG00000143793.12	ENSG00000143793	C1orf35
ENSG00000143797.11	ENSG00000143797	MBOAT2
ENSG00000143799.12	ENSG00000143799	PARP1
ENSG00000143801.16	ENSG00000143801	PSEN2
ENSG00000143811.18	ENSG00000143811	PYCR2
ENSG00000143815.14	ENSG00000143815	LBR
ENSG00000143816.7	ENSG00000143816	WNT9A
ENSG00000143819.12	ENSG00000143819	EPHX1
ENSG00000143842.14	ENSG00000143842	SOX13
ENSG00000143845.14	ENSG00000143845	ETNK2
ENSG00000143847.15	ENSG00000143847	PPFIA4
ENSG00000143850.13	ENSG00000143850	PLEKHA6
ENSG00000143858.11	ENSG00000143858	SYT2
ENSG00000143862.7	ENSG00000143862	ARL8A
ENSG00000143869.6	ENSG00000143869	GDF7
ENSG00000143870.12	ENSG00000143870	PDIA6
ENSG00000143878.9	ENSG00000143878	RHOB
ENSG00000143889.15	ENSG00000143889	HNRNPLL
ENSG00000143891.16	ENSG00000143891	GALM
ENSG00000143919.14	ENSG00000143919	CAMKMT
ENSG00000143921.6	ENSG00000143921	ABCG8
ENSG00000143924.18	ENSG00000143924	EML4
ENSG00000143933.16	ENSG00000143933	CALM2
ENSG00000143942.4	ENSG00000143942	CHAC2
ENSG00000143947.13	ENSG00000143947	RPS27A
ENSG00000143951.15	ENSG00000143951	WDPCP
ENSG00000143952.19	ENSG00000143952	VPS54
ENSG00000143970.16	ENSG00000143970	ASXL2
ENSG00000143971.7	ENSG00000143971	ETAA1
ENSG00000143977.13	ENSG00000143977	SNRPG
ENSG00000143994.13	ENSG00000143994	ABHD1
ENSG00000143995.19	ENSG00000143995	MEIS1
ENSG00000144021.2	ENSG00000144021	CIAO1
ENSG00000144026.11	ENSG00000144026	ZNF514
ENSG00000144028.14	ENSG00000144028	SNRNP200
ENSG00000144029.11	ENSG00000144029	MRPS5
ENSG00000144034.14	ENSG00000144034	TPRKB
ENSG00000144036.15	ENSG00000144036	EXOC6B
ENSG00000144040.12	ENSG00000144040	SFXN5
ENSG00000144043.11	ENSG00000144043	TEX261
ENSG00000144048.10	ENSG00000144048	DUSP11
ENSG00000144057.15	ENSG00000144057	ST6GAL2
ENSG00000144061.12	ENSG00000144061	NPHP1
ENSG00000144063.3	ENSG00000144063	MALL
ENSG00000144115.16	ENSG00000144115	THNSL2
ENSG00000144118.13	ENSG00000144118	RALB
ENSG00000144119.3	ENSG00000144119	C1QL2
ENSG00000144120.12	ENSG00000144120	TMEM177
ENSG00000144134.18	ENSG00000144134	RABL2A
ENSG00000144136.10	ENSG00000144136	SLC20A1
ENSG00000144152.12	ENSG00000144152	FBLN7
ENSG00000144161.12	ENSG00000144161	ZC3H8
ENSG00000144182.16	ENSG00000144182	LIPT1
ENSG00000144191.11	ENSG00000144191	CNGA3
ENSG00000144199.11	ENSG00000144199	FAHD2B
ENSG00000144218.18	ENSG00000144218	AFF3
ENSG00000144224.16	ENSG00000144224	UBXN4
ENSG00000144227.4	ENSG00000144227	NXPH2
ENSG00000144228.8	ENSG00000144228	SPOPL
ENSG00000144229.11	ENSG00000144229	THSD7B
ENSG00000144230.16	ENSG00000144230	GPR17
ENSG00000144231.10	ENSG00000144231	POLR2D
ENSG00000144233.9	ENSG00000144233	AMMECR1L
ENSG00000144278.14	ENSG00000144278	GALNT13
ENSG00000144283.21	ENSG00000144283	PKP4
ENSG00000144285.18	ENSG00000144285	SCN1A
ENSG00000144290.16	ENSG00000144290	SLC4A10
ENSG00000144306.14	ENSG00000144306	SCRN3
ENSG00000144320.13	ENSG00000144320	LNPK
ENSG00000144331.18	ENSG00000144331	ZNF385B
ENSG00000144339.11	ENSG00000144339	TMEFF2
ENSG00000144354.13	ENSG00000144354	CDCA7
ENSG00000144355.14	ENSG00000144355	DLX1
ENSG00000144357.16	ENSG00000144357	UBR3
ENSG00000144362.11	ENSG00000144362	PHOSPHO2
ENSG00000144366.15	ENSG00000144366	GULP1
ENSG00000144369.12	ENSG00000144369	FAM171B
ENSG00000144381.16	ENSG00000144381	HSPD1
ENSG00000144395.17	ENSG00000144395	CCDC150
ENSG00000144401.14	ENSG00000144401	METTL21A
ENSG00000144406.18	ENSG00000144406	UNC80
ENSG00000144407.9	ENSG00000144407	PTH2R
ENSG00000144410.4	ENSG00000144410	CPO
ENSG00000144426.18	ENSG00000144426	NBEAL1
ENSG00000144445.16	ENSG00000144445	KANSL1L
ENSG00000144451.18	ENSG00000144451	SPAG16
ENSG00000144455.13	ENSG00000144455	SUMF1
ENSG00000144460.12	ENSG00000144460	NYAP2
ENSG00000144468.16	ENSG00000144468	RHBDD1
ENSG00000144476.5	ENSG00000144476	ACKR3
ENSG00000144485.10	ENSG00000144485	HES6
ENSG00000144504.15	ENSG00000144504	ANKMY1
ENSG00000144524.17	ENSG00000144524	COPS7B
ENSG00000144535.19	ENSG00000144535	DIS3L2
ENSG00000144550.12	ENSG00000144550	CPNE9
ENSG00000144554.10	ENSG00000144554	FANCD2
ENSG00000144559.10	ENSG00000144559	TAMM41
ENSG00000144560.14	ENSG00000144560	VGLL4
ENSG00000144566.10	ENSG00000144566	RAB5A
ENSG00000144567.10	ENSG00000144567	RETREG2
ENSG00000144579.7	ENSG00000144579	CTDSP1
ENSG00000144580.13	ENSG00000144580	CNOT9
ENSG00000144583.4	ENSG00000144583	MARCH4
ENSG00000144589.21	ENSG00000144589	STK11IP
ENSG00000144591.18	ENSG00000144591	GMPPA
ENSG00000144596.12	ENSG00000144596	GRIP2
ENSG00000144597.13	ENSG00000144597	EAF1
ENSG00000144619.14	ENSG00000144619	CNTN4
ENSG00000144635.8	ENSG00000144635	DYNC1LI1
ENSG00000144642.21	ENSG00000144642	RBMS3
ENSG00000144645.13	ENSG00000144645	OSBPL10
ENSG00000144647.5	ENSG00000144647	POMGNT2
ENSG00000144648.15	ENSG00000144648	ACKR2
ENSG00000144649.8	ENSG00000144649	FAM198A
ENSG00000144655.14	ENSG00000144655	CSRNP1
ENSG00000144659.10	ENSG00000144659	SLC25A38
ENSG00000144668.11	ENSG00000144668	ITGA9
ENSG00000144671.10	ENSG00000144671	SLC22A14
ENSG00000144674.16	ENSG00000144674	GOLGA4
ENSG00000144677.14	ENSG00000144677	CTDSPL
ENSG00000144711.13	ENSG00000144711	IQSEC1
ENSG00000144712.11	ENSG00000144712	CAND2
ENSG00000144713.12	ENSG00000144713	RPL32
ENSG00000144724.19	ENSG00000144724	PTPRG
ENSG00000144730.17	ENSG00000144730	IL17RD
ENSG00000144736.13	ENSG00000144736	SHQ1
ENSG00000144741.17	ENSG00000144741	SLC25A26
ENSG00000144744.16	ENSG00000144744	UBA3
ENSG00000144746.6	ENSG00000144746	ARL6IP5
ENSG00000144747.15	ENSG00000144747	TMF1
ENSG00000144749.13	ENSG00000144749	LRIG1
ENSG00000144791.9	ENSG00000144791	LIMD1
ENSG00000144792.9	ENSG00000144792	ZNF660
ENSG00000144802.11	ENSG00000144802	NFKBIZ
ENSG00000144810.15	ENSG00000144810	COL8A1
ENSG00000144815.15	ENSG00000144815	NXPE3
ENSG00000144821.9	ENSG00000144821	MYH15
ENSG00000144824.20	ENSG00000144824	PHLDB2
ENSG00000144827.8	ENSG00000144827	ABHD10
ENSG00000144834.13	ENSG00000144834	TAGLN3
ENSG00000144837.8	ENSG00000144837	PLA1A
ENSG00000144840.8	ENSG00000144840	RABL3
ENSG00000144843.11	ENSG00000144843	ADPRH
ENSG00000144847.12	ENSG00000144847	IGSF11
ENSG00000144848.10	ENSG00000144848	ATG3
ENSG00000144857.14	ENSG00000144857	BOC
ENSG00000144867.11	ENSG00000144867	SRPRB
ENSG00000144868.13	ENSG00000144868	TMEM108
ENSG00000144893.12	ENSG00000144893	MED12L
ENSG00000144895.11	ENSG00000144895	EIF2A
ENSG00000144908.13	ENSG00000144908	ALDH1L1
ENSG00000144909.7	ENSG00000144909	OSBPL11
ENSG00000144935.14	ENSG00000144935	TRPC1
ENSG00000144959.9	ENSG00000144959	NCEH1
ENSG00000145012.13	ENSG00000145012	LPP
ENSG00000145014.17	ENSG00000145014	TMEM44
ENSG00000145016.15	ENSG00000145016	RUBCN
ENSG00000145020.15	ENSG00000145020	AMT
ENSG00000145022.4	ENSG00000145022	TCTA
ENSG00000145029.13	ENSG00000145029	NICN1
ENSG00000145041.15	ENSG00000145041	DCAF1
ENSG00000145050.15	ENSG00000145050	MANF
ENSG00000145063.14	ENSG00000145063	AC062028.1
ENSG00000145075.11	ENSG00000145075	CCDC39
ENSG00000145087.12	ENSG00000145087	STXBP5L
ENSG00000145088.8	ENSG00000145088	EAF2
ENSG00000145147.19	ENSG00000145147	SLIT2
ENSG00000145191.12	ENSG00000145191	EIF2B5
ENSG00000145194.17	ENSG00000145194	ECE2
ENSG00000145198.14	ENSG00000145198	VWA5B2
ENSG00000145214.13	ENSG00000145214	DGKQ
ENSG00000145216.15	ENSG00000145216	FIP1L1
ENSG00000145220.13	ENSG00000145220	LYAR
ENSG00000145241.10	ENSG00000145241	CENPC
ENSG00000145242.13	ENSG00000145242	EPHA5
ENSG00000145244.11	ENSG00000145244	CORIN
ENSG00000145246.13	ENSG00000145246	ATP10D
ENSG00000145247.11	ENSG00000145247	OCIAD2
ENSG00000145248.6	ENSG00000145248	SLC10A4
ENSG00000145284.11	ENSG00000145284	SCD5
ENSG00000145287.10	ENSG00000145287	PLAC8
ENSG00000145293.15	ENSG00000145293	ENOPH1
ENSG00000145331.13	ENSG00000145331	TRMT10A
ENSG00000145332.13	ENSG00000145332	KLHL8
ENSG00000145335.15	ENSG00000145335	SNCA
ENSG00000145337.4	ENSG00000145337	PYURF
ENSG00000145348.16	ENSG00000145348	TBCK
ENSG00000145349.16	ENSG00000145349	CAMK2D
ENSG00000145354.9	ENSG00000145354	CISD2
ENSG00000145358.6	ENSG00000145358	DDIT4L
ENSG00000145362.17	ENSG00000145362	ANK2
ENSG00000145365.10	ENSG00000145365	TIFA
ENSG00000145375.7	ENSG00000145375	SPATA5
ENSG00000145386.9	ENSG00000145386	CCNA2
ENSG00000145388.14	ENSG00000145388	METTL14
ENSG00000145390.11	ENSG00000145390	USP53
ENSG00000145391.13	ENSG00000145391	SETD7
ENSG00000145414.8	ENSG00000145414	NAF1
ENSG00000145416.13	ENSG00000145416	MARCH1
ENSG00000145423.4	ENSG00000145423	SFRP2
ENSG00000145425.9	ENSG00000145425	RPS3A
ENSG00000145428.14	ENSG00000145428	RNF175
ENSG00000145431.10	ENSG00000145431	PDGFC
ENSG00000145439.11	ENSG00000145439	CBR4
ENSG00000145451.12	ENSG00000145451	GLRA3
ENSG00000145476.15	ENSG00000145476	CYP4V2
ENSG00000145491.11	ENSG00000145491	ROPN1L
ENSG00000145494.11	ENSG00000145494	NDUFS6
ENSG00000145495.15	ENSG00000145495	MARCH6
ENSG00000145506.13	ENSG00000145506	NKD2
ENSG00000145526.11	ENSG00000145526	CDH18
ENSG00000145536.15	ENSG00000145536	ADAMTS16
ENSG00000145545.11	ENSG00000145545	SRD5A1
ENSG00000145555.14	ENSG00000145555	MYO10
ENSG00000145569.5	ENSG00000145569	FAM105A
ENSG00000145592.13	ENSG00000145592	RPL37
ENSG00000145604.15	ENSG00000145604	SKP2
ENSG00000145623.12	ENSG00000145623	OSMR
ENSG00000145632.14	ENSG00000145632	PLK2
ENSG00000145675.14	ENSG00000145675	PIK3R1
ENSG00000145681.10	ENSG00000145681	HAPLN1
ENSG00000145685.13	ENSG00000145685	LHFPL2
ENSG00000145687.16	ENSG00000145687	SSBP2
ENSG00000145700.9	ENSG00000145700	ANKRD31
ENSG00000145703.15	ENSG00000145703	IQGAP2
ENSG00000145708.10	ENSG00000145708	CRHBP
ENSG00000145715.14	ENSG00000145715	RASA1
ENSG00000145721.11	ENSG00000145721	LIX1
ENSG00000145723.16	ENSG00000145723	GIN1
ENSG00000145725.19	ENSG00000145725	PPIP5K2
ENSG00000145730.20	ENSG00000145730	PAM
ENSG00000145734.18	ENSG00000145734	BDP1
ENSG00000145736.14	ENSG00000145736	GTF2H2
ENSG00000145740.18	ENSG00000145740	SLC30A5
ENSG00000145741.15	ENSG00000145741	BTF3
ENSG00000145743.15	ENSG00000145743	FBXL17
ENSG00000145779.7	ENSG00000145779	TNFAIP8
ENSG00000145780.7	ENSG00000145780	FEM1C
ENSG00000145781.8	ENSG00000145781	COMMD10
ENSG00000145782.12	ENSG00000145782	ATG12
ENSG00000145794.16	ENSG00000145794	MEGF10
ENSG00000145808.9	ENSG00000145808	ADAMTS19
ENSG00000145817.16	ENSG00000145817	YIPF5
ENSG00000145819.15	ENSG00000145819	ARHGAP26
ENSG00000145824.12	ENSG00000145824	CXCL14
ENSG00000145832.12	ENSG00000145832	SLC25A48
ENSG00000145833.15	ENSG00000145833	DDX46
ENSG00000145860.11	ENSG00000145860	RNF145
ENSG00000145861.7	ENSG00000145861	C1QTNF2
ENSG00000145864.12	ENSG00000145864	GABRB2
ENSG00000145868.16	ENSG00000145868	FBXO38
ENSG00000145882.10	ENSG00000145882	PCYOX1L
ENSG00000145888.10	ENSG00000145888	GLRA1
ENSG00000145901.14	ENSG00000145901	TNIP1
ENSG00000145907.14	ENSG00000145907	G3BP1
ENSG00000145908.12	ENSG00000145908	ZNF300
ENSG00000145911.5	ENSG00000145911	N4BP3
ENSG00000145912.8	ENSG00000145912	NHP2
ENSG00000145916.18	ENSG00000145916	RMND5B
ENSG00000145919.10	ENSG00000145919	BOD1
ENSG00000145920.14	ENSG00000145920	CPLX2
ENSG00000145934.16	ENSG00000145934	TENM2
ENSG00000145936.8	ENSG00000145936	KCNMB1
ENSG00000145945.5	ENSG00000145945	FAM50B
ENSG00000145949.9	ENSG00000145949	MYLK4
ENSG00000145979.17	ENSG00000145979	TBC1D7
ENSG00000145982.11	ENSG00000145982	FARS2
ENSG00000145990.10	ENSG00000145990	GFOD1
ENSG00000145996.11	ENSG00000145996	CDKAL1
ENSG00000146001.5	ENSG00000146001	PCDHB18P
ENSG00000146005.3	ENSG00000146005	PSD2
ENSG00000146006.7	ENSG00000146006	LRRTM2
ENSG00000146007.10	ENSG00000146007	ZMAT2
ENSG00000146021.14	ENSG00000146021	KLHL3
ENSG00000146038.11	ENSG00000146038	DCDC2
ENSG00000146054.17	ENSG00000146054	TRIM7
ENSG00000146063.19	ENSG00000146063	TRIM41
ENSG00000146066.2	ENSG00000146066	HIGD2A
ENSG00000146067.15	ENSG00000146067	FAM193B
ENSG00000146070.16	ENSG00000146070	PLA2G7
ENSG00000146072.6	ENSG00000146072	TNFRSF21
ENSG00000146083.11	ENSG00000146083	RNF44
ENSG00000146085.7	ENSG00000146085	MUT
ENSG00000146090.15	ENSG00000146090	RASGEF1C
ENSG00000146094.13	ENSG00000146094	DOK3
ENSG00000146109.4	ENSG00000146109	ABT1
ENSG00000146112.11	ENSG00000146112	PPP1R18
ENSG00000146122.16	ENSG00000146122	DAAM2
ENSG00000146143.17	ENSG00000146143	PRIM2
ENSG00000146147.14	ENSG00000146147	MLIP
ENSG00000146151.12	ENSG00000146151	HMGCLL1
ENSG00000146192.14	ENSG00000146192	FGD2
ENSG00000146197.8	ENSG00000146197	SCUBE3
ENSG00000146205.13	ENSG00000146205	ANO7
ENSG00000146215.13	ENSG00000146215	CRIP3
ENSG00000146216.11	ENSG00000146216	TTBK1
ENSG00000146221.9	ENSG00000146221	TCTE1
ENSG00000146223.14	ENSG00000146223	RPL7L1
ENSG00000146232.15	ENSG00000146232	NFKBIE
ENSG00000146233.7	ENSG00000146233	CYP39A1
ENSG00000146242.8	ENSG00000146242	TPBG
ENSG00000146243.13	ENSG00000146243	IRAK1BP1
ENSG00000146247.13	ENSG00000146247	PHIP
ENSG00000146250.6	ENSG00000146250	PRSS35
ENSG00000146263.11	ENSG00000146263	MMS22L
ENSG00000146267.11	ENSG00000146267	FAXC
ENSG00000146278.10	ENSG00000146278	PNRC1
ENSG00000146281.5	ENSG00000146281	PM20D2
ENSG00000146282.17	ENSG00000146282	RARS2
ENSG00000146350.13	ENSG00000146350	TBC1D32
ENSG00000146352.12	ENSG00000146352	CLVS2
ENSG00000146360.8	ENSG00000146360	GPR6
ENSG00000146373.16	ENSG00000146373	RNF217
ENSG00000146374.13	ENSG00000146374	RSPO3
ENSG00000146376.10	ENSG00000146376	ARHGAP18
ENSG00000146386.7	ENSG00000146386	ABRACL
ENSG00000146409.10	ENSG00000146409	SLC18B1
ENSG00000146411.5	ENSG00000146411	SLC2A12
ENSG00000146414.15	ENSG00000146414	SHPRH
ENSG00000146416.17	ENSG00000146416	AIG1
ENSG00000146425.10	ENSG00000146425	DYNLT1
ENSG00000146426.17	ENSG00000146426	TIAM2
ENSG00000146433.8	ENSG00000146433	TMEM181
ENSG00000146453.12	ENSG00000146453	PNLDC1
ENSG00000146457.14	ENSG00000146457	WTAP
ENSG00000146463.11	ENSG00000146463	ZMYM4
ENSG00000146469.12	ENSG00000146469	VIP
ENSG00000146476.10	ENSG00000146476	ARMT1
ENSG00000146477.5	ENSG00000146477	SLC22A3
ENSG00000146530.11	ENSG00000146530	VWDE
ENSG00000146535.13	ENSG00000146535	GNA12
ENSG00000146540.14	ENSG00000146540	C7orf50
ENSG00000146555.18	ENSG00000146555	SDK1
ENSG00000146556.14	ENSG00000146556	WASH2P
ENSG00000146574.15	ENSG00000146574	CCZ1B
ENSG00000146576.12	ENSG00000146576	C7orf26
ENSG00000146587.17	ENSG00000146587	RBAK
ENSG00000146592.16	ENSG00000146592	CREB5
ENSG00000146648.17	ENSG00000146648	EGFR
ENSG00000146670.9	ENSG00000146670	CDCA5
ENSG00000146674.14	ENSG00000146674	IGFBP3
ENSG00000146676.8	ENSG00000146676	PURB
ENSG00000146700.8	ENSG00000146700	SSC4D
ENSG00000146701.11	ENSG00000146701	MDH2
ENSG00000146707.14	ENSG00000146707	POMZP3
ENSG00000146729.9	ENSG00000146729	NIPSNAP2
ENSG00000146731.10	ENSG00000146731	CCT6A
ENSG00000146733.13	ENSG00000146733	PSPH
ENSG00000146757.13	ENSG00000146757	ZNF92
ENSG00000146776.14	ENSG00000146776	ATXN7L1
ENSG00000146802.12	ENSG00000146802	TMEM168
ENSG00000146826.16	ENSG00000146826	C7orf43
ENSG00000146828.17	ENSG00000146828	SLC12A9
ENSG00000146830.9	ENSG00000146830	GIGYF1
ENSG00000146833.15	ENSG00000146833	TRIM4
ENSG00000146834.13	ENSG00000146834	MEPCE
ENSG00000146842.16	ENSG00000146842	TMEM209
ENSG00000146856.14	ENSG00000146856	AGBL3
ENSG00000146858.7	ENSG00000146858	ZC3HAV1L
ENSG00000146859.6	ENSG00000146859	TMEM140
ENSG00000146872.17	ENSG00000146872	TLK2
ENSG00000146909.7	ENSG00000146909	NOM1
ENSG00000146918.19	ENSG00000146918	NCAPG2
ENSG00000146938.14	ENSG00000146938	NLGN4X
ENSG00000146950.12	ENSG00000146950	SHROOM2
ENSG00000146963.17	ENSG00000146963	LUC7L2
ENSG00000146966.12	ENSG00000146966	DENND2A
ENSG00000147010.17	ENSG00000147010	SH3KBP1
ENSG00000147027.3	ENSG00000147027	TMEM47
ENSG00000147036.11	ENSG00000147036	LANCL3
ENSG00000147041.11	ENSG00000147041	SYTL5
ENSG00000147044.20	ENSG00000147044	CASK
ENSG00000147050.14	ENSG00000147050	KDM6A
ENSG00000147065.16	ENSG00000147065	MSN
ENSG00000147082.17	ENSG00000147082	CCNB3
ENSG00000147099.19	ENSG00000147099	HDAC8
ENSG00000147100.10	ENSG00000147100	SLC16A2
ENSG00000147113.16	ENSG00000147113	CXorf36
ENSG00000147117.7	ENSG00000147117	ZNF157
ENSG00000147118.11	ENSG00000147118	ZNF182
ENSG00000147119.3	ENSG00000147119	CHST7
ENSG00000147121.15	ENSG00000147121	KRBOX4
ENSG00000147123.10	ENSG00000147123	NDUFB11
ENSG00000147124.12	ENSG00000147124	ZNF41
ENSG00000147130.14	ENSG00000147130	ZMYM3
ENSG00000147133.15	ENSG00000147133	TAF1
ENSG00000147140.15	ENSG00000147140	NONO
ENSG00000147144.12	ENSG00000147144	CCDC120
ENSG00000147145.12	ENSG00000147145	LPAR4
ENSG00000147155.10	ENSG00000147155	EBP
ENSG00000147162.13	ENSG00000147162	OGT
ENSG00000147164.11	ENSG00000147164	SNX12
ENSG00000147168.12	ENSG00000147168	IL2RG
ENSG00000147174.11	ENSG00000147174	GCNA
ENSG00000147180.16	ENSG00000147180	ZNF711
ENSG00000147202.17	ENSG00000147202	DIAPH2
ENSG00000147224.10	ENSG00000147224	PRPS1
ENSG00000147231.13	ENSG00000147231	CXorf57
ENSG00000147234.10	ENSG00000147234	FRMPD3
ENSG00000147246.9	ENSG00000147246	HTR2C
ENSG00000147251.15	ENSG00000147251	DOCK11
ENSG00000147255.18	ENSG00000147255	IGSF1
ENSG00000147256.11	ENSG00000147256	ARHGAP36
ENSG00000147257.13	ENSG00000147257	GPC3
ENSG00000147274.14	ENSG00000147274	RBMX
ENSG00000147316.12	ENSG00000147316	MCPH1
ENSG00000147324.10	ENSG00000147324	MFHAS1
ENSG00000147364.16	ENSG00000147364	FBXO25
ENSG00000147383.10	ENSG00000147383	NSDHL
ENSG00000147394.18	ENSG00000147394	ZNF185
ENSG00000147400.8	ENSG00000147400	CETN2
ENSG00000147403.16	ENSG00000147403	RPL10
ENSG00000147408.14	ENSG00000147408	CSGALNACT1
ENSG00000147416.10	ENSG00000147416	ATP6V1B2
ENSG00000147419.17	ENSG00000147419	CCDC25
ENSG00000147421.17	ENSG00000147421	HMBOX1
ENSG00000147437.9	ENSG00000147437	GNRH1
ENSG00000147439.12	ENSG00000147439	BIN3
ENSG00000147454.13	ENSG00000147454	SLC25A37
ENSG00000147457.13	ENSG00000147457	CHMP7
ENSG00000147459.17	ENSG00000147459	DOCK5
ENSG00000147465.11	ENSG00000147465	STAR
ENSG00000147471.11	ENSG00000147471	PLPBP
ENSG00000147475.14	ENSG00000147475	ERLIN2
ENSG00000147481.14	ENSG00000147481	SNTG1
ENSG00000147485.12	ENSG00000147485	PXDNL
ENSG00000147488.11	ENSG00000147488	ST18
ENSG00000147509.13	ENSG00000147509	RGS20
ENSG00000147526.19	ENSG00000147526	TACC1
ENSG00000147533.16	ENSG00000147533	GOLGA7
ENSG00000147535.16	ENSG00000147535	PLPP5
ENSG00000147536.11	ENSG00000147536	GINS4
ENSG00000147548.16	ENSG00000147548	NSD3
ENSG00000147571.4	ENSG00000147571	CRH
ENSG00000147576.15	ENSG00000147576	ADHFE1
ENSG00000147586.9	ENSG00000147586	MRPS28
ENSG00000147588.6	ENSG00000147588	PMP2
ENSG00000147592.8	ENSG00000147592	LACTB2
ENSG00000147601.13	ENSG00000147601	TERF1
ENSG00000147604.13	ENSG00000147604	RPL7
ENSG00000147642.16	ENSG00000147642	SYBU
ENSG00000147647.12	ENSG00000147647	DPYS
ENSG00000147649.9	ENSG00000147649	MTDH
ENSG00000147650.11	ENSG00000147650	LRP12
ENSG00000147654.14	ENSG00000147654	EBAG9
ENSG00000147655.10	ENSG00000147655	RSPO2
ENSG00000147669.10	ENSG00000147669	POLR2K
ENSG00000147676.13	ENSG00000147676	MAL2
ENSG00000147677.10	ENSG00000147677	EIF3H
ENSG00000147679.11	ENSG00000147679	UTP23
ENSG00000147684.7	ENSG00000147684	NDUFB9
ENSG00000147687.18	ENSG00000147687	TATDN1
ENSG00000147724.11	ENSG00000147724	FAM135B
ENSG00000147789.15	ENSG00000147789	ZNF7
ENSG00000147799.11	ENSG00000147799	ARHGAP39
ENSG00000147804.9	ENSG00000147804	SLC39A4
ENSG00000147813.15	ENSG00000147813	NAPRT
ENSG00000147852.15	ENSG00000147852	VLDLR
ENSG00000147853.16	ENSG00000147853	AK3
ENSG00000147854.16	ENSG00000147854	UHRF2
ENSG00000147862.15	ENSG00000147862	NFIB
ENSG00000147872.9	ENSG00000147872	PLIN2
ENSG00000147874.10	ENSG00000147874	HAUS6
ENSG00000147883.10	ENSG00000147883	CDKN2B
ENSG00000147889.17	ENSG00000147889	CDKN2A
ENSG00000147894.14	ENSG00000147894	C9orf72
ENSG00000147905.17	ENSG00000147905	ZCCHC7
ENSG00000147912.12	ENSG00000147912	FBXO10
ENSG00000147955.16	ENSG00000147955	SIGMAR1
ENSG00000147996.16	ENSG00000147996	CBWD5
ENSG00000148019.12	ENSG00000148019	CEP78
ENSG00000148053.15	ENSG00000148053	NTRK2
ENSG00000148057.15	ENSG00000148057	IDNK
ENSG00000148082.9	ENSG00000148082	SHC3
ENSG00000148090.11	ENSG00000148090	AUH
ENSG00000148110.15	ENSG00000148110	MFSD14B
ENSG00000148120.16	ENSG00000148120	C9orf3
ENSG00000148123.14	ENSG00000148123	PLPPR1
ENSG00000148143.12	ENSG00000148143	ZNF462
ENSG00000148153.13	ENSG00000148153	INIP
ENSG00000148154.9	ENSG00000148154	UGCG
ENSG00000148158.16	ENSG00000148158	SNX30
ENSG00000148175.12	ENSG00000148175	STOM
ENSG00000148180.19	ENSG00000148180	GSN
ENSG00000148187.17	ENSG00000148187	MRRF
ENSG00000148200.16	ENSG00000148200	NR6A1
ENSG00000148204.11	ENSG00000148204	CRB2
ENSG00000148218.15	ENSG00000148218	ALAD
ENSG00000148219.16	ENSG00000148219	ASTN2
ENSG00000148225.15	ENSG00000148225	WDR31
ENSG00000148229.12	ENSG00000148229	POLE3
ENSG00000148248.13	ENSG00000148248	SURF4
ENSG00000148288.11	ENSG00000148288	GBGT1
ENSG00000148290.9	ENSG00000148290	SURF1
ENSG00000148291.9	ENSG00000148291	SURF2
ENSG00000148296.6	ENSG00000148296	SURF6
ENSG00000148297.15	ENSG00000148297	MED22
ENSG00000148300.11	ENSG00000148300	REXO4
ENSG00000148303.16	ENSG00000148303	RPL7A
ENSG00000148308.17	ENSG00000148308	GTF3C5
ENSG00000148331.11	ENSG00000148331	ASB6
ENSG00000148334.14	ENSG00000148334	PTGES2
ENSG00000148335.14	ENSG00000148335	NTMT1
ENSG00000148337.20	ENSG00000148337	CIZ1
ENSG00000148339.12	ENSG00000148339	SLC25A25
ENSG00000148341.17	ENSG00000148341	SH3GLB2
ENSG00000148343.18	ENSG00000148343	MIGA2
ENSG00000148344.10	ENSG00000148344	PTGES
ENSG00000148356.13	ENSG00000148356	LRSAM1
ENSG00000148357.16	ENSG00000148357	HMCN2
ENSG00000148358.19	ENSG00000148358	GPR107
ENSG00000148362.10	ENSG00000148362	PAXX
ENSG00000148384.12	ENSG00000148384	INPP5E
ENSG00000148396.18	ENSG00000148396	SEC16A
ENSG00000148399.12	ENSG00000148399	DPH7
ENSG00000148400.9	ENSG00000148400	NOTCH1
ENSG00000148408.12	ENSG00000148408	CACNA1B
ENSG00000148411.7	ENSG00000148411	NACC2
ENSG00000148426.12	ENSG00000148426	PROSER2
ENSG00000148429.14	ENSG00000148429	USP6NL
ENSG00000148444.15	ENSG00000148444	COMMD3
ENSG00000148450.12	ENSG00000148450	MSRB2
ENSG00000148459.15	ENSG00000148459	PDSS1
ENSG00000148468.16	ENSG00000148468	FAM171A1
ENSG00000148481.13	ENSG00000148481	MINDY3
ENSG00000148482.11	ENSG00000148482	SLC39A12
ENSG00000148484.17	ENSG00000148484	RSU1
ENSG00000148488.15	ENSG00000148488	ST8SIA6
ENSG00000148498.15	ENSG00000148498	PARD3
ENSG00000148516.21	ENSG00000148516	ZEB1
ENSG00000148541.12	ENSG00000148541	FAM13C
ENSG00000148572.15	ENSG00000148572	NRBF2
ENSG00000148600.14	ENSG00000148600	CDHR1
ENSG00000148604.13	ENSG00000148604	RGR
ENSG00000148606.12	ENSG00000148606	POLR3A
ENSG00000148634.15	ENSG00000148634	HERC4
ENSG00000148655.14	ENSG00000148655	LRMDA
ENSG00000148660.20	ENSG00000148660	CAMK2G
ENSG00000148671.13	ENSG00000148671	ADIRF
ENSG00000148672.8	ENSG00000148672	GLUD1
ENSG00000148680.15	ENSG00000148680	HTR7
ENSG00000148688.13	ENSG00000148688	RPP30
ENSG00000148690.11	ENSG00000148690	FRA10AC1
ENSG00000148700.14	ENSG00000148700	ADD3
ENSG00000148702.14	ENSG00000148702	HABP2
ENSG00000148704.12	ENSG00000148704	VAX1
ENSG00000148719.14	ENSG00000148719	DNAJB12
ENSG00000148730.6	ENSG00000148730	EIF4EBP2
ENSG00000148734.7	ENSG00000148734	NPFFR1
ENSG00000148737.16	ENSG00000148737	TCF7L2
ENSG00000148798.10	ENSG00000148798	INA
ENSG00000148803.11	ENSG00000148803	FUOM
ENSG00000148814.17	ENSG00000148814	LRRC27
ENSG00000148824.18	ENSG00000148824	MTG1
ENSG00000148826.8	ENSG00000148826	NKX6-2
ENSG00000148832.15	ENSG00000148832	PAOX
ENSG00000148834.12	ENSG00000148834	GSTO1
ENSG00000148835.10	ENSG00000148835	TAF5
ENSG00000148840.10	ENSG00000148840	PPRC1
ENSG00000148841.15	ENSG00000148841	ITPRIP
ENSG00000148842.17	ENSG00000148842	CNNM2
ENSG00000148843.13	ENSG00000148843	PDCD11
ENSG00000148848.14	ENSG00000148848	ADAM12
ENSG00000148908.14	ENSG00000148908	RGS10
ENSG00000148925.10	ENSG00000148925	BTBD10
ENSG00000148926.9	ENSG00000148926	ADM
ENSG00000148935.10	ENSG00000148935	GAS2
ENSG00000148943.11	ENSG00000148943	LIN7C
ENSG00000148948.7	ENSG00000148948	LRRC4C
ENSG00000148950.9	ENSG00000148950	IMMP1L
ENSG00000148985.19	ENSG00000148985	PGAP2
ENSG00000149016.15	ENSG00000149016	TUT1
ENSG00000149050.9	ENSG00000149050	ZNF214
ENSG00000149054.15	ENSG00000149054	ZNF215
ENSG00000149084.12	ENSG00000149084	HSD17B12
ENSG00000149089.12	ENSG00000149089	APIP
ENSG00000149090.11	ENSG00000149090	PAMR1
ENSG00000149091.15	ENSG00000149091	DGKZ
ENSG00000149100.12	ENSG00000149100	EIF3M
ENSG00000149115.13	ENSG00000149115	TNKS1BP1
ENSG00000149131.15	ENSG00000149131	SERPING1
ENSG00000149136.8	ENSG00000149136	SSRP1
ENSG00000149150.8	ENSG00000149150	SLC43A1
ENSG00000149177.12	ENSG00000149177	PTPRJ
ENSG00000149179.13	ENSG00000149179	C11orf49
ENSG00000149182.14	ENSG00000149182	ARFGAP2
ENSG00000149187.18	ENSG00000149187	CELF1
ENSG00000149196.15	ENSG00000149196	HIKESHI
ENSG00000149201.9	ENSG00000149201	CCDC81
ENSG00000149212.11	ENSG00000149212	SESN3
ENSG00000149218.4	ENSG00000149218	ENDOD1
ENSG00000149231.11	ENSG00000149231	CCDC82
ENSG00000149243.15	ENSG00000149243	KLHL35
ENSG00000149256.15	ENSG00000149256	TENM4
ENSG00000149257.13	ENSG00000149257	SERPINH1
ENSG00000149260.15	ENSG00000149260	CAPN5
ENSG00000149262.16	ENSG00000149262	INTS4
ENSG00000149269.9	ENSG00000149269	PAK1
ENSG00000149273.14	ENSG00000149273	RPS3
ENSG00000149289.10	ENSG00000149289	ZC3H12C
ENSG00000149292.16	ENSG00000149292	TTC12
ENSG00000149294.16	ENSG00000149294	NCAM1
ENSG00000149295.13	ENSG00000149295	DRD2
ENSG00000149305.6	ENSG00000149305	HTR3B
ENSG00000149308.16	ENSG00000149308	NPAT
ENSG00000149311.18	ENSG00000149311	ATM
ENSG00000149313.10	ENSG00000149313	AASDHPPT
ENSG00000149328.14	ENSG00000149328	GLB1L2
ENSG00000149346.14	ENSG00000149346	SLX4IP
ENSG00000149357.9	ENSG00000149357	LAMTOR1
ENSG00000149403.12	ENSG00000149403	GRIK4
ENSG00000149418.10	ENSG00000149418	ST14
ENSG00000149428.18	ENSG00000149428	HYOU1
ENSG00000149451.17	ENSG00000149451	ADAM33
ENSG00000149474.13	ENSG00000149474	KAT14
ENSG00000149476.15	ENSG00000149476	TKFC
ENSG00000149480.6	ENSG00000149480	MTA2
ENSG00000149483.11	ENSG00000149483	TMEM138
ENSG00000149485.18	ENSG00000149485	FADS1
ENSG00000149488.12	ENSG00000149488	TMC2
ENSG00000149489.8	ENSG00000149489	ROM1
ENSG00000149499.11	ENSG00000149499	EML3
ENSG00000149503.12	ENSG00000149503	INCENP
ENSG00000149527.17	ENSG00000149527	PLCH2
ENSG00000149531.15	ENSG00000149531	FRG1BP
ENSG00000149532.15	ENSG00000149532	CPSF7
ENSG00000149541.9	ENSG00000149541	B3GAT3
ENSG00000149547.14	ENSG00000149547	EI24
ENSG00000149548.14	ENSG00000149548	CCDC15
ENSG00000149554.12	ENSG00000149554	CHEK1
ENSG00000149557.12	ENSG00000149557	FEZ1
ENSG00000149564.11	ENSG00000149564	ESAM
ENSG00000149571.11	ENSG00000149571	KIRREL3
ENSG00000149573.8	ENSG00000149573	MPZL2
ENSG00000149575.5	ENSG00000149575	SCN2B
ENSG00000149577.15	ENSG00000149577	SIDT2
ENSG00000149582.15	ENSG00000149582	TMEM25
ENSG00000149591.16	ENSG00000149591	TAGLN
ENSG00000149596.6	ENSG00000149596	JPH2
ENSG00000149599.15	ENSG00000149599	DUSP15
ENSG00000149600.11	ENSG00000149600	COMMD7
ENSG00000149633.11	ENSG00000149633	KIAA1755
ENSG00000149636.15	ENSG00000149636	DSN1
ENSG00000149639.14	ENSG00000149639	SOGA1
ENSG00000149646.12	ENSG00000149646	CNBD2
ENSG00000149654.9	ENSG00000149654	CDH22
ENSG00000149657.19	ENSG00000149657	LSM14B
ENSG00000149658.17	ENSG00000149658	YTHDF1
ENSG00000149679.11	ENSG00000149679	CABLES2
ENSG00000149716.12	ENSG00000149716	ORAOV1
ENSG00000149742.9	ENSG00000149742	SLC22A9
ENSG00000149743.13	ENSG00000149743	TRPT1
ENSG00000149761.8	ENSG00000149761	NUDT22
ENSG00000149781.12	ENSG00000149781	FERMT3
ENSG00000149782.11	ENSG00000149782	PLCB3
ENSG00000149792.8	ENSG00000149792	MRPL49
ENSG00000149798.4	ENSG00000149798	CDC42EP2
ENSG00000149806.10	ENSG00000149806	FAU
ENSG00000149809.14	ENSG00000149809	TM7SF2
ENSG00000149823.8	ENSG00000149823	VPS51
ENSG00000149922.10	ENSG00000149922	TBX6
ENSG00000149923.13	ENSG00000149923	PPP4C
ENSG00000149925.17	ENSG00000149925	ALDOA
ENSG00000149926.13	ENSG00000149926	FAM57B
ENSG00000149927.17	ENSG00000149927	DOC2A
ENSG00000149929.15	ENSG00000149929	HIRIP3
ENSG00000149930.17	ENSG00000149930	TAOK2
ENSG00000149932.16	ENSG00000149932	TMEM219
ENSG00000149970.14	ENSG00000149970	CNKSR2
ENSG00000149972.10	ENSG00000149972	CNTN5
ENSG00000150048.10	ENSG00000150048	CLEC1A
ENSG00000150051.13	ENSG00000150051	MKX
ENSG00000150054.18	ENSG00000150054	MPP7
ENSG00000150093.18	ENSG00000150093	ITGB1
ENSG00000150175.13	ENSG00000150175	FRMPD2B
ENSG00000150275.17	ENSG00000150275	PCDH15
ENSG00000150281.6	ENSG00000150281	CTF1
ENSG00000150316.11	ENSG00000150316	CWC15
ENSG00000150337.13	ENSG00000150337	FCGR1A
ENSG00000150347.14	ENSG00000150347	ARID5B
ENSG00000150361.11	ENSG00000150361	KLHL1
ENSG00000150394.13	ENSG00000150394	CDH8
ENSG00000150401.14	ENSG00000150401	DCUN1D2
ENSG00000150403.17	ENSG00000150403	TMCO3
ENSG00000150433.9	ENSG00000150433	TMEM218
ENSG00000150455.13	ENSG00000150455	TIRAP
ENSG00000150456.10	ENSG00000150456	EEF1AKMT1
ENSG00000150457.8	ENSG00000150457	LATS2
ENSG00000150459.12	ENSG00000150459	SAP18
ENSG00000150471.16	ENSG00000150471	ADGRL3
ENSG00000150477.14	ENSG00000150477	KIAA1328
ENSG00000150510.16	ENSG00000150510	FAM124A
ENSG00000150527.17	ENSG00000150527	CTAGE5
ENSG00000150540.13	ENSG00000150540	HNMT
ENSG00000150551.10	ENSG00000150551	LYPD1
ENSG00000150556.16	ENSG00000150556	LYPD6B
ENSG00000150593.17	ENSG00000150593	PDCD4
ENSG00000150594.6	ENSG00000150594	ADRA2A
ENSG00000150625.16	ENSG00000150625	GPM6A
ENSG00000150627.15	ENSG00000150627	WDR17
ENSG00000150630.3	ENSG00000150630	VEGFC
ENSG00000150636.17	ENSG00000150636	CCDC102B
ENSG00000150637.8	ENSG00000150637	CD226
ENSG00000150656.14	ENSG00000150656	CNDP1
ENSG00000150667.6	ENSG00000150667	FSIP1
ENSG00000150672.16	ENSG00000150672	DLG2
ENSG00000150681.9	ENSG00000150681	RGS18
ENSG00000150687.11	ENSG00000150687	PRSS23
ENSG00000150712.10	ENSG00000150712	MTMR12
ENSG00000150753.11	ENSG00000150753	CCT5
ENSG00000150756.13	ENSG00000150756	FAM173B
ENSG00000150760.12	ENSG00000150760	DOCK1
ENSG00000150764.13	ENSG00000150764	DIXDC1
ENSG00000150768.15	ENSG00000150768	DLAT
ENSG00000150773.10	ENSG00000150773	PIH1D2
ENSG00000150776.17	ENSG00000150776	C11orf57
ENSG00000150779.11	ENSG00000150779	TIMM8B
ENSG00000150782.11	ENSG00000150782	IL18
ENSG00000150787.7	ENSG00000150787	PTS
ENSG00000150867.13	ENSG00000150867	PIP4K2A
ENSG00000150873.11	ENSG00000150873	C2orf50
ENSG00000150893.10	ENSG00000150893	FREM2
ENSG00000150907.7	ENSG00000150907	FOXO1
ENSG00000150938.9	ENSG00000150938	CRIM1
ENSG00000150961.14	ENSG00000150961	SEC24D
ENSG00000150967.17	ENSG00000150967	ABCB9
ENSG00000150977.10	ENSG00000150977	RILPL2
ENSG00000150990.7	ENSG00000150990	DHX37
ENSG00000150991.14	ENSG00000150991	UBC
ENSG00000150995.18	ENSG00000150995	ITPR1
ENSG00000151006.7	ENSG00000151006	PRSS53
ENSG00000151012.13	ENSG00000151012	SLC7A11
ENSG00000151014.5	ENSG00000151014	NOCT
ENSG00000151023.16	ENSG00000151023	ENKUR
ENSG00000151025.9	ENSG00000151025	GPR158
ENSG00000151062.14	ENSG00000151062	CACNA2D4
ENSG00000151065.13	ENSG00000151065	DCP1B
ENSG00000151067.21	ENSG00000151067	CACNA1C
ENSG00000151090.17	ENSG00000151090	THRB
ENSG00000151092.16	ENSG00000151092	NGLY1
ENSG00000151093.7	ENSG00000151093	OXSM
ENSG00000151116.16	ENSG00000151116	UEVLD
ENSG00000151117.8	ENSG00000151117	TMEM86A
ENSG00000151131.10	ENSG00000151131	C12orf45
ENSG00000151135.9	ENSG00000151135	TMEM263
ENSG00000151136.14	ENSG00000151136	BTBD11
ENSG00000151148.13	ENSG00000151148	UBE3B
ENSG00000151150.21	ENSG00000151150	ANK3
ENSG00000151151.5	ENSG00000151151	IPMK
ENSG00000151164.18	ENSG00000151164	RAD9B
ENSG00000151176.7	ENSG00000151176	PLBD2
ENSG00000151208.16	ENSG00000151208	DLG5
ENSG00000151229.12	ENSG00000151229	SLC2A13
ENSG00000151233.10	ENSG00000151233	GXYLT1
ENSG00000151239.13	ENSG00000151239	TWF1
ENSG00000151240.16	ENSG00000151240	DIP2C
ENSG00000151247.12	ENSG00000151247	EIF4E
ENSG00000151276.23	ENSG00000151276	MAGI1
ENSG00000151287.16	ENSG00000151287	TEX30
ENSG00000151292.17	ENSG00000151292	CSNK1G3
ENSG00000151304.5	ENSG00000151304	SRFBP1
ENSG00000151320.10	ENSG00000151320	AKAP6
ENSG00000151322.18	ENSG00000151322	NPAS3
ENSG00000151327.12	ENSG00000151327	FAM177A1
ENSG00000151332.18	ENSG00000151332	MBIP
ENSG00000151338.18	ENSG00000151338	MIPOL1
ENSG00000151348.13	ENSG00000151348	EXT2
ENSG00000151353.14	ENSG00000151353	TMEM18
ENSG00000151364.16	ENSG00000151364	KCTD14
ENSG00000151366.12	ENSG00000151366	NDUFC2
ENSG00000151376.16	ENSG00000151376	ME3
ENSG00000151413.16	ENSG00000151413	NUBPL
ENSG00000151414.14	ENSG00000151414	NEK7
ENSG00000151422.12	ENSG00000151422	FER
ENSG00000151445.15	ENSG00000151445	VIPAS39
ENSG00000151458.11	ENSG00000151458	ANKRD50
ENSG00000151461.19	ENSG00000151461	UPF2
ENSG00000151465.13	ENSG00000151465	CDC123
ENSG00000151466.11	ENSG00000151466	SCLT1
ENSG00000151468.10	ENSG00000151468	CCDC3
ENSG00000151470.12	ENSG00000151470	C4orf33
ENSG00000151474.21	ENSG00000151474	FRMD4A
ENSG00000151490.13	ENSG00000151490	PTPRO
ENSG00000151491.12	ENSG00000151491	EPS8
ENSG00000151498.11	ENSG00000151498	ACAD8
ENSG00000151500.14	ENSG00000151500	THYN1
ENSG00000151502.10	ENSG00000151502	VPS26B
ENSG00000151503.12	ENSG00000151503	NCAPD3
ENSG00000151532.13	ENSG00000151532	VTI1A
ENSG00000151552.11	ENSG00000151552	QDPR
ENSG00000151553.14	ENSG00000151553	FAM160B1
ENSG00000151572.16	ENSG00000151572	ANO4
ENSG00000151575.14	ENSG00000151575	TEX9
ENSG00000151576.10	ENSG00000151576	QTRT2
ENSG00000151611.13	ENSG00000151611	MMAA
ENSG00000151612.15	ENSG00000151612	ZNF827
ENSG00000151617.15	ENSG00000151617	EDNRA
ENSG00000151623.14	ENSG00000151623	NR3C2
ENSG00000151632.17	ENSG00000151632	AKR1C2
ENSG00000151640.12	ENSG00000151640	DPYSL4
ENSG00000151650.7	ENSG00000151650	VENTX
ENSG00000151651.15	ENSG00000151651	ADAM8
ENSG00000151655.18	ENSG00000151655	ITIH2
ENSG00000151657.11	ENSG00000151657	KIN
ENSG00000151665.12	ENSG00000151665	PIGF
ENSG00000151687.14	ENSG00000151687	ANKAR
ENSG00000151689.12	ENSG00000151689	INPP1
ENSG00000151690.14	ENSG00000151690	MFSD6
ENSG00000151692.14	ENSG00000151692	RNF144A
ENSG00000151693.10	ENSG00000151693	ASAP2
ENSG00000151694.12	ENSG00000151694	ADAM17
ENSG00000151702.16	ENSG00000151702	FLI1
ENSG00000151715.7	ENSG00000151715	TMEM45B
ENSG00000151718.15	ENSG00000151718	WWC2
ENSG00000151726.13	ENSG00000151726	ACSL1
ENSG00000151729.10	ENSG00000151729	SLC25A4
ENSG00000151743.10	ENSG00000151743	AMN1
ENSG00000151746.13	ENSG00000151746	BICD1
ENSG00000151748.14	ENSG00000151748	SAV1
ENSG00000151773.12	ENSG00000151773	CCDC122
ENSG00000151778.10	ENSG00000151778	SERP2
ENSG00000151779.12	ENSG00000151779	NBAS
ENSG00000151789.10	ENSG00000151789	ZNF385D
ENSG00000151790.8	ENSG00000151790	TDO2
ENSG00000151806.13	ENSG00000151806	GUF1
ENSG00000151834.15	ENSG00000151834	GABRA2
ENSG00000151835.14	ENSG00000151835	SACS
ENSG00000151838.11	ENSG00000151838	CCDC175
ENSG00000151849.14	ENSG00000151849	CENPJ
ENSG00000151876.12	ENSG00000151876	FBXO4
ENSG00000151881.14	ENSG00000151881	TMEM267
ENSG00000151882.11	ENSG00000151882	CCL28
ENSG00000151883.17	ENSG00000151883	PARP8
ENSG00000151892.14	ENSG00000151892	GFRA1
ENSG00000151893.14	ENSG00000151893	CACUL1
ENSG00000151914.19	ENSG00000151914	DST
ENSG00000151917.17	ENSG00000151917	BEND6
ENSG00000151923.17	ENSG00000151923	TIAL1
ENSG00000151929.9	ENSG00000151929	BAG3
ENSG00000151948.11	ENSG00000151948	GLT1D1
ENSG00000151952.15	ENSG00000151952	TMEM132D
ENSG00000151967.18	ENSG00000151967	SCHIP1
ENSG00000152034.10	ENSG00000152034	MCHR2
ENSG00000152049.6	ENSG00000152049	KCNE4
ENSG00000152056.16	ENSG00000152056	AP1S3
ENSG00000152061.23	ENSG00000152061	RABGAP1L
ENSG00000152076.18	ENSG00000152076	CCDC74B
ENSG00000152078.9	ENSG00000152078	TMEM56
ENSG00000152082.13	ENSG00000152082	MZT2B
ENSG00000152092.15	ENSG00000152092	ASTN1
ENSG00000152102.17	ENSG00000152102	FAM168B
ENSG00000152104.11	ENSG00000152104	PTPN14
ENSG00000152117.17	ENSG00000152117	AC073869.1
ENSG00000152127.8	ENSG00000152127	MGAT5
ENSG00000152128.13	ENSG00000152128	TMEM163
ENSG00000152133.14	ENSG00000152133	GPATCH11
ENSG00000152137.6	ENSG00000152137	HSPB8
ENSG00000152147.10	ENSG00000152147	GEMIN6
ENSG00000152154.10	ENSG00000152154	TMEM178A
ENSG00000152193.7	ENSG00000152193	RNF219
ENSG00000152207.7	ENSG00000152207	CYSLTR2
ENSG00000152208.12	ENSG00000152208	GRID2
ENSG00000152214.12	ENSG00000152214	RIT2
ENSG00000152217.16	ENSG00000152217	SETBP1
ENSG00000152219.4	ENSG00000152219	ARL14EP
ENSG00000152223.12	ENSG00000152223	EPG5
ENSG00000152229.18	ENSG00000152229	PSTPIP2
ENSG00000152234.15	ENSG00000152234	ATP5A1
ENSG00000152240.12	ENSG00000152240	HAUS1
ENSG00000152242.10	ENSG00000152242	C18orf25
ENSG00000152256.13	ENSG00000152256	PDK1
ENSG00000152270.8	ENSG00000152270	PDE3B
ENSG00000152284.4	ENSG00000152284	TCF7L1
ENSG00000152291.13	ENSG00000152291	TGOLN2
ENSG00000152315.4	ENSG00000152315	KCNK13
ENSG00000152332.15	ENSG00000152332	UHMK1
ENSG00000152348.15	ENSG00000152348	ATG10
ENSG00000152359.14	ENSG00000152359	POC5
ENSG00000152377.13	ENSG00000152377	SPOCK1
ENSG00000152380.9	ENSG00000152380	FAM151B
ENSG00000152382.5	ENSG00000152382	TADA1
ENSG00000152402.10	ENSG00000152402	GUCY1A2
ENSG00000152404.15	ENSG00000152404	CWF19L2
ENSG00000152409.8	ENSG00000152409	JMY
ENSG00000152413.14	ENSG00000152413	HOMER1
ENSG00000152422.15	ENSG00000152422	XRCC4
ENSG00000152433.14	ENSG00000152433	ZNF547
ENSG00000152439.12	ENSG00000152439	ZNF773
ENSG00000152443.12	ENSG00000152443	ZNF776
ENSG00000152454.3	ENSG00000152454	ZNF256
ENSG00000152455.15	ENSG00000152455	SUV39H2
ENSG00000152457.17	ENSG00000152457	DCLRE1C
ENSG00000152464.14	ENSG00000152464	RPP38
ENSG00000152465.17	ENSG00000152465	NMT2
ENSG00000152467.9	ENSG00000152467	ZSCAN1
ENSG00000152475.6	ENSG00000152475	ZNF837
ENSG00000152484.13	ENSG00000152484	USP12
ENSG00000152492.13	ENSG00000152492	CCDC50
ENSG00000152495.10	ENSG00000152495	CAMK4
ENSG00000152503.9	ENSG00000152503	TRIM36
ENSG00000152518.7	ENSG00000152518	ZFP36L2
ENSG00000152520.13	ENSG00000152520	PAN3
ENSG00000152527.13	ENSG00000152527	PLEKHH2
ENSG00000152556.15	ENSG00000152556	PFKM
ENSG00000152558.14	ENSG00000152558	TMEM123
ENSG00000152578.12	ENSG00000152578	GRIA4
ENSG00000152580.8	ENSG00000152580	IGSF10
ENSG00000152582.13	ENSG00000152582	SPEF2
ENSG00000152583.12	ENSG00000152583	SPARCL1
ENSG00000152595.16	ENSG00000152595	MEPE
ENSG00000152601.17	ENSG00000152601	MBNL1
ENSG00000152620.12	ENSG00000152620	NADK2
ENSG00000152642.10	ENSG00000152642	GPD1L
ENSG00000152661.7	ENSG00000152661	GJA1
ENSG00000152669.8	ENSG00000152669	CCNO
ENSG00000152683.14	ENSG00000152683	SLC30A6
ENSG00000152684.10	ENSG00000152684	PELO
ENSG00000152689.17	ENSG00000152689	RASGRP3
ENSG00000152700.13	ENSG00000152700	SAR1B
ENSG00000152749.7	ENSG00000152749	GPR180
ENSG00000152760.9	ENSG00000152760	TCTEX1D1
ENSG00000152763.16	ENSG00000152763	WDR78
ENSG00000152767.16	ENSG00000152767	FARP1
ENSG00000152778.8	ENSG00000152778	IFIT5
ENSG00000152782.16	ENSG00000152782	PANK1
ENSG00000152784.15	ENSG00000152784	PRDM8
ENSG00000152785.6	ENSG00000152785	BMP3
ENSG00000152795.17	ENSG00000152795	HNRNPDL
ENSG00000152804.10	ENSG00000152804	HHEX
ENSG00000152818.18	ENSG00000152818	UTRN
ENSG00000152822.13	ENSG00000152822	GRM1
ENSG00000152894.14	ENSG00000152894	PTPRK
ENSG00000152904.11	ENSG00000152904	GGPS1
ENSG00000152910.18	ENSG00000152910	CNTNAP4
ENSG00000152926.14	ENSG00000152926	ZNF117
ENSG00000152931.7	ENSG00000152931	PART1
ENSG00000152932.7	ENSG00000152932	RAB3C
ENSG00000152939.14	ENSG00000152939	MARVELD2
ENSG00000152942.18	ENSG00000152942	RAD17
ENSG00000152944.8	ENSG00000152944	MED21
ENSG00000152952.11	ENSG00000152952	PLOD2
ENSG00000152953.12	ENSG00000152953	STK32B
ENSG00000152954.11	ENSG00000152954	NRSN1
ENSG00000152969.18	ENSG00000152969	JAKMIP1
ENSG00000152977.9	ENSG00000152977	ZIC1
ENSG00000152990.13	ENSG00000152990	ADGRA3
ENSG00000153006.15	ENSG00000153006	SREK1IP1
ENSG00000153012.11	ENSG00000153012	LGI2
ENSG00000153015.15	ENSG00000153015	CWC27
ENSG00000153029.14	ENSG00000153029	MR1
ENSG00000153037.13	ENSG00000153037	SRP19
ENSG00000153044.9	ENSG00000153044	CENPH
ENSG00000153046.17	ENSG00000153046	CDYL
ENSG00000153048.10	ENSG00000153048	CARHSP1
ENSG00000153064.11	ENSG00000153064	BANK1
ENSG00000153066.12	ENSG00000153066	TXNDC11
ENSG00000153071.14	ENSG00000153071	DAB2
ENSG00000153094.22	ENSG00000153094	BCL2L11
ENSG00000153107.11	ENSG00000153107	ANAPC1
ENSG00000153113.23	ENSG00000153113	CAST
ENSG00000153130.17	ENSG00000153130	SCOC
ENSG00000153132.12	ENSG00000153132	CLGN
ENSG00000153140.8	ENSG00000153140	CETN3
ENSG00000153147.5	ENSG00000153147	SMARCA5
ENSG00000153157.12	ENSG00000153157	SYCP2L
ENSG00000153162.8	ENSG00000153162	BMP6
ENSG00000153165.18	ENSG00000153165	RGPD3
ENSG00000153179.12	ENSG00000153179	RASSF3
ENSG00000153187.18	ENSG00000153187	HNRNPU
ENSG00000153201.15	ENSG00000153201	RANBP2
ENSG00000153207.14	ENSG00000153207	AHCTF1
ENSG00000153208.16	ENSG00000153208	MERTK
ENSG00000153214.9	ENSG00000153214	TMEM87B
ENSG00000153233.12	ENSG00000153233	PTPRR
ENSG00000153234.13	ENSG00000153234	NR4A2
ENSG00000153237.17	ENSG00000153237	CCDC148
ENSG00000153246.12	ENSG00000153246	PLA2R1
ENSG00000153250.19	ENSG00000153250	RBMS1
ENSG00000153253.16	ENSG00000153253	SCN3A
ENSG00000153266.12	ENSG00000153266	FEZF2
ENSG00000153291.15	ENSG00000153291	SLC25A27
ENSG00000153310.19	ENSG00000153310	FAM49B
ENSG00000153317.14	ENSG00000153317	ASAP1
ENSG00000153339.13	ENSG00000153339	TRAPPC8
ENSG00000153363.12	ENSG00000153363	LINC00467
ENSG00000153391.15	ENSG00000153391	INO80C
ENSG00000153395.9	ENSG00000153395	LPCAT1
ENSG00000153404.14	ENSG00000153404	PLEKHG4B
ENSG00000153406.13	ENSG00000153406	NMRAL1
ENSG00000153443.12	ENSG00000153443	UBALD1
ENSG00000153446.15	ENSG00000153446	C16orf89
ENSG00000153485.5	ENSG00000153485	TMEM251
ENSG00000153487.12	ENSG00000153487	ING1
ENSG00000153495.10	ENSG00000153495	TEX29
ENSG00000153531.13	ENSG00000153531	ADPRHL1
ENSG00000153551.13	ENSG00000153551	CMTM7
ENSG00000153558.13	ENSG00000153558	FBXL2
ENSG00000153560.11	ENSG00000153560	UBP1
ENSG00000153561.12	ENSG00000153561	RMND5A
ENSG00000153563.15	ENSG00000153563	CD8A
ENSG00000153574.8	ENSG00000153574	RPIA
ENSG00000153707.16	ENSG00000153707	PTPRD
ENSG00000153714.5	ENSG00000153714	LURAP1L
ENSG00000153721.18	ENSG00000153721	CNKSR3
ENSG00000153767.9	ENSG00000153767	GTF2E1
ENSG00000153774.8	ENSG00000153774	CFDP1
ENSG00000153786.12	ENSG00000153786	ZDHHC7
ENSG00000153790.11	ENSG00000153790	C7orf31
ENSG00000153814.11	ENSG00000153814	JAZF1
ENSG00000153815.16	ENSG00000153815	CMIP
ENSG00000153820.12	ENSG00000153820	SPHKAP
ENSG00000153822.13	ENSG00000153822	KCNJ16
ENSG00000153823.18	ENSG00000153823	PID1
ENSG00000153827.13	ENSG00000153827	TRIP12
ENSG00000153832.11	ENSG00000153832	FBXO36
ENSG00000153879.8	ENSG00000153879	CEBPG
ENSG00000153885.14	ENSG00000153885	KCTD15
ENSG00000153896.17	ENSG00000153896	ZNF599
ENSG00000153902.13	ENSG00000153902	LGI4
ENSG00000153904.18	ENSG00000153904	DDAH1
ENSG00000153914.15	ENSG00000153914	SREK1
ENSG00000153922.10	ENSG00000153922	CHD1
ENSG00000153930.11	ENSG00000153930	ANKFN1
ENSG00000153933.9	ENSG00000153933	DGKE
ENSG00000153936.16	ENSG00000153936	HS2ST1
ENSG00000153944.10	ENSG00000153944	MSI2
ENSG00000153956.15	ENSG00000153956	CACNA2D1
ENSG00000153975.9	ENSG00000153975	ZUFSP
ENSG00000153982.10	ENSG00000153982	GDPD1
ENSG00000153989.7	ENSG00000153989	NUS1
ENSG00000153993.13	ENSG00000153993	SEMA3D
ENSG00000154001.13	ENSG00000154001	PPP2R5E
ENSG00000154016.13	ENSG00000154016	GRAP
ENSG00000154027.18	ENSG00000154027	AK5
ENSG00000154040.20	ENSG00000154040	CABYR
ENSG00000154059.9	ENSG00000154059	IMPACT
ENSG00000154065.16	ENSG00000154065	ANKRD29
ENSG00000154079.5	ENSG00000154079	SDHAF4
ENSG00000154080.13	ENSG00000154080	CHST9
ENSG00000154096.13	ENSG00000154096	THY1
ENSG00000154099.17	ENSG00000154099	DNAAF1
ENSG00000154102.10	ENSG00000154102	C16orf74
ENSG00000154114.12	ENSG00000154114	TBCEL
ENSG00000154118.12	ENSG00000154118	JPH3
ENSG00000154122.12	ENSG00000154122	ANKH
ENSG00000154124.4	ENSG00000154124	OTULIN
ENSG00000154127.9	ENSG00000154127	UBASH3B
ENSG00000154133.14	ENSG00000154133	ROBO4
ENSG00000154134.14	ENSG00000154134	ROBO3
ENSG00000154144.12	ENSG00000154144	TBRG1
ENSG00000154146.12	ENSG00000154146	NRGN
ENSG00000154153.13	ENSG00000154153	RETREG1
ENSG00000154162.14	ENSG00000154162	CDH12
ENSG00000154174.7	ENSG00000154174	TOMM70
ENSG00000154175.16	ENSG00000154175	ABI3BP
ENSG00000154188.9	ENSG00000154188	ANGPT1
ENSG00000154217.14	ENSG00000154217	PITPNC1
ENSG00000154222.14	ENSG00000154222	CC2D1B
ENSG00000154229.11	ENSG00000154229	PRKCA
ENSG00000154237.12	ENSG00000154237	LRRK1
ENSG00000154240.16	ENSG00000154240	CEP112
ENSG00000154252.11	ENSG00000154252	GAL3ST2
ENSG00000154258.16	ENSG00000154258	ABCA9
ENSG00000154262.12	ENSG00000154262	ABCA6
ENSG00000154263.17	ENSG00000154263	ABCA10
ENSG00000154265.15	ENSG00000154265	ABCA5
ENSG00000154269.14	ENSG00000154269	ENPP3
ENSG00000154274.14	ENSG00000154274	C4orf19
ENSG00000154277.12	ENSG00000154277	UCHL1
ENSG00000154305.16	ENSG00000154305	MIA3
ENSG00000154309.8	ENSG00000154309	DISP1
ENSG00000154310.16	ENSG00000154310	TNIK
ENSG00000154319.14	ENSG00000154319	FAM167A
ENSG00000154328.15	ENSG00000154328	NEIL2
ENSG00000154330.12	ENSG00000154330	PGM5
ENSG00000154358.20	ENSG00000154358	OBSCN
ENSG00000154359.12	ENSG00000154359	LONRF1
ENSG00000154370.15	ENSG00000154370	TRIM11
ENSG00000154380.17	ENSG00000154380	ENAH
ENSG00000154429.10	ENSG00000154429	CCSAP
ENSG00000154447.14	ENSG00000154447	SH3RF1
ENSG00000154451.14	ENSG00000154451	GBP5
ENSG00000154473.17	ENSG00000154473	BUB3
ENSG00000154478.3	ENSG00000154478	GPR26
ENSG00000154479.12	ENSG00000154479	CCDC173
ENSG00000154493.17	ENSG00000154493	C10orf90
ENSG00000154511.11	ENSG00000154511	FAM69A
ENSG00000154518.9	ENSG00000154518	ATP5G3
ENSG00000154529.14	ENSG00000154529	CNTNAP3B
ENSG00000154545.16	ENSG00000154545	MAGED4
ENSG00000154548.8	ENSG00000154548	SRSF12
ENSG00000154553.13	ENSG00000154553	PDLIM3
ENSG00000154556.17	ENSG00000154556	SORBS2
ENSG00000154582.16	ENSG00000154582	ELOC
ENSG00000154589.6	ENSG00000154589	LY96
ENSG00000154639.18	ENSG00000154639	CXADR
ENSG00000154640.14	ENSG00000154640	BTG3
ENSG00000154642.10	ENSG00000154642	C21orf91
ENSG00000154645.13	ENSG00000154645	CHODL
ENSG00000154654.14	ENSG00000154654	NCAM2
ENSG00000154655.15	ENSG00000154655	L3MBTL4
ENSG00000154678.16	ENSG00000154678	PDE1C
ENSG00000154710.16	ENSG00000154710	RABGEF1
ENSG00000154719.13	ENSG00000154719	MRPL39
ENSG00000154721.14	ENSG00000154721	JAM2
ENSG00000154723.12	ENSG00000154723	ATP5J
ENSG00000154727.10	ENSG00000154727	GABPA
ENSG00000154734.14	ENSG00000154734	ADAMTS1
ENSG00000154736.5	ENSG00000154736	ADAMTS5
ENSG00000154743.17	ENSG00000154743	TSEN2
ENSG00000154760.13	ENSG00000154760	SLFN13
ENSG00000154764.5	ENSG00000154764	WNT7A
ENSG00000154767.14	ENSG00000154767	XPC
ENSG00000154781.15	ENSG00000154781	CCDC174
ENSG00000154783.11	ENSG00000154783	FGD5
ENSG00000154803.12	ENSG00000154803	FLCN
ENSG00000154813.9	ENSG00000154813	DPH3
ENSG00000154814.13	ENSG00000154814	OXNAD1
ENSG00000154822.17	ENSG00000154822	PLCL2
ENSG00000154832.14	ENSG00000154832	CXXC1
ENSG00000154845.15	ENSG00000154845	PPP4R1
ENSG00000154856.12	ENSG00000154856	APCDD1
ENSG00000154864.11	ENSG00000154864	PIEZO2
ENSG00000154874.15	ENSG00000154874	CCDC144B
ENSG00000154889.16	ENSG00000154889	MPPE1
ENSG00000154898.15	ENSG00000154898	CCDC144CP
ENSG00000154914.16	ENSG00000154914	USP43
ENSG00000154917.10	ENSG00000154917	RAB6B
ENSG00000154928.16	ENSG00000154928	EPHB1
ENSG00000154930.14	ENSG00000154930	ACSS1
ENSG00000154945.6	ENSG00000154945	ANKRD40
ENSG00000154957.13	ENSG00000154957	ZNF18
ENSG00000154975.13	ENSG00000154975	CA10
ENSG00000154978.12	ENSG00000154978	VOPP1
ENSG00000155008.13	ENSG00000155008	APOOL
ENSG00000155011.8	ENSG00000155011	DKK2
ENSG00000155016.17	ENSG00000155016	CYP2U1
ENSG00000155026.16	ENSG00000155026	RSPH10B
ENSG00000155034.18	ENSG00000155034	FBXL18
ENSG00000155052.14	ENSG00000155052	CNTNAP5
ENSG00000155066.15	ENSG00000155066	PROM2
ENSG00000155085.15	ENSG00000155085	AK9
ENSG00000155090.14	ENSG00000155090	KLF10
ENSG00000155093.17	ENSG00000155093	PTPRN2
ENSG00000155096.13	ENSG00000155096	AZIN1
ENSG00000155097.11	ENSG00000155097	ATP6V1C1
ENSG00000155099.7	ENSG00000155099	TMEM55A
ENSG00000155100.10	ENSG00000155100	OTUD6B
ENSG00000155111.14	ENSG00000155111	CDK19
ENSG00000155115.6	ENSG00000155115	GTF3C6
ENSG00000155158.20	ENSG00000155158	TTC39B
ENSG00000155189.11	ENSG00000155189	AGPAT5
ENSG00000155229.20	ENSG00000155229	MMS19
ENSG00000155252.13	ENSG00000155252	PI4K2A
ENSG00000155254.12	ENSG00000155254	MARVELD1
ENSG00000155256.17	ENSG00000155256	ZFYVE27
ENSG00000155265.10	ENSG00000155265	GOLGA7B
ENSG00000155275.18	ENSG00000155275	TRMT44
ENSG00000155287.10	ENSG00000155287	SLC25A28
ENSG00000155304.5	ENSG00000155304	HSPA13
ENSG00000155307.17	ENSG00000155307	SAMSN1
ENSG00000155313.15	ENSG00000155313	USP25
ENSG00000155324.9	ENSG00000155324	GRAMD2B
ENSG00000155329.11	ENSG00000155329	ZCCHC10
ENSG00000155330.9	ENSG00000155330	C16orf87
ENSG00000155363.18	ENSG00000155363	MOV10
ENSG00000155366.16	ENSG00000155366	RHOC
ENSG00000155367.15	ENSG00000155367	PPM1J
ENSG00000155368.16	ENSG00000155368	DBI
ENSG00000155380.11	ENSG00000155380	SLC16A1
ENSG00000155393.12	ENSG00000155393	HEATR3
ENSG00000155438.11	ENSG00000155438	NIFK
ENSG00000155463.12	ENSG00000155463	OXA1L
ENSG00000155465.18	ENSG00000155465	SLC7A7
ENSG00000155506.16	ENSG00000155506	LARP1
ENSG00000155508.13	ENSG00000155508	CNOT8
ENSG00000155511.17	ENSG00000155511	GRIA1
ENSG00000155530.2	ENSG00000155530	LRGUK
ENSG00000155542.11	ENSG00000155542	SETD9
ENSG00000155545.19	ENSG00000155545	MIER3
ENSG00000155561.14	ENSG00000155561	NUP205
ENSG00000155592.15	ENSG00000155592	ZKSCAN2
ENSG00000155621.14	ENSG00000155621	C9orf85
ENSG00000155629.14	ENSG00000155629	PIK3AP1
ENSG00000155636.14	ENSG00000155636	RBM45
ENSG00000155657.26	ENSG00000155657	TTN
ENSG00000155659.14	ENSG00000155659	VSIG4
ENSG00000155660.10	ENSG00000155660	PDIA4
ENSG00000155666.11	ENSG00000155666	KDM8
ENSG00000155719.16	ENSG00000155719	OTOA
ENSG00000155729.12	ENSG00000155729	KCTD18
ENSG00000155744.9	ENSG00000155744	FAM126B
ENSG00000155749.12	ENSG00000155749	ALS2CR12
ENSG00000155754.14	ENSG00000155754	C2CD6
ENSG00000155755.18	ENSG00000155755	TMEM237
ENSG00000155760.2	ENSG00000155760	FZD7
ENSG00000155761.13	ENSG00000155761	SPAG17
ENSG00000155792.9	ENSG00000155792	DEPTOR
ENSG00000155816.19	ENSG00000155816	FMN2
ENSG00000155827.11	ENSG00000155827	RNF20
ENSG00000155846.16	ENSG00000155846	PPARGC1B
ENSG00000155849.15	ENSG00000155849	ELMO1
ENSG00000155850.7	ENSG00000155850	SLC26A2
ENSG00000155858.5	ENSG00000155858	LSM11
ENSG00000155868.7	ENSG00000155868	MED7
ENSG00000155876.5	ENSG00000155876	RRAGA
ENSG00000155886.11	ENSG00000155886	SLC24A2
ENSG00000155893.12	ENSG00000155893	PXYLP1
ENSG00000155897.9	ENSG00000155897	ADCY8
ENSG00000155903.11	ENSG00000155903	RASA2
ENSG00000155906.16	ENSG00000155906	RMND1
ENSG00000155926.13	ENSG00000155926	SLA
ENSG00000155957.17	ENSG00000155957	TMBIM4
ENSG00000155959.10	ENSG00000155959	VBP1
ENSG00000155961.4	ENSG00000155961	RAB39B
ENSG00000155962.12	ENSG00000155962	CLIC2
ENSG00000155966.13	ENSG00000155966	AFF2
ENSG00000155970.11	ENSG00000155970	MICU3
ENSG00000155974.11	ENSG00000155974	GRIP1
ENSG00000155975.9	ENSG00000155975	VPS37A
ENSG00000155980.11	ENSG00000155980	KIF5A
ENSG00000156011.16	ENSG00000156011	PSD3
ENSG00000156017.12	ENSG00000156017	CARNMT1
ENSG00000156026.14	ENSG00000156026	MCU
ENSG00000156030.13	ENSG00000156030	ELMSAN1
ENSG00000156042.17	ENSG00000156042	CFAP70
ENSG00000156049.6	ENSG00000156049	GNA14
ENSG00000156050.8	ENSG00000156050	FAM161B
ENSG00000156052.10	ENSG00000156052	GNAQ
ENSG00000156076.9	ENSG00000156076	WIF1
ENSG00000156097.12	ENSG00000156097	GPR61
ENSG00000156103.15	ENSG00000156103	MMP16
ENSG00000156110.13	ENSG00000156110	ADK
ENSG00000156113.22	ENSG00000156113	KCNMA1
ENSG00000156136.9	ENSG00000156136	DCK
ENSG00000156140.9	ENSG00000156140	ADAMTS3
ENSG00000156162.16	ENSG00000156162	DPY19L4
ENSG00000156170.12	ENSG00000156170	NDUFAF6
ENSG00000156171.14	ENSG00000156171	DRAM2
ENSG00000156172.5	ENSG00000156172	C8orf37
ENSG00000156206.13	ENSG00000156206	CFAP161
ENSG00000156218.12	ENSG00000156218	ADAMTSL3
ENSG00000156219.16	ENSG00000156219	ART3
ENSG00000156232.7	ENSG00000156232	WHAMM
ENSG00000156239.11	ENSG00000156239	N6AMT1
ENSG00000156253.6	ENSG00000156253	RWDD2B
ENSG00000156256.14	ENSG00000156256	USP16
ENSG00000156261.12	ENSG00000156261	CCT8
ENSG00000156265.15	ENSG00000156265	MAP3K7CL
ENSG00000156273.15	ENSG00000156273	BACH1
ENSG00000156298.12	ENSG00000156298	TSPAN7
ENSG00000156299.13	ENSG00000156299	TIAM1
ENSG00000156304.14	ENSG00000156304	SCAF4
ENSG00000156313.12	ENSG00000156313	RPGR
ENSG00000156345.17	ENSG00000156345	CDK20
ENSG00000156374.14	ENSG00000156374	PCGF6
ENSG00000156381.8	ENSG00000156381	ANKRD9
ENSG00000156384.14	ENSG00000156384	SFR1
ENSG00000156395.12	ENSG00000156395	SORCS3
ENSG00000156398.12	ENSG00000156398	SFXN2
ENSG00000156411.9	ENSG00000156411	C14orf2
ENSG00000156414.18	ENSG00000156414	TDRD9
ENSG00000156427.7	ENSG00000156427	FGF18
ENSG00000156453.13	ENSG00000156453	PCDH1
ENSG00000156463.17	ENSG00000156463	SH3RF2
ENSG00000156466.9	ENSG00000156466	GDF6
ENSG00000156467.9	ENSG00000156467	UQCRB
ENSG00000156469.8	ENSG00000156469	MTERF3
ENSG00000156471.12	ENSG00000156471	PTDSS1
ENSG00000156475.18	ENSG00000156475	PPP2R2B
ENSG00000156482.10	ENSG00000156482	RPL30
ENSG00000156486.7	ENSG00000156486	KCNS2
ENSG00000156500.14	ENSG00000156500	FAM122C
ENSG00000156502.13	ENSG00000156502	SUPV3L1
ENSG00000156504.16	ENSG00000156504	FAM122B
ENSG00000156508.17	ENSG00000156508	EEF1A1
ENSG00000156510.12	ENSG00000156510	HKDC1
ENSG00000156515.21	ENSG00000156515	HK1
ENSG00000156521.13	ENSG00000156521	TYSND1
ENSG00000156531.16	ENSG00000156531	PHF6
ENSG00000156535.13	ENSG00000156535	CD109
ENSG00000156564.8	ENSG00000156564	LRFN2
ENSG00000156587.15	ENSG00000156587	UBE2L6
ENSG00000156599.10	ENSG00000156599	ZDHHC5
ENSG00000156603.16	ENSG00000156603	MED19
ENSG00000156639.11	ENSG00000156639	ZFAND3
ENSG00000156642.16	ENSG00000156642	NPTN
ENSG00000156650.12	ENSG00000156650	KAT6B
ENSG00000156671.12	ENSG00000156671	SAMD8
ENSG00000156675.15	ENSG00000156675	RAB11FIP1
ENSG00000156687.10	ENSG00000156687	UNC5D
ENSG00000156697.12	ENSG00000156697	UTP14A
ENSG00000156709.13	ENSG00000156709	AIFM1
ENSG00000156711.16	ENSG00000156711	MAPK13
ENSG00000156735.10	ENSG00000156735	BAG4
ENSG00000156787.16	ENSG00000156787	TBC1D31
ENSG00000156795.6	ENSG00000156795	WDYHV1
ENSG00000156802.12	ENSG00000156802	ATAD2
ENSG00000156804.7	ENSG00000156804	FBXO32
ENSG00000156831.7	ENSG00000156831	NSMCE2
ENSG00000156853.12	ENSG00000156853	ZNF689
ENSG00000156858.11	ENSG00000156858	PRR14
ENSG00000156860.15	ENSG00000156860	FBRS
ENSG00000156873.15	ENSG00000156873	PHKG2
ENSG00000156875.13	ENSG00000156875	MFSD14A
ENSG00000156876.9	ENSG00000156876	SASS6
ENSG00000156925.11	ENSG00000156925	ZIC3
ENSG00000156928.4	ENSG00000156928	MALSU1
ENSG00000156931.15	ENSG00000156931	VPS8
ENSG00000156958.14	ENSG00000156958	GALK2
ENSG00000156959.8	ENSG00000156959	LHFPL4
ENSG00000156966.6	ENSG00000156966	B3GNT7
ENSG00000156968.8	ENSG00000156968	MPV17L
ENSG00000156973.13	ENSG00000156973	PDE6D
ENSG00000156976.16	ENSG00000156976	EIF4A2
ENSG00000156983.15	ENSG00000156983	BRPF1
ENSG00000156990.14	ENSG00000156990	RPUSD3
ENSG00000157005.3	ENSG00000157005	SST
ENSG00000157014.10	ENSG00000157014	TATDN2
ENSG00000157020.17	ENSG00000157020	SEC13
ENSG00000157036.12	ENSG00000157036	EXOG
ENSG00000157045.8	ENSG00000157045	NTAN1
ENSG00000157064.10	ENSG00000157064	NMNAT2
ENSG00000157077.14	ENSG00000157077	ZFYVE9
ENSG00000157087.17	ENSG00000157087	ATP2B2
ENSG00000157103.10	ENSG00000157103	SLC6A1
ENSG00000157106.16	ENSG00000157106	SMG1
ENSG00000157107.13	ENSG00000157107	FCHO2
ENSG00000157110.15	ENSG00000157110	RBPMS
ENSG00000157150.4	ENSG00000157150	TIMP4
ENSG00000157152.16	ENSG00000157152	SYN2
ENSG00000157168.18	ENSG00000157168	NRG1
ENSG00000157181.15	ENSG00000157181	C1orf27
ENSG00000157184.6	ENSG00000157184	CPT2
ENSG00000157191.19	ENSG00000157191	NECAP2
ENSG00000157193.15	ENSG00000157193	LRP8
ENSG00000157212.18	ENSG00000157212	PAXIP1
ENSG00000157214.13	ENSG00000157214	STEAP2
ENSG00000157216.15	ENSG00000157216	SSBP3
ENSG00000157219.3	ENSG00000157219	HTR5A
ENSG00000157224.15	ENSG00000157224	CLDN12
ENSG00000157227.12	ENSG00000157227	MMP14
ENSG00000157240.3	ENSG00000157240	FZD1
ENSG00000157259.6	ENSG00000157259	GATAD1
ENSG00000157303.10	ENSG00000157303	SUSD3
ENSG00000157306.14	ENSG00000157306	ZFHX2-AS1
ENSG00000157322.17	ENSG00000157322	CLEC18A
ENSG00000157326.18	ENSG00000157326	DHRS4
ENSG00000157335.20	ENSG00000157335	CLEC18C
ENSG00000157343.8	ENSG00000157343	ARMC12
ENSG00000157349.16	ENSG00000157349	DDX19B
ENSG00000157350.12	ENSG00000157350	ST3GAL2
ENSG00000157353.16	ENSG00000157353	FUK
ENSG00000157368.10	ENSG00000157368	IL34
ENSG00000157379.13	ENSG00000157379	DHRS1
ENSG00000157388.15	ENSG00000157388	CACNA1D
ENSG00000157399.14	ENSG00000157399	ARSE
ENSG00000157404.15	ENSG00000157404	KIT
ENSG00000157423.17	ENSG00000157423	HYDIN
ENSG00000157426.13	ENSG00000157426	AASDH
ENSG00000157429.15	ENSG00000157429	ZNF19
ENSG00000157445.14	ENSG00000157445	CACNA2D3
ENSG00000157450.15	ENSG00000157450	RNF111
ENSG00000157470.11	ENSG00000157470	FAM81A
ENSG00000157483.8	ENSG00000157483	MYO1E
ENSG00000157500.10	ENSG00000157500	APPL1
ENSG00000157502.13	ENSG00000157502	MUM1L1
ENSG00000157510.13	ENSG00000157510	AFAP1L1
ENSG00000157514.16	ENSG00000157514	TSC22D3
ENSG00000157538.13	ENSG00000157538	DSCR3
ENSG00000157540.19	ENSG00000157540	DYRK1A
ENSG00000157542.9	ENSG00000157542	KCNJ6
ENSG00000157554.18	ENSG00000157554	ERG
ENSG00000157557.11	ENSG00000157557	ETS2
ENSG00000157570.11	ENSG00000157570	TSPAN18
ENSG00000157593.18	ENSG00000157593	SLC35B2
ENSG00000157600.11	ENSG00000157600	TMEM164
ENSG00000157601.13	ENSG00000157601	MX1
ENSG00000157613.10	ENSG00000157613	CREB3L1
ENSG00000157617.16	ENSG00000157617	C2CD2
ENSG00000157625.15	ENSG00000157625	TAB3
ENSG00000157637.12	ENSG00000157637	SLC38A10
ENSG00000157654.17	ENSG00000157654	PALM2-AKAP2
ENSG00000157657.14	ENSG00000157657	ZNF618
ENSG00000157680.15	ENSG00000157680	DGKI
ENSG00000157693.14	ENSG00000157693	TMEM268
ENSG00000157734.13	ENSG00000157734	SNX22
ENSG00000157741.14	ENSG00000157741	UBN2
ENSG00000157764.12	ENSG00000157764	BRAF
ENSG00000157766.15	ENSG00000157766	ACAN
ENSG00000157778.8	ENSG00000157778	PSMG3
ENSG00000157782.9	ENSG00000157782	CABP1
ENSG00000157796.17	ENSG00000157796	WDR19
ENSG00000157800.17	ENSG00000157800	SLC37A3
ENSG00000157823.16	ENSG00000157823	AP3S2
ENSG00000157827.19	ENSG00000157827	FMNL2
ENSG00000157833.12	ENSG00000157833	GAREM2
ENSG00000157837.15	ENSG00000157837	SPPL3
ENSG00000157851.16	ENSG00000157851	DPYSL5
ENSG00000157856.10	ENSG00000157856	DRC1
ENSG00000157869.14	ENSG00000157869	RAB28
ENSG00000157870.14	ENSG00000157870	FAM213B
ENSG00000157873.17	ENSG00000157873	TNFRSF14
ENSG00000157881.13	ENSG00000157881	PANK4
ENSG00000157890.17	ENSG00000157890	MEGF11
ENSG00000157895.11	ENSG00000157895	C12orf43
ENSG00000157911.9	ENSG00000157911	PEX10
ENSG00000157916.19	ENSG00000157916	RER1
ENSG00000157927.16	ENSG00000157927	RADIL
ENSG00000157933.9	ENSG00000157933	SKI
ENSG00000157954.14	ENSG00000157954	WIPI2
ENSG00000157978.11	ENSG00000157978	LDLRAP1
ENSG00000157985.18	ENSG00000157985	AGAP1
ENSG00000158006.13	ENSG00000158006	PAFAH2
ENSG00000158008.9	ENSG00000158008	EXTL1
ENSG00000158019.20	ENSG00000158019	BABAM2
ENSG00000158023.9	ENSG00000158023	WDR66
ENSG00000158042.8	ENSG00000158042	MRPL17
ENSG00000158050.4	ENSG00000158050	DUSP2
ENSG00000158062.20	ENSG00000158062	UBXN11
ENSG00000158079.14	ENSG00000158079	PTPDC1
ENSG00000158089.14	ENSG00000158089	GALNT14
ENSG00000158092.6	ENSG00000158092	NCK1
ENSG00000158106.13	ENSG00000158106	RHPN1
ENSG00000158109.14	ENSG00000158109	TPRG1L
ENSG00000158113.12	ENSG00000158113	LRRC43
ENSG00000158122.11	ENSG00000158122	AAED1
ENSG00000158156.7	ENSG00000158156	XKR8
ENSG00000158158.11	ENSG00000158158	CNNM4
ENSG00000158161.15	ENSG00000158161	EYA3
ENSG00000158163.14	ENSG00000158163	DZIP1L
ENSG00000158169.12	ENSG00000158169	FANCC
ENSG00000158186.12	ENSG00000158186	MRAS
ENSG00000158195.10	ENSG00000158195	WASF2
ENSG00000158201.9	ENSG00000158201	ABHD3
ENSG00000158220.13	ENSG00000158220	ESYT3
ENSG00000158234.12	ENSG00000158234	FAIM
ENSG00000158246.7	ENSG00000158246	FAM46B
ENSG00000158258.16	ENSG00000158258	CLSTN2
ENSG00000158270.11	ENSG00000158270	COLEC12
ENSG00000158286.12	ENSG00000158286	RNF207
ENSG00000158290.16	ENSG00000158290	CUL4B
ENSG00000158292.6	ENSG00000158292	GPR153
ENSG00000158296.13	ENSG00000158296	SLC13A3
ENSG00000158301.18	ENSG00000158301	GPRASP2
ENSG00000158315.10	ENSG00000158315	RHBDL2
ENSG00000158321.15	ENSG00000158321	AUTS2
ENSG00000158352.15	ENSG00000158352	SHROOM4
ENSG00000158373.8	ENSG00000158373	HIST1H2BD
ENSG00000158406.4	ENSG00000158406	HIST1H4H
ENSG00000158411.11	ENSG00000158411	MITD1
ENSG00000158417.10	ENSG00000158417	EIF5B
ENSG00000158423.16	ENSG00000158423	RIBC1
ENSG00000158427.14	ENSG00000158427	TMSB15B
ENSG00000158435.7	ENSG00000158435	CNOT11
ENSG00000158445.9	ENSG00000158445	KCNB1
ENSG00000158457.5	ENSG00000158457	TSPAN33
ENSG00000158458.19	ENSG00000158458	NRG2
ENSG00000158467.16	ENSG00000158467	AHCYL2
ENSG00000158470.5	ENSG00000158470	B4GALT5
ENSG00000158480.10	ENSG00000158480	SPATA2
ENSG00000158483.15	ENSG00000158483	FAM86C1
ENSG00000158517.13	ENSG00000158517	NCF1
ENSG00000158526.7	ENSG00000158526	TSR2
ENSG00000158528.11	ENSG00000158528	PPP1R9A
ENSG00000158545.15	ENSG00000158545	ZC3H18
ENSG00000158552.12	ENSG00000158552	ZFAND2B
ENSG00000158555.14	ENSG00000158555	GDPD5
ENSG00000158560.14	ENSG00000158560	DYNC1I1
ENSG00000158604.14	ENSG00000158604	TMED4
ENSG00000158615.8	ENSG00000158615	PPP1R15B
ENSG00000158623.14	ENSG00000158623	COPG2
ENSG00000158636.16	ENSG00000158636	EMSY
ENSG00000158669.11	ENSG00000158669	GPAT4
ENSG00000158683.7	ENSG00000158683	PKD1L1
ENSG00000158691.14	ENSG00000158691	ZSCAN12
ENSG00000158710.14	ENSG00000158710	TAGLN2
ENSG00000158711.13	ENSG00000158711	ELK4
ENSG00000158714.10	ENSG00000158714	SLAMF8
ENSG00000158715.5	ENSG00000158715	SLC45A3
ENSG00000158716.8	ENSG00000158716	DUSP23
ENSG00000158717.10	ENSG00000158717	RNF166
ENSG00000158747.13	ENSG00000158747	NBL1
ENSG00000158748.3	ENSG00000158748	HTR6
ENSG00000158769.17	ENSG00000158769	F11R
ENSG00000158773.14	ENSG00000158773	USF1
ENSG00000158792.15	ENSG00000158792	SPATA2L
ENSG00000158793.13	ENSG00000158793	NIT1
ENSG00000158796.16	ENSG00000158796	DEDD
ENSG00000158805.11	ENSG00000158805	ZNF276
ENSG00000158806.13	ENSG00000158806	NPM2
ENSG00000158813.17	ENSG00000158813	EDA
ENSG00000158815.10	ENSG00000158815	FGF17
ENSG00000158825.5	ENSG00000158825	CDA
ENSG00000158828.7	ENSG00000158828	PINK1
ENSG00000158850.14	ENSG00000158850	B4GALT3
ENSG00000158856.18	ENSG00000158856	DMTN
ENSG00000158859.9	ENSG00000158859	ADAMTS4
ENSG00000158863.21	ENSG00000158863	FAM160B2
ENSG00000158864.12	ENSG00000158864	NDUFS2
ENSG00000158865.12	ENSG00000158865	SLC5A11
ENSG00000158869.10	ENSG00000158869	FCER1G
ENSG00000158882.14	ENSG00000158882	TOMM40L
ENSG00000158887.15	ENSG00000158887	MPZ
ENSG00000158941.16	ENSG00000158941	CCAR2
ENSG00000158966.13	ENSG00000158966	CACHD1
ENSG00000158985.13	ENSG00000158985	CDC42SE2
ENSG00000158987.20	ENSG00000158987	RAPGEF6
ENSG00000159023.19	ENSG00000159023	EPB41
ENSG00000159055.3	ENSG00000159055	MIS18A
ENSG00000159063.12	ENSG00000159063	ALG8
ENSG00000159069.13	ENSG00000159069	FBXW5
ENSG00000159079.18	ENSG00000159079	C21orf59
ENSG00000159082.17	ENSG00000159082	SYNJ1
ENSG00000159086.14	ENSG00000159086	PAXBP1
ENSG00000159110.19	ENSG00000159110	IFNAR2
ENSG00000159111.12	ENSG00000159111	MRPL10
ENSG00000159128.14	ENSG00000159128	IFNGR2
ENSG00000159131.16	ENSG00000159131	GART
ENSG00000159140.19	ENSG00000159140	SON
ENSG00000159147.17	ENSG00000159147	DONSON
ENSG00000159164.9	ENSG00000159164	SV2A
ENSG00000159167.11	ENSG00000159167	STC1
ENSG00000159176.13	ENSG00000159176	CSRP1
ENSG00000159189.11	ENSG00000159189	C1QC
ENSG00000159199.13	ENSG00000159199	ATP5G1
ENSG00000159200.17	ENSG00000159200	RCAN1
ENSG00000159202.17	ENSG00000159202	UBE2Z
ENSG00000159208.15	ENSG00000159208	CIART
ENSG00000159210.9	ENSG00000159210	SNF8
ENSG00000159214.12	ENSG00000159214	CCDC24
ENSG00000159216.18	ENSG00000159216	RUNX1
ENSG00000159228.12	ENSG00000159228	CBR1
ENSG00000159231.5	ENSG00000159231	CBR3
ENSG00000159248.4	ENSG00000159248	GJD2
ENSG00000159251.6	ENSG00000159251	ACTC1
ENSG00000159256.12	ENSG00000159256	MORC3
ENSG00000159259.7	ENSG00000159259	CHAF1B
ENSG00000159263.15	ENSG00000159263	SIM2
ENSG00000159267.14	ENSG00000159267	HLCS
ENSG00000159307.18	ENSG00000159307	SCUBE1
ENSG00000159314.11	ENSG00000159314	ARHGAP27
ENSG00000159322.17	ENSG00000159322	ADPGK
ENSG00000159335.15	ENSG00000159335	PTMS
ENSG00000159346.12	ENSG00000159346	ADIPOR1
ENSG00000159348.12	ENSG00000159348	CYB5R1
ENSG00000159352.15	ENSG00000159352	PSMD4
ENSG00000159363.17	ENSG00000159363	ATP13A2
ENSG00000159374.17	ENSG00000159374	M1AP
ENSG00000159377.10	ENSG00000159377	PSMB4
ENSG00000159388.5	ENSG00000159388	BTG2
ENSG00000159399.9	ENSG00000159399	HK2
ENSG00000159403.15	ENSG00000159403	C1R
ENSG00000159409.14	ENSG00000159409	CELF3
ENSG00000159423.16	ENSG00000159423	ALDH4A1
ENSG00000159433.11	ENSG00000159433	STARD9
ENSG00000159445.12	ENSG00000159445	THEM4
ENSG00000159450.12	ENSG00000159450	TCHH
ENSG00000159459.11	ENSG00000159459	UBR1
ENSG00000159461.14	ENSG00000159461	AMFR
ENSG00000159479.16	ENSG00000159479	MED8
ENSG00000159579.13	ENSG00000159579	RSPRY1
ENSG00000159592.10	ENSG00000159592	GPBP1L1
ENSG00000159593.14	ENSG00000159593	NAE1
ENSG00000159596.6	ENSG00000159596	TMEM69
ENSG00000159625.14	ENSG00000159625	DRC7
ENSG00000159640.15	ENSG00000159640	ACE
ENSG00000159658.10	ENSG00000159658	EFCAB14
ENSG00000159674.11	ENSG00000159674	SPON2
ENSG00000159685.10	ENSG00000159685	CHCHD6
ENSG00000159692.15	ENSG00000159692	CTBP1
ENSG00000159712.10	ENSG00000159712	ANKRD18CP
ENSG00000159713.10	ENSG00000159713	TPPP3
ENSG00000159714.10	ENSG00000159714	ZDHHC1
ENSG00000159720.11	ENSG00000159720	ATP6V0D1
ENSG00000159733.13	ENSG00000159733	ZFYVE28
ENSG00000159753.13	ENSG00000159753	CARMIL2
ENSG00000159761.14	ENSG00000159761	C16orf86
ENSG00000159784.17	ENSG00000159784	FAM131B
ENSG00000159788.18	ENSG00000159788	RGS12
ENSG00000159792.9	ENSG00000159792	PSKH1
ENSG00000159840.15	ENSG00000159840	ZYX
ENSG00000159842.14	ENSG00000159842	ABR
ENSG00000159871.14	ENSG00000159871	LYPD5
ENSG00000159873.9	ENSG00000159873	CCDC117
ENSG00000159882.12	ENSG00000159882	ZNF230
ENSG00000159884.11	ENSG00000159884	CCDC107
ENSG00000159885.13	ENSG00000159885	ZNF222
ENSG00000159899.14	ENSG00000159899	NPR2
ENSG00000159904.11	ENSG00000159904	ZNF890P
ENSG00000159905.14	ENSG00000159905	ZNF221
ENSG00000159915.12	ENSG00000159915	ZNF233
ENSG00000159917.15	ENSG00000159917	ZNF235
ENSG00000159921.14	ENSG00000159921	GNE
ENSG00000159958.6	ENSG00000159958	TNFRSF13C
ENSG00000160007.18	ENSG00000160007	ARHGAP35
ENSG00000160014.16	ENSG00000160014	CALM3
ENSG00000160049.11	ENSG00000160049	DFFA
ENSG00000160050.14	ENSG00000160050	CCDC28B
ENSG00000160051.11	ENSG00000160051	IQCC
ENSG00000160055.19	ENSG00000160055	TMEM234
ENSG00000160058.18	ENSG00000160058	BSDC1
ENSG00000160062.14	ENSG00000160062	ZBTB8A
ENSG00000160072.19	ENSG00000160072	ATAD3B
ENSG00000160075.11	ENSG00000160075	SSU72
ENSG00000160087.20	ENSG00000160087	UBE2J2
ENSG00000160094.14	ENSG00000160094	ZNF362
ENSG00000160097.16	ENSG00000160097	FNDC5
ENSG00000160111.12	ENSG00000160111	CPAMD8
ENSG00000160113.5	ENSG00000160113	NR2F6
ENSG00000160117.14	ENSG00000160117	ANKLE1
ENSG00000160124.9	ENSG00000160124	CCDC58
ENSG00000160131.13	ENSG00000160131	VMA21
ENSG00000160145.15	ENSG00000160145	KALRN
ENSG00000160161.9	ENSG00000160161	CILP2
ENSG00000160172.10	ENSG00000160172	FAM86C2P
ENSG00000160179.18	ENSG00000160179	ABCG1
ENSG00000160183.13	ENSG00000160183	TMPRSS3
ENSG00000160188.9	ENSG00000160188	RSPH1
ENSG00000160190.13	ENSG00000160190	SLC37A1
ENSG00000160191.17	ENSG00000160191	PDE9A
ENSG00000160193.11	ENSG00000160193	WDR4
ENSG00000160194.17	ENSG00000160194	NDUFV3
ENSG00000160199.14	ENSG00000160199	PKNOX1
ENSG00000160200.17	ENSG00000160200	CBS
ENSG00000160201.11	ENSG00000160201	U2AF1
ENSG00000160207.8	ENSG00000160207	HSF2BP
ENSG00000160208.12	ENSG00000160208	RRP1B
ENSG00000160209.18	ENSG00000160209	PDXK
ENSG00000160211.15	ENSG00000160211	G6PD
ENSG00000160213.6	ENSG00000160213	CSTB
ENSG00000160214.12	ENSG00000160214	RRP1
ENSG00000160216.18	ENSG00000160216	AGPAT3
ENSG00000160218.12	ENSG00000160218	TRAPPC10
ENSG00000160219.11	ENSG00000160219	GAB3
ENSG00000160221.16	ENSG00000160221	C21orf33
ENSG00000160223.16	ENSG00000160223	ICOSLG
ENSG00000160224.16	ENSG00000160224	AIRE
ENSG00000160226.15	ENSG00000160226	C21orf2
ENSG00000160229.11	ENSG00000160229	ZNF66
ENSG00000160233.7	ENSG00000160233	LRRC3
ENSG00000160255.17	ENSG00000160255	ITGB2
ENSG00000160256.12	ENSG00000160256	FAM207A
ENSG00000160271.14	ENSG00000160271	RALGDS
ENSG00000160282.13	ENSG00000160282	FTCD
ENSG00000160284.14	ENSG00000160284	SPATC1L
ENSG00000160285.14	ENSG00000160285	LSS
ENSG00000160293.16	ENSG00000160293	VAV2
ENSG00000160294.10	ENSG00000160294	MCM3AP
ENSG00000160298.17	ENSG00000160298	C21orf58
ENSG00000160299.16	ENSG00000160299	PCNT
ENSG00000160305.17	ENSG00000160305	DIP2A
ENSG00000160307.9	ENSG00000160307	S100B
ENSG00000160310.17	ENSG00000160310	PRMT2
ENSG00000160321.14	ENSG00000160321	ZNF208
ENSG00000160323.18	ENSG00000160323	ADAMTS13
ENSG00000160325.14	ENSG00000160325	CACFD1
ENSG00000160326.13	ENSG00000160326	SLC2A6
ENSG00000160336.14	ENSG00000160336	ZNF761
ENSG00000160345.12	ENSG00000160345	C9orf116
ENSG00000160352.15	ENSG00000160352	ZNF714
ENSG00000160360.12	ENSG00000160360	GPSM1
ENSG00000160392.13	ENSG00000160392	C19orf47
ENSG00000160404.17	ENSG00000160404	TOR2A
ENSG00000160408.14	ENSG00000160408	ST6GALNAC6
ENSG00000160410.14	ENSG00000160410	SHKBP1
ENSG00000160439.15	ENSG00000160439	RDH13
ENSG00000160445.10	ENSG00000160445	ZER1
ENSG00000160446.18	ENSG00000160446	ZDHHC12
ENSG00000160447.6	ENSG00000160447	PKN3
ENSG00000160460.15	ENSG00000160460	SPTBN4
ENSG00000160469.16	ENSG00000160469	BRSK1
ENSG00000160539.4	ENSG00000160539	PLPP7
ENSG00000160551.11	ENSG00000160551	TAOK1
ENSG00000160563.13	ENSG00000160563	MED27
ENSG00000160570.13	ENSG00000160570	DEDD2
ENSG00000160584.15	ENSG00000160584	SIK3
ENSG00000160588.9	ENSG00000160588	MPZL3
ENSG00000160602.13	ENSG00000160602	NEK8
ENSG00000160606.10	ENSG00000160606	TLCD1
ENSG00000160613.12	ENSG00000160613	PCSK7
ENSG00000160633.12	ENSG00000160633	SAFB
ENSG00000160678.11	ENSG00000160678	S100A1
ENSG00000160679.12	ENSG00000160679	CHTOP
ENSG00000160685.13	ENSG00000160685	ZBTB7B
ENSG00000160688.18	ENSG00000160688	FLAD1
ENSG00000160691.18	ENSG00000160691	SHC1
ENSG00000160695.14	ENSG00000160695	VPS11
ENSG00000160703.15	ENSG00000160703	NLRX1
ENSG00000160710.15	ENSG00000160710	ADAR
ENSG00000160712.12	ENSG00000160712	IL6R
ENSG00000160714.9	ENSG00000160714	UBE2Q1
ENSG00000160716.5	ENSG00000160716	CHRNB2
ENSG00000160741.16	ENSG00000160741	CRTC2
ENSG00000160746.12	ENSG00000160746	ANO10
ENSG00000160752.14	ENSG00000160752	FDPS
ENSG00000160753.15	ENSG00000160753	RUSC1
ENSG00000160766.14	ENSG00000160766	GBAP1
ENSG00000160767.20	ENSG00000160767	FAM189B
ENSG00000160781.15	ENSG00000160781	PAQR6
ENSG00000160783.19	ENSG00000160783	PMF1
ENSG00000160785.13	ENSG00000160785	SLC25A44
ENSG00000160789.19	ENSG00000160789	LMNA
ENSG00000160791.13	ENSG00000160791	CCR5
ENSG00000160796.16	ENSG00000160796	NBEAL2
ENSG00000160799.11	ENSG00000160799	CCDC12
ENSG00000160801.13	ENSG00000160801	PTH1R
ENSG00000160803.7	ENSG00000160803	UBQLN4
ENSG00000160808.9	ENSG00000160808	MYL3
ENSG00000160813.6	ENSG00000160813	PPP1R35
ENSG00000160818.16	ENSG00000160818	GPATCH4
ENSG00000160862.12	ENSG00000160862	AZGP1
ENSG00000160867.14	ENSG00000160867	FGFR4
ENSG00000160877.5	ENSG00000160877	NACC1
ENSG00000160883.10	ENSG00000160883	HK3
ENSG00000160888.6	ENSG00000160888	IER2
ENSG00000160908.14	ENSG00000160908	ZNF394
ENSG00000160917.14	ENSG00000160917	CPSF4
ENSG00000160932.10	ENSG00000160932	LY6E
ENSG00000160948.13	ENSG00000160948	VPS28
ENSG00000160949.16	ENSG00000160949	TONSL
ENSG00000160953.15	ENSG00000160953	MUM1
ENSG00000160957.12	ENSG00000160957	RECQL4
ENSG00000160959.7	ENSG00000160959	LRRC14
ENSG00000160961.11	ENSG00000160961	ZNF333
ENSG00000160963.13	ENSG00000160963	COL26A1
ENSG00000160972.9	ENSG00000160972	PPP1R16A
ENSG00000160991.15	ENSG00000160991	ORAI2
ENSG00000160993.3	ENSG00000160993	ALKBH4
ENSG00000160999.10	ENSG00000160999	SH2B2
ENSG00000161010.14	ENSG00000161010	MRNIP
ENSG00000161011.19	ENSG00000161011	SQSTM1
ENSG00000161013.16	ENSG00000161013	MGAT4B
ENSG00000161016.17	ENSG00000161016	RPL8
ENSG00000161021.12	ENSG00000161021	MAML1
ENSG00000161036.12	ENSG00000161036	LRWD1
ENSG00000161040.16	ENSG00000161040	FBXL13
ENSG00000161048.11	ENSG00000161048	NAPEPLD
ENSG00000161057.11	ENSG00000161057	PSMC2
ENSG00000161082.12	ENSG00000161082	CELF5
ENSG00000161091.12	ENSG00000161091	MFSD12
ENSG00000161149.12	ENSG00000161149	TUBA3FP
ENSG00000161179.13	ENSG00000161179	YDJC
ENSG00000161202.17	ENSG00000161202	DVL3
ENSG00000161203.13	ENSG00000161203	AP2M1
ENSG00000161204.11	ENSG00000161204	ABCF3
ENSG00000161217.11	ENSG00000161217	PCYT1A
ENSG00000161243.8	ENSG00000161243	FBXO27
ENSG00000161249.20	ENSG00000161249	DMKN
ENSG00000161265.14	ENSG00000161265	U2AF1L4
ENSG00000161267.11	ENSG00000161267	BDH1
ENSG00000161277.10	ENSG00000161277	THAP8
ENSG00000161281.10	ENSG00000161281	COX7A1
ENSG00000161298.17	ENSG00000161298	ZNF382
ENSG00000161328.10	ENSG00000161328	LRRC56
ENSG00000161381.13	ENSG00000161381	PLXDC1
ENSG00000161395.13	ENSG00000161395	PGAP3
ENSG00000161405.16	ENSG00000161405	IKZF3
ENSG00000161509.13	ENSG00000161509	GRIN2C
ENSG00000161513.11	ENSG00000161513	FDXR
ENSG00000161526.14	ENSG00000161526	SAP30BP
ENSG00000161533.11	ENSG00000161533	ACOX1
ENSG00000161542.16	ENSG00000161542	PRPSAP1
ENSG00000161544.9	ENSG00000161544	CYGB
ENSG00000161547.16	ENSG00000161547	SRSF2
ENSG00000161551.14	ENSG00000161551	ZNF577
ENSG00000161558.10	ENSG00000161558	TMEM143
ENSG00000161618.9	ENSG00000161618	ALDH16A1
ENSG00000161638.10	ENSG00000161638	ITGA5
ENSG00000161642.17	ENSG00000161642	ZNF385A
ENSG00000161647.18	ENSG00000161647	MPP3
ENSG00000161653.10	ENSG00000161653	NAGS
ENSG00000161654.9	ENSG00000161654	LSM12
ENSG00000161671.16	ENSG00000161671	EMC10
ENSG00000161677.11	ENSG00000161677	JOSD2
ENSG00000161681.15	ENSG00000161681	SHANK1
ENSG00000161682.14	ENSG00000161682	FAM171A2
ENSG00000161692.17	ENSG00000161692	DBF4B
ENSG00000161714.11	ENSG00000161714	PLCD3
ENSG00000161791.13	ENSG00000161791	FMNL3
ENSG00000161798.6	ENSG00000161798	AQP5
ENSG00000161800.12	ENSG00000161800	RACGAP1
ENSG00000161813.21	ENSG00000161813	LARP4
ENSG00000161835.10	ENSG00000161835	GRASP
ENSG00000161847.13	ENSG00000161847	RAVER1
ENSG00000161888.11	ENSG00000161888	SPC24
ENSG00000161896.11	ENSG00000161896	IP6K3
ENSG00000161904.11	ENSG00000161904	LEMD2
ENSG00000161912.17	ENSG00000161912	ADCY10P1
ENSG00000161914.9	ENSG00000161914	ZNF653
ENSG00000161920.9	ENSG00000161920	MED11
ENSG00000161921.14	ENSG00000161921	CXCL16
ENSG00000161929.14	ENSG00000161929	SCIMP
ENSG00000161939.19	ENSG00000161939	RNASEK-C17orf49
ENSG00000161940.10	ENSG00000161940	BCL6B
ENSG00000161955.16	ENSG00000161955	TNFSF13
ENSG00000161956.12	ENSG00000161956	SENP3
ENSG00000161958.10	ENSG00000161958	FGF11
ENSG00000161960.14	ENSG00000161960	EIF4A1
ENSG00000161970.12	ENSG00000161970	RPL26
ENSG00000161980.5	ENSG00000161980	POLR3K
ENSG00000161981.10	ENSG00000161981	SNRNP25
ENSG00000161996.18	ENSG00000161996	WDR90
ENSG00000161999.11	ENSG00000161999	JMJD8
ENSG00000162004.16	ENSG00000162004	CCDC78
ENSG00000162032.15	ENSG00000162032	SPSB3
ENSG00000162062.14	ENSG00000162062	C16orf59
ENSG00000162063.12	ENSG00000162063	CCNF
ENSG00000162065.12	ENSG00000162065	TBC1D24
ENSG00000162066.14	ENSG00000162066	AMDHD2
ENSG00000162068.1	ENSG00000162068	NTN3
ENSG00000162073.13	ENSG00000162073	PAQR4
ENSG00000162076.12	ENSG00000162076	FLYWCH2
ENSG00000162086.14	ENSG00000162086	ZNF75A
ENSG00000162104.9	ENSG00000162104	ADCY9
ENSG00000162105.17	ENSG00000162105	SHANK2
ENSG00000162129.12	ENSG00000162129	CLPB
ENSG00000162139.9	ENSG00000162139	NEU3
ENSG00000162144.9	ENSG00000162144	CYB561A3
ENSG00000162148.10	ENSG00000162148	PPP1R32
ENSG00000162174.12	ENSG00000162174	ASRGL1
ENSG00000162188.5	ENSG00000162188	GNG3
ENSG00000162191.13	ENSG00000162191	UBXN1
ENSG00000162194.12	ENSG00000162194	LBHD1
ENSG00000162222.13	ENSG00000162222	TTC9C
ENSG00000162227.7	ENSG00000162227	TAF6L
ENSG00000162231.13	ENSG00000162231	NXF1
ENSG00000162236.11	ENSG00000162236	STX5
ENSG00000162241.12	ENSG00000162241	SLC25A45
ENSG00000162244.10	ENSG00000162244	RPL29
ENSG00000162298.18	ENSG00000162298	SYVN1
ENSG00000162300.11	ENSG00000162300	ZFPL1
ENSG00000162302.12	ENSG00000162302	RPS6KA4
ENSG00000162337.11	ENSG00000162337	LRP5
ENSG00000162341.16	ENSG00000162341	TPCN2
ENSG00000162367.11	ENSG00000162367	TAL1
ENSG00000162368.13	ENSG00000162368	CMPK1
ENSG00000162373.12	ENSG00000162373	BEND5
ENSG00000162374.16	ENSG00000162374	ELAVL4
ENSG00000162377.5	ENSG00000162377	COA7
ENSG00000162378.12	ENSG00000162378	ZYG11B
ENSG00000162383.11	ENSG00000162383	SLC1A7
ENSG00000162384.13	ENSG00000162384	C1orf123
ENSG00000162385.10	ENSG00000162385	MAGOH
ENSG00000162390.17	ENSG00000162390	ACOT11
ENSG00000162396.5	ENSG00000162396	PARS2
ENSG00000162402.13	ENSG00000162402	USP24
ENSG00000162407.8	ENSG00000162407	PLPP3
ENSG00000162408.10	ENSG00000162408	NOL9
ENSG00000162409.10	ENSG00000162409	PRKAA2
ENSG00000162413.16	ENSG00000162413	KLHL21
ENSG00000162415.6	ENSG00000162415	ZSWIM5
ENSG00000162419.12	ENSG00000162419	GMEB1
ENSG00000162426.14	ENSG00000162426	SLC45A1
ENSG00000162430.16	ENSG00000162430	SELENON
ENSG00000162433.14	ENSG00000162433	AK4
ENSG00000162434.11	ENSG00000162434	JAK1
ENSG00000162437.14	ENSG00000162437	RAVER2
ENSG00000162441.11	ENSG00000162441	LZIC
ENSG00000162444.11	ENSG00000162444	RBP7
ENSG00000162456.9	ENSG00000162456	KNCN
ENSG00000162458.12	ENSG00000162458	FBLIM1
ENSG00000162461.7	ENSG00000162461	SLC25A34
ENSG00000162482.4	ENSG00000162482	AKR7A3
ENSG00000162490.6	ENSG00000162490	DRAXIN
ENSG00000162493.16	ENSG00000162493	PDPN
ENSG00000162494.5	ENSG00000162494	LRRC38
ENSG00000162496.8	ENSG00000162496	DHRS3
ENSG00000162511.7	ENSG00000162511	LAPTM5
ENSG00000162512.15	ENSG00000162512	SDC3
ENSG00000162517.12	ENSG00000162517	PEF1
ENSG00000162520.14	ENSG00000162520	SYNC
ENSG00000162521.18	ENSG00000162521	RBBP4
ENSG00000162522.10	ENSG00000162522	KIAA1522
ENSG00000162542.13	ENSG00000162542	TMCO4
ENSG00000162543.5	ENSG00000162543	UBXN10
ENSG00000162545.5	ENSG00000162545	CAMK2N1
ENSG00000162551.13	ENSG00000162551	ALPL
ENSG00000162552.14	ENSG00000162552	WNT4
ENSG00000162572.20	ENSG00000162572	SCNN1D
ENSG00000162576.16	ENSG00000162576	MXRA8
ENSG00000162585.16	ENSG00000162585	FAAP20
ENSG00000162591.15	ENSG00000162591	MEGF6
ENSG00000162595.5	ENSG00000162595	DIRAS3
ENSG00000162599.15	ENSG00000162599	NFIA
ENSG00000162600.11	ENSG00000162600	OMA1
ENSG00000162601.9	ENSG00000162601	MYSM1
ENSG00000162604.12	ENSG00000162604	TM2D1
ENSG00000162607.12	ENSG00000162607	USP1
ENSG00000162613.16	ENSG00000162613	FUBP1
ENSG00000162614.18	ENSG00000162614	NEXN
ENSG00000162616.8	ENSG00000162616	DNAJB4
ENSG00000162618.13	ENSG00000162618	ADGRL4
ENSG00000162623.15	ENSG00000162623	TYW3
ENSG00000162627.16	ENSG00000162627	SNX7
ENSG00000162630.5	ENSG00000162630	B3GALT2
ENSG00000162631.18	ENSG00000162631	NTNG1
ENSG00000162636.15	ENSG00000162636	FAM102B
ENSG00000162639.15	ENSG00000162639	HENMT1
ENSG00000162642.13	ENSG00000162642	C1orf52
ENSG00000162645.12	ENSG00000162645	GBP2
ENSG00000162650.16	ENSG00000162650	ATXN7L2
ENSG00000162654.8	ENSG00000162654	GBP4
ENSG00000162664.16	ENSG00000162664	ZNF326
ENSG00000162669.15	ENSG00000162669	HFM1
ENSG00000162670.10	ENSG00000162670	BRINP3
ENSG00000162687.16	ENSG00000162687	KCNT2
ENSG00000162688.16	ENSG00000162688	AGL
ENSG00000162692.10	ENSG00000162692	VCAM1
ENSG00000162694.13	ENSG00000162694	EXTL2
ENSG00000162695.11	ENSG00000162695	SLC30A7
ENSG00000162702.7	ENSG00000162702	ZNF281
ENSG00000162704.15	ENSG00000162704	ARPC5
ENSG00000162706.12	ENSG00000162706	CADM3
ENSG00000162711.16	ENSG00000162711	NLRP3
ENSG00000162714.12	ENSG00000162714	ZNF496
ENSG00000162722.8	ENSG00000162722	TRIM58
ENSG00000162728.4	ENSG00000162728	KCNJ9
ENSG00000162729.13	ENSG00000162729	IGSF8
ENSG00000162733.16	ENSG00000162733	DDR2
ENSG00000162734.12	ENSG00000162734	PEA15
ENSG00000162735.18	ENSG00000162735	PEX19
ENSG00000162736.15	ENSG00000162736	NCSTN
ENSG00000162738.5	ENSG00000162738	VANGL2
ENSG00000162745.10	ENSG00000162745	OLFML2B
ENSG00000162746.14	ENSG00000162746	FCRLB
ENSG00000162753.11	ENSG00000162753	SLC9C2
ENSG00000162755.13	ENSG00000162755	KLHDC9
ENSG00000162757.4	ENSG00000162757	C1orf74
ENSG00000162769.12	ENSG00000162769	FLVCR1
ENSG00000162772.16	ENSG00000162772	ATF3
ENSG00000162775.14	ENSG00000162775	RBM15
ENSG00000162777.16	ENSG00000162777	DENND2D
ENSG00000162782.15	ENSG00000162782	TDRD5
ENSG00000162783.10	ENSG00000162783	IER5
ENSG00000162804.13	ENSG00000162804	SNED1
ENSG00000162813.17	ENSG00000162813	BPNT1
ENSG00000162814.10	ENSG00000162814	SPATA17
ENSG00000162817.6	ENSG00000162817	C1orf115
ENSG00000162819.11	ENSG00000162819	BROX
ENSG00000162825.16	ENSG00000162825	NBPF20
ENSG00000162836.11	ENSG00000162836	ACP6
ENSG00000162849.15	ENSG00000162849	KIF26B
ENSG00000162851.7	ENSG00000162851	TFB2M
ENSG00000162852.13	ENSG00000162852	CNST
ENSG00000162869.15	ENSG00000162869	PPP1R21
ENSG00000162873.14	ENSG00000162873	KLHDC8A
ENSG00000162878.12	ENSG00000162878	PKDCC
ENSG00000162881.6	ENSG00000162881	OXER1
ENSG00000162882.14	ENSG00000162882	HAAO
ENSG00000162885.12	ENSG00000162885	B3GALNT2
ENSG00000162889.10	ENSG00000162889	MAPKAPK2
ENSG00000162909.17	ENSG00000162909	CAPN2
ENSG00000162910.18	ENSG00000162910	MRPL55
ENSG00000162923.14	ENSG00000162923	WDR26
ENSG00000162924.13	ENSG00000162924	REL
ENSG00000162927.13	ENSG00000162927	PUS10
ENSG00000162928.8	ENSG00000162928	PEX13
ENSG00000162929.13	ENSG00000162929	KIAA1841
ENSG00000162931.11	ENSG00000162931	TRIM17
ENSG00000162944.10	ENSG00000162944	RFTN2
ENSG00000162946.21	ENSG00000162946	DISC1
ENSG00000162949.16	ENSG00000162949	CAPN13
ENSG00000162951.10	ENSG00000162951	LRRTM1
ENSG00000162959.13	ENSG00000162959	MEMO1
ENSG00000162961.13	ENSG00000162961	DPY30
ENSG00000162971.10	ENSG00000162971	TYW5
ENSG00000162972.10	ENSG00000162972	MAIP1
ENSG00000162975.4	ENSG00000162975	KCNF1
ENSG00000162976.12	ENSG00000162976	PQLC3
ENSG00000162980.16	ENSG00000162980	ARL5A
ENSG00000162981.13	ENSG00000162981	FAM84A
ENSG00000162989.4	ENSG00000162989	KCNJ3
ENSG00000162992.3	ENSG00000162992	NEUROD1
ENSG00000162994.15	ENSG00000162994	CLHC1
ENSG00000162998.4	ENSG00000162998	FRZB
ENSG00000162999.12	ENSG00000162999	DUSP19
ENSG00000163001.11	ENSG00000163001	CFAP36
ENSG00000163002.12	ENSG00000163002	NUP35
ENSG00000163006.11	ENSG00000163006	CCDC138
ENSG00000163013.11	ENSG00000163013	FBXO41
ENSG00000163016.9	ENSG00000163016	ALMS1P1
ENSG00000163026.11	ENSG00000163026	WDCP
ENSG00000163029.15	ENSG00000163029	SMC6
ENSG00000163032.11	ENSG00000163032	VSNL1
ENSG00000163040.14	ENSG00000163040	CCDC74A
ENSG00000163041.9	ENSG00000163041	H3F3A
ENSG00000163046.15	ENSG00000163046	ANKRD30BL
ENSG00000163050.16	ENSG00000163050	COQ8A
ENSG00000163053.10	ENSG00000163053	SLC16A14
ENSG00000163069.12	ENSG00000163069	SGCB
ENSG00000163071.10	ENSG00000163071	SPATA18
ENSG00000163072.15	ENSG00000163072	NOSTRIN
ENSG00000163075.12	ENSG00000163075	CFAP221
ENSG00000163082.9	ENSG00000163082	SGPP2
ENSG00000163083.5	ENSG00000163083	INHBB
ENSG00000163093.11	ENSG00000163093	BBS5
ENSG00000163104.17	ENSG00000163104	SMARCAD1
ENSG00000163106.10	ENSG00000163106	HPGDS
ENSG00000163110.14	ENSG00000163110	PDLIM5
ENSG00000163116.9	ENSG00000163116	STPG2
ENSG00000163125.15	ENSG00000163125	RPRD2
ENSG00000163126.14	ENSG00000163126	ANKRD23
ENSG00000163131.10	ENSG00000163131	CTSS
ENSG00000163132.6	ENSG00000163132	MSX1
ENSG00000163138.18	ENSG00000163138	PACRGL
ENSG00000163145.12	ENSG00000163145	C1QTNF7
ENSG00000163154.5	ENSG00000163154	TNFAIP8L2
ENSG00000163155.11	ENSG00000163155	LYSMD1
ENSG00000163156.11	ENSG00000163156	SCNM1
ENSG00000163159.12	ENSG00000163159	VPS72
ENSG00000163161.12	ENSG00000163161	ERCC3
ENSG00000163162.8	ENSG00000163162	RNF149
ENSG00000163166.14	ENSG00000163166	IWS1
ENSG00000163170.11	ENSG00000163170	BOLA3
ENSG00000163171.7	ENSG00000163171	CDC42EP3
ENSG00000163191.5	ENSG00000163191	S100A11
ENSG00000163214.20	ENSG00000163214	DHX57
ENSG00000163219.11	ENSG00000163219	ARHGAP25
ENSG00000163220.10	ENSG00000163220	S100A9
ENSG00000163235.15	ENSG00000163235	TGFA
ENSG00000163239.12	ENSG00000163239	TDRD10
ENSG00000163249.11	ENSG00000163249	CCNYL1
ENSG00000163251.3	ENSG00000163251	FZD5
ENSG00000163257.10	ENSG00000163257	DCAF16
ENSG00000163273.3	ENSG00000163273	NPPC
ENSG00000163281.11	ENSG00000163281	GNPDA2
ENSG00000163285.7	ENSG00000163285	GABRG1
ENSG00000163288.13	ENSG00000163288	GABRB1
ENSG00000163291.14	ENSG00000163291	PAQR3
ENSG00000163293.11	ENSG00000163293	NIPAL1
ENSG00000163297.16	ENSG00000163297	ANTXR2
ENSG00000163312.10	ENSG00000163312	HELQ
ENSG00000163319.10	ENSG00000163319	MRPS18C
ENSG00000163320.10	ENSG00000163320	CGGBP1
ENSG00000163322.13	ENSG00000163322	ABRAXAS1
ENSG00000163328.13	ENSG00000163328	GPR155
ENSG00000163344.5	ENSG00000163344	PMVK
ENSG00000163346.16	ENSG00000163346	PBXIP1
ENSG00000163347.5	ENSG00000163347	CLDN1
ENSG00000163348.3	ENSG00000163348	PYGO2
ENSG00000163349.21	ENSG00000163349	HIPK1
ENSG00000163359.15	ENSG00000163359	COL6A3
ENSG00000163362.10	ENSG00000163362	INAVA
ENSG00000163364.9	ENSG00000163364	LINC01116
ENSG00000163374.19	ENSG00000163374	YY1AP1
ENSG00000163376.11	ENSG00000163376	KBTBD8
ENSG00000163377.15	ENSG00000163377	FAM19A4
ENSG00000163378.13	ENSG00000163378	EOGT
ENSG00000163382.11	ENSG00000163382	NAXE
ENSG00000163389.10	ENSG00000163389	POGLUT1
ENSG00000163393.12	ENSG00000163393	SLC22A15
ENSG00000163395.16	ENSG00000163395	IGFN1
ENSG00000163399.15	ENSG00000163399	ATP1A1
ENSG00000163406.10	ENSG00000163406	SLC15A2
ENSG00000163412.12	ENSG00000163412	EIF4E3
ENSG00000163428.3	ENSG00000163428	LRRC58
ENSG00000163430.11	ENSG00000163430	FSTL1
ENSG00000163431.12	ENSG00000163431	LMOD1
ENSG00000163444.11	ENSG00000163444	TMEM183A
ENSG00000163449.10	ENSG00000163449	TMEM169
ENSG00000163453.11	ENSG00000163453	IGFBP7
ENSG00000163462.17	ENSG00000163462	TRIM46
ENSG00000163463.11	ENSG00000163463	KRTCAP2
ENSG00000163466.15	ENSG00000163466	ARPC2
ENSG00000163468.14	ENSG00000163468	CCT3
ENSG00000163472.18	ENSG00000163472	TMEM79
ENSG00000163479.13	ENSG00000163479	SSR2
ENSG00000163481.7	ENSG00000163481	RNF25
ENSG00000163482.11	ENSG00000163482	STK36
ENSG00000163485.16	ENSG00000163485	ADORA1
ENSG00000163491.16	ENSG00000163491	NEK10
ENSG00000163492.14	ENSG00000163492	CCDC141
ENSG00000163507.13	ENSG00000163507	KIAA1524
ENSG00000163510.13	ENSG00000163510	CWC22
ENSG00000163512.13	ENSG00000163512	AZI2
ENSG00000163513.17	ENSG00000163513	TGFBR2
ENSG00000163516.13	ENSG00000163516	ANKZF1
ENSG00000163517.14	ENSG00000163517	HDAC11
ENSG00000163520.13	ENSG00000163520	FBLN2
ENSG00000163521.15	ENSG00000163521	GLB1L
ENSG00000163527.9	ENSG00000163527	STT3B
ENSG00000163528.12	ENSG00000163528	CHCHD4
ENSG00000163531.15	ENSG00000163531	NFASC
ENSG00000163535.17	ENSG00000163535	SGO2
ENSG00000163536.12	ENSG00000163536	SERPINI1
ENSG00000163539.16	ENSG00000163539	CLASP2
ENSG00000163541.11	ENSG00000163541	SUCLG1
ENSG00000163545.8	ENSG00000163545	NUAK2
ENSG00000163558.12	ENSG00000163558	PRKCI
ENSG00000163563.7	ENSG00000163563	MNDA
ENSG00000163565.18	ENSG00000163565	IFI16
ENSG00000163576.17	ENSG00000163576	EFHB
ENSG00000163577.7	ENSG00000163577	EIF5A2
ENSG00000163584.17	ENSG00000163584	RPL22L1
ENSG00000163590.13	ENSG00000163590	PPM1L
ENSG00000163596.16	ENSG00000163596	ICA1L
ENSG00000163597.14	ENSG00000163597	SNHG16
ENSG00000163602.10	ENSG00000163602	RYBP
ENSG00000163605.14	ENSG00000163605	PPP4R2
ENSG00000163607.15	ENSG00000163607	GTPBP8
ENSG00000163608.14	ENSG00000163608	NEPRO
ENSG00000163611.11	ENSG00000163611	SPICE1
ENSG00000163617.10	ENSG00000163617	CCDC191
ENSG00000163618.17	ENSG00000163618	CADPS
ENSG00000163623.9	ENSG00000163623	NKX6-1
ENSG00000163624.5	ENSG00000163624	CDS1
ENSG00000163625.15	ENSG00000163625	WDFY3
ENSG00000163626.16	ENSG00000163626	COX18
ENSG00000163629.12	ENSG00000163629	PTPN13
ENSG00000163630.10	ENSG00000163630	SYNPR
ENSG00000163633.10	ENSG00000163633	C4orf36
ENSG00000163634.11	ENSG00000163634	THOC7
ENSG00000163635.17	ENSG00000163635	ATXN7
ENSG00000163636.10	ENSG00000163636	PSMD6
ENSG00000163637.12	ENSG00000163637	PRICKLE2
ENSG00000163638.13	ENSG00000163638	ADAMTS9
ENSG00000163644.14	ENSG00000163644	PPM1K
ENSG00000163655.15	ENSG00000163655	GMPS
ENSG00000163659.12	ENSG00000163659	TIPARP
ENSG00000163660.11	ENSG00000163660	CCNL1
ENSG00000163673.7	ENSG00000163673	DCLK3
ENSG00000163681.14	ENSG00000163681	SLMAP
ENSG00000163682.15	ENSG00000163682	RPL9
ENSG00000163683.11	ENSG00000163683	SMIM14
ENSG00000163684.11	ENSG00000163684	RPP14
ENSG00000163686.14	ENSG00000163686	ABHD6
ENSG00000163689.19	ENSG00000163689	C3orf67
ENSG00000163694.14	ENSG00000163694	RBM47
ENSG00000163697.16	ENSG00000163697	APBB2
ENSG00000163701.18	ENSG00000163701	IL17RE
ENSG00000163702.18	ENSG00000163702	IL17RC
ENSG00000163703.17	ENSG00000163703	CRELD1
ENSG00000163704.11	ENSG00000163704	PRRT3
ENSG00000163710.7	ENSG00000163710	PCOLCE2
ENSG00000163714.17	ENSG00000163714	U2SURP
ENSG00000163719.19	ENSG00000163719	MTMR14
ENSG00000163728.10	ENSG00000163728	TTC14
ENSG00000163735.6	ENSG00000163735	CXCL5
ENSG00000163738.18	ENSG00000163738	MTHFD2L
ENSG00000163739.4	ENSG00000163739	CXCL1
ENSG00000163743.13	ENSG00000163743	RCHY1
ENSG00000163749.17	ENSG00000163749	CCDC158
ENSG00000163754.17	ENSG00000163754	GYG1
ENSG00000163755.8	ENSG00000163755	HPS3
ENSG00000163762.6	ENSG00000163762	TM4SF18
ENSG00000163781.12	ENSG00000163781	TOPBP1
ENSG00000163785.12	ENSG00000163785	RYK
ENSG00000163788.13	ENSG00000163788	SNRK
ENSG00000163793.12	ENSG00000163793	DNAJC5G
ENSG00000163794.6	ENSG00000163794	UCN
ENSG00000163795.13	ENSG00000163795	ZNF513
ENSG00000163798.13	ENSG00000163798	SLC4A1AP
ENSG00000163803.12	ENSG00000163803	PLB1
ENSG00000163807.5	ENSG00000163807	KIAA1143
ENSG00000163808.16	ENSG00000163808	KIF15
ENSG00000163811.11	ENSG00000163811	WDR43
ENSG00000163812.13	ENSG00000163812	ZDHHC3
ENSG00000163814.7	ENSG00000163814	CDCP1
ENSG00000163815.5	ENSG00000163815	CLEC3B
ENSG00000163817.15	ENSG00000163817	SLC6A20
ENSG00000163818.16	ENSG00000163818	LZTFL1
ENSG00000163820.14	ENSG00000163820	FYCO1
ENSG00000163823.3	ENSG00000163823	CCR1
ENSG00000163827.12	ENSG00000163827	LRRC2
ENSG00000163832.15	ENSG00000163832	ELP6
ENSG00000163833.7	ENSG00000163833	FBXO40
ENSG00000163840.9	ENSG00000163840	DTX3L
ENSG00000163848.19	ENSG00000163848	ZNF148
ENSG00000163864.15	ENSG00000163864	NMNAT3
ENSG00000163866.8	ENSG00000163866	SMIM12
ENSG00000163867.16	ENSG00000163867	ZMYM6
ENSG00000163870.14	ENSG00000163870	TPRA1
ENSG00000163872.15	ENSG00000163872	YEATS2
ENSG00000163873.9	ENSG00000163873	GRIK3
ENSG00000163874.10	ENSG00000163874	ZC3H12A
ENSG00000163875.15	ENSG00000163875	MEAF6
ENSG00000163877.10	ENSG00000163877	SNIP1
ENSG00000163879.10	ENSG00000163879	DNALI1
ENSG00000163882.9	ENSG00000163882	POLR2H
ENSG00000163884.3	ENSG00000163884	KLF15
ENSG00000163888.3	ENSG00000163888	CAMK2N2
ENSG00000163900.10	ENSG00000163900	TMEM41A
ENSG00000163902.11	ENSG00000163902	RPN1
ENSG00000163904.12	ENSG00000163904	SENP2
ENSG00000163909.7	ENSG00000163909	HEYL
ENSG00000163913.11	ENSG00000163913	IFT122
ENSG00000163918.10	ENSG00000163918	RFC4
ENSG00000163923.9	ENSG00000163923	RPL39L
ENSG00000163930.9	ENSG00000163930	BAP1
ENSG00000163931.15	ENSG00000163931	TKT
ENSG00000163932.13	ENSG00000163932	PRKCD
ENSG00000163933.9	ENSG00000163933	RFT1
ENSG00000163935.13	ENSG00000163935	SFMBT1
ENSG00000163938.16	ENSG00000163938	GNL3
ENSG00000163939.18	ENSG00000163939	PBRM1
ENSG00000163945.16	ENSG00000163945	UVSSA
ENSG00000163946.13	ENSG00000163946	FAM208A
ENSG00000163947.11	ENSG00000163947	ARHGEF3
ENSG00000163950.12	ENSG00000163950	SLBP
ENSG00000163956.10	ENSG00000163956	LRPAP1
ENSG00000163960.11	ENSG00000163960	UBXN7
ENSG00000163961.4	ENSG00000163961	RNF168
ENSG00000163964.14	ENSG00000163964	PIGX
ENSG00000163975.11	ENSG00000163975	MELTF
ENSG00000163995.19	ENSG00000163995	ABLIM2
ENSG00000164002.11	ENSG00000164002	EXO5
ENSG00000164008.14	ENSG00000164008	C1orf50
ENSG00000164010.13	ENSG00000164010	ERMAP
ENSG00000164011.17	ENSG00000164011	ZNF691
ENSG00000164022.16	ENSG00000164022	AIMP1
ENSG00000164023.14	ENSG00000164023	SGMS2
ENSG00000164024.11	ENSG00000164024	METAP1
ENSG00000164031.16	ENSG00000164031	DNAJB14
ENSG00000164032.11	ENSG00000164032	H2AFZ
ENSG00000164035.9	ENSG00000164035	EMCN
ENSG00000164037.16	ENSG00000164037	SLC9B1
ENSG00000164038.14	ENSG00000164038	SLC9B2
ENSG00000164039.14	ENSG00000164039	BDH2
ENSG00000164040.16	ENSG00000164040	PGRMC2
ENSG00000164045.11	ENSG00000164045	CDC25A
ENSG00000164048.13	ENSG00000164048	ZNF589
ENSG00000164050.12	ENSG00000164050	PLXNB1
ENSG00000164051.13	ENSG00000164051	CCDC51
ENSG00000164053.19	ENSG00000164053	ATRIP
ENSG00000164054.15	ENSG00000164054	SHISA5
ENSG00000164056.10	ENSG00000164056	SPRY1
ENSG00000164061.4	ENSG00000164061	BSN
ENSG00000164062.12	ENSG00000164062	APEH
ENSG00000164066.12	ENSG00000164066	INTU
ENSG00000164068.15	ENSG00000164068	RNF123
ENSG00000164070.11	ENSG00000164070	HSPA4L
ENSG00000164073.10	ENSG00000164073	MFSD8
ENSG00000164074.14	ENSG00000164074	ABHD18
ENSG00000164076.16	ENSG00000164076	CAMKV
ENSG00000164077.13	ENSG00000164077	MON1A
ENSG00000164078.12	ENSG00000164078	MST1R
ENSG00000164080.13	ENSG00000164080	RAD54L2
ENSG00000164081.12	ENSG00000164081	TEX264
ENSG00000164082.14	ENSG00000164082	GRM2
ENSG00000164086.9	ENSG00000164086	DUSP7
ENSG00000164087.7	ENSG00000164087	POC1A
ENSG00000164088.17	ENSG00000164088	PPM1M
ENSG00000164089.8	ENSG00000164089	ETNPPL
ENSG00000164091.11	ENSG00000164091	WDR82
ENSG00000164096.12	ENSG00000164096	C4orf3
ENSG00000164099.3	ENSG00000164099	PRSS12
ENSG00000164100.8	ENSG00000164100	NDST3
ENSG00000164104.11	ENSG00000164104	HMGB2
ENSG00000164105.3	ENSG00000164105	SAP30
ENSG00000164106.7	ENSG00000164106	SCRG1
ENSG00000164109.13	ENSG00000164109	MAD2L1
ENSG00000164111.14	ENSG00000164111	ANXA5
ENSG00000164112.12	ENSG00000164112	TMEM155
ENSG00000164114.18	ENSG00000164114	MAP9
ENSG00000164116.16	ENSG00000164116	GUCY1A3
ENSG00000164117.13	ENSG00000164117	FBXO8
ENSG00000164118.12	ENSG00000164118	CEP44
ENSG00000164120.13	ENSG00000164120	HPGD
ENSG00000164122.8	ENSG00000164122	ASB5
ENSG00000164124.10	ENSG00000164124	TMEM144
ENSG00000164125.15	ENSG00000164125	FAM198B
ENSG00000164128.6	ENSG00000164128	NPY1R
ENSG00000164129.11	ENSG00000164129	NPY5R
ENSG00000164134.12	ENSG00000164134	NAA15
ENSG00000164136.16	ENSG00000164136	IL15
ENSG00000164142.15	ENSG00000164142	FAM160A1
ENSG00000164144.15	ENSG00000164144	ARFIP1
ENSG00000164151.11	ENSG00000164151	ICE1
ENSG00000164161.9	ENSG00000164161	HHIP
ENSG00000164162.13	ENSG00000164162	ANAPC10
ENSG00000164163.10	ENSG00000164163	ABCE1
ENSG00000164164.15	ENSG00000164164	OTUD4
ENSG00000164167.10	ENSG00000164167	LSM6
ENSG00000164168.7	ENSG00000164168	TMEM184C
ENSG00000164169.12	ENSG00000164169	PRMT9
ENSG00000164171.10	ENSG00000164171	ITGA2
ENSG00000164172.18	ENSG00000164172	MOCS2
ENSG00000164176.12	ENSG00000164176	EDIL3
ENSG00000164180.13	ENSG00000164180	TMEM161B
ENSG00000164181.13	ENSG00000164181	ELOVL7
ENSG00000164182.10	ENSG00000164182	NDUFAF2
ENSG00000164187.6	ENSG00000164187	LMBRD2
ENSG00000164188.8	ENSG00000164188	RANBP3L
ENSG00000164190.17	ENSG00000164190	NIPBL
ENSG00000164197.11	ENSG00000164197	RNF180
ENSG00000164199.16	ENSG00000164199	ADGRV1
ENSG00000164209.16	ENSG00000164209	SLC25A46
ENSG00000164211.12	ENSG00000164211	STARD4
ENSG00000164219.9	ENSG00000164219	PGGT1B
ENSG00000164221.12	ENSG00000164221	CCDC112
ENSG00000164236.11	ENSG00000164236	ANKRD33B
ENSG00000164237.8	ENSG00000164237	CMBL
ENSG00000164241.13	ENSG00000164241	C5orf63
ENSG00000164244.20	ENSG00000164244	PRRC1
ENSG00000164251.4	ENSG00000164251	F2RL1
ENSG00000164252.12	ENSG00000164252	AGGF1
ENSG00000164253.13	ENSG00000164253	WDR41
ENSG00000164258.11	ENSG00000164258	NDUFS4
ENSG00000164270.17	ENSG00000164270	HTR4
ENSG00000164284.14	ENSG00000164284	GRPEL2
ENSG00000164291.16	ENSG00000164291	ARSK
ENSG00000164292.12	ENSG00000164292	RHOBTB3
ENSG00000164296.6	ENSG00000164296	TIGD6
ENSG00000164300.16	ENSG00000164300	SERINC5
ENSG00000164303.10	ENSG00000164303	ENPP6
ENSG00000164305.18	ENSG00000164305	CASP3
ENSG00000164306.10	ENSG00000164306	PRIMPOL
ENSG00000164307.12	ENSG00000164307	ERAP1
ENSG00000164308.16	ENSG00000164308	ERAP2
ENSG00000164309.14	ENSG00000164309	CMYA5
ENSG00000164318.17	ENSG00000164318	EGFLAM
ENSG00000164323.12	ENSG00000164323	CFAP97
ENSG00000164326.4	ENSG00000164326	CARTPT
ENSG00000164327.12	ENSG00000164327	RICTOR
ENSG00000164329.13	ENSG00000164329	PAPD4
ENSG00000164330.16	ENSG00000164330	EBF1
ENSG00000164331.9	ENSG00000164331	ANKRA2
ENSG00000164332.7	ENSG00000164332	UBLCP1
ENSG00000164338.9	ENSG00000164338	UTP15
ENSG00000164342.12	ENSG00000164342	TLR3
ENSG00000164344.15	ENSG00000164344	KLKB1
ENSG00000164346.9	ENSG00000164346	NSA2
ENSG00000164347.17	ENSG00000164347	GFM2
ENSG00000164366.3	ENSG00000164366	CCDC127
ENSG00000164379.6	ENSG00000164379	FOXQ1
ENSG00000164398.12	ENSG00000164398	ACSL6
ENSG00000164402.13	ENSG00000164402	SEPT8
ENSG00000164403.14	ENSG00000164403	SHROOM1
ENSG00000164404.8	ENSG00000164404	GDF9
ENSG00000164405.10	ENSG00000164405	UQCRQ
ENSG00000164406.7	ENSG00000164406	LEAP2
ENSG00000164414.17	ENSG00000164414	SLC35A1
ENSG00000164418.19	ENSG00000164418	GRIK2
ENSG00000164430.15	ENSG00000164430	MB21D1
ENSG00000164434.11	ENSG00000164434	FABP7
ENSG00000164440.14	ENSG00000164440	TXLNB
ENSG00000164442.9	ENSG00000164442	CITED2
ENSG00000164463.12	ENSG00000164463	CREBRF
ENSG00000164465.18	ENSG00000164465	DCBLD1
ENSG00000164466.12	ENSG00000164466	SFXN1
ENSG00000164484.11	ENSG00000164484	TMEM200A
ENSG00000164488.11	ENSG00000164488	DACT2
ENSG00000164494.11	ENSG00000164494	PDSS2
ENSG00000164506.14	ENSG00000164506	STXBP5
ENSG00000164512.17	ENSG00000164512	ANKRD55
ENSG00000164530.13	ENSG00000164530	PI16
ENSG00000164535.14	ENSG00000164535	DAGLB
ENSG00000164542.12	ENSG00000164542	KIAA0895
ENSG00000164543.5	ENSG00000164543	STK17A
ENSG00000164548.10	ENSG00000164548	TRA2A
ENSG00000164574.15	ENSG00000164574	GALNT10
ENSG00000164576.11	ENSG00000164576	SAP30L
ENSG00000164587.11	ENSG00000164587	RPS14
ENSG00000164588.6	ENSG00000164588	HCN1
ENSG00000164591.13	ENSG00000164591	MYOZ3
ENSG00000164597.13	ENSG00000164597	COG5
ENSG00000164600.6	ENSG00000164600	NEUROD6
ENSG00000164603.11	ENSG00000164603	BMT2
ENSG00000164604.12	ENSG00000164604	GPR85
ENSG00000164609.9	ENSG00000164609	SLU7
ENSG00000164610.8	ENSG00000164610	RP9
ENSG00000164611.12	ENSG00000164611	PTTG1
ENSG00000164615.4	ENSG00000164615	CAMLG
ENSG00000164619.8	ENSG00000164619	BMPER
ENSG00000164620.8	ENSG00000164620	RELL2
ENSG00000164627.17	ENSG00000164627	KIF6
ENSG00000164631.18	ENSG00000164631	ZNF12
ENSG00000164638.10	ENSG00000164638	SLC29A4
ENSG00000164647.8	ENSG00000164647	STEAP1
ENSG00000164649.19	ENSG00000164649	CDCA7L
ENSG00000164651.16	ENSG00000164651	SP8
ENSG00000164654.15	ENSG00000164654	MIOS
ENSG00000164659.14	ENSG00000164659	KIAA1324L
ENSG00000164663.14	ENSG00000164663	USP49
ENSG00000164669.13	ENSG00000164669	INTS4P1
ENSG00000164674.15	ENSG00000164674	SYTL3
ENSG00000164675.10	ENSG00000164675	IQUB
ENSG00000164683.16	ENSG00000164683	HEY1
ENSG00000164684.13	ENSG00000164684	ZNF704
ENSG00000164687.10	ENSG00000164687	FABP5
ENSG00000164690.7	ENSG00000164690	SHH
ENSG00000164691.16	ENSG00000164691	TAGAP
ENSG00000164692.17	ENSG00000164692	COL1A2
ENSG00000164708.5	ENSG00000164708	PGAM2
ENSG00000164713.9	ENSG00000164713	BRI3
ENSG00000164715.5	ENSG00000164715	LMTK2
ENSG00000164733.20	ENSG00000164733	CTSB
ENSG00000164736.5	ENSG00000164736	SOX17
ENSG00000164741.14	ENSG00000164741	DLC1
ENSG00000164742.14	ENSG00000164742	ADCY1
ENSG00000164743.4	ENSG00000164743	C8orf48
ENSG00000164749.11	ENSG00000164749	HNF4G
ENSG00000164751.14	ENSG00000164751	PEX2
ENSG00000164754.14	ENSG00000164754	RAD21
ENSG00000164758.7	ENSG00000164758	MED30
ENSG00000164761.8	ENSG00000164761	TNFRSF11B
ENSG00000164776.9	ENSG00000164776	PHKG1
ENSG00000164794.8	ENSG00000164794	KCNV1
ENSG00000164796.17	ENSG00000164796	CSMD3
ENSG00000164808.16	ENSG00000164808	SPIDR
ENSG00000164815.10	ENSG00000164815	ORC5
ENSG00000164818.15	ENSG00000164818	DNAAF5
ENSG00000164823.9	ENSG00000164823	OSGIN2
ENSG00000164828.17	ENSG00000164828	SUN1
ENSG00000164830.18	ENSG00000164830	OXR1
ENSG00000164841.4	ENSG00000164841	TMEM74
ENSG00000164849.9	ENSG00000164849	GPR146
ENSG00000164850.14	ENSG00000164850	GPER1
ENSG00000164867.10	ENSG00000164867	NOS3
ENSG00000164877.18	ENSG00000164877	MICALL2
ENSG00000164879.6	ENSG00000164879	CA3
ENSG00000164880.15	ENSG00000164880	INTS1
ENSG00000164885.12	ENSG00000164885	CDK5
ENSG00000164889.13	ENSG00000164889	SLC4A2
ENSG00000164896.19	ENSG00000164896	FASTK
ENSG00000164897.12	ENSG00000164897	TMUB1
ENSG00000164898.12	ENSG00000164898	FMC1
ENSG00000164902.13	ENSG00000164902	PHAX
ENSG00000164904.17	ENSG00000164904	ALDH7A1
ENSG00000164916.10	ENSG00000164916	FOXK1
ENSG00000164919.10	ENSG00000164919	COX6C
ENSG00000164924.17	ENSG00000164924	YWHAZ
ENSG00000164929.16	ENSG00000164929	BAALC
ENSG00000164930.11	ENSG00000164930	FZD6
ENSG00000164932.12	ENSG00000164932	CTHRC1
ENSG00000164933.11	ENSG00000164933	SLC25A32
ENSG00000164934.13	ENSG00000164934	DCAF13
ENSG00000164938.13	ENSG00000164938	TP53INP1
ENSG00000164941.13	ENSG00000164941	INTS8
ENSG00000164944.11	ENSG00000164944	VIRMA
ENSG00000164946.19	ENSG00000164946	FREM1
ENSG00000164949.7	ENSG00000164949	GEM
ENSG00000164951.15	ENSG00000164951	PDP1
ENSG00000164953.15	ENSG00000164953	TMEM67
ENSG00000164961.15	ENSG00000164961	WASHC5
ENSG00000164967.9	ENSG00000164967	RPP25L
ENSG00000164970.14	ENSG00000164970	FAM219A
ENSG00000164972.12	ENSG00000164972	C9orf24
ENSG00000164975.15	ENSG00000164975	SNAPC3
ENSG00000164976.8	ENSG00000164976	KIAA1161
ENSG00000164978.17	ENSG00000164978	NUDT2
ENSG00000164983.7	ENSG00000164983	TMEM65
ENSG00000164985.14	ENSG00000164985	PSIP1
ENSG00000164989.16	ENSG00000164989	CCDC171
ENSG00000165006.13	ENSG00000165006	UBAP1
ENSG00000165023.6	ENSG00000165023	DIRAS2
ENSG00000165025.14	ENSG00000165025	SYK
ENSG00000165028.11	ENSG00000165028	NIPSNAP3B
ENSG00000165029.15	ENSG00000165029	ABCA1
ENSG00000165030.3	ENSG00000165030	NFIL3
ENSG00000165046.12	ENSG00000165046	LETM2
ENSG00000165055.15	ENSG00000165055	METTL2B
ENSG00000165060.11	ENSG00000165060	FXN
ENSG00000165061.14	ENSG00000165061	ZMAT4
ENSG00000165071.14	ENSG00000165071	TMEM71
ENSG00000165072.9	ENSG00000165072	MAMDC2
ENSG00000165084.15	ENSG00000165084	C8orf34
ENSG00000165091.15	ENSG00000165091	TMC1
ENSG00000165092.12	ENSG00000165092	ALDH1A1
ENSG00000165097.13	ENSG00000165097	KDM1B
ENSG00000165102.14	ENSG00000165102	HGSNAT
ENSG00000165105.9	ENSG00000165105	RASEF
ENSG00000165113.12	ENSG00000165113	GKAP1
ENSG00000165115.14	ENSG00000165115	KIF27
ENSG00000165118.14	ENSG00000165118	C9orf64
ENSG00000165119.20	ENSG00000165119	HNRNPK
ENSG00000165121.11	ENSG00000165121	AL353743.1
ENSG00000165124.17	ENSG00000165124	SVEP1
ENSG00000165138.17	ENSG00000165138	ANKS6
ENSG00000165140.9	ENSG00000165140	FBP1
ENSG00000165152.8	ENSG00000165152	TMEM246
ENSG00000165156.14	ENSG00000165156	ZHX1
ENSG00000165164.13	ENSG00000165164	CFAP47
ENSG00000165168.7	ENSG00000165168	CYBB
ENSG00000165169.10	ENSG00000165169	DYNLT3
ENSG00000165175.15	ENSG00000165175	MID1IP1
ENSG00000165178.9	ENSG00000165178	NCF1C
ENSG00000165185.14	ENSG00000165185	KIAA1958
ENSG00000165186.11	ENSG00000165186	PTCHD1
ENSG00000165194.15	ENSG00000165194	PCDH19
ENSG00000165195.15	ENSG00000165195	PIGA
ENSG00000165197.4	ENSG00000165197	VEGFD
ENSG00000165209.18	ENSG00000165209	STRBP
ENSG00000165219.21	ENSG00000165219	GAPVD1
ENSG00000165233.17	ENSG00000165233	CARD19
ENSG00000165238.16	ENSG00000165238	WNK2
ENSG00000165240.18	ENSG00000165240	ATP7A
ENSG00000165244.6	ENSG00000165244	ZNF367
ENSG00000165259.13	ENSG00000165259	HDX
ENSG00000165264.10	ENSG00000165264	NDUFB6
ENSG00000165269.12	ENSG00000165269	AQP7
ENSG00000165271.16	ENSG00000165271	NOL6
ENSG00000165275.9	ENSG00000165275	TRMT10B
ENSG00000165280.15	ENSG00000165280	VCP
ENSG00000165282.13	ENSG00000165282	PIGO
ENSG00000165283.15	ENSG00000165283	STOML2
ENSG00000165288.10	ENSG00000165288	BRWD3
ENSG00000165300.7	ENSG00000165300	SLITRK5
ENSG00000165309.13	ENSG00000165309	ARMC3
ENSG00000165312.6	ENSG00000165312	OTUD1
ENSG00000165322.17	ENSG00000165322	ARHGAP12
ENSG00000165323.15	ENSG00000165323	FAT3
ENSG00000165338.16	ENSG00000165338	HECTD2
ENSG00000165349.11	ENSG00000165349	SLC7A3
ENSG00000165355.7	ENSG00000165355	FBXO33
ENSG00000165359.15	ENSG00000165359	INTS6L
ENSG00000165379.13	ENSG00000165379	LRFN5
ENSG00000165389.6	ENSG00000165389	SPTSSA
ENSG00000165392.9	ENSG00000165392	WRN
ENSG00000165406.15	ENSG00000165406	MARCH8
ENSG00000165410.14	ENSG00000165410	CFL2
ENSG00000165416.14	ENSG00000165416	SUGT1
ENSG00000165417.11	ENSG00000165417	GTF2A1
ENSG00000165424.6	ENSG00000165424	ZCCHC24
ENSG00000165434.7	ENSG00000165434	PGM2L1
ENSG00000165443.11	ENSG00000165443	PHYHIPL
ENSG00000165449.11	ENSG00000165449	SLC16A9
ENSG00000165457.13	ENSG00000165457	FOLR2
ENSG00000165458.13	ENSG00000165458	INPPL1
ENSG00000165474.5	ENSG00000165474	GJB2
ENSG00000165475.13	ENSG00000165475	CRYL1
ENSG00000165476.13	ENSG00000165476	REEP3
ENSG00000165478.6	ENSG00000165478	HEPACAM
ENSG00000165480.15	ENSG00000165480	SKA3
ENSG00000165487.13	ENSG00000165487	MICU2
ENSG00000165494.11	ENSG00000165494	PCF11
ENSG00000165495.15	ENSG00000165495	PKNOX2
ENSG00000165501.16	ENSG00000165501	LRR1
ENSG00000165502.6	ENSG00000165502	RPL36AL
ENSG00000165506.14	ENSG00000165506	DNAAF2
ENSG00000165507.8	ENSG00000165507	C10orf10
ENSG00000165511.6	ENSG00000165511	C10orf25
ENSG00000165512.4	ENSG00000165512	ZNF22
ENSG00000165516.10	ENSG00000165516	KLHDC2
ENSG00000165521.15	ENSG00000165521	EML5
ENSG00000165525.17	ENSG00000165525	NEMF
ENSG00000165526.8	ENSG00000165526	RPUSD4
ENSG00000165527.6	ENSG00000165527	ARF6
ENSG00000165533.18	ENSG00000165533	TTC8
ENSG00000165548.10	ENSG00000165548	TMEM63C
ENSG00000165553.4	ENSG00000165553	NGB
ENSG00000165566.12	ENSG00000165566	AMER2
ENSG00000165568.17	ENSG00000165568	AKR1E2
ENSG00000165572.7	ENSG00000165572	KBTBD6
ENSG00000165591.6	ENSG00000165591	FAAH2
ENSG00000165606.8	ENSG00000165606	DRGX
ENSG00000165609.12	ENSG00000165609	NUDT5
ENSG00000165617.14	ENSG00000165617	DACT1
ENSG00000165621.8	ENSG00000165621	OXGR1
ENSG00000165626.16	ENSG00000165626	BEND7
ENSG00000165629.19	ENSG00000165629	ATP5C1
ENSG00000165630.13	ENSG00000165630	PRPF18
ENSG00000165632.7	ENSG00000165632	TAF3
ENSG00000165633.12	ENSG00000165633	VSTM4
ENSG00000165637.13	ENSG00000165637	VDAC2
ENSG00000165643.10	ENSG00000165643	SOHLH1
ENSG00000165644.10	ENSG00000165644	COMTD1
ENSG00000165650.11	ENSG00000165650	PDZD8
ENSG00000165655.16	ENSG00000165655	ZNF503
ENSG00000165660.7	ENSG00000165660	ABRAXAS2
ENSG00000165661.16	ENSG00000165661	QSOX2
ENSG00000165669.13	ENSG00000165669	FAM204A
ENSG00000165671.19	ENSG00000165671	NSD1
ENSG00000165672.6	ENSG00000165672	PRDX3
ENSG00000165675.16	ENSG00000165675	ENOX2
ENSG00000165678.20	ENSG00000165678	GHITM
ENSG00000165684.4	ENSG00000165684	SNAPC4
ENSG00000165685.8	ENSG00000165685	TMEM52B
ENSG00000165688.11	ENSG00000165688	PMPCA
ENSG00000165689.16	ENSG00000165689	SDCCAG3
ENSG00000165695.9	ENSG00000165695	AK8
ENSG00000165698.15	ENSG00000165698	SPACA9
ENSG00000165699.13	ENSG00000165699	TSC1
ENSG00000165704.14	ENSG00000165704	HPRT1
ENSG00000165714.10	ENSG00000165714	BORCS5
ENSG00000165716.10	ENSG00000165716	FAM69B
ENSG00000165724.5	ENSG00000165724	ZMYND19
ENSG00000165730.14	ENSG00000165730	STOX1
ENSG00000165731.18	ENSG00000165731	RET
ENSG00000165732.12	ENSG00000165732	DDX21
ENSG00000165733.7	ENSG00000165733	BMS1
ENSG00000165752.16	ENSG00000165752	STK32C
ENSG00000165757.8	ENSG00000165757	JCAD
ENSG00000165775.17	ENSG00000165775	FUNDC2
ENSG00000165782.10	ENSG00000165782	TMEM55B
ENSG00000165792.17	ENSG00000165792	METTL17
ENSG00000165795.23	ENSG00000165795	NDRG2
ENSG00000165801.9	ENSG00000165801	ARHGEF40
ENSG00000165802.22	ENSG00000165802	NSMF
ENSG00000165804.15	ENSG00000165804	ZNF219
ENSG00000165806.19	ENSG00000165806	CASP7
ENSG00000165807.7	ENSG00000165807	PPP1R36
ENSG00000165810.16	ENSG00000165810	BTNL9
ENSG00000165813.18	ENSG00000165813	CCDC186
ENSG00000165816.12	ENSG00000165816	VWA2
ENSG00000165819.11	ENSG00000165819	METTL3
ENSG00000165821.11	ENSG00000165821	SALL2
ENSG00000165832.5	ENSG00000165832	TRUB1
ENSG00000165861.13	ENSG00000165861	ZFYVE1
ENSG00000165863.16	ENSG00000165863	C10orf82
ENSG00000165868.13	ENSG00000165868	HSPA12A
ENSG00000165879.8	ENSG00000165879	FRAT1
ENSG00000165886.4	ENSG00000165886	UBTD1
ENSG00000165887.11	ENSG00000165887	ANKRD2
ENSG00000165895.17	ENSG00000165895	ARHGAP42
ENSG00000165898.13	ENSG00000165898	ISCA2
ENSG00000165899.10	ENSG00000165899	OTOGL
ENSG00000165912.15	ENSG00000165912	PACSIN3
ENSG00000165914.14	ENSG00000165914	TTC7B
ENSG00000165915.13	ENSG00000165915	SLC39A13
ENSG00000165916.8	ENSG00000165916	PSMC3
ENSG00000165929.12	ENSG00000165929	TC2N
ENSG00000165934.12	ENSG00000165934	CPSF2
ENSG00000165943.4	ENSG00000165943	MOAP1
ENSG00000165948.10	ENSG00000165948	IFI27L1
ENSG00000165949.12	ENSG00000165949	IFI27
ENSG00000165959.11	ENSG00000165959	CLMN
ENSG00000165966.14	ENSG00000165966	PDZRN4
ENSG00000165973.18	ENSG00000165973	NELL1
ENSG00000165983.14	ENSG00000165983	PTER
ENSG00000165985.9	ENSG00000165985	C1QL3
ENSG00000165995.18	ENSG00000165995	CACNB2
ENSG00000165996.13	ENSG00000165996	HACD1
ENSG00000165997.4	ENSG00000165997	ARL5B
ENSG00000166002.6	ENSG00000166002	SMCO4
ENSG00000166004.14	ENSG00000166004	CEP295
ENSG00000166006.12	ENSG00000166006	KCNC2
ENSG00000166012.16	ENSG00000166012	TAF1D
ENSG00000166016.5	ENSG00000166016	ABTB2
ENSG00000166024.13	ENSG00000166024	R3HCC1L
ENSG00000166025.17	ENSG00000166025	AMOTL1
ENSG00000166033.11	ENSG00000166033	HTRA1
ENSG00000166037.10	ENSG00000166037	CEP57
ENSG00000166046.10	ENSG00000166046	TCP11L2
ENSG00000166068.12	ENSG00000166068	SPRED1
ENSG00000166073.10	ENSG00000166073	GPR176
ENSG00000166086.12	ENSG00000166086	JAM3
ENSG00000166091.19	ENSG00000166091	CMTM5
ENSG00000166105.15	ENSG00000166105	GLB1L3
ENSG00000166106.3	ENSG00000166106	ADAMTS15
ENSG00000166111.9	ENSG00000166111	SVOP
ENSG00000166123.13	ENSG00000166123	GPT2
ENSG00000166128.12	ENSG00000166128	RAB8B
ENSG00000166130.14	ENSG00000166130	IKBIP
ENSG00000166133.17	ENSG00000166133	RPUSD2
ENSG00000166135.13	ENSG00000166135	HIF1AN
ENSG00000166136.15	ENSG00000166136	NDUFB8
ENSG00000166140.17	ENSG00000166140	ZFYVE19
ENSG00000166145.14	ENSG00000166145	SPINT1
ENSG00000166147.13	ENSG00000166147	FBN1
ENSG00000166148.3	ENSG00000166148	AVPR1A
ENSG00000166159.10	ENSG00000166159	LRTM2
ENSG00000166164.15	ENSG00000166164	BRD7
ENSG00000166165.12	ENSG00000166165	CKB
ENSG00000166166.12	ENSG00000166166	TRMT61A
ENSG00000166167.17	ENSG00000166167	BTRC
ENSG00000166169.16	ENSG00000166169	POLL
ENSG00000166170.9	ENSG00000166170	BAG5
ENSG00000166171.12	ENSG00000166171	DPCD
ENSG00000166173.10	ENSG00000166173	LARP6
ENSG00000166181.12	ENSG00000166181	API5
ENSG00000166188.2	ENSG00000166188	ZNF319
ENSG00000166189.7	ENSG00000166189	HPS6
ENSG00000166192.14	ENSG00000166192	SENP8
ENSG00000166197.16	ENSG00000166197	NOLC1
ENSG00000166199.12	ENSG00000166199	ALKBH3
ENSG00000166200.14	ENSG00000166200	COPS2
ENSG00000166206.14	ENSG00000166206	GABRB3
ENSG00000166224.16	ENSG00000166224	SGPL1
ENSG00000166225.8	ENSG00000166225	FRS2
ENSG00000166226.12	ENSG00000166226	CCT2
ENSG00000166228.8	ENSG00000166228	PCBD1
ENSG00000166233.14	ENSG00000166233	ARIH1
ENSG00000166246.13	ENSG00000166246	C16orf71
ENSG00000166250.11	ENSG00000166250	CLMP
ENSG00000166257.8	ENSG00000166257	SCN3B
ENSG00000166260.11	ENSG00000166260	COX11
ENSG00000166261.10	ENSG00000166261	ZNF202
ENSG00000166262.15	ENSG00000166262	FAM227B
ENSG00000166263.13	ENSG00000166263	STXBP4
ENSG00000166265.11	ENSG00000166265	CYYR1
ENSG00000166266.13	ENSG00000166266	CUL5
ENSG00000166272.16	ENSG00000166272	WBP1L
ENSG00000166275.15	ENSG00000166275	BORCS7
ENSG00000166278.14	ENSG00000166278	C2
ENSG00000166289.5	ENSG00000166289	PLEKHF1
ENSG00000166292.11	ENSG00000166292	TMEM100
ENSG00000166295.8	ENSG00000166295	ANAPC16
ENSG00000166311.9	ENSG00000166311	SMPD1
ENSG00000166313.18	ENSG00000166313	APBB1
ENSG00000166321.13	ENSG00000166321	NUDT13
ENSG00000166326.6	ENSG00000166326	TRIM44
ENSG00000166333.13	ENSG00000166333	ILK
ENSG00000166337.9	ENSG00000166337	TAF10
ENSG00000166340.15	ENSG00000166340	TPP1
ENSG00000166341.7	ENSG00000166341	DCHS1
ENSG00000166342.18	ENSG00000166342	NETO1
ENSG00000166343.9	ENSG00000166343	MSS51
ENSG00000166347.18	ENSG00000166347	CYB5A
ENSG00000166348.18	ENSG00000166348	USP54
ENSG00000166349.9	ENSG00000166349	RAG1
ENSG00000166352.15	ENSG00000166352	C11orf74
ENSG00000166377.19	ENSG00000166377	ATP9B
ENSG00000166387.11	ENSG00000166387	PPFIBP2
ENSG00000166394.14	ENSG00000166394	CYB5R2
ENSG00000166398.12	ENSG00000166398	KIAA0355
ENSG00000166401.14	ENSG00000166401	SERPINB8
ENSG00000166402.8	ENSG00000166402	TUB
ENSG00000166405.14	ENSG00000166405	RIC3
ENSG00000166407.13	ENSG00000166407	LMO1
ENSG00000166411.13	ENSG00000166411	IDH3A
ENSG00000166426.7	ENSG00000166426	CRABP1
ENSG00000166428.12	ENSG00000166428	PLD4
ENSG00000166432.14	ENSG00000166432	ZMAT1
ENSG00000166435.15	ENSG00000166435	XRRA1
ENSG00000166436.15	ENSG00000166436	TRIM66
ENSG00000166439.5	ENSG00000166439	RNF169
ENSG00000166441.12	ENSG00000166441	RPL27A
ENSG00000166444.18	ENSG00000166444	ST5
ENSG00000166446.14	ENSG00000166446	CDYL2
ENSG00000166448.14	ENSG00000166448	TMEM130
ENSG00000166450.12	ENSG00000166450	PRTG
ENSG00000166451.13	ENSG00000166451	CENPN
ENSG00000166452.11	ENSG00000166452	AKIP1
ENSG00000166454.9	ENSG00000166454	ATMIN
ENSG00000166455.13	ENSG00000166455	C16orf46
ENSG00000166471.10	ENSG00000166471	TMEM41B
ENSG00000166473.17	ENSG00000166473	PKD1L2
ENSG00000166477.12	ENSG00000166477	LEO1
ENSG00000166478.9	ENSG00000166478	ZNF143
ENSG00000166479.9	ENSG00000166479	TMX3
ENSG00000166482.11	ENSG00000166482	MFAP4
ENSG00000166483.10	ENSG00000166483	WEE1
ENSG00000166484.19	ENSG00000166484	MAPK7
ENSG00000166501.12	ENSG00000166501	PRKCB
ENSG00000166503.8	ENSG00000166503	HDGFL3
ENSG00000166507.17	ENSG00000166507	NDST2
ENSG00000166508.17	ENSG00000166508	MCM7
ENSG00000166510.13	ENSG00000166510	CCDC68
ENSG00000166523.7	ENSG00000166523	CLEC4E
ENSG00000166526.16	ENSG00000166526	ZNF3
ENSG00000166529.14	ENSG00000166529	ZSCAN21
ENSG00000166532.15	ENSG00000166532	RIMKLB
ENSG00000166535.19	ENSG00000166535	A2ML1
ENSG00000166546.13	ENSG00000166546	BEAN1
ENSG00000166548.15	ENSG00000166548	TK2
ENSG00000166557.12	ENSG00000166557	TMED3
ENSG00000166562.8	ENSG00000166562	SEC11C
ENSG00000166573.5	ENSG00000166573	GALR1
ENSG00000166575.16	ENSG00000166575	TMEM135
ENSG00000166578.9	ENSG00000166578	IQCD
ENSG00000166579.15	ENSG00000166579	NDEL1
ENSG00000166582.9	ENSG00000166582	CENPV
ENSG00000166592.11	ENSG00000166592	RRAD
ENSG00000166595.11	ENSG00000166595	FAM96B
ENSG00000166596.14	ENSG00000166596	CFAP52
ENSG00000166598.14	ENSG00000166598	HSP90B1
ENSG00000166603.4	ENSG00000166603	MC4R
ENSG00000166619.12	ENSG00000166619	BLCAP
ENSG00000166664.13	ENSG00000166664	CHRFAM7A
ENSG00000166669.13	ENSG00000166669	ATF7IP2
ENSG00000166676.14	ENSG00000166676	TVP23A
ENSG00000166681.13	ENSG00000166681	BEX3
ENSG00000166682.10	ENSG00000166682	TMPRSS5
ENSG00000166685.11	ENSG00000166685	COG1
ENSG00000166689.15	ENSG00000166689	PLEKHA7
ENSG00000166704.11	ENSG00000166704	ZNF606
ENSG00000166707.10	ENSG00000166707	ZCCHC18
ENSG00000166710.17	ENSG00000166710	B2M
ENSG00000166716.9	ENSG00000166716	ZNF592
ENSG00000166734.18	ENSG00000166734	CASC4
ENSG00000166736.11	ENSG00000166736	HTR3A
ENSG00000166741.7	ENSG00000166741	NNMT
ENSG00000166747.12	ENSG00000166747	AP1G1
ENSG00000166750.9	ENSG00000166750	SLFN5
ENSG00000166762.16	ENSG00000166762	CATSPER2
ENSG00000166770.10	ENSG00000166770	ZNF667-AS1
ENSG00000166780.10	ENSG00000166780	C16orf45
ENSG00000166783.21	ENSG00000166783	MARF1
ENSG00000166788.9	ENSG00000166788	SAAL1
ENSG00000166793.10	ENSG00000166793	YPEL4
ENSG00000166794.4	ENSG00000166794	PPIB
ENSG00000166797.10	ENSG00000166797	FAM96A
ENSG00000166801.15	ENSG00000166801	FAM111A
ENSG00000166813.14	ENSG00000166813	KIF7
ENSG00000166816.13	ENSG00000166816	LDHD
ENSG00000166819.11	ENSG00000166819	PLIN1
ENSG00000166821.8	ENSG00000166821	PEX11A
ENSG00000166822.12	ENSG00000166822	TMEM170A
ENSG00000166823.5	ENSG00000166823	MESP1
ENSG00000166825.13	ENSG00000166825	ANPEP
ENSG00000166831.8	ENSG00000166831	RBPMS2
ENSG00000166833.19	ENSG00000166833	NAV2
ENSG00000166839.16	ENSG00000166839	ANKDD1A
ENSG00000166845.13	ENSG00000166845	C18orf54
ENSG00000166847.9	ENSG00000166847	DCTN5
ENSG00000166848.5	ENSG00000166848	TERF2IP
ENSG00000166851.14	ENSG00000166851	PLK1
ENSG00000166855.9	ENSG00000166855	CLPX
ENSG00000166860.2	ENSG00000166860	ZBTB39
ENSG00000166862.6	ENSG00000166862	CACNG2
ENSG00000166863.11	ENSG00000166863	TAC3
ENSG00000166881.9	ENSG00000166881	NEMP1
ENSG00000166886.12	ENSG00000166886	NAB2
ENSG00000166887.15	ENSG00000166887	VPS39
ENSG00000166888.11	ENSG00000166888	STAT6
ENSG00000166889.13	ENSG00000166889	PATL1
ENSG00000166896.7	ENSG00000166896	ATP23
ENSG00000166897.14	ENSG00000166897	ELFN2
ENSG00000166900.16	ENSG00000166900	STX3
ENSG00000166902.4	ENSG00000166902	MRPL16
ENSG00000166908.17	ENSG00000166908	PIP4K2C
ENSG00000166912.16	ENSG00000166912	MTMR10
ENSG00000166913.12	ENSG00000166913	YWHAB
ENSG00000166922.8	ENSG00000166922	SCG5
ENSG00000166923.10	ENSG00000166923	GREM1
ENSG00000166924.8	ENSG00000166924	NYAP1
ENSG00000166925.8	ENSG00000166925	TSC22D4
ENSG00000166927.12	ENSG00000166927	MS4A7
ENSG00000166928.10	ENSG00000166928	MS4A14
ENSG00000166938.12	ENSG00000166938	DIS3L
ENSG00000166946.13	ENSG00000166946	CCNDBP1
ENSG00000166949.15	ENSG00000166949	SMAD3
ENSG00000166963.12	ENSG00000166963	MAP1A
ENSG00000166965.12	ENSG00000166965	RCCD1
ENSG00000166971.16	ENSG00000166971	AKTIP
ENSG00000166974.12	ENSG00000166974	MAPRE2
ENSG00000166979.12	ENSG00000166979	EVA1C
ENSG00000166986.14	ENSG00000166986	MARS
ENSG00000166987.14	ENSG00000166987	MBD6
ENSG00000166997.7	ENSG00000166997	CNPY4
ENSG00000167004.12	ENSG00000167004	PDIA3
ENSG00000167005.13	ENSG00000167005	NUDT21
ENSG00000167011.8	ENSG00000167011	NAT16
ENSG00000167034.9	ENSG00000167034	NKX3-1
ENSG00000167037.18	ENSG00000167037	SGSM1
ENSG00000167065.13	ENSG00000167065	DUSP18
ENSG00000167074.14	ENSG00000167074	TEF
ENSG00000167081.16	ENSG00000167081	PBX3
ENSG00000167083.6	ENSG00000167083	GNGT2
ENSG00000167085.11	ENSG00000167085	PHB
ENSG00000167088.10	ENSG00000167088	SNRPD1
ENSG00000167100.14	ENSG00000167100	SAMD14
ENSG00000167103.11	ENSG00000167103	PIP5KL1
ENSG00000167106.11	ENSG00000167106	FAM102A
ENSG00000167107.12	ENSG00000167107	ACSF2
ENSG00000167110.17	ENSG00000167110	GOLGA2
ENSG00000167112.9	ENSG00000167112	TRUB2
ENSG00000167113.10	ENSG00000167113	COQ4
ENSG00000167114.12	ENSG00000167114	SLC27A4
ENSG00000167118.10	ENSG00000167118	URM1
ENSG00000167123.18	ENSG00000167123	CERCAM
ENSG00000167130.17	ENSG00000167130	DOLPP1
ENSG00000167131.16	ENSG00000167131	CCDC103
ENSG00000167136.6	ENSG00000167136	ENDOG
ENSG00000167173.18	ENSG00000167173	C15orf39
ENSG00000167178.15	ENSG00000167178	ISLR2
ENSG00000167182.14	ENSG00000167182	SP2
ENSG00000167186.10	ENSG00000167186	COQ7
ENSG00000167191.11	ENSG00000167191	GPRC5B
ENSG00000167193.7	ENSG00000167193	CRK
ENSG00000167196.13	ENSG00000167196	FBXO22
ENSG00000167202.11	ENSG00000167202	TBC1D2B
ENSG00000167207.12	ENSG00000167207	NOD2
ENSG00000167208.14	ENSG00000167208	SNX20
ENSG00000167210.16	ENSG00000167210	LOXHD1
ENSG00000167216.16	ENSG00000167216	KATNAL2
ENSG00000167220.11	ENSG00000167220	HDHD2
ENSG00000167232.13	ENSG00000167232	ZNF91
ENSG00000167244.18	ENSG00000167244	IGF2
ENSG00000167257.10	ENSG00000167257	RNF214
ENSG00000167258.13	ENSG00000167258	CDK12
ENSG00000167261.13	ENSG00000167261	DPEP2
ENSG00000167264.17	ENSG00000167264	DUS2
ENSG00000167272.10	ENSG00000167272	POP5
ENSG00000167280.16	ENSG00000167280	ENGASE
ENSG00000167281.18	ENSG00000167281	RBFOX3
ENSG00000167283.7	ENSG00000167283	ATP5L
ENSG00000167291.15	ENSG00000167291	TBC1D16
ENSG00000167302.10	ENSG00000167302	TEPSIN
ENSG00000167306.19	ENSG00000167306	MYO5B
ENSG00000167315.17	ENSG00000167315	ACAA2
ENSG00000167323.11	ENSG00000167323	STIM1
ENSG00000167325.14	ENSG00000167325	RRM1
ENSG00000167333.12	ENSG00000167333	TRIM68
ENSG00000167363.13	ENSG00000167363	FN3K
ENSG00000167371.17	ENSG00000167371	PRRT2
ENSG00000167377.17	ENSG00000167377	ZNF23
ENSG00000167378.8	ENSG00000167378	IRGQ
ENSG00000167380.16	ENSG00000167380	ZNF226
ENSG00000167384.10	ENSG00000167384	ZNF180
ENSG00000167393.17	ENSG00000167393	PPP2R3B
ENSG00000167393.17_PAR_Y	ENSG00000167393	PPP2R3B
ENSG00000167394.12	ENSG00000167394	ZNF668
ENSG00000167395.10	ENSG00000167395	ZNF646
ENSG00000167397.14	ENSG00000167397	VKORC1
ENSG00000167434.9	ENSG00000167434	CA4
ENSG00000167447.12	ENSG00000167447	SMG8
ENSG00000167460.14	ENSG00000167460	TPM4
ENSG00000167461.11	ENSG00000167461	RAB8A
ENSG00000167468.16	ENSG00000167468	GPX4
ENSG00000167470.12	ENSG00000167470	MIDN
ENSG00000167487.11	ENSG00000167487	KLHL26
ENSG00000167491.17	ENSG00000167491	GATAD2A
ENSG00000167508.11	ENSG00000167508	MVD
ENSG00000167513.8	ENSG00000167513	CDT1
ENSG00000167515.10	ENSG00000167515	TRAPPC2L
ENSG00000167522.14	ENSG00000167522	ANKRD11
ENSG00000167523.13	ENSG00000167523	SPATA33
ENSG00000167524.14	ENSG00000167524	SGK494
ENSG00000167525.13	ENSG00000167525	PROCA1
ENSG00000167526.13	ENSG00000167526	RPL13
ENSG00000167528.12	ENSG00000167528	ZNF641
ENSG00000167535.7	ENSG00000167535	CACNB3
ENSG00000167536.13	ENSG00000167536	DHRS13
ENSG00000167543.15	ENSG00000167543	TP53I13
ENSG00000167548.14	ENSG00000167548	KMT2D
ENSG00000167549.18	ENSG00000167549	CORO6
ENSG00000167550.10	ENSG00000167550	RHEBL1
ENSG00000167552.13	ENSG00000167552	TUBA1A
ENSG00000167553.15	ENSG00000167553	TUBA1C
ENSG00000167554.14	ENSG00000167554	ZNF610
ENSG00000167555.13	ENSG00000167555	ZNF528
ENSG00000167562.12	ENSG00000167562	ZNF701
ENSG00000167565.12	ENSG00000167565	SERTAD3
ENSG00000167566.16	ENSG00000167566	NCKAP5L
ENSG00000167578.17	ENSG00000167578	RAB4B
ENSG00000167588.12	ENSG00000167588	GPD1
ENSG00000167595.14	ENSG00000167595	PROSER3
ENSG00000167600.13	ENSG00000167600	CYP2S1
ENSG00000167601.11	ENSG00000167601	AXL
ENSG00000167604.14	ENSG00000167604	NFKBID
ENSG00000167608.11	ENSG00000167608	TMC4
ENSG00000167613.15	ENSG00000167613	LAIR1
ENSG00000167614.13	ENSG00000167614	TTYH1
ENSG00000167615.16	ENSG00000167615	LENG8
ENSG00000167617.2	ENSG00000167617	CDC42EP5
ENSG00000167619.11	ENSG00000167619	TMEM145
ENSG00000167625.10	ENSG00000167625	ZNF526
ENSG00000167632.14	ENSG00000167632	TRAPPC9
ENSG00000167635.11	ENSG00000167635	ZNF146
ENSG00000167637.16	ENSG00000167637	ZNF283
ENSG00000167641.10	ENSG00000167641	PPP1R14A
ENSG00000167642.12	ENSG00000167642	SPINT2
ENSG00000167645.16	ENSG00000167645	YIF1B
ENSG00000167654.17	ENSG00000167654	ATCAY
ENSG00000167657.13	ENSG00000167657	DAPK3
ENSG00000167658.15	ENSG00000167658	EEF2
ENSG00000167664.8	ENSG00000167664	TMIGD2
ENSG00000167670.15	ENSG00000167670	CHAF1A
ENSG00000167671.11	ENSG00000167671	UBXN6
ENSG00000167674.14	ENSG00000167674	HDGFL2
ENSG00000167676.4	ENSG00000167676	PLIN4
ENSG00000167680.15	ENSG00000167680	SEMA6B
ENSG00000167685.14	ENSG00000167685	ZNF444
ENSG00000167693.16	ENSG00000167693	NXN
ENSG00000167695.14	ENSG00000167695	FAM57A
ENSG00000167699.13	ENSG00000167699	GLOD4
ENSG00000167700.8	ENSG00000167700	MFSD3
ENSG00000167701.13	ENSG00000167701	GPT
ENSG00000167702.11	ENSG00000167702	KIFC2
ENSG00000167703.14	ENSG00000167703	SLC43A2
ENSG00000167705.11	ENSG00000167705	RILP
ENSG00000167711.13	ENSG00000167711	SERPINF2
ENSG00000167716.18	ENSG00000167716	WDR81
ENSG00000167720.12	ENSG00000167720	SRR
ENSG00000167721.10	ENSG00000167721	TSR1
ENSG00000167723.14	ENSG00000167723	TRPV3
ENSG00000167733.13	ENSG00000167733	HSD11B1L
ENSG00000167740.9	ENSG00000167740	CYB5D2
ENSG00000167747.14	ENSG00000167747	C19orf48
ENSG00000167755.14	ENSG00000167755	KLK6
ENSG00000167766.18	ENSG00000167766	ZNF83
ENSG00000167770.11	ENSG00000167770	OTUB1
ENSG00000167771.5	ENSG00000167771	RCOR2
ENSG00000167772.11	ENSG00000167772	ANGPTL4
ENSG00000167775.10	ENSG00000167775	CD320
ENSG00000167778.8	ENSG00000167778	SPRYD3
ENSG00000167779.7	ENSG00000167779	IGFBP6
ENSG00000167785.8	ENSG00000167785	ZNF558
ENSG00000167792.11	ENSG00000167792	NDUFV1
ENSG00000167797.7	ENSG00000167797	CDK2AP2
ENSG00000167799.9	ENSG00000167799	NUDT8
ENSG00000167807.15	ENSG00000167807	AC011511.1
ENSG00000167815.11	ENSG00000167815	PRDX2
ENSG00000167840.13	ENSG00000167840	ZNF232
ENSG00000167842.15	ENSG00000167842	MIS12
ENSG00000167851.13	ENSG00000167851	CD300A
ENSG00000167858.12	ENSG00000167858	TEKT1
ENSG00000167861.15	ENSG00000167861	HID1
ENSG00000167862.9	ENSG00000167862	MRPL58
ENSG00000167863.11	ENSG00000167863	ATP5H
ENSG00000167874.6	ENSG00000167874	TMEM88
ENSG00000167880.7	ENSG00000167880	EVPL
ENSG00000167881.14	ENSG00000167881	SRP68
ENSG00000167889.12	ENSG00000167889	MGAT5B
ENSG00000167895.14	ENSG00000167895	TMC8
ENSG00000167900.11	ENSG00000167900	TK1
ENSG00000167904.14	ENSG00000167904	TMEM68
ENSG00000167912.5	ENSG00000167912	AC090152.1
ENSG00000167920.8	ENSG00000167920	TMEM99
ENSG00000167925.15	ENSG00000167925	GHDC
ENSG00000167930.15	ENSG00000167930	FAM234A
ENSG00000167962.13	ENSG00000167962	ZNF598
ENSG00000167964.12	ENSG00000167964	RAB26
ENSG00000167965.17	ENSG00000167965	MLST8
ENSG00000167967.15	ENSG00000167967	E4F1
ENSG00000167968.12	ENSG00000167968	DNASE1L2
ENSG00000167969.12	ENSG00000167969	ECI1
ENSG00000167971.15	ENSG00000167971	CASKIN1
ENSG00000167972.13	ENSG00000167972	ABCA3
ENSG00000167977.8	ENSG00000167977	KCTD5
ENSG00000167978.16	ENSG00000167978	SRRM2
ENSG00000167981.5	ENSG00000167981	ZNF597
ENSG00000167985.6	ENSG00000167985	SDHAF2
ENSG00000167986.13	ENSG00000167986	DDB1
ENSG00000167987.10	ENSG00000167987	VPS37C
ENSG00000167992.12	ENSG00000167992	VWCE
ENSG00000167994.11	ENSG00000167994	RAB3IL1
ENSG00000167995.15	ENSG00000167995	BEST1
ENSG00000167996.15	ENSG00000167996	FTH1
ENSG00000168000.14	ENSG00000168000	BSCL2
ENSG00000168002.11	ENSG00000168002	POLR2G
ENSG00000168003.16	ENSG00000168003	SLC3A2
ENSG00000168004.9	ENSG00000168004	HRASLS5
ENSG00000168005.8	ENSG00000168005	C11orf84
ENSG00000168010.10	ENSG00000168010	ATG16L2
ENSG00000168014.16	ENSG00000168014	C2CD3
ENSG00000168016.13	ENSG00000168016	TRANK1
ENSG00000168026.18	ENSG00000168026	TTC21A
ENSG00000168028.13	ENSG00000168028	RPSA
ENSG00000168032.8	ENSG00000168032	ENTPD3
ENSG00000168036.16	ENSG00000168036	CTNNB1
ENSG00000168038.10	ENSG00000168038	ULK4
ENSG00000168040.4	ENSG00000168040	FADD
ENSG00000168056.15	ENSG00000168056	LTBP3
ENSG00000168060.15	ENSG00000168060	NAALADL1
ENSG00000168061.14	ENSG00000168061	SAC3D1
ENSG00000168062.9	ENSG00000168062	BATF2
ENSG00000168066.20	ENSG00000168066	SF1
ENSG00000168067.11	ENSG00000168067	MAP4K2
ENSG00000168071.21	ENSG00000168071	CCDC88B
ENSG00000168077.13	ENSG00000168077	SCARA3
ENSG00000168081.8	ENSG00000168081	PNOC
ENSG00000168090.9	ENSG00000168090	COPS6
ENSG00000168092.13	ENSG00000168092	PAFAH1B2
ENSG00000168096.14	ENSG00000168096	ANKS3
ENSG00000168101.14	ENSG00000168101	NUDT16L1
ENSG00000168116.13	ENSG00000168116	KIAA1586
ENSG00000168118.11	ENSG00000168118	RAB4A
ENSG00000168135.4	ENSG00000168135	KCNJ4
ENSG00000168137.15	ENSG00000168137	SETD5
ENSG00000168140.4	ENSG00000168140	VASN
ENSG00000168152.12	ENSG00000168152	THAP9
ENSG00000168159.11	ENSG00000168159	RNF187
ENSG00000168172.8	ENSG00000168172	HOOK3
ENSG00000168175.14	ENSG00000168175	MAPK1IP1L
ENSG00000168209.4	ENSG00000168209	DDIT4
ENSG00000168214.20	ENSG00000168214	RBPJ
ENSG00000168216.10	ENSG00000168216	LMBRD1
ENSG00000168228.14	ENSG00000168228	ZCCHC4
ENSG00000168234.12	ENSG00000168234	TTC39C
ENSG00000168237.17	ENSG00000168237	GLYCTK
ENSG00000168243.10	ENSG00000168243	GNG4
ENSG00000168246.5	ENSG00000168246	UBTD2
ENSG00000168255.19	ENSG00000168255	POLR2J3
ENSG00000168256.17	ENSG00000168256	NKIRAS2
ENSG00000168259.14	ENSG00000168259	DNAJC7
ENSG00000168264.10	ENSG00000168264	IRF2BP2
ENSG00000168268.10	ENSG00000168268	NT5DC2
ENSG00000168273.7	ENSG00000168273	SMIM4
ENSG00000168275.14	ENSG00000168275	COA6
ENSG00000168280.16	ENSG00000168280	KIF5C
ENSG00000168282.5	ENSG00000168282	MGAT2
ENSG00000168283.13	ENSG00000168283	BMI1
ENSG00000168286.2	ENSG00000168286	THAP11
ENSG00000168288.12	ENSG00000168288	MMADHC
ENSG00000168291.12	ENSG00000168291	PDHB
ENSG00000168297.15	ENSG00000168297	PXK
ENSG00000168298.6	ENSG00000168298	HIST1H1E
ENSG00000168300.13	ENSG00000168300	PCMTD1
ENSG00000168301.12	ENSG00000168301	KCTD6
ENSG00000168303.6	ENSG00000168303	MPLKIP
ENSG00000168306.12	ENSG00000168306	ACOX2
ENSG00000168309.16	ENSG00000168309	FAM107A
ENSG00000168310.10	ENSG00000168310	IRF2
ENSG00000168314.17	ENSG00000168314	MOBP
ENSG00000168329.13	ENSG00000168329	CX3CR1
ENSG00000168348.3	ENSG00000168348	INSM2
ENSG00000168350.7	ENSG00000168350	DEGS2
ENSG00000168356.11	ENSG00000168356	SCN11A
ENSG00000168374.10	ENSG00000168374	ARF4
ENSG00000168385.17	ENSG00000168385	SEPT2
ENSG00000168386.18	ENSG00000168386	FILIP1L
ENSG00000168389.17	ENSG00000168389	MFSD2A
ENSG00000168393.12	ENSG00000168393	DTYMK
ENSG00000168394.10	ENSG00000168394	TAP1
ENSG00000168395.15	ENSG00000168395	ING5
ENSG00000168397.16	ENSG00000168397	ATG4B
ENSG00000168398.6	ENSG00000168398	BDKRB2
ENSG00000168404.12	ENSG00000168404	MLKL
ENSG00000168405.16	ENSG00000168405	CMAHP
ENSG00000168411.13	ENSG00000168411	RFWD3
ENSG00000168434.12	ENSG00000168434	COG7
ENSG00000168438.14	ENSG00000168438	CDC40
ENSG00000168439.16	ENSG00000168439	STIP1
ENSG00000168453.14	ENSG00000168453	HR
ENSG00000168461.12	ENSG00000168461	RAB31
ENSG00000168476.11	ENSG00000168476	REEP4
ENSG00000168477.17	ENSG00000168477	TNXB
ENSG00000168481.8	ENSG00000168481	LGI3
ENSG00000168484.12	ENSG00000168484	SFTPC
ENSG00000168487.17	ENSG00000168487	BMP1
ENSG00000168488.18	ENSG00000168488	ATXN2L
ENSG00000168490.13	ENSG00000168490	PHYHIP
ENSG00000168491.9	ENSG00000168491	CCDC110
ENSG00000168495.12	ENSG00000168495	POLR3D
ENSG00000168496.3	ENSG00000168496	FEN1
ENSG00000168497.4	ENSG00000168497	CAVIN2
ENSG00000168502.17	ENSG00000168502	MTCL1
ENSG00000168517.10	ENSG00000168517	HEXIM2
ENSG00000168522.12	ENSG00000168522	FNTA
ENSG00000168528.11	ENSG00000168528	SERINC2
ENSG00000168538.15	ENSG00000168538	TRAPPC11
ENSG00000168539.3	ENSG00000168539	CHRM1
ENSG00000168542.14	ENSG00000168542	COL3A1
ENSG00000168546.10	ENSG00000168546	GFRA2
ENSG00000168556.6	ENSG00000168556	ING2
ENSG00000168564.5	ENSG00000168564	CDKN2AIP
ENSG00000168566.12	ENSG00000168566	SNRNP48
ENSG00000168569.7	ENSG00000168569	TMEM223
ENSG00000168575.9	ENSG00000168575	SLC20A2
ENSG00000168589.14	ENSG00000168589	DYNLRB2
ENSG00000168591.15	ENSG00000168591	TMUB2
ENSG00000168610.14	ENSG00000168610	STAT3
ENSG00000168612.4	ENSG00000168612	ZSWIM1
ENSG00000168615.11	ENSG00000168615	ADAM9
ENSG00000168621.14	ENSG00000168621	GDNF
ENSG00000168646.12	ENSG00000168646	AXIN2
ENSG00000168653.10	ENSG00000168653	NDUFS5
ENSG00000168658.18	ENSG00000168658	VWA3B
ENSG00000168661.14	ENSG00000168661	ZNF30
ENSG00000168672.3	ENSG00000168672	FAM84B
ENSG00000168675.18	ENSG00000168675	LDLRAD4
ENSG00000168679.17	ENSG00000168679	SLC16A4
ENSG00000168701.18	ENSG00000168701	TMEM208
ENSG00000168702.17	ENSG00000168702	LRP1B
ENSG00000168710.17	ENSG00000168710	AHCYL1
ENSG00000168724.14	ENSG00000168724	DNAJC21
ENSG00000168734.13	ENSG00000168734	PKIG
ENSG00000168743.12	ENSG00000168743	NPNT
ENSG00000168748.13	ENSG00000168748	CA7
ENSG00000168754.14	ENSG00000168754	FAM178B
ENSG00000168758.10	ENSG00000168758	SEMA4C
ENSG00000168763.15	ENSG00000168763	CNNM3
ENSG00000168765.16	ENSG00000168765	GSTM4
ENSG00000168769.13	ENSG00000168769	TET2
ENSG00000168772.10	ENSG00000168772	CXXC4
ENSG00000168778.11	ENSG00000168778	TCTN2
ENSG00000168781.21	ENSG00000168781	PPIP5K1
ENSG00000168785.7	ENSG00000168785	TSPAN5
ENSG00000168792.4	ENSG00000168792	ABHD15
ENSG00000168795.4	ENSG00000168795	ZBTB5
ENSG00000168802.12	ENSG00000168802	CHTF8
ENSG00000168803.14	ENSG00000168803	ADAL
ENSG00000168806.7	ENSG00000168806	LCMT2
ENSG00000168807.16	ENSG00000168807	SNTB2
ENSG00000168811.6	ENSG00000168811	IL12A
ENSG00000168813.16	ENSG00000168813	ZNF507
ENSG00000168818.9	ENSG00000168818	STX18
ENSG00000168824.14	ENSG00000168824	HGNC:18790
ENSG00000168826.15	ENSG00000168826	ZBTB49
ENSG00000168827.14	ENSG00000168827	GFM1
ENSG00000168830.7	ENSG00000168830	HTR1E
ENSG00000168843.13	ENSG00000168843	FSTL5
ENSG00000168852.12	ENSG00000168852	TPTE2P5
ENSG00000168872.16	ENSG00000168872	DDX19A
ENSG00000168874.12	ENSG00000168874	ATOH8
ENSG00000168876.8	ENSG00000168876	ANKRD49
ENSG00000168883.19	ENSG00000168883	USP39
ENSG00000168884.14	ENSG00000168884	TNIP2
ENSG00000168887.10	ENSG00000168887	C2orf68
ENSG00000168890.13	ENSG00000168890	TMEM150A
ENSG00000168894.9	ENSG00000168894	RNF181
ENSG00000168899.4	ENSG00000168899	VAMP5
ENSG00000168904.14	ENSG00000168904	LRRC28
ENSG00000168906.12	ENSG00000168906	MAT2A
ENSG00000168913.6	ENSG00000168913	ENHO
ENSG00000168916.15	ENSG00000168916	ZNF608
ENSG00000168917.8	ENSG00000168917	SLC35G2
ENSG00000168918.13	ENSG00000168918	INPP5D
ENSG00000168924.14	ENSG00000168924	LETM1
ENSG00000168936.10	ENSG00000168936	TMEM129
ENSG00000168938.5	ENSG00000168938	PPIC
ENSG00000168939.11	ENSG00000168939	SPRY3
ENSG00000168939.11_PAR_Y	ENSG00000168939	SPRY3
ENSG00000168944.15	ENSG00000168944	CEP120
ENSG00000168952.15	ENSG00000168952	STXBP6
ENSG00000168958.19	ENSG00000168958	MFF
ENSG00000168959.14	ENSG00000168959	GRM5
ENSG00000168961.16	ENSG00000168961	LGALS9
ENSG00000168970.22	ENSG00000168970	JMJD7-PLA2G4B
ENSG00000168993.14	ENSG00000168993	CPLX1
ENSG00000168994.13	ENSG00000168994	PXDC1
ENSG00000169006.6	ENSG00000169006	NTSR2
ENSG00000169016.16	ENSG00000169016	E2F6
ENSG00000169018.5	ENSG00000169018	FEM1B
ENSG00000169019.10	ENSG00000169019	COMMD8
ENSG00000169020.9	ENSG00000169020	ATP5I
ENSG00000169021.5	ENSG00000169021	UQCRFS1
ENSG00000169026.12	ENSG00000169026	MFSD7
ENSG00000169031.18	ENSG00000169031	COL4A3
ENSG00000169032.9	ENSG00000169032	MAP2K1
ENSG00000169035.11	ENSG00000169035	KLK7
ENSG00000169045.17	ENSG00000169045	HNRNPH1
ENSG00000169047.5	ENSG00000169047	IRS1
ENSG00000169057.21	ENSG00000169057	MECP2
ENSG00000169062.14	ENSG00000169062	UPF3A
ENSG00000169064.12	ENSG00000169064	ZBBX
ENSG00000169071.14	ENSG00000169071	ROR2
ENSG00000169083.16	ENSG00000169083	AR
ENSG00000169084.13	ENSG00000169084	DHRSX
ENSG00000169084.13_PAR_Y	ENSG00000169084	DHRSX
ENSG00000169085.11	ENSG00000169085	C8orf46
ENSG00000169087.10	ENSG00000169087	HSPBAP1
ENSG00000169093.15	ENSG00000169093	ASMTL
ENSG00000169093.15_PAR_Y	ENSG00000169093	ASMTL
ENSG00000169100.13	ENSG00000169100	SLC25A6
ENSG00000169100.13_PAR_Y	ENSG00000169100	SLC25A6
ENSG00000169105.7	ENSG00000169105	CHST14
ENSG00000169116.11	ENSG00000169116	PARM1
ENSG00000169118.17	ENSG00000169118	CSNK1G1
ENSG00000169122.11	ENSG00000169122	FAM110B
ENSG00000169126.15	ENSG00000169126	ARMC4
ENSG00000169129.14	ENSG00000169129	AFAP1L2
ENSG00000169131.11	ENSG00000169131	ZNF354A
ENSG00000169136.10	ENSG00000169136	ATF5
ENSG00000169139.11	ENSG00000169139	UBE2V2
ENSG00000169155.9	ENSG00000169155	ZBTB43
ENSG00000169169.14	ENSG00000169169	CPT1C
ENSG00000169180.11	ENSG00000169180	XPO6
ENSG00000169181.12	ENSG00000169181	GSG1L
ENSG00000169184.5	ENSG00000169184	MN1
ENSG00000169188.4	ENSG00000169188	APEX2
ENSG00000169189.16	ENSG00000169189	NSMCE1
ENSG00000169193.11	ENSG00000169193	CCDC126
ENSG00000169203.16	ENSG00000169203	NPIPB12
ENSG00000169213.6	ENSG00000169213	RAB3B
ENSG00000169217.8	ENSG00000169217	CD2BP2
ENSG00000169220.17	ENSG00000169220	RGS14
ENSG00000169221.13	ENSG00000169221	TBC1D10B
ENSG00000169223.14	ENSG00000169223	LMAN2
ENSG00000169228.13	ENSG00000169228	RAB24
ENSG00000169230.9	ENSG00000169230	PRELID1
ENSG00000169231.13	ENSG00000169231	THBS3
ENSG00000169239.12	ENSG00000169239	CA5B
ENSG00000169241.17	ENSG00000169241	SLC50A1
ENSG00000169242.11	ENSG00000169242	EFNA1
ENSG00000169246.16	ENSG00000169246	NPIPB3
ENSG00000169247.11	ENSG00000169247	SH3TC2
ENSG00000169249.12	ENSG00000169249	ZRSR2
ENSG00000169251.12	ENSG00000169251	NMD3
ENSG00000169252.5	ENSG00000169252	ADRB2
ENSG00000169255.13	ENSG00000169255	B3GALNT1
ENSG00000169258.6	ENSG00000169258	GPRIN1
ENSG00000169271.2	ENSG00000169271	HSPB3
ENSG00000169282.17	ENSG00000169282	KCNAB1
ENSG00000169288.17	ENSG00000169288	MRPL1
ENSG00000169291.9	ENSG00000169291	SHE
ENSG00000169299.13	ENSG00000169299	PGM2
ENSG00000169302.14	ENSG00000169302	STK32A
ENSG00000169306.9	ENSG00000169306	IL1RAPL1
ENSG00000169313.9	ENSG00000169313	P2RY12
ENSG00000169330.8	ENSG00000169330	KIAA1024
ENSG00000169359.13	ENSG00000169359	SLC33A1
ENSG00000169371.13	ENSG00000169371	SNUPN
ENSG00000169372.12	ENSG00000169372	CRADD
ENSG00000169375.15	ENSG00000169375	SIN3A
ENSG00000169379.15	ENSG00000169379	ARL13B
ENSG00000169385.2	ENSG00000169385	RNASE2
ENSG00000169398.19	ENSG00000169398	PTK2
ENSG00000169402.15	ENSG00000169402	RSPH10B2
ENSG00000169403.11	ENSG00000169403	PTAFR
ENSG00000169410.9	ENSG00000169410	PTPN9
ENSG00000169413.2	ENSG00000169413	RNASE6
ENSG00000169418.9	ENSG00000169418	NPR1
ENSG00000169427.6	ENSG00000169427	KCNK9
ENSG00000169429.10	ENSG00000169429	CXCL8
ENSG00000169432.14	ENSG00000169432	SCN9A
ENSG00000169436.16	ENSG00000169436	COL22A1
ENSG00000169439.11	ENSG00000169439	SDC2
ENSG00000169442.8	ENSG00000169442	CD52
ENSG00000169446.5	ENSG00000169446	MMGT1
ENSG00000169490.16	ENSG00000169490	TM2D2
ENSG00000169499.14	ENSG00000169499	PLEKHA2
ENSG00000169504.14	ENSG00000169504	CLIC4
ENSG00000169507.9	ENSG00000169507	SLC38A11
ENSG00000169508.6	ENSG00000169508	GPR183
ENSG00000169515.5	ENSG00000169515	CCDC8
ENSG00000169519.20	ENSG00000169519	METTL15
ENSG00000169554.18	ENSG00000169554	ZEB2
ENSG00000169562.9	ENSG00000169562	GJB1
ENSG00000169564.6	ENSG00000169564	PCBP1
ENSG00000169567.11	ENSG00000169567	HINT1
ENSG00000169570.9	ENSG00000169570	DTWD2
ENSG00000169592.14	ENSG00000169592	INO80E
ENSG00000169598.15	ENSG00000169598	DFFB
ENSG00000169599.12	ENSG00000169599	NFU1
ENSG00000169604.19	ENSG00000169604	ANTXR1
ENSG00000169609.13	ENSG00000169609	C15orf40
ENSG00000169612.3	ENSG00000169612	FAM103A1
ENSG00000169621.9	ENSG00000169621	APLF
ENSG00000169627.7	ENSG00000169627	BOLA2B
ENSG00000169629.11	ENSG00000169629	RGPD8
ENSG00000169635.9	ENSG00000169635	HIC2
ENSG00000169641.13	ENSG00000169641	LUZP1
ENSG00000169660.15	ENSG00000169660	HEXDC
ENSG00000169668.11	ENSG00000169668	BCRP2
ENSG00000169676.5	ENSG00000169676	DRD5
ENSG00000169682.17	ENSG00000169682	SPNS1
ENSG00000169683.7	ENSG00000169683	LRRC45
ENSG00000169684.13	ENSG00000169684	CHRNA5
ENSG00000169689.14	ENSG00000169689	CENPX
ENSG00000169692.12	ENSG00000169692	AGPAT2
ENSG00000169696.15	ENSG00000169696	ASPSCR1
ENSG00000169710.8	ENSG00000169710	FASN
ENSG00000169714.16	ENSG00000169714	CNBP
ENSG00000169715.14	ENSG00000169715	MT1E
ENSG00000169718.17	ENSG00000169718	DUS1L
ENSG00000169727.12	ENSG00000169727	GPS1
ENSG00000169733.11	ENSG00000169733	RFNG
ENSG00000169738.7	ENSG00000169738	DCXR
ENSG00000169740.13	ENSG00000169740	ZNF32
ENSG00000169744.12	ENSG00000169744	LDB2
ENSG00000169750.8	ENSG00000169750	RAC3
ENSG00000169752.16	ENSG00000169752	NRG4
ENSG00000169756.16	ENSG00000169756	LIMS1
ENSG00000169758.12	ENSG00000169758	TMEM266
ENSG00000169760.17	ENSG00000169760	NLGN1
ENSG00000169762.16	ENSG00000169762	TAPT1
ENSG00000169764.15	ENSG00000169764	UGP2
ENSG00000169783.12	ENSG00000169783	LINGO1
ENSG00000169813.16	ENSG00000169813	HNRNPF
ENSG00000169814.12	ENSG00000169814	BTD
ENSG00000169826.7	ENSG00000169826	CSGALNACT2
ENSG00000169836.4	ENSG00000169836	TACR3
ENSG00000169851.15	ENSG00000169851	PCDH7
ENSG00000169855.19	ENSG00000169855	ROBO1
ENSG00000169857.7	ENSG00000169857	AVEN
ENSG00000169860.6	ENSG00000169860	P2RY1
ENSG00000169862.18	ENSG00000169862	CTNND2
ENSG00000169871.12	ENSG00000169871	TRIM56
ENSG00000169884.13	ENSG00000169884	WNT10B
ENSG00000169891.17	ENSG00000169891	REPS2
ENSG00000169895.5	ENSG00000169895	SYAP1
ENSG00000169896.16	ENSG00000169896	ITGAM
ENSG00000169900.7	ENSG00000169900	PYDC1
ENSG00000169902.13	ENSG00000169902	TPST1
ENSG00000169905.12	ENSG00000169905	TOR1AIP2
ENSG00000169908.11	ENSG00000169908	TM4SF1
ENSG00000169914.5	ENSG00000169914	OTUD3
ENSG00000169918.9	ENSG00000169918	OTUD7A
ENSG00000169919.16	ENSG00000169919	GUSB
ENSG00000169925.16	ENSG00000169925	BRD3
ENSG00000169926.10	ENSG00000169926	KLF13
ENSG00000169933.13	ENSG00000169933	FRMPD4
ENSG00000169946.13	ENSG00000169946	ZFPM2
ENSG00000169951.9	ENSG00000169951	ZNF764
ENSG00000169955.7	ENSG00000169955	ZNF747
ENSG00000169957.9	ENSG00000169957	ZNF768
ENSG00000169964.7	ENSG00000169964	TMEM42
ENSG00000169967.16	ENSG00000169967	MAP3K2
ENSG00000169972.11	ENSG00000169972	PUSL1
ENSG00000169976.6	ENSG00000169976	SF3B5
ENSG00000169981.10	ENSG00000169981	ZNF35
ENSG00000169989.2	ENSG00000169989	TIGD4
ENSG00000169991.10	ENSG00000169991	IFFO2
ENSG00000169992.9	ENSG00000169992	NLGN2
ENSG00000170004.16	ENSG00000170004	CHD3
ENSG00000170006.11	ENSG00000170006	TMEM154
ENSG00000170011.13	ENSG00000170011	MYRIP
ENSG00000170017.12	ENSG00000170017	ALCAM
ENSG00000170027.6	ENSG00000170027	YWHAG
ENSG00000170035.15	ENSG00000170035	UBE2E3
ENSG00000170037.13	ENSG00000170037	CNTROB
ENSG00000170043.11	ENSG00000170043	TRAPPC1
ENSG00000170049.9	ENSG00000170049	KCNAB3
ENSG00000170074.19	ENSG00000170074	FAM153A
ENSG00000170075.8	ENSG00000170075	GPR37L1
ENSG00000170085.17	ENSG00000170085	SIMC1
ENSG00000170088.13	ENSG00000170088	TMEM192
ENSG00000170089.15	ENSG00000170089	AC106795.1
ENSG00000170091.10	ENSG00000170091	HGNC:24955
ENSG00000170100.13	ENSG00000170100	ZNF778
ENSG00000170113.15	ENSG00000170113	NIPA1
ENSG00000170122.5	ENSG00000170122	FOXD4
ENSG00000170142.11	ENSG00000170142	UBE2E1
ENSG00000170144.20	ENSG00000170144	HNRNPA3
ENSG00000170145.4	ENSG00000170145	SIK2
ENSG00000170153.10	ENSG00000170153	RNF150
ENSG00000170160.17	ENSG00000170160	CCDC144A
ENSG00000170161.6	ENSG00000170161	AL512625.1
ENSG00000170165.5	ENSG00000170165	CR848007.1
ENSG00000170175.10	ENSG00000170175	CHRNB1
ENSG00000170185.9	ENSG00000170185	USP38
ENSG00000170191.4	ENSG00000170191	NANP
ENSG00000170214.4	ENSG00000170214	ADRA1B
ENSG00000170222.11	ENSG00000170222	ADPRM
ENSG00000170231.15	ENSG00000170231	FABP6
ENSG00000170234.12	ENSG00000170234	PWWP2A
ENSG00000170242.17	ENSG00000170242	USP47
ENSG00000170248.13	ENSG00000170248	PDCD6IP
ENSG00000170260.8	ENSG00000170260	ZNF212
ENSG00000170264.12	ENSG00000170264	FAM161A
ENSG00000170265.11	ENSG00000170265	ZNF282
ENSG00000170266.15	ENSG00000170266	GLB1
ENSG00000170270.4	ENSG00000170270	GON7
ENSG00000170271.10	ENSG00000170271	FAXDC2
ENSG00000170275.14	ENSG00000170275	CRTAP
ENSG00000170276.5	ENSG00000170276	HSPB2
ENSG00000170291.14	ENSG00000170291	ELP5
ENSG00000170293.8	ENSG00000170293	CMTM8
ENSG00000170296.9	ENSG00000170296	GABARAP
ENSG00000170310.14	ENSG00000170310	STX8
ENSG00000170312.15	ENSG00000170312	CDK1
ENSG00000170315.13	ENSG00000170315	UBB
ENSG00000170322.14	ENSG00000170322	NFRKB
ENSG00000170324.20	ENSG00000170324	FRMPD2
ENSG00000170325.14	ENSG00000170325	PRDM10
ENSG00000170340.10	ENSG00000170340	B3GNT2
ENSG00000170345.9	ENSG00000170345	FOS
ENSG00000170348.8	ENSG00000170348	TMED10
ENSG00000170364.12	ENSG00000170364	SETMAR
ENSG00000170365.9	ENSG00000170365	SMAD1
ENSG00000170370.11	ENSG00000170370	EMX2
ENSG00000170379.19	ENSG00000170379	TCAF2
ENSG00000170381.12	ENSG00000170381	SEMA3E
ENSG00000170382.11	ENSG00000170382	LRRN2
ENSG00000170385.9	ENSG00000170385	SLC30A1
ENSG00000170390.15	ENSG00000170390	DCLK2
ENSG00000170396.7	ENSG00000170396	ZNF804A
ENSG00000170412.16	ENSG00000170412	GPRC5C
ENSG00000170417.15	ENSG00000170417	TMEM182
ENSG00000170419.10	ENSG00000170419	VSTM2A
ENSG00000170425.3	ENSG00000170425	ADORA2B
ENSG00000170430.9	ENSG00000170430	MGMT
ENSG00000170439.6	ENSG00000170439	METTL7B
ENSG00000170445.12	ENSG00000170445	HARS
ENSG00000170448.11	ENSG00000170448	NFXL1
ENSG00000170456.15	ENSG00000170456	DENND5B
ENSG00000170458.13	ENSG00000170458	CD14
ENSG00000170464.9	ENSG00000170464	DNAJC18
ENSG00000170468.7	ENSG00000170468	RIOX1
ENSG00000170469.10	ENSG00000170469	SPATA24
ENSG00000170471.14	ENSG00000170471	RALGAPB
ENSG00000170473.16	ENSG00000170473	PYM1
ENSG00000170485.16	ENSG00000170485	NPAS2
ENSG00000170500.12	ENSG00000170500	LONRF2
ENSG00000170502.12	ENSG00000170502	NUDT9
ENSG00000170515.13	ENSG00000170515	PA2G4
ENSG00000170522.9	ENSG00000170522	ELOVL6
ENSG00000170525.19	ENSG00000170525	PFKFB3
ENSG00000170537.12	ENSG00000170537	TMC7
ENSG00000170540.14	ENSG00000170540	ARL6IP1
ENSG00000170542.5	ENSG00000170542	SERPINB9
ENSG00000170545.16	ENSG00000170545	SMAGP
ENSG00000170558.8	ENSG00000170558	CDH2
ENSG00000170571.11	ENSG00000170571	EMB
ENSG00000170579.16	ENSG00000170579	DLGAP1
ENSG00000170581.13	ENSG00000170581	STAT2
ENSG00000170584.10	ENSG00000170584	NUDCD2
ENSG00000170604.4	ENSG00000170604	IRF2BP1
ENSG00000170606.14	ENSG00000170606	HSPA4
ENSG00000170619.9	ENSG00000170619	COMMD5
ENSG00000170624.13	ENSG00000170624	SGCD
ENSG00000170629.14	ENSG00000170629	DPY19L2P2
ENSG00000170631.14	ENSG00000170631	ZNF16
ENSG00000170632.13	ENSG00000170632	ARMC10
ENSG00000170633.16	ENSG00000170633	RNF34
ENSG00000170634.12	ENSG00000170634	ACYP2
ENSG00000170638.9	ENSG00000170638	TRABD
ENSG00000170647.3	ENSG00000170647	TMEM133
ENSG00000170653.18	ENSG00000170653	ATF7
ENSG00000170667.14	ENSG00000170667	RASA4B
ENSG00000170677.5	ENSG00000170677	SOCS6
ENSG00000170681.6	ENSG00000170681	CAVIN4
ENSG00000170684.8	ENSG00000170684	ZNF296
ENSG00000170703.15	ENSG00000170703	TTLL6
ENSG00000170734.11	ENSG00000170734	POLH
ENSG00000170743.16	ENSG00000170743	SYT9
ENSG00000170745.11	ENSG00000170745	KCNS3
ENSG00000170759.10	ENSG00000170759	KIF5B
ENSG00000170775.2	ENSG00000170775	GPR37
ENSG00000170776.21	ENSG00000170776	AKAP13
ENSG00000170779.10	ENSG00000170779	CDCA4
ENSG00000170786.12	ENSG00000170786	SDR16C5
ENSG00000170791.17	ENSG00000170791	CHCHD7
ENSG00000170801.9	ENSG00000170801	HTRA3
ENSG00000170802.15	ENSG00000170802	FOXN2
ENSG00000170832.12	ENSG00000170832	USP32
ENSG00000170835.14	ENSG00000170835	CEL
ENSG00000170836.11	ENSG00000170836	PPM1D
ENSG00000170837.2	ENSG00000170837	GPR27
ENSG00000170846.16	ENSG00000170846	AC093323.1
ENSG00000170852.10	ENSG00000170852	KBTBD2
ENSG00000170854.17	ENSG00000170854	RIOX2
ENSG00000170855.3	ENSG00000170855	TRIAP1
ENSG00000170860.3	ENSG00000170860	LSM3
ENSG00000170871.11	ENSG00000170871	KIAA0232
ENSG00000170873.18	ENSG00000170873	MTSS1
ENSG00000170876.7	ENSG00000170876	TMEM43
ENSG00000170881.4	ENSG00000170881	RNF139
ENSG00000170889.13	ENSG00000170889	RPS9
ENSG00000170891.10	ENSG00000170891	CYTL1
ENSG00000170892.10	ENSG00000170892	TSEN34
ENSG00000170899.10	ENSG00000170899	GSTA4
ENSG00000170903.10	ENSG00000170903	MSANTD4
ENSG00000170906.15	ENSG00000170906	NDUFA3
ENSG00000170909.13	ENSG00000170909	OSCAR
ENSG00000170915.8	ENSG00000170915	PAQR8
ENSG00000170917.13	ENSG00000170917	NUDT6
ENSG00000170919.15	ENSG00000170919	TPT1-AS1
ENSG00000170921.15	ENSG00000170921	TANC2
ENSG00000170946.14	ENSG00000170946	DNAJC24
ENSG00000170949.17	ENSG00000170949	ZNF160
ENSG00000170954.11	ENSG00000170954	ZNF415
ENSG00000170955.9	ENSG00000170955	CAVIN3
ENSG00000170959.14	ENSG00000170959	DCDC1
ENSG00000170961.6	ENSG00000170961	HAS2
ENSG00000170962.12	ENSG00000170962	PDGFD
ENSG00000170989.8	ENSG00000170989	S1PR1
ENSG00000171004.18	ENSG00000171004	HS6ST2
ENSG00000171016.11	ENSG00000171016	PYGO1
ENSG00000171033.12	ENSG00000171033	PKIA
ENSG00000171044.10	ENSG00000171044	XKR6
ENSG00000171045.14	ENSG00000171045	TSNARE1
ENSG00000171051.8	ENSG00000171051	FPR1
ENSG00000171055.14	ENSG00000171055	FEZ2
ENSG00000171056.7	ENSG00000171056	SOX7
ENSG00000171067.10	ENSG00000171067	C11orf24
ENSG00000171084.15	ENSG00000171084	FAM86JP
ENSG00000171094.17	ENSG00000171094	ALK
ENSG00000171097.13	ENSG00000171097	KYAT1
ENSG00000171100.14	ENSG00000171100	MTM1
ENSG00000171103.10	ENSG00000171103	TRMT61B
ENSG00000171105.13	ENSG00000171105	INSR
ENSG00000171109.18	ENSG00000171109	MFN1
ENSG00000171115.3	ENSG00000171115	GIMAP8
ENSG00000171116.7	ENSG00000171116	HSFX1
ENSG00000171121.16	ENSG00000171121	KCNMB3
ENSG00000171126.7	ENSG00000171126	KCNG3
ENSG00000171130.17	ENSG00000171130	ATP6V0E2
ENSG00000171132.13	ENSG00000171132	PRKCE
ENSG00000171135.13	ENSG00000171135	JAGN1
ENSG00000171148.13	ENSG00000171148	TADA3
ENSG00000171150.7	ENSG00000171150	SOCS5
ENSG00000171155.7	ENSG00000171155	C1GALT1C1
ENSG00000171159.4	ENSG00000171159	C9orf16
ENSG00000171160.17	ENSG00000171160	MORN4
ENSG00000171161.12	ENSG00000171161	ZNF672
ENSG00000171163.15	ENSG00000171163	ZNF692
ENSG00000171169.8	ENSG00000171169	NAIF1
ENSG00000171174.13	ENSG00000171174	RBKS
ENSG00000171189.17	ENSG00000171189	GRIK1
ENSG00000171202.6	ENSG00000171202	TMEM126A
ENSG00000171204.12	ENSG00000171204	TMEM126B
ENSG00000171206.13	ENSG00000171206	TRIM8
ENSG00000171208.9	ENSG00000171208	NETO2
ENSG00000171222.10	ENSG00000171222	SCAND1
ENSG00000171223.5	ENSG00000171223	JUNB
ENSG00000171224.8	ENSG00000171224	C10orf35
ENSG00000171241.8	ENSG00000171241	SHCBP1
ENSG00000171243.7	ENSG00000171243	SOSTDC1
ENSG00000171246.5	ENSG00000171246	NPTX1
ENSG00000171262.11	ENSG00000171262	FAM98B
ENSG00000171291.8	ENSG00000171291	ZNF439
ENSG00000171295.12	ENSG00000171295	ZNF440
ENSG00000171298.12	ENSG00000171298	GAA
ENSG00000171302.16	ENSG00000171302	CANT1
ENSG00000171303.6	ENSG00000171303	KCNK3
ENSG00000171307.18	ENSG00000171307	ZDHHC16
ENSG00000171310.10	ENSG00000171310	CHST11
ENSG00000171311.12	ENSG00000171311	EXOSC1
ENSG00000171314.8	ENSG00000171314	PGAM1
ENSG00000171316.11	ENSG00000171316	CHD7
ENSG00000171345.13	ENSG00000171345	KRT19
ENSG00000171357.5	ENSG00000171357	LURAP1
ENSG00000171365.15	ENSG00000171365	CLCN5
ENSG00000171368.11	ENSG00000171368	TPPP
ENSG00000171385.9	ENSG00000171385	KCND3
ENSG00000171388.11	ENSG00000171388	APLN
ENSG00000171408.13	ENSG00000171408	PDE7B
ENSG00000171421.12	ENSG00000171421	MRPL36
ENSG00000171425.9	ENSG00000171425	ZNF581
ENSG00000171435.13	ENSG00000171435	KSR2
ENSG00000171443.6	ENSG00000171443	ZNF524
ENSG00000171444.17	ENSG00000171444	MCC
ENSG00000171448.8	ENSG00000171448	ZBTB26
ENSG00000171450.5	ENSG00000171450	CDK5R2
ENSG00000171451.13	ENSG00000171451	DSEL
ENSG00000171453.17	ENSG00000171453	POLR1C
ENSG00000171456.16	ENSG00000171456	ASXL1
ENSG00000171462.14	ENSG00000171462	DLK2
ENSG00000171466.9	ENSG00000171466	ZNF562
ENSG00000171467.15	ENSG00000171467	ZNF318
ENSG00000171469.10	ENSG00000171469	ZNF561
ENSG00000171475.13	ENSG00000171475	WIPF2
ENSG00000171476.21	ENSG00000171476	HOPX
ENSG00000171488.14	ENSG00000171488	LRRC8C
ENSG00000171490.12	ENSG00000171490	RSL1D1
ENSG00000171492.14	ENSG00000171492	LRRC8D
ENSG00000171497.4	ENSG00000171497	PPID
ENSG00000171502.14	ENSG00000171502	COL24A1
ENSG00000171503.11	ENSG00000171503	ETFDH
ENSG00000171509.15	ENSG00000171509	RXFP1
ENSG00000171517.5	ENSG00000171517	LPAR3
ENSG00000171522.5	ENSG00000171522	PTGER4
ENSG00000171530.13	ENSG00000171530	TBCA
ENSG00000171532.4	ENSG00000171532	NEUROD2
ENSG00000171533.11	ENSG00000171533	MAP6
ENSG00000171552.12	ENSG00000171552	BCL2L1
ENSG00000171566.11	ENSG00000171566	PLRG1
ENSG00000171570.10	ENSG00000171570	RAB4B-EGLN2
ENSG00000171574.17	ENSG00000171574	ZNF584
ENSG00000171587.14	ENSG00000171587	DSCAM
ENSG00000171603.16	ENSG00000171603	CLSTN1
ENSG00000171604.11	ENSG00000171604	CXXC5
ENSG00000171606.17	ENSG00000171606	ZNF274
ENSG00000171608.15	ENSG00000171608	PIK3CD
ENSG00000171612.6	ENSG00000171612	SLC25A33
ENSG00000171617.13	ENSG00000171617	ENC1
ENSG00000171621.13	ENSG00000171621	SPSB1
ENSG00000171631.14	ENSG00000171631	P2RY6
ENSG00000171634.16	ENSG00000171634	BPTF
ENSG00000171649.11	ENSG00000171649	ZIK1
ENSG00000171659.13	ENSG00000171659	GPR34
ENSG00000171680.21	ENSG00000171680	PLEKHG5
ENSG00000171681.12	ENSG00000171681	ATF7IP
ENSG00000171695.10	ENSG00000171695	LKAAEAR1
ENSG00000171700.13	ENSG00000171700	RGS19
ENSG00000171703.16	ENSG00000171703	TCEA2
ENSG00000171714.10	ENSG00000171714	ANO5
ENSG00000171720.9	ENSG00000171720	HDAC3
ENSG00000171723.15	ENSG00000171723	GPHN
ENSG00000171724.2	ENSG00000171724	VAT1L
ENSG00000171729.13	ENSG00000171729	TMEM51
ENSG00000171735.18	ENSG00000171735	CAMTA1
ENSG00000171757.15	ENSG00000171757	LRRC34
ENSG00000171759.9	ENSG00000171759	PAH
ENSG00000171763.18	ENSG00000171763	SPATA5L1
ENSG00000171766.15	ENSG00000171766	GATM
ENSG00000171772.16	ENSG00000171772	SYCE1
ENSG00000171777.15	ENSG00000171777	RASGRP4
ENSG00000171786.5	ENSG00000171786	NHLH1
ENSG00000171791.12	ENSG00000171791	BCL2
ENSG00000171792.10	ENSG00000171792	RHNO1
ENSG00000171793.13	ENSG00000171793	CTPS1
ENSG00000171798.17	ENSG00000171798	KNDC1
ENSG00000171806.11	ENSG00000171806	METTL18
ENSG00000171811.13	ENSG00000171811	CFAP46
ENSG00000171812.12	ENSG00000171812	COL8A2
ENSG00000171813.13	ENSG00000171813	PWWP2B
ENSG00000171817.16	ENSG00000171817	ZNF540
ENSG00000171823.6	ENSG00000171823	FBXL14
ENSG00000171824.13	ENSG00000171824	EXOSC10
ENSG00000171827.10	ENSG00000171827	ZNF570
ENSG00000171840.11	ENSG00000171840	NINJ2
ENSG00000171843.15	ENSG00000171843	MLLT3
ENSG00000171847.10	ENSG00000171847	FAM90A1
ENSG00000171853.15	ENSG00000171853	TRAPPC12
ENSG00000171858.17	ENSG00000171858	RPS21
ENSG00000171860.4	ENSG00000171860	C3AR1
ENSG00000171861.10	ENSG00000171861	MRM3
ENSG00000171862.10	ENSG00000171862	PTEN
ENSG00000171863.12	ENSG00000171863	RPS7
ENSG00000171865.9	ENSG00000171865	RNASEH1
ENSG00000171867.16	ENSG00000171867	PRNP
ENSG00000171873.7	ENSG00000171873	ADRA1D
ENSG00000171877.20	ENSG00000171877	FRMD5
ENSG00000171885.13	ENSG00000171885	AQP4
ENSG00000171903.16	ENSG00000171903	CYP4F11
ENSG00000171914.16	ENSG00000171914	TLN2
ENSG00000171928.13	ENSG00000171928	TVP23B
ENSG00000171940.13	ENSG00000171940	ZNF217
ENSG00000171943.11	ENSG00000171943	SRGAP2C
ENSG00000171951.4	ENSG00000171951	SCG2
ENSG00000171953.15	ENSG00000171953	ATPAF2
ENSG00000171960.10	ENSG00000171960	PPIH
ENSG00000171962.17	ENSG00000171962	DRC3
ENSG00000171970.12	ENSG00000171970	ZNF57
ENSG00000171984.14	ENSG00000171984	C20orf196
ENSG00000171988.18	ENSG00000171988	JMJD1C
ENSG00000171992.12	ENSG00000171992	SYNPO
ENSG00000172005.10	ENSG00000172005	MAL
ENSG00000172006.11	ENSG00000172006	ZNF554
ENSG00000172007.5	ENSG00000172007	RAB33B
ENSG00000172009.14	ENSG00000172009	THOP1
ENSG00000172014.12	ENSG00000172014	ANKRD20A4
ENSG00000172020.12	ENSG00000172020	GAP43
ENSG00000172031.6	ENSG00000172031	EPHX4
ENSG00000172037.13	ENSG00000172037	LAMB2
ENSG00000172046.18	ENSG00000172046	USP19
ENSG00000172053.17	ENSG00000172053	QARS
ENSG00000172057.9	ENSG00000172057	ORMDL3
ENSG00000172058.15	ENSG00000172058	SERF1A
ENSG00000172059.10	ENSG00000172059	KLF11
ENSG00000172062.16	ENSG00000172062	SMN1
ENSG00000172071.11	ENSG00000172071	EIF2AK3
ENSG00000172081.13	ENSG00000172081	MOB3A
ENSG00000172086.7	ENSG00000172086	KRCC1
ENSG00000172113.8	ENSG00000172113	NME6
ENSG00000172115.8	ENSG00000172115	CYCS
ENSG00000172123.12	ENSG00000172123	SLFN12
ENSG00000172137.18	ENSG00000172137	CALB2
ENSG00000172159.15	ENSG00000172159	FRMD3
ENSG00000172164.13	ENSG00000172164	SNTB1
ENSG00000172167.7	ENSG00000172167	MTBP
ENSG00000172171.10	ENSG00000172171	TEFM
ENSG00000172172.7	ENSG00000172172	MRPL13
ENSG00000172175.12	ENSG00000172175	MALT1
ENSG00000172183.14	ENSG00000172183	ISG20
ENSG00000172201.11	ENSG00000172201	ID4
ENSG00000172209.5	ENSG00000172209	GPR22
ENSG00000172216.5	ENSG00000172216	CEBPB
ENSG00000172239.13	ENSG00000172239	PAIP1
ENSG00000172243.17	ENSG00000172243	CLEC7A
ENSG00000172244.8	ENSG00000172244	C5orf34
ENSG00000172247.3	ENSG00000172247	C1QTNF4
ENSG00000172250.14	ENSG00000172250	SERHL
ENSG00000172260.14	ENSG00000172260	NEGR1
ENSG00000172262.11	ENSG00000172262	ZNF131
ENSG00000172264.16	ENSG00000172264	MACROD2
ENSG00000172269.18	ENSG00000172269	DPAGT1
ENSG00000172270.18	ENSG00000172270	BSG
ENSG00000172273.12	ENSG00000172273	HINFP
ENSG00000172292.14	ENSG00000172292	CERS6
ENSG00000172296.12	ENSG00000172296	SPTLC3
ENSG00000172301.10	ENSG00000172301	COPRS
ENSG00000172315.5	ENSG00000172315	TP53RK
ENSG00000172318.5	ENSG00000172318	B3GALT1
ENSG00000172331.11	ENSG00000172331	BPGM
ENSG00000172336.4	ENSG00000172336	POP7
ENSG00000172339.9	ENSG00000172339	ALG14
ENSG00000172340.14	ENSG00000172340	SUCLG2
ENSG00000172345.13	ENSG00000172345	STARD5
ENSG00000172346.14	ENSG00000172346	CSDC2
ENSG00000172348.14	ENSG00000172348	RCAN2
ENSG00000172349.17	ENSG00000172349	IL16
ENSG00000172350.9	ENSG00000172350	ABCG4
ENSG00000172354.9	ENSG00000172354	GNB2
ENSG00000172361.5	ENSG00000172361	CFAP53
ENSG00000172366.19	ENSG00000172366	MCRIP2
ENSG00000172375.12	ENSG00000172375	C2CD2L
ENSG00000172379.20	ENSG00000172379	ARNT2
ENSG00000172380.5	ENSG00000172380	GNG12
ENSG00000172382.9	ENSG00000172382	PRSS27
ENSG00000172403.10	ENSG00000172403	SYNPO2
ENSG00000172409.5	ENSG00000172409	CLP1
ENSG00000172425.10	ENSG00000172425	TTC36
ENSG00000172428.10	ENSG00000172428	COPS9
ENSG00000172432.18	ENSG00000172432	GTPBP2
ENSG00000172456.17	ENSG00000172456	FGGY
ENSG00000172458.4	ENSG00000172458	IL17D
ENSG00000172461.10	ENSG00000172461	FUT9
ENSG00000172465.13	ENSG00000172465	TCEAL1
ENSG00000172466.15	ENSG00000172466	ZNF24
ENSG00000172469.15	ENSG00000172469	MANEA
ENSG00000172476.4	ENSG00000172476	RAB40A
ENSG00000172493.20	ENSG00000172493	AFF1
ENSG00000172500.12	ENSG00000172500	FIBP
ENSG00000172508.10	ENSG00000172508	CARNS1
ENSG00000172530.20	ENSG00000172530	BANP
ENSG00000172531.14	ENSG00000172531	PPP1CA
ENSG00000172534.13	ENSG00000172534	HCFC1
ENSG00000172548.14	ENSG00000172548	NIPAL4
ENSG00000172554.11	ENSG00000172554	SNTG2
ENSG00000172568.4	ENSG00000172568	FNDC9
ENSG00000172572.6	ENSG00000172572	PDE3A
ENSG00000172575.11	ENSG00000172575	RASGRP1
ENSG00000172578.11	ENSG00000172578	KLHL6
ENSG00000172586.7	ENSG00000172586	CHCHD1
ENSG00000172590.18	ENSG00000172590	MRPL52
ENSG00000172594.12	ENSG00000172594	SMPDL3A
ENSG00000172602.9	ENSG00000172602	RND1
ENSG00000172613.7	ENSG00000172613	RAD9A
ENSG00000172638.12	ENSG00000172638	EFEMP2
ENSG00000172650.13	ENSG00000172650	AGAP5
ENSG00000172661.17	ENSG00000172661	WASHC2C
ENSG00000172663.8	ENSG00000172663	TMEM134
ENSG00000172667.10	ENSG00000172667	ZMAT3
ENSG00000172671.19	ENSG00000172671	ZFAND4
ENSG00000172673.10	ENSG00000172673	THEMIS
ENSG00000172687.13	ENSG00000172687	ZNF738
ENSG00000172716.16	ENSG00000172716	SLFN11
ENSG00000172725.13	ENSG00000172725	CORO1B
ENSG00000172728.15	ENSG00000172728	FUT10
ENSG00000172731.13	ENSG00000172731	LRRC20
ENSG00000172732.11	ENSG00000172732	MUS81
ENSG00000172733.11	ENSG00000172733	PURG
ENSG00000172748.13	ENSG00000172748	ZNF596
ENSG00000172757.12	ENSG00000172757	CFL1
ENSG00000172765.16	ENSG00000172765	TMCC1
ENSG00000172766.18	ENSG00000172766	NAA16
ENSG00000172771.11	ENSG00000172771	EFCAB12
ENSG00000172775.16	ENSG00000172775	FAM192A
ENSG00000172780.16	ENSG00000172780	RAB43
ENSG00000172782.11	ENSG00000172782	FADS6
ENSG00000172785.18	ENSG00000172785	CBWD1
ENSG00000172794.19	ENSG00000172794	RAB37
ENSG00000172795.15	ENSG00000172795	DCP2
ENSG00000172803.17	ENSG00000172803	SNX32
ENSG00000172809.12	ENSG00000172809	RPL38
ENSG00000172817.3	ENSG00000172817	CYP7B1
ENSG00000172819.16	ENSG00000172819	RARG
ENSG00000172824.14	ENSG00000172824	CES4A
ENSG00000172828.12	ENSG00000172828	CES3
ENSG00000172830.12	ENSG00000172830	SSH3
ENSG00000172831.11	ENSG00000172831	CES2
ENSG00000172840.6	ENSG00000172840	PDP2
ENSG00000172845.14	ENSG00000172845	SP3
ENSG00000172869.14	ENSG00000172869	DMXL1
ENSG00000172878.13	ENSG00000172878	METAP1D
ENSG00000172888.11	ENSG00000172888	ZNF621
ENSG00000172889.15	ENSG00000172889	EGFL7
ENSG00000172890.11	ENSG00000172890	NADSYN1
ENSG00000172893.15	ENSG00000172893	DHCR7
ENSG00000172915.18	ENSG00000172915	NBEA
ENSG00000172922.8	ENSG00000172922	RNASEH2C
ENSG00000172932.14	ENSG00000172932	ANKRD13D
ENSG00000172935.8	ENSG00000172935	MRGPRF
ENSG00000172936.12	ENSG00000172936	MYD88
ENSG00000172939.8	ENSG00000172939	OXSR1
ENSG00000172940.11	ENSG00000172940	SLC22A13
ENSG00000172943.19	ENSG00000172943	PHF8
ENSG00000172954.13	ENSG00000172954	LCLAT1
ENSG00000172965.14	ENSG00000172965	MIR4435-2HG
ENSG00000172977.12	ENSG00000172977	KAT5
ENSG00000172985.10	ENSG00000172985	SH3RF3
ENSG00000172986.12	ENSG00000172986	GXYLT2
ENSG00000172987.12	ENSG00000172987	HPSE2
ENSG00000172992.11	ENSG00000172992	DCAKD
ENSG00000172995.16	ENSG00000172995	ARPP21
ENSG00000173011.11	ENSG00000173011	TADA2B
ENSG00000173013.5	ENSG00000173013	CCDC96
ENSG00000173020.10	ENSG00000173020	GRK2
ENSG00000173039.18	ENSG00000173039	RELA
ENSG00000173040.12	ENSG00000173040	EVC2
ENSG00000173041.11	ENSG00000173041	ZNF680
ENSG00000173064.12	ENSG00000173064	HECTD4
ENSG00000173065.13	ENSG00000173065	FAM222B
ENSG00000173068.17	ENSG00000173068	BNC2
ENSG00000173083.14	ENSG00000173083	HPSE
ENSG00000173085.13	ENSG00000173085	COQ2
ENSG00000173110.7	ENSG00000173110	HSPA6
ENSG00000173113.6	ENSG00000173113	TRMT112
ENSG00000173114.12	ENSG00000173114	LRRN3
ENSG00000173120.14	ENSG00000173120	KDM2A
ENSG00000173137.11	ENSG00000173137	ADCK5
ENSG00000173141.4	ENSG00000173141	MRPL57
ENSG00000173145.11	ENSG00000173145	NOC3L
ENSG00000173153.13	ENSG00000173153	ESRRA
ENSG00000173156.6	ENSG00000173156	RHOD
ENSG00000173163.10	ENSG00000173163	COMMD1
ENSG00000173166.17	ENSG00000173166	RAPH1
ENSG00000173171.14	ENSG00000173171	MTX1
ENSG00000173175.14	ENSG00000173175	ADCY5
ENSG00000173193.13	ENSG00000173193	PARP14
ENSG00000173198.5	ENSG00000173198	CYSLTR1
ENSG00000173207.12	ENSG00000173207	CKS1B
ENSG00000173208.3	ENSG00000173208	ABCD2
ENSG00000173209.22	ENSG00000173209	AHSA2
ENSG00000173210.19	ENSG00000173210	ABLIM3
ENSG00000173214.5	ENSG00000173214	MFSD4B
ENSG00000173218.14	ENSG00000173218	VANGL1
ENSG00000173221.13	ENSG00000173221	GLRX
ENSG00000173226.16	ENSG00000173226	IQCB1
ENSG00000173227.13	ENSG00000173227	SYT12
ENSG00000173230.15	ENSG00000173230	GOLGB1
ENSG00000173253.15	ENSG00000173253	DMRT2
ENSG00000173258.12	ENSG00000173258	ZNF483
ENSG00000173264.14	ENSG00000173264	GPR137
ENSG00000173267.13	ENSG00000173267	SNCG
ENSG00000173269.13	ENSG00000173269	MMRN2
ENSG00000173272.15	ENSG00000173272	MZT2A
ENSG00000173273.15	ENSG00000173273	TNKS
ENSG00000173275.12	ENSG00000173275	ZNF449
ENSG00000173276.13	ENSG00000173276	ZBTB21
ENSG00000173281.4	ENSG00000173281	PPP1R3B
ENSG00000173295.7	ENSG00000173295	FAM86B3P
ENSG00000173320.11	ENSG00000173320	STOX2
ENSG00000173327.7	ENSG00000173327	MAP3K11
ENSG00000173334.3	ENSG00000173334	TRIB1
ENSG00000173338.12	ENSG00000173338	KCNK7
ENSG00000173349.5	ENSG00000173349	SFT2D3
ENSG00000173369.15	ENSG00000173369	C1QB
ENSG00000173372.16	ENSG00000173372	C1QA
ENSG00000173376.13	ENSG00000173376	NDNF
ENSG00000173391.8	ENSG00000173391	OLR1
ENSG00000173402.11	ENSG00000173402	DAG1
ENSG00000173404.4	ENSG00000173404	INSM1
ENSG00000173406.15	ENSG00000173406	DAB1
ENSG00000173409.13	ENSG00000173409	ARV1
ENSG00000173418.11	ENSG00000173418	NAA20
ENSG00000173436.13	ENSG00000173436	MINOS1
ENSG00000173442.12	ENSG00000173442	EHBP1L1
ENSG00000173451.6	ENSG00000173451	THAP2
ENSG00000173452.13	ENSG00000173452	TMEM196
ENSG00000173456.4	ENSG00000173456	RNF26
ENSG00000173457.10	ENSG00000173457	PPP1R14B
ENSG00000173465.7	ENSG00000173465	SSSCA1
ENSG00000173473.10	ENSG00000173473	SMARCC1
ENSG00000173480.10	ENSG00000173480	ZNF417
ENSG00000173482.16	ENSG00000173482	PTPRM
ENSG00000173486.12	ENSG00000173486	FKBP2
ENSG00000173511.9	ENSG00000173511	VEGFB
ENSG00000173517.10	ENSG00000173517	PEAK1
ENSG00000173530.5	ENSG00000173530	TNFRSF10D
ENSG00000173531.15	ENSG00000173531	MST1
ENSG00000173535.13	ENSG00000173535	TNFRSF10C
ENSG00000173540.12	ENSG00000173540	GMPPB
ENSG00000173542.8	ENSG00000173542	MOB1B
ENSG00000173545.4	ENSG00000173545	ZNF622
ENSG00000173546.7	ENSG00000173546	CSPG4
ENSG00000173548.8	ENSG00000173548	SNX33
ENSG00000173559.12	ENSG00000173559	NABP1
ENSG00000173567.14	ENSG00000173567	ADGRF3
ENSG00000173575.20	ENSG00000173575	CHD2
ENSG00000173581.7	ENSG00000173581	CCDC106
ENSG00000173588.14	ENSG00000173588	CEP83
ENSG00000173597.8	ENSG00000173597	SULT1B1
ENSG00000173598.13	ENSG00000173598	NUDT4
ENSG00000173599.13	ENSG00000173599	PC
ENSG00000173611.17	ENSG00000173611	SCAI
ENSG00000173614.13	ENSG00000173614	NMNAT1
ENSG00000173621.8	ENSG00000173621	LRFN4
ENSG00000173638.18	ENSG00000173638	SLC19A1
ENSG00000173641.17	ENSG00000173641	HSPB7
ENSG00000173653.7	ENSG00000173653	RCE1
ENSG00000173660.11	ENSG00000173660	UQCRH
ENSG00000173674.10	ENSG00000173674	EIF1AX
ENSG00000173681.16	ENSG00000173681	BCLAF3
ENSG00000173692.12	ENSG00000173692	PSMD1
ENSG00000173705.8	ENSG00000173705	SUSD5
ENSG00000173706.12	ENSG00000173706	HEG1
ENSG00000173714.7	ENSG00000173714	WFIKKN2
ENSG00000173715.15	ENSG00000173715	C11orf80
ENSG00000173726.10	ENSG00000173726	TOMM20
ENSG00000173727.12	ENSG00000173727	AP000769.1
ENSG00000173744.17	ENSG00000173744	AGFG1
ENSG00000173757.9	ENSG00000173757	STAT5B
ENSG00000173786.16	ENSG00000173786	CNP
ENSG00000173801.16	ENSG00000173801	JUP
ENSG00000173805.15	ENSG00000173805	HAP1
ENSG00000173809.17	ENSG00000173809	TDRD12
ENSG00000173812.10	ENSG00000173812	EIF1
ENSG00000173818.16	ENSG00000173818	ENDOV
ENSG00000173821.19	ENSG00000173821	RNF213
ENSG00000173825.6	ENSG00000173825	TIGD3
ENSG00000173826.14	ENSG00000173826	KCNH6
ENSG00000173838.11	ENSG00000173838	MARCH10
ENSG00000173846.12	ENSG00000173846	PLK3
ENSG00000173848.18	ENSG00000173848	NET1
ENSG00000173852.14	ENSG00000173852	DPY19L1
ENSG00000173868.11	ENSG00000173868	PHOSPHO1
ENSG00000173875.13	ENSG00000173875	ZNF791
ENSG00000173889.15	ENSG00000173889	PHC3
ENSG00000173890.16	ENSG00000173890	GPR160
ENSG00000173894.10	ENSG00000173894	CBX2
ENSG00000173898.11	ENSG00000173898	SPTBN2
ENSG00000173905.8	ENSG00000173905	GOLIM4
ENSG00000173914.11	ENSG00000173914	RBM4B
ENSG00000173915.14	ENSG00000173915	USMG5
ENSG00000173918.14	ENSG00000173918	C1QTNF1
ENSG00000173926.5	ENSG00000173926	MARCH3
ENSG00000173928.2	ENSG00000173928	SWSAP1
ENSG00000173930.8	ENSG00000173930	SLCO4C1
ENSG00000173933.19	ENSG00000173933	RBM4
ENSG00000173947.13	ENSG00000173947	PIFO
ENSG00000173950.15	ENSG00000173950	XXYLT1
ENSG00000173960.13	ENSG00000173960	UBXN2A
ENSG00000173991.5	ENSG00000173991	TCAP
ENSG00000173992.8	ENSG00000173992	CCS
ENSG00000174004.5	ENSG00000174004	NRROS
ENSG00000174007.7	ENSG00000174007	CEP19
ENSG00000174010.9	ENSG00000174010	KLHL15
ENSG00000174013.7	ENSG00000174013	FBXO45
ENSG00000174021.10	ENSG00000174021	GNG5
ENSG00000174028.6	ENSG00000174028	FAM3C2
ENSG00000174032.16	ENSG00000174032	SLC25A30
ENSG00000174059.16	ENSG00000174059	CD34
ENSG00000174080.10	ENSG00000174080	CTSF
ENSG00000174099.10	ENSG00000174099	MSRB3
ENSG00000174106.2	ENSG00000174106	LEMD3
ENSG00000174109.4	ENSG00000174109	C16orf91
ENSG00000174123.10	ENSG00000174123	TLR10
ENSG00000174125.7	ENSG00000174125	TLR1
ENSG00000174130.12	ENSG00000174130	TLR6
ENSG00000174132.8	ENSG00000174132	FAM174A
ENSG00000174136.11	ENSG00000174136	RGMB
ENSG00000174137.12	ENSG00000174137	FAM53A
ENSG00000174145.7	ENSG00000174145	NWD2
ENSG00000174151.14	ENSG00000174151	CYB561D1
ENSG00000174165.7	ENSG00000174165	ZDHHC24
ENSG00000174173.6	ENSG00000174173	TRMT10C
ENSG00000174177.12	ENSG00000174177	CTU2
ENSG00000174197.16	ENSG00000174197	MGA
ENSG00000174206.12	ENSG00000174206	C12orf66
ENSG00000174226.8	ENSG00000174226	SNX31
ENSG00000174227.15	ENSG00000174227	PIGG
ENSG00000174231.16	ENSG00000174231	PRPF8
ENSG00000174233.11	ENSG00000174233	ADCY6
ENSG00000174236.3	ENSG00000174236	REP15
ENSG00000174238.14	ENSG00000174238	PITPNA
ENSG00000174243.9	ENSG00000174243	DDX23
ENSG00000174276.6	ENSG00000174276	ZNHIT2
ENSG00000174282.11	ENSG00000174282	ZBTB4
ENSG00000174292.12	ENSG00000174292	TNK1
ENSG00000174306.21	ENSG00000174306	ZHX3
ENSG00000174307.6	ENSG00000174307	PHLDA3
ENSG00000174326.11	ENSG00000174326	SLC16A11
ENSG00000174327.6	ENSG00000174327	SLC16A13
ENSG00000174332.5	ENSG00000174332	GLIS1
ENSG00000174348.13	ENSG00000174348	PODN
ENSG00000174353.17	ENSG00000174353	STAG3L3
ENSG00000174365.19	ENSG00000174365	SNHG11
ENSG00000174370.9	ENSG00000174370	C11orf45
ENSG00000174373.16	ENSG00000174373	RALGAPA1
ENSG00000174384.9	ENSG00000174384	PMS2P6
ENSG00000174403.15	ENSG00000174403	C20orf166-AS1
ENSG00000174405.13	ENSG00000174405	LIG4
ENSG00000174428.16	ENSG00000174428	GTF2IRD2B
ENSG00000174437.16	ENSG00000174437	ATP2A2
ENSG00000174442.11	ENSG00000174442	ZWILCH
ENSG00000174444.14	ENSG00000174444	RPL4
ENSG00000174446.12	ENSG00000174446	SNAPC5
ENSG00000174453.9	ENSG00000174453	VWC2L
ENSG00000174456.13	ENSG00000174456	C12orf76
ENSG00000174460.3	ENSG00000174460	ZCCHC12
ENSG00000174469.19	ENSG00000174469	CNTNAP2
ENSG00000174473.15	ENSG00000174473	GALNTL6
ENSG00000174482.10	ENSG00000174482	LINGO2
ENSG00000174483.19	ENSG00000174483	BBS1
ENSG00000174485.15	ENSG00000174485	DENND4A
ENSG00000174498.13	ENSG00000174498	IGDCC3
ENSG00000174501.14	ENSG00000174501	ANKRD36C
ENSG00000174502.18	ENSG00000174502	SLC26A9
ENSG00000174514.12	ENSG00000174514	MFSD4A
ENSG00000174516.14	ENSG00000174516	PELI3
ENSG00000174521.7	ENSG00000174521	TTC9B
ENSG00000174529.7	ENSG00000174529	TMEM81
ENSG00000174547.13	ENSG00000174547	MRPL11
ENSG00000174567.7	ENSG00000174567	GOLT1A
ENSG00000174574.15	ENSG00000174574	AKIRIN1
ENSG00000174579.3	ENSG00000174579	MSL2
ENSG00000174586.10	ENSG00000174586	ZNF497
ENSG00000174599.5	ENSG00000174599	TRAM1L1
ENSG00000174600.13	ENSG00000174600	CMKLR1
ENSG00000174606.13	ENSG00000174606	ANGEL2
ENSG00000174607.10	ENSG00000174607	UGT8
ENSG00000174611.11	ENSG00000174611	KY
ENSG00000174628.16	ENSG00000174628	IQCK
ENSG00000174640.12	ENSG00000174640	SLCO2A1
ENSG00000174652.17	ENSG00000174652	ZNF266
ENSG00000174669.11	ENSG00000174669	SLC29A2
ENSG00000174672.15	ENSG00000174672	BRSK2
ENSG00000174684.6	ENSG00000174684	B4GAT1
ENSG00000174695.9	ENSG00000174695	TMEM167A
ENSG00000174705.12	ENSG00000174705	SH3PXD2B
ENSG00000174718.11	ENSG00000174718	KIAA1551
ENSG00000174720.15	ENSG00000174720	LARP7
ENSG00000174721.9	ENSG00000174721	FGFBP3
ENSG00000174738.12	ENSG00000174738	NR1D2
ENSG00000174740.7	ENSG00000174740	PABPC5
ENSG00000174744.13	ENSG00000174744	BRMS1
ENSG00000174748.18	ENSG00000174748	RPL15
ENSG00000174749.5	ENSG00000174749	C4orf32
ENSG00000174775.16	ENSG00000174775	HRAS
ENSG00000174776.10	ENSG00000174776	WDR49
ENSG00000174780.15	ENSG00000174780	SRP72
ENSG00000174791.10	ENSG00000174791	RIN1
ENSG00000174796.12	ENSG00000174796	THAP6
ENSG00000174799.10	ENSG00000174799	CEP135
ENSG00000174804.3	ENSG00000174804	FZD4
ENSG00000174807.3	ENSG00000174807	CD248
ENSG00000174808.11	ENSG00000174808	BTC
ENSG00000174839.12	ENSG00000174839	DENND6A
ENSG00000174840.8	ENSG00000174840	PDE12
ENSG00000174842.16	ENSG00000174842	GLMN
ENSG00000174844.14	ENSG00000174844	DNAH12
ENSG00000174851.15	ENSG00000174851	YIF1A
ENSG00000174871.10	ENSG00000174871	CNIH2
ENSG00000174886.12	ENSG00000174886	NDUFA11
ENSG00000174891.12	ENSG00000174891	RSRC1
ENSG00000174903.15	ENSG00000174903	RAB1B
ENSG00000174915.11	ENSG00000174915	PTDSS2
ENSG00000174917.8	ENSG00000174917	C19orf70
ENSG00000174928.15	ENSG00000174928	C3orf33
ENSG00000174938.14	ENSG00000174938	SEZ6L2
ENSG00000174939.10	ENSG00000174939	ASPHD1
ENSG00000174943.9	ENSG00000174943	KCTD13
ENSG00000174944.8	ENSG00000174944	P2RY14
ENSG00000174945.13	ENSG00000174945	AMZ1
ENSG00000174948.5	ENSG00000174948	GPR149
ENSG00000174951.10	ENSG00000174951	FUT1
ENSG00000174953.13	ENSG00000174953	DHX36
ENSG00000174963.17	ENSG00000174963	ZIC4
ENSG00000174989.12	ENSG00000174989	FBXW8
ENSG00000174996.11	ENSG00000174996	KLC2
ENSG00000175029.16	ENSG00000175029	CTBP2
ENSG00000175040.5	ENSG00000175040	CHST2
ENSG00000175048.16	ENSG00000175048	ZDHHC14
ENSG00000175054.14	ENSG00000175054	ATR
ENSG00000175061.17	ENSG00000175061	LRRC75A-AS1
ENSG00000175066.15	ENSG00000175066	GK5
ENSG00000175073.7	ENSG00000175073	VCPIP1
ENSG00000175077.5	ENSG00000175077	RTP1
ENSG00000175084.11	ENSG00000175084	DES
ENSG00000175087.9	ENSG00000175087	PDIK1L
ENSG00000175093.4	ENSG00000175093	SPSB4
ENSG00000175104.14	ENSG00000175104	TRAF6
ENSG00000175105.6	ENSG00000175105	ZNF654
ENSG00000175106.16	ENSG00000175106	TVP23C
ENSG00000175110.11	ENSG00000175110	MRPS22
ENSG00000175115.11	ENSG00000175115	PACS1
ENSG00000175130.6	ENSG00000175130	MARCKSL1
ENSG00000175137.10	ENSG00000175137	SH3BP5L
ENSG00000175147.11	ENSG00000175147	TMEM51-AS1
ENSG00000175155.8	ENSG00000175155	YPEL2
ENSG00000175161.13	ENSG00000175161	CADM2
ENSG00000175164.13	ENSG00000175164	ABO
ENSG00000175166.16	ENSG00000175166	PSMD2
ENSG00000175170.14	ENSG00000175170	FAM182B
ENSG00000175175.5	ENSG00000175175	PPM1E
ENSG00000175182.14	ENSG00000175182	FAM131A
ENSG00000175183.9	ENSG00000175183	CSRP2
ENSG00000175193.13	ENSG00000175193	PARL
ENSG00000175197.11	ENSG00000175197	DDIT3
ENSG00000175198.15	ENSG00000175198	PCCA
ENSG00000175203.15	ENSG00000175203	DCTN2
ENSG00000175213.2	ENSG00000175213	ZNF408
ENSG00000175215.10	ENSG00000175215	CTDSP2
ENSG00000175216.14	ENSG00000175216	CKAP5
ENSG00000175220.11	ENSG00000175220	ARHGAP1
ENSG00000175221.14	ENSG00000175221	MED16
ENSG00000175224.16	ENSG00000175224	ATG13
ENSG00000175229.6	ENSG00000175229	GAL3ST3
ENSG00000175264.7	ENSG00000175264	CHST1
ENSG00000175265.17	ENSG00000175265	GOLGA8A
ENSG00000175267.14	ENSG00000175267	VWA3A
ENSG00000175274.18	ENSG00000175274	TP53I11
ENSG00000175279.21	ENSG00000175279	CENPS
ENSG00000175283.7	ENSG00000175283	DOLK
ENSG00000175287.18	ENSG00000175287	PHYHD1
ENSG00000175305.17	ENSG00000175305	CCNE2
ENSG00000175309.14	ENSG00000175309	PHYKPL
ENSG00000175318.11	ENSG00000175318	GRAMD2A
ENSG00000175322.11	ENSG00000175322	ZNF519
ENSG00000175324.9	ENSG00000175324	LSM1
ENSG00000175334.7	ENSG00000175334	BANF1
ENSG00000175344.17	ENSG00000175344	CHRNA7
ENSG00000175348.10	ENSG00000175348	TMEM9B
ENSG00000175352.10	ENSG00000175352	NRIP3
ENSG00000175354.18	ENSG00000175354	PTPN2
ENSG00000175356.12	ENSG00000175356	SCUBE2
ENSG00000175376.8	ENSG00000175376	EIF1AD
ENSG00000175387.15	ENSG00000175387	SMAD2
ENSG00000175390.13	ENSG00000175390	EIF3F
ENSG00000175395.15	ENSG00000175395	ZNF25
ENSG00000175414.6	ENSG00000175414	ARL10
ENSG00000175416.12	ENSG00000175416	CLTB
ENSG00000175426.10	ENSG00000175426	PCSK1
ENSG00000175445.14	ENSG00000175445	LPL
ENSG00000175449.13	ENSG00000175449	RFESD
ENSG00000175455.14	ENSG00000175455	CCDC14
ENSG00000175467.14	ENSG00000175467	SART1
ENSG00000175470.18	ENSG00000175470	PPP2R2D
ENSG00000175471.19	ENSG00000175471	MCTP1
ENSG00000175482.8	ENSG00000175482	POLD4
ENSG00000175489.9	ENSG00000175489	LRRC25
ENSG00000175497.16	ENSG00000175497	DPP10
ENSG00000175536.6	ENSG00000175536	LIPT2
ENSG00000175538.10	ENSG00000175538	KCNE3
ENSG00000175548.8	ENSG00000175548	ALG10B
ENSG00000175550.7	ENSG00000175550	DRAP1
ENSG00000175556.16	ENSG00000175556	LONRF3
ENSG00000175564.12	ENSG00000175564	UCP3
ENSG00000175567.8	ENSG00000175567	UCP2
ENSG00000175573.6	ENSG00000175573	C11orf68
ENSG00000175575.12	ENSG00000175575	PAAF1
ENSG00000175581.13	ENSG00000175581	MRPL48
ENSG00000175582.19	ENSG00000175582	RAB6A
ENSG00000175591.11	ENSG00000175591	P2RY2
ENSG00000175592.8	ENSG00000175592	FOSL1
ENSG00000175595.14	ENSG00000175595	ERCC4
ENSG00000175600.15	ENSG00000175600	SUGCT
ENSG00000175602.3	ENSG00000175602	CCDC85B
ENSG00000175606.10	ENSG00000175606	TMEM70
ENSG00000175611.11	ENSG00000175611	LINC00476
ENSG00000175634.14	ENSG00000175634	RPS6KB2
ENSG00000175643.8	ENSG00000175643	RMI2
ENSG00000175662.17	ENSG00000175662	TOM1L2
ENSG00000175664.9	ENSG00000175664	TEX26
ENSG00000175691.8	ENSG00000175691	ZNF77
ENSG00000175697.10	ENSG00000175697	GPR156
ENSG00000175701.10	ENSG00000175701	LINC00116
ENSG00000175711.8	ENSG00000175711	B3GNTL1
ENSG00000175727.13	ENSG00000175727	MLXIP
ENSG00000175745.11	ENSG00000175745	NR2F1
ENSG00000175756.13	ENSG00000175756	AURKAIP1
ENSG00000175764.14	ENSG00000175764	TTLL11
ENSG00000175766.11	ENSG00000175766	EIF4E1B
ENSG00000175768.12	ENSG00000175768	TOMM5
ENSG00000175772.10	ENSG00000175772	LINC01106
ENSG00000175782.9	ENSG00000175782	SLC35E3
ENSG00000175785.12	ENSG00000175785	PRIMA1
ENSG00000175787.16	ENSG00000175787	ZNF169
ENSG00000175792.11	ENSG00000175792	RUVBL1
ENSG00000175806.14	ENSG00000175806	MSRA
ENSG00000175826.11	ENSG00000175826	CTDNEP1
ENSG00000175832.12	ENSG00000175832	ETV4
ENSG00000175854.11	ENSG00000175854	SWI5
ENSG00000175866.15	ENSG00000175866	BAIAP2
ENSG00000175874.9	ENSG00000175874	CREG2
ENSG00000175893.11	ENSG00000175893	ZDHHC21
ENSG00000175895.3	ENSG00000175895	PLEKHF2
ENSG00000175899.14	ENSG00000175899	A2M
ENSG00000175906.4	ENSG00000175906	ARL4D
ENSG00000175920.16	ENSG00000175920	DOK7
ENSG00000175928.5	ENSG00000175928	LRRN1
ENSG00000175931.12	ENSG00000175931	UBE2O
ENSG00000175938.6	ENSG00000175938	ORAI3
ENSG00000175970.10	ENSG00000175970	UNC119B
ENSG00000175984.14	ENSG00000175984	DENND2C
ENSG00000175985.9	ENSG00000175985	PLEKHD1
ENSG00000176014.12	ENSG00000176014	TUBB6
ENSG00000176018.12	ENSG00000176018	LYSMD3
ENSG00000176022.4	ENSG00000176022	B3GALT6
ENSG00000176024.17	ENSG00000176024	ZNF613
ENSG00000176046.8	ENSG00000176046	NUPR1
ENSG00000176049.15	ENSG00000176049	JAKMIP2
ENSG00000176055.9	ENSG00000176055	MBLAC2
ENSG00000176058.11	ENSG00000176058	TPRN
ENSG00000176076.7	ENSG00000176076	KCNE5
ENSG00000176087.14	ENSG00000176087	SLC35A4
ENSG00000176095.11	ENSG00000176095	IP6K1
ENSG00000176101.11	ENSG00000176101	SSNA1
ENSG00000176102.11	ENSG00000176102	CSTF3
ENSG00000176105.13	ENSG00000176105	YES1
ENSG00000176108.9	ENSG00000176108	CHMP6
ENSG00000176124.11	ENSG00000176124	DLEU1
ENSG00000176125.4	ENSG00000176125	UFSP1
ENSG00000176142.12	ENSG00000176142	TMEM39A
ENSG00000176148.15	ENSG00000176148	TCP11L1
ENSG00000176155.18	ENSG00000176155	CCDC57
ENSG00000176165.10	ENSG00000176165	FOXG1
ENSG00000176170.13	ENSG00000176170	SPHK1
ENSG00000176171.11	ENSG00000176171	BNIP3
ENSG00000176182.5	ENSG00000176182	MYPOP
ENSG00000176194.17	ENSG00000176194	CIDEA
ENSG00000176204.13	ENSG00000176204	LRRTM4
ENSG00000176208.8	ENSG00000176208	ATAD5
ENSG00000176209.11	ENSG00000176209	SMIM19
ENSG00000176222.8	ENSG00000176222	ZNF404
ENSG00000176225.13	ENSG00000176225	RTTN
ENSG00000176244.6	ENSG00000176244	ACBD7
ENSG00000176248.8	ENSG00000176248	ANAPC2
ENSG00000176261.15	ENSG00000176261	ZBTB8OS
ENSG00000176273.14	ENSG00000176273	SLC35G1
ENSG00000176293.19	ENSG00000176293	ZNF135
ENSG00000176340.3	ENSG00000176340	COX8A
ENSG00000176371.13	ENSG00000176371	ZSCAN2
ENSG00000176381.5	ENSG00000176381	PRR18
ENSG00000176383.8	ENSG00000176383	B3GNT4
ENSG00000176386.8	ENSG00000176386	CDC26
ENSG00000176387.6	ENSG00000176387	HSD11B2
ENSG00000176390.11	ENSG00000176390	CRLF3
ENSG00000176393.10	ENSG00000176393	RNPEP
ENSG00000176396.10	ENSG00000176396	EID2
ENSG00000176399.3	ENSG00000176399	DMRTA1
ENSG00000176401.5	ENSG00000176401	EID2B
ENSG00000176406.22	ENSG00000176406	RIMS2
ENSG00000176407.17	ENSG00000176407	KCMF1
ENSG00000176410.7	ENSG00000176410	DNAJC30
ENSG00000176422.13	ENSG00000176422	SPRYD4
ENSG00000176428.5	ENSG00000176428	VPS37D
ENSG00000176435.6	ENSG00000176435	CLEC14A
ENSG00000176438.12	ENSG00000176438	SYNE3
ENSG00000176444.18	ENSG00000176444	CLK2
ENSG00000176454.13	ENSG00000176454	LPCAT4
ENSG00000176463.13	ENSG00000176463	SLCO3A1
ENSG00000176472.10	ENSG00000176472	ZNF575
ENSG00000176473.13	ENSG00000176473	WDR25
ENSG00000176476.8	ENSG00000176476	SGF29
ENSG00000176485.11	ENSG00000176485	PLA2G16
ENSG00000176490.4	ENSG00000176490	DIRAS1
ENSG00000176495.3	ENSG00000176495	OR5AN1
ENSG00000176531.10	ENSG00000176531	PHLDB3
ENSG00000176533.12	ENSG00000176533	GNG7
ENSG00000176542.9	ENSG00000176542	USF3
ENSG00000176563.9	ENSG00000176563	CNTD1
ENSG00000176593.7	ENSG00000176593	AC008969.1
ENSG00000176595.3	ENSG00000176595	KBTBD11
ENSG00000176597.11	ENSG00000176597	B3GNT5
ENSG00000176619.12	ENSG00000176619	LMNB2
ENSG00000176623.11	ENSG00000176623	RMDN1
ENSG00000176624.10	ENSG00000176624	MEX3C
ENSG00000176641.10	ENSG00000176641	RNF152
ENSG00000176658.16	ENSG00000176658	MYO1D
ENSG00000176678.5	ENSG00000176678	FOXL1
ENSG00000176681.14	ENSG00000176681	LRRC37A
ENSG00000176692.5	ENSG00000176692	FOXC2
ENSG00000176697.18	ENSG00000176697	BDNF
ENSG00000176700.19	ENSG00000176700	SCAND2P
ENSG00000176714.9	ENSG00000176714	CCDC121
ENSG00000176715.15	ENSG00000176715	ACSF3
ENSG00000176720.5	ENSG00000176720	BOK
ENSG00000176723.9	ENSG00000176723	ZNF843
ENSG00000176731.11	ENSG00000176731	C8orf59
ENSG00000176749.8	ENSG00000176749	CDK5R1
ENSG00000176769.9	ENSG00000176769	TCERG1L
ENSG00000176771.16	ENSG00000176771	NCKAP5
ENSG00000176783.14	ENSG00000176783	RUFY1
ENSG00000176788.8	ENSG00000176788	BASP1
ENSG00000176809.10	ENSG00000176809	LRRC37A3
ENSG00000176834.13	ENSG00000176834	VSIG10
ENSG00000176840.11	ENSG00000176840	MIR7-3HG
ENSG00000176845.12	ENSG00000176845	METRNL
ENSG00000176853.15	ENSG00000176853	FAM91A1
ENSG00000176871.8	ENSG00000176871	WSB2
ENSG00000176884.14	ENSG00000176884	GRIN1
ENSG00000176887.6	ENSG00000176887	SOX11
ENSG00000176890.15	ENSG00000176890	TYMS
ENSG00000176894.9	ENSG00000176894	PXMP2
ENSG00000176896.8	ENSG00000176896	TCEANC
ENSG00000176903.4	ENSG00000176903	PNMA1
ENSG00000176907.4	ENSG00000176907	C8orf4
ENSG00000176909.11	ENSG00000176909	MAMSTR
ENSG00000176912.3	ENSG00000176912	TYMSOS
ENSG00000176915.14	ENSG00000176915	ANKLE2
ENSG00000176927.15	ENSG00000176927	EFCAB5
ENSG00000176928.5	ENSG00000176928	GCNT4
ENSG00000176945.16	ENSG00000176945	MUC20
ENSG00000176946.11	ENSG00000176946	THAP4
ENSG00000176953.12	ENSG00000176953	NFATC2IP
ENSG00000176956.12	ENSG00000176956	LY6H
ENSG00000176971.3	ENSG00000176971	FIBIN
ENSG00000176973.7	ENSG00000176973	FAM89B
ENSG00000176974.19	ENSG00000176974	SHMT1
ENSG00000176978.13	ENSG00000176978	DPP7
ENSG00000176986.15	ENSG00000176986	SEC24C
ENSG00000176994.10	ENSG00000176994	SMCR8
ENSG00000176998.4	ENSG00000176998	HCG4
ENSG00000177000.11	ENSG00000177000	MTHFR
ENSG00000177030.16	ENSG00000177030	DEAF1
ENSG00000177034.14	ENSG00000177034	MTX3
ENSG00000177042.14	ENSG00000177042	TMEM80
ENSG00000177045.7	ENSG00000177045	SIX5
ENSG00000177051.5	ENSG00000177051	FBXO46
ENSG00000177054.13	ENSG00000177054	ZDHHC13
ENSG00000177058.11	ENSG00000177058	SLC38A9
ENSG00000177076.5	ENSG00000177076	ACER2
ENSG00000177082.12	ENSG00000177082	WDR73
ENSG00000177084.16	ENSG00000177084	POLE
ENSG00000177096.8	ENSG00000177096	FAM109B
ENSG00000177098.8	ENSG00000177098	SCN4B
ENSG00000177103.13	ENSG00000177103	DSCAML1
ENSG00000177105.9	ENSG00000177105	RHOG
ENSG00000177106.14	ENSG00000177106	EPS8L2
ENSG00000177108.5	ENSG00000177108	ZDHHC22
ENSG00000177119.15	ENSG00000177119	ANO6
ENSG00000177125.5	ENSG00000177125	ZBTB34
ENSG00000177133.10	ENSG00000177133	LINC00982
ENSG00000177144.7	ENSG00000177144	NUDT4P1
ENSG00000177150.12	ENSG00000177150	FAM210A
ENSG00000177156.10	ENSG00000177156	TALDO1
ENSG00000177169.9	ENSG00000177169	ULK1
ENSG00000177181.14	ENSG00000177181	RIMKLA
ENSG00000177182.10	ENSG00000177182	CLVS1
ENSG00000177189.12	ENSG00000177189	RPS6KA3
ENSG00000177192.13	ENSG00000177192	PUS1
ENSG00000177200.16	ENSG00000177200	CHD9
ENSG00000177225.16	ENSG00000177225	GATD1
ENSG00000177234.7	ENSG00000177234	LINC01561
ENSG00000177238.13	ENSG00000177238	TRIM72
ENSG00000177239.14	ENSG00000177239	MAN1B1
ENSG00000177272.8	ENSG00000177272	KCNA3
ENSG00000177283.7	ENSG00000177283	FZD8
ENSG00000177301.14	ENSG00000177301	KCNA2
ENSG00000177302.14	ENSG00000177302	TOP3A
ENSG00000177303.9	ENSG00000177303	CASKIN2
ENSG00000177311.11	ENSG00000177311	ZBTB38
ENSG00000177335.10	ENSG00000177335	C8orf31
ENSG00000177337.7	ENSG00000177337	DLGAP1-AS1
ENSG00000177352.9	ENSG00000177352	CCDC71
ENSG00000177370.4	ENSG00000177370	TIMM22
ENSG00000177374.12	ENSG00000177374	HIC1
ENSG00000177380.13	ENSG00000177380	PPFIA3
ENSG00000177383.4	ENSG00000177383	MAGEF1
ENSG00000177406.4	ENSG00000177406	AC021054.1
ENSG00000177409.11	ENSG00000177409	SAMD9L
ENSG00000177410.12	ENSG00000177410	ZFAS1
ENSG00000177425.10	ENSG00000177425	PAWR
ENSG00000177426.20	ENSG00000177426	TGIF1
ENSG00000177427.12	ENSG00000177427	MIEF2
ENSG00000177432.6	ENSG00000177432	NAP1L5
ENSG00000177453.7	ENSG00000177453	NIM1K
ENSG00000177459.10	ENSG00000177459	ERICH5
ENSG00000177463.15	ENSG00000177463	NR2C2
ENSG00000177464.4	ENSG00000177464	GPR4
ENSG00000177465.4	ENSG00000177465	ACOT4
ENSG00000177469.12	ENSG00000177469	CAVIN1
ENSG00000177479.19	ENSG00000177479	ARIH2
ENSG00000177485.6	ENSG00000177485	ZBTB33
ENSG00000177511.5	ENSG00000177511	ST8SIA3
ENSG00000177519.3	ENSG00000177519	RPRM
ENSG00000177542.10	ENSG00000177542	SLC25A22
ENSG00000177548.12	ENSG00000177548	RABEP2
ENSG00000177551.5	ENSG00000177551	NHLH2
ENSG00000177556.11	ENSG00000177556	ATOX1
ENSG00000177565.16	ENSG00000177565	TBL1XR1
ENSG00000177570.13	ENSG00000177570	SAMD12
ENSG00000177575.12	ENSG00000177575	CD163
ENSG00000177576.11	ENSG00000177576	C18orf32
ENSG00000177595.17	ENSG00000177595	PIDD1
ENSG00000177599.12	ENSG00000177599	ZNF491
ENSG00000177600.8	ENSG00000177600	RPLP2
ENSG00000177606.6	ENSG00000177606	JUN
ENSG00000177613.8	ENSG00000177613	CSTF2T
ENSG00000177614.10	ENSG00000177614	PGBD5
ENSG00000177628.15	ENSG00000177628	GBA
ENSG00000177640.15	ENSG00000177640	CASC2
ENSG00000177646.18	ENSG00000177646	ACAD9
ENSG00000177663.13	ENSG00000177663	IL17RA
ENSG00000177666.16	ENSG00000177666	PNPLA2
ENSG00000177674.15	ENSG00000177674	AGTRAP
ENSG00000177675.8	ENSG00000177675	CD163L1
ENSG00000177679.15	ENSG00000177679	SRRM3
ENSG00000177683.13	ENSG00000177683	THAP5
ENSG00000177685.16	ENSG00000177685	CRACR2B
ENSG00000177692.11	ENSG00000177692	DNAJC28
ENSG00000177694.15	ENSG00000177694	NAALADL2
ENSG00000177697.17	ENSG00000177697	CD151
ENSG00000177700.5	ENSG00000177700	POLR2L
ENSG00000177706.8	ENSG00000177706	FAM20C
ENSG00000177707.10	ENSG00000177707	NECTIN3
ENSG00000177728.16	ENSG00000177728	TMEM94
ENSG00000177731.15	ENSG00000177731	FLII
ENSG00000177732.8	ENSG00000177732	SOX12
ENSG00000177733.6	ENSG00000177733	HNRNPA0
ENSG00000177738.3	ENSG00000177738	AC025171.1
ENSG00000177791.11	ENSG00000177791	MYOZ1
ENSG00000177807.8	ENSG00000177807	KCNJ10
ENSG00000177830.17	ENSG00000177830	CHID1
ENSG00000177839.6	ENSG00000177839	PCDHB9
ENSG00000177842.11	ENSG00000177842	ZNF620
ENSG00000177853.14	ENSG00000177853	ZNF518A
ENSG00000177854.7	ENSG00000177854	TMEM187
ENSG00000177868.11	ENSG00000177868	SVBP
ENSG00000177873.12	ENSG00000177873	ZNF619
ENSG00000177875.4	ENSG00000177875	CCDC184
ENSG00000177879.15	ENSG00000177879	AP3S1
ENSG00000177885.13	ENSG00000177885	GRB2
ENSG00000177888.7	ENSG00000177888	ZBTB41
ENSG00000177889.9	ENSG00000177889	UBE2N
ENSG00000177917.10	ENSG00000177917	ARL6IP6
ENSG00000177932.6	ENSG00000177932	ZNF354C
ENSG00000177943.13	ENSG00000177943	MAMDC4
ENSG00000177946.5	ENSG00000177946	CENPBD1
ENSG00000177951.17	ENSG00000177951	BET1L
ENSG00000177954.11	ENSG00000177954	RPS27
ENSG00000177963.14	ENSG00000177963	RIC8A
ENSG00000177971.8	ENSG00000177971	IMP3
ENSG00000177981.10	ENSG00000177981	ASB8
ENSG00000177984.6	ENSG00000177984	LCN15
ENSG00000177989.13	ENSG00000177989	ODF3B
ENSG00000177990.11	ENSG00000177990	DPY19L2
ENSG00000178015.4	ENSG00000178015	GPR150
ENSG00000178026.12	ENSG00000178026	LRRC75B
ENSG00000178028.13	ENSG00000178028	DMAP1
ENSG00000178031.16	ENSG00000178031	ADAMTSL1
ENSG00000178033.5	ENSG00000178033	FAM26E
ENSG00000178035.11	ENSG00000178035	IMPDH2
ENSG00000178038.16	ENSG00000178038	ALS2CL
ENSG00000178053.17	ENSG00000178053	MLF1
ENSG00000178057.14	ENSG00000178057	NDUFAF3
ENSG00000178074.5	ENSG00000178074	C2orf69
ENSG00000178075.19	ENSG00000178075	GRAMD1C
ENSG00000178078.11	ENSG00000178078	STAP2
ENSG00000178096.8	ENSG00000178096	BOLA1
ENSG00000178104.19	ENSG00000178104	PDE4DIP
ENSG00000178105.9	ENSG00000178105	DDX10
ENSG00000178127.12	ENSG00000178127	NDUFV2
ENSG00000178149.16	ENSG00000178149	DALRD3
ENSG00000178150.9	ENSG00000178150	ZNF114
ENSG00000178162.8	ENSG00000178162	FAR2P2
ENSG00000178163.7	ENSG00000178163	ZNF518B
ENSG00000178171.10	ENSG00000178171	AMER3
ENSG00000178175.11	ENSG00000178175	ZNF366
ENSG00000178177.15	ENSG00000178177	LCORL
ENSG00000178184.15	ENSG00000178184	PARD6G
ENSG00000178187.7	ENSG00000178187	ZNF454
ENSG00000178188.14	ENSG00000178188	SH2B1
ENSG00000178199.13	ENSG00000178199	ZC3H12D
ENSG00000178201.4	ENSG00000178201	VN1R1
ENSG00000178202.12	ENSG00000178202	KDELC2
ENSG00000178209.14	ENSG00000178209	PLEC
ENSG00000178222.12	ENSG00000178222	RNF212
ENSG00000178226.10	ENSG00000178226	PRSS36
ENSG00000178229.7	ENSG00000178229	ZNF543
ENSG00000178233.17	ENSG00000178233	TMEM151B
ENSG00000178234.12	ENSG00000178234	GALNT11
ENSG00000178235.7	ENSG00000178235	SLITRK1
ENSG00000178252.17	ENSG00000178252	WDR6
ENSG00000178295.14	ENSG00000178295	GEN1
ENSG00000178301.3	ENSG00000178301	AQP11
ENSG00000178307.9	ENSG00000178307	TMEM11
ENSG00000178338.10	ENSG00000178338	ZNF354B
ENSG00000178342.4	ENSG00000178342	KCNG2
ENSG00000178343.4	ENSG00000178343	SHISA3
ENSG00000178381.11	ENSG00000178381	ZFAND2A
ENSG00000178385.14	ENSG00000178385	PLEKHM3
ENSG00000178386.12	ENSG00000178386	ZNF223
ENSG00000178394.4	ENSG00000178394	HTR1A
ENSG00000178397.12	ENSG00000178397	FAM220A
ENSG00000178401.14	ENSG00000178401	DNAJC22
ENSG00000178409.13	ENSG00000178409	BEND3
ENSG00000178425.13	ENSG00000178425	NT5DC1
ENSG00000178445.9	ENSG00000178445	GLDC
ENSG00000178449.8	ENSG00000178449	COX14
ENSG00000178460.17	ENSG00000178460	MCMDC2
ENSG00000178467.17	ENSG00000178467	P4HTM
ENSG00000178498.15	ENSG00000178498	DTX3
ENSG00000178502.5	ENSG00000178502	KLHL11
ENSG00000178531.5	ENSG00000178531	CTXN1
ENSG00000178537.9	ENSG00000178537	SLC25A20
ENSG00000178538.9	ENSG00000178538	CA8
ENSG00000178567.7	ENSG00000178567	EPM2AIP1
ENSG00000178568.14	ENSG00000178568	ERBB4
ENSG00000178573.6	ENSG00000178573	MAF
ENSG00000178585.14	ENSG00000178585	CTNNBIP1
ENSG00000178602.7	ENSG00000178602	OTOS
ENSG00000178605.13	ENSG00000178605	GTPBP6
ENSG00000178605.13_PAR_Y	ENSG00000178605	GTPBP6
ENSG00000178607.15	ENSG00000178607	ERN1
ENSG00000178623.11	ENSG00000178623	GPR35
ENSG00000178662.15	ENSG00000178662	CSRNP3
ENSG00000178665.14	ENSG00000178665	ZNF713
ENSG00000178685.13	ENSG00000178685	PARP10
ENSG00000178691.10	ENSG00000178691	SUZ12
ENSG00000178694.9	ENSG00000178694	NSUN3
ENSG00000178695.5	ENSG00000178695	KCTD12
ENSG00000178700.7	ENSG00000178700	DHFR2
ENSG00000178718.6	ENSG00000178718	RPP25
ENSG00000178719.16	ENSG00000178719	GRINA
ENSG00000178722.12	ENSG00000178722	C5orf64
ENSG00000178726.6	ENSG00000178726	THBD
ENSG00000178741.11	ENSG00000178741	COX5A
ENSG00000178752.15	ENSG00000178752	ERFE
ENSG00000178761.14	ENSG00000178761	FAM219B
ENSG00000178764.7	ENSG00000178764	ZHX2
ENSG00000178773.14	ENSG00000178773	CPNE7
ENSG00000178796.12	ENSG00000178796	RIIAD1
ENSG00000178802.17	ENSG00000178802	MPI
ENSG00000178809.11	ENSG00000178809	TRIM73
ENSG00000178814.16	ENSG00000178814	OPLAH
ENSG00000178821.12	ENSG00000178821	TMEM52
ENSG00000178852.15	ENSG00000178852	EFCAB13
ENSG00000178860.8	ENSG00000178860	MSC
ENSG00000178878.12	ENSG00000178878	APOLD1
ENSG00000178882.14	ENSG00000178882	RFLNA
ENSG00000178896.8	ENSG00000178896	EXOSC4
ENSG00000178904.18	ENSG00000178904	DPY19L3
ENSG00000178913.7	ENSG00000178913	TAF7
ENSG00000178917.15	ENSG00000178917	ZNF852
ENSG00000178921.13	ENSG00000178921	PFAS
ENSG00000178922.16	ENSG00000178922	HYI
ENSG00000178927.17	ENSG00000178927	C17orf62
ENSG00000178935.5	ENSG00000178935	ZNF552
ENSG00000178947.8	ENSG00000178947	SMIM10L2A
ENSG00000178950.16	ENSG00000178950	GAK
ENSG00000178951.8	ENSG00000178951	ZBTB7A
ENSG00000178952.10	ENSG00000178952	TUFM
ENSG00000178965.13	ENSG00000178965	ERICH3
ENSG00000178966.16	ENSG00000178966	RMI1
ENSG00000178971.13	ENSG00000178971	CTC1
ENSG00000178974.9	ENSG00000178974	FBXO34
ENSG00000178977.3	ENSG00000178977	LINC00324
ENSG00000178980.14	ENSG00000178980	SELENOW
ENSG00000178982.9	ENSG00000178982	EIF3K
ENSG00000178988.10	ENSG00000178988	MRFAP1L1
ENSG00000178996.13	ENSG00000178996	SNX18
ENSG00000179010.14	ENSG00000179010	MRFAP1
ENSG00000179021.9	ENSG00000179021	C3orf38
ENSG00000179029.14	ENSG00000179029	TMEM107
ENSG00000179041.3	ENSG00000179041	RRS1
ENSG00000179051.13	ENSG00000179051	RCC2
ENSG00000179057.13	ENSG00000179057	IGSF22
ENSG00000179066.7	ENSG00000179066	AC020907.1
ENSG00000179071.4	ENSG00000179071	CCDC89
ENSG00000179083.6	ENSG00000179083	FAM133A
ENSG00000179085.7	ENSG00000179085	DPM3
ENSG00000179091.4	ENSG00000179091	CYC1
ENSG00000179094.15	ENSG00000179094	PER1
ENSG00000179097.5	ENSG00000179097	HTR1F
ENSG00000179104.8	ENSG00000179104	TMTC2
ENSG00000179115.10	ENSG00000179115	FARSA
ENSG00000179119.14	ENSG00000179119	SPTY2D1
ENSG00000179133.12	ENSG00000179133	C10orf67
ENSG00000179134.15	ENSG00000179134	SAMD4B
ENSG00000179144.4	ENSG00000179144	GIMAP7
ENSG00000179148.9	ENSG00000179148	ALOXE3
ENSG00000179151.11	ENSG00000179151	EDC3
ENSG00000179152.19	ENSG00000179152	TCAIM
ENSG00000179163.11	ENSG00000179163	FUCA1
ENSG00000179168.14	ENSG00000179168	GGN
ENSG00000179178.10	ENSG00000179178	TMEM125
ENSG00000179195.15	ENSG00000179195	ZNF664
ENSG00000179218.13	ENSG00000179218	CALR
ENSG00000179222.17	ENSG00000179222	MAGED1
ENSG00000179240.9	ENSG00000179240	AP002360.1
ENSG00000179241.12	ENSG00000179241	LDLRAD3
ENSG00000179242.15	ENSG00000179242	CDH4
ENSG00000179262.9	ENSG00000179262	RAD23A
ENSG00000179270.6	ENSG00000179270	C2orf71
ENSG00000179271.2	ENSG00000179271	GADD45GIP1
ENSG00000179277.9	ENSG00000179277	MEIS3P1
ENSG00000179292.4	ENSG00000179292	TMEM151A
ENSG00000179295.17	ENSG00000179295	PTPN11
ENSG00000179304.16	ENSG00000179304	FAM156B
ENSG00000179314.13	ENSG00000179314	WSCD1
ENSG00000179331.2	ENSG00000179331	RAB39A
ENSG00000179335.18	ENSG00000179335	CLK3
ENSG00000179344.16	ENSG00000179344	HLA-DQB1
ENSG00000179348.11	ENSG00000179348	GATA2
ENSG00000179361.17	ENSG00000179361	ARID3B
ENSG00000179364.13	ENSG00000179364	PACS2
ENSG00000179387.9	ENSG00000179387	ELMOD2
ENSG00000179388.8	ENSG00000179388	EGR3
ENSG00000179397.17	ENSG00000179397	CATSPERE
ENSG00000179399.14	ENSG00000179399	GPC5
ENSG00000179403.11	ENSG00000179403	VWA1
ENSG00000179406.7	ENSG00000179406	LINC00174
ENSG00000179409.10	ENSG00000179409	GEMIN4
ENSG00000179431.6	ENSG00000179431	FJX1
ENSG00000179454.13	ENSG00000179454	KLHL28
ENSG00000179455.7	ENSG00000179455	MKRN3
ENSG00000179456.10	ENSG00000179456	ZBTB18
ENSG00000179476.7	ENSG00000179476	C14orf28
ENSG00000179477.9	ENSG00000179477	ALOX12B
ENSG00000179520.10	ENSG00000179520	SLC17A8
ENSG00000179523.4	ENSG00000179523	EIF3J-AS1
ENSG00000179526.16	ENSG00000179526	SHARPIN
ENSG00000179532.12	ENSG00000179532	DNHD1
ENSG00000179542.15	ENSG00000179542	SLITRK4
ENSG00000179546.4	ENSG00000179546	HTR1D
ENSG00000179562.2	ENSG00000179562	GCC1
ENSG00000179564.3	ENSG00000179564	LSMEM2
ENSG00000179583.18	ENSG00000179583	CIITA
ENSG00000179588.8	ENSG00000179588	ZFPM1
ENSG00000179593.15	ENSG00000179593	ALOX15B
ENSG00000179598.5	ENSG00000179598	PLD6
ENSG00000179603.17	ENSG00000179603	GRM8
ENSG00000179604.9	ENSG00000179604	CDC42EP4
ENSG00000179627.9	ENSG00000179627	ZBTB42
ENSG00000179630.10	ENSG00000179630	LACC1
ENSG00000179632.9	ENSG00000179632	MAF1
ENSG00000179673.4	ENSG00000179673	RPRML
ENSG00000179698.13	ENSG00000179698	WDR97
ENSG00000179715.12	ENSG00000179715	PCED1B
ENSG00000179743.4	ENSG00000179743	FLJ37453
ENSG00000179761.11	ENSG00000179761	PIPOX
ENSG00000179772.7	ENSG00000179772	FOXS1
ENSG00000179774.8	ENSG00000179774	ATOH7
ENSG00000179776.17	ENSG00000179776	CDH5
ENSG00000179796.11	ENSG00000179796	LRRC3B
ENSG00000179818.13	ENSG00000179818	PCBP1-AS1
ENSG00000179820.15	ENSG00000179820	MYADM
ENSG00000179832.17	ENSG00000179832	MROH1
ENSG00000179833.4	ENSG00000179833	SERTAD2
ENSG00000179841.8	ENSG00000179841	AKAP5
ENSG00000179846.9	ENSG00000179846	NKPD1
ENSG00000179855.5	ENSG00000179855	GIPC3
ENSG00000179859.9	ENSG00000179859	AC104581.1
ENSG00000179862.6	ENSG00000179862	CITED4
ENSG00000179886.5	ENSG00000179886	TIGD5
ENSG00000179889.18	ENSG00000179889	PDXDC1
ENSG00000179899.8	ENSG00000179899	PHC1P1
ENSG00000179902.12	ENSG00000179902	C1orf194
ENSG00000179909.15	ENSG00000179909	ZNF154
ENSG00000179912.20	ENSG00000179912	R3HDM2
ENSG00000179915.22	ENSG00000179915	NRXN1
ENSG00000179918.18	ENSG00000179918	SEPHS2
ENSG00000179922.5	ENSG00000179922	ZNF784
ENSG00000179933.5	ENSG00000179933	C14orf119
ENSG00000179935.9	ENSG00000179935	LINC00652
ENSG00000179941.6	ENSG00000179941	BBS10
ENSG00000179943.7	ENSG00000179943	FIZ1
ENSG00000179950.13	ENSG00000179950	PUF60
ENSG00000179954.15	ENSG00000179954	SSC5D
ENSG00000179958.8	ENSG00000179958	DCTPP1
ENSG00000179965.11	ENSG00000179965	ZNF771
ENSG00000179978.11	ENSG00000179978	AC140134.1
ENSG00000179981.9	ENSG00000179981	TSHZ1
ENSG00000179988.13	ENSG00000179988	PSTK
ENSG00000180008.8	ENSG00000180008	SOCS4
ENSG00000180011.6	ENSG00000180011	ZADH2
ENSG00000180035.12	ENSG00000180035	ZNF48
ENSG00000180044.5	ENSG00000180044	C3orf80
ENSG00000180071.19	ENSG00000180071	ANKRD18A
ENSG00000180089.5	ENSG00000180089	TMEM86B
ENSG00000180096.11	ENSG00000180096	SEPT1
ENSG00000180098.9	ENSG00000180098	TRNAU1AP
ENSG00000180104.15	ENSG00000180104	EXOC3
ENSG00000180113.15	ENSG00000180113	TDRD6
ENSG00000180155.19	ENSG00000180155	LYNX1
ENSG00000180182.10	ENSG00000180182	MED14
ENSG00000180185.11	ENSG00000180185	FAHD1
ENSG00000180190.11	ENSG00000180190	TDRP
ENSG00000180198.15	ENSG00000180198	RCC1
ENSG00000180228.12	ENSG00000180228	PRKRA
ENSG00000180229.12	ENSG00000180229	HERC2P3
ENSG00000180233.10	ENSG00000180233	ZNRF2
ENSG00000180257.13	ENSG00000180257	ZNF816
ENSG00000180263.13	ENSG00000180263	FGD6
ENSG00000180287.16	ENSG00000180287	PLD5
ENSG00000180304.14	ENSG00000180304	OAZ2
ENSG00000180329.13	ENSG00000180329	CCDC43
ENSG00000180332.6	ENSG00000180332	KCTD4
ENSG00000180340.6	ENSG00000180340	FZD2
ENSG00000180346.3	ENSG00000180346	TIGD2
ENSG00000180353.10	ENSG00000180353	HCLS1
ENSG00000180354.15	ENSG00000180354	MTURN
ENSG00000180357.9	ENSG00000180357	ZNF609
ENSG00000180370.10	ENSG00000180370	PAK2
ENSG00000180376.16	ENSG00000180376	CCDC66
ENSG00000180385.8	ENSG00000180385	EMC3-AS1
ENSG00000180398.11	ENSG00000180398	MCFD2
ENSG00000180423.4	ENSG00000180423	HARBI1
ENSG00000180425.11	ENSG00000180425	C11orf71
ENSG00000180440.3	ENSG00000180440	SERTM1
ENSG00000180447.6	ENSG00000180447	GAS1
ENSG00000180448.10	ENSG00000180448	ARHGAP45
ENSG00000180479.13	ENSG00000180479	ZNF571
ENSG00000180481.10	ENSG00000180481	GLIPR1L2
ENSG00000180488.14	ENSG00000180488	MIGA1
ENSG00000180525.11	ENSG00000180525	PRR26
ENSG00000180530.10	ENSG00000180530	NRIP1
ENSG00000180537.12	ENSG00000180537	RNF182
ENSG00000180543.4	ENSG00000180543	TSPYL5
ENSG00000180573.9	ENSG00000180573	HIST1H2AC
ENSG00000180592.16	ENSG00000180592	SKIDA1
ENSG00000180596.7	ENSG00000180596	HIST1H2BC
ENSG00000180611.6	ENSG00000180611	MB21D2
ENSG00000180616.8	ENSG00000180616	SSTR2
ENSG00000180626.9	ENSG00000180626	ZNF594
ENSG00000180628.14	ENSG00000180628	PCGF5
ENSG00000180644.7	ENSG00000180644	PRF1
ENSG00000180667.10	ENSG00000180667	YOD1
ENSG00000180694.13	ENSG00000180694	TMEM64
ENSG00000180720.7	ENSG00000180720	CHRM4
ENSG00000180730.4	ENSG00000180730	SHISA2
ENSG00000180739.13	ENSG00000180739	S1PR5
ENSG00000180747.15	ENSG00000180747	SMG1P3
ENSG00000180758.11	ENSG00000180758	GPR157
ENSG00000180769.8	ENSG00000180769	WDFY3-AS2
ENSG00000180773.14	ENSG00000180773	SLC36A4
ENSG00000180776.15	ENSG00000180776	ZDHHC20
ENSG00000180777.13	ENSG00000180777	ANKRD30B
ENSG00000180787.5	ENSG00000180787	ZFP3
ENSG00000180801.13	ENSG00000180801	ARSJ
ENSG00000180817.11	ENSG00000180817	PPA1
ENSG00000180822.11	ENSG00000180822	PSMG4
ENSG00000180828.2	ENSG00000180828	BHLHE22
ENSG00000180834.7	ENSG00000180834	MAP6D1
ENSG00000180855.15	ENSG00000180855	ZNF443
ENSG00000180867.10	ENSG00000180867	PDIA3P1
ENSG00000180875.4	ENSG00000180875	GREM2
ENSG00000180879.13	ENSG00000180879	SSR4
ENSG00000180881.19	ENSG00000180881	CAPS2
ENSG00000180884.9	ENSG00000180884	ZNF792
ENSG00000180891.12	ENSG00000180891	CUEDC1
ENSG00000180900.18	ENSG00000180900	SCRIB
ENSG00000180901.10	ENSG00000180901	KCTD2
ENSG00000180902.17	ENSG00000180902	D2HGDH
ENSG00000180914.10	ENSG00000180914	OXTR
ENSG00000180917.17	ENSG00000180917	CMTR2
ENSG00000180921.6	ENSG00000180921	FAM83H
ENSG00000180929.5	ENSG00000180929	GPR62
ENSG00000180938.5	ENSG00000180938	ZNF572
ENSG00000180953.11	ENSG00000180953	ST20
ENSG00000180957.17	ENSG00000180957	PITPNB
ENSG00000180964.16	ENSG00000180964	TCEAL8
ENSG00000180979.9	ENSG00000180979	LRRC57
ENSG00000180992.6	ENSG00000180992	MRPL14
ENSG00000180998.11	ENSG00000180998	GPR137C
ENSG00000181004.9	ENSG00000181004	BBS12
ENSG00000181007.8	ENSG00000181007	ZFP82
ENSG00000181016.9	ENSG00000181016	LSMEM1
ENSG00000181019.12	ENSG00000181019	NQO1
ENSG00000181026.14	ENSG00000181026	AEN
ENSG00000181027.10	ENSG00000181027	FKRP
ENSG00000181029.8	ENSG00000181029	TRAPPC5
ENSG00000181031.15	ENSG00000181031	RPH3AL
ENSG00000181035.13	ENSG00000181035	SLC25A42
ENSG00000181038.13	ENSG00000181038	METTL23
ENSG00000181045.14	ENSG00000181045	SLC26A11
ENSG00000181061.13	ENSG00000181061	HIGD1A
ENSG00000181072.11	ENSG00000181072	CHRM2
ENSG00000181085.14	ENSG00000181085	MAPK15
ENSG00000181090.20	ENSG00000181090	EHMT1
ENSG00000181104.6	ENSG00000181104	F2R
ENSG00000181135.15	ENSG00000181135	ZNF707
ENSG00000181163.13	ENSG00000181163	NPM1
ENSG00000181191.11	ENSG00000181191	PJA1
ENSG00000181192.11	ENSG00000181192	DHTKD1
ENSG00000181195.10	ENSG00000181195	PENK
ENSG00000181215.14	ENSG00000181215	C4orf50
ENSG00000181218.5	ENSG00000181218	HIST3H2A
ENSG00000181220.15	ENSG00000181220	ZNF746
ENSG00000181222.15	ENSG00000181222	POLR2A
ENSG00000181234.9	ENSG00000181234	TMEM132C
ENSG00000181240.13	ENSG00000181240	SLC25A41
ENSG00000181264.8	ENSG00000181264	TMEM136
ENSG00000181274.6	ENSG00000181274	FRAT2
ENSG00000181284.2	ENSG00000181284	TMEM102
ENSG00000181291.7	ENSG00000181291	TMEM132E
ENSG00000181315.10	ENSG00000181315	ZNF322
ENSG00000181322.13	ENSG00000181322	NME9
ENSG00000181350.11	ENSG00000181350	LRRC75A
ENSG00000181378.13	ENSG00000181378	CFAP65
ENSG00000181381.13	ENSG00000181381	DDX60L
ENSG00000181396.12	ENSG00000181396	OGFOD3
ENSG00000181404.15	ENSG00000181404	WASHC1
ENSG00000181409.11	ENSG00000181409	AATK
ENSG00000181418.7	ENSG00000181418	DDN
ENSG00000181444.12	ENSG00000181444	ZNF467
ENSG00000181449.3	ENSG00000181449	SOX2
ENSG00000181450.17	ENSG00000181450	ZNF678
ENSG00000181458.10	ENSG00000181458	TMEM45A
ENSG00000181467.4	ENSG00000181467	RAP2B
ENSG00000181472.4	ENSG00000181472	ZBTB2
ENSG00000181481.13	ENSG00000181481	RNF135
ENSG00000181513.14	ENSG00000181513	ACBD4
ENSG00000181523.12	ENSG00000181523	SGSH
ENSG00000181544.13	ENSG00000181544	FANCB
ENSG00000181555.20	ENSG00000181555	SETD2
ENSG00000181585.3	ENSG00000181585	TMIE
ENSG00000181588.16	ENSG00000181588	MEX3D
ENSG00000181610.12	ENSG00000181610	MRPS23
ENSG00000181619.11	ENSG00000181619	GPR135
ENSG00000181625.17	ENSG00000181625	SLX1B
ENSG00000181626.11	ENSG00000181626	ANKRD62
ENSG00000181631.6	ENSG00000181631	P2RY13
ENSG00000181638.17	ENSG00000181638	ZFP41
ENSG00000181649.5	ENSG00000181649	PHLDA2
ENSG00000181652.19	ENSG00000181652	ATG9B
ENSG00000181656.6	ENSG00000181656	GPR88
ENSG00000181666.17	ENSG00000181666	HKR1
ENSG00000181690.7	ENSG00000181690	PLAG1
ENSG00000181704.11	ENSG00000181704	YIPF6
ENSG00000181722.16	ENSG00000181722	ZBTB20
ENSG00000181744.8	ENSG00000181744	C3orf58
ENSG00000181751.9	ENSG00000181751	C5orf30
ENSG00000181754.6	ENSG00000181754	AMIGO1
ENSG00000181773.6	ENSG00000181773	GPR3
ENSG00000181788.3	ENSG00000181788	SIAH2
ENSG00000181789.14	ENSG00000181789	COPG1
ENSG00000181790.10	ENSG00000181790	ADGRB1
ENSG00000181798.2	ENSG00000181798	LINC00471
ENSG00000181804.14	ENSG00000181804	SLC9A9
ENSG00000181817.5	ENSG00000181817	LSM10
ENSG00000181826.9	ENSG00000181826	RELL1
ENSG00000181827.14	ENSG00000181827	RFX7
ENSG00000181830.8	ENSG00000181830	SLC35C1
ENSG00000181852.17	ENSG00000181852	RNF41
ENSG00000181856.14	ENSG00000181856	SLC2A4
ENSG00000181873.12	ENSG00000181873	IBA57
ENSG00000181894.14	ENSG00000181894	ZNF329
ENSG00000181896.11	ENSG00000181896	ZNF101
ENSG00000181904.8	ENSG00000181904	C5orf24
ENSG00000181915.4	ENSG00000181915	ADO
ENSG00000181924.6	ENSG00000181924	COA4
ENSG00000181929.11	ENSG00000181929	PRKAG1
ENSG00000181938.13	ENSG00000181938	GINS3
ENSG00000181982.18	ENSG00000181982	CCDC149
ENSG00000181991.15	ENSG00000181991	MRPS11
ENSG00000182004.12	ENSG00000182004	SNRPE
ENSG00000182010.10	ENSG00000182010	RTKN2
ENSG00000182013.17	ENSG00000182013	PNMA8A
ENSG00000182022.17	ENSG00000182022	CHST15
ENSG00000182050.13	ENSG00000182050	MGAT4C
ENSG00000182054.9	ENSG00000182054	IDH2
ENSG00000182087.12	ENSG00000182087	TMEM259
ENSG00000182093.14	ENSG00000182093	WRB
ENSG00000182095.14	ENSG00000182095	TNRC18
ENSG00000182103.4	ENSG00000182103	FAM181B
ENSG00000182107.6	ENSG00000182107	TMEM30B
ENSG00000182108.9	ENSG00000182108	DEXI
ENSG00000182109.7	ENSG00000182109	AL365277.1
ENSG00000182117.5	ENSG00000182117	NOP10
ENSG00000182118.7	ENSG00000182118	FAM89A
ENSG00000182132.13	ENSG00000182132	KCNIP1
ENSG00000182134.15	ENSG00000182134	TDRKH
ENSG00000182141.10	ENSG00000182141	ZNF708
ENSG00000182149.20	ENSG00000182149	IST1
ENSG00000182150.15	ENSG00000182150	ERCC6L2
ENSG00000182154.7	ENSG00000182154	MRPL41
ENSG00000182158.14	ENSG00000182158	CREB3L2
ENSG00000182165.17	ENSG00000182165	TP53TG1
ENSG00000182168.14	ENSG00000182168	UNC5C
ENSG00000182173.12	ENSG00000182173	TSEN54
ENSG00000182175.13	ENSG00000182175	RGMA
ENSG00000182179.12	ENSG00000182179	UBA7
ENSG00000182180.13	ENSG00000182180	MRPS16
ENSG00000182185.18	ENSG00000182185	RAD51B
ENSG00000182195.7	ENSG00000182195	LDOC1
ENSG00000182196.13	ENSG00000182196	ARL6IP4
ENSG00000182197.10	ENSG00000182197	EXT1
ENSG00000182199.10	ENSG00000182199	SHMT2
ENSG00000182208.13	ENSG00000182208	MOB2
ENSG00000182218.9	ENSG00000182218	HHIPL1
ENSG00000182220.14	ENSG00000182220	ATP6AP2
ENSG00000182224.11	ENSG00000182224	CYB5D1
ENSG00000182230.11	ENSG00000182230	FAM153B
ENSG00000182240.15	ENSG00000182240	BACE2
ENSG00000182247.9	ENSG00000182247	UBE2E2
ENSG00000182253.14	ENSG00000182253	SYNM
ENSG00000182255.6	ENSG00000182255	KCNA4
ENSG00000182256.12	ENSG00000182256	GABRG3
ENSG00000182263.13	ENSG00000182263	FIGN
ENSG00000182272.11	ENSG00000182272	B4GALNT4
ENSG00000182287.14	ENSG00000182287	AP1S2
ENSG00000182307.12	ENSG00000182307	C8orf33
ENSG00000182308.6	ENSG00000182308	DCAF4L1
ENSG00000182310.13	ENSG00000182310	SPACA6
ENSG00000182318.5	ENSG00000182318	ZSCAN22
ENSG00000182324.6	ENSG00000182324	KCNJ14
ENSG00000182325.10	ENSG00000182325	FBXL6
ENSG00000182326.14	ENSG00000182326	C1S
ENSG00000182329.12	ENSG00000182329	KIAA2012
ENSG00000182348.6	ENSG00000182348	ZNF804B
ENSG00000182359.14	ENSG00000182359	KBTBD3
ENSG00000182362.13	ENSG00000182362	YBEY
ENSG00000182366.9	ENSG00000182366	FAM87A
ENSG00000182372.9	ENSG00000182372	CLN8
ENSG00000182378.13	ENSG00000182378	PLCXD1
ENSG00000182378.13_PAR_Y	ENSG00000182378	PLCXD1
ENSG00000182379.9	ENSG00000182379	NXPH4
ENSG00000182389.19	ENSG00000182389	CACNB4
ENSG00000182400.14	ENSG00000182400	TRAPPC6B
ENSG00000182405.5	ENSG00000182405	PGBD4
ENSG00000182446.13	ENSG00000182446	NPLOC4
ENSG00000182450.12	ENSG00000182450	KCNK4
ENSG00000182463.15	ENSG00000182463	TSHZ2
ENSG00000182473.21	ENSG00000182473	EXOC7
ENSG00000182481.8	ENSG00000182481	KPNA2
ENSG00000182484.15	ENSG00000182484	WASH6P
ENSG00000182484.15_PAR_Y	ENSG00000182484	WASH6P
ENSG00000182492.15	ENSG00000182492	BGN
ENSG00000182504.10	ENSG00000182504	CEP97
ENSG00000182508.13	ENSG00000182508	LHFPL1
ENSG00000182511.11	ENSG00000182511	FES
ENSG00000182512.4	ENSG00000182512	GLRX5
ENSG00000182518.13	ENSG00000182518	FAM104B
ENSG00000182534.13	ENSG00000182534	MXRA7
ENSG00000182541.17	ENSG00000182541	LIMK2
ENSG00000182544.8	ENSG00000182544	MFSD5
ENSG00000182551.13	ENSG00000182551	ADI1
ENSG00000182552.14	ENSG00000182552	RWDD4
ENSG00000182566.13	ENSG00000182566	CLEC4G
ENSG00000182568.16	ENSG00000182568	SATB1
ENSG00000182575.7	ENSG00000182575	NXPH3
ENSG00000182578.13	ENSG00000182578	CSF1R
ENSG00000182580.2	ENSG00000182580	EPHB3
ENSG00000182600.9	ENSG00000182600	C2orf82
ENSG00000182601.6	ENSG00000182601	HS3ST4
ENSG00000182606.14	ENSG00000182606	TRAK1
ENSG00000182621.17	ENSG00000182621	PLCB1
ENSG00000182628.12	ENSG00000182628	SKA2
ENSG00000182636.5	ENSG00000182636	NDN
ENSG00000182648.11	ENSG00000182648	LINC01006
ENSG00000182667.14	ENSG00000182667	NTM
ENSG00000182670.13	ENSG00000182670	TTC3
ENSG00000182674.5	ENSG00000182674	KCNB2
ENSG00000182685.7	ENSG00000182685	BRICD5
ENSG00000182698.11	ENSG00000182698	RESP18
ENSG00000182700.4	ENSG00000182700	IGIP
ENSG00000182704.7	ENSG00000182704	TSKU
ENSG00000182712.15	ENSG00000182712	CMC4
ENSG00000182718.16	ENSG00000182718	ANXA2
ENSG00000182732.16	ENSG00000182732	RGS6
ENSG00000182749.5	ENSG00000182749	PAQR7
ENSG00000182752.9	ENSG00000182752	PAPPA
ENSG00000182768.8	ENSG00000182768	NGRN
ENSG00000182771.18	ENSG00000182771	GRID1
ENSG00000182774.10	ENSG00000182774	RPS17
ENSG00000182791.4	ENSG00000182791	CCDC87
ENSG00000182796.13	ENSG00000182796	TMEM198B
ENSG00000182809.10	ENSG00000182809	CRIP2
ENSG00000182810.6	ENSG00000182810	DDX28
ENSG00000182827.8	ENSG00000182827	ACBD3
ENSG00000182831.11	ENSG00000182831	C16orf72
ENSG00000182836.9	ENSG00000182836	PLCXD3
ENSG00000182841.12	ENSG00000182841	RRP7BP
ENSG00000182853.11	ENSG00000182853	VMO1
ENSG00000182858.13	ENSG00000182858	ALG12
ENSG00000182870.12	ENSG00000182870	GALNT9
ENSG00000182871.14	ENSG00000182871	COL18A1
ENSG00000182872.15	ENSG00000182872	RBM10
ENSG00000182890.4	ENSG00000182890	GLUD2
ENSG00000182899.14	ENSG00000182899	RPL35A
ENSG00000182901.16	ENSG00000182901	RGS7
ENSG00000182902.13	ENSG00000182902	SLC25A18
ENSG00000182903.15	ENSG00000182903	ZNF721
ENSG00000182916.7	ENSG00000182916	TCEAL7
ENSG00000182919.14	ENSG00000182919	C11orf54
ENSG00000182923.16	ENSG00000182923	CEP63
ENSG00000182934.11	ENSG00000182934	SRPRA
ENSG00000182944.17	ENSG00000182944	EWSR1
ENSG00000182952.4	ENSG00000182952	HMGN4
ENSG00000182957.15	ENSG00000182957	SPATA13
ENSG00000182963.9	ENSG00000182963	GJC1
ENSG00000182968.4	ENSG00000182968	SOX1
ENSG00000182973.18	ENSG00000182973	CNOT10
ENSG00000182979.17	ENSG00000182979	MTA1
ENSG00000182983.14	ENSG00000182983	ZNF662
ENSG00000182985.17	ENSG00000182985	CADM1
ENSG00000182986.12	ENSG00000182986	ZNF320
ENSG00000182993.3	ENSG00000182993	C12orf60
ENSG00000183010.16	ENSG00000183010	PYCR1
ENSG00000183011.13	ENSG00000183011	NAA38
ENSG00000183018.8	ENSG00000183018	SPNS2
ENSG00000183020.13	ENSG00000183020	AP2A2
ENSG00000183023.18	ENSG00000183023	SLC8A1
ENSG00000183036.10	ENSG00000183036	PCP4
ENSG00000183044.11	ENSG00000183044	ABAT
ENSG00000183048.11	ENSG00000183048	SLC25A10
ENSG00000183049.12	ENSG00000183049	CAMK1D
ENSG00000183054.11	ENSG00000183054	RGPD6
ENSG00000183060.15	ENSG00000183060	LYSMD4
ENSG00000183066.14	ENSG00000183066	WBP2NL
ENSG00000183067.5	ENSG00000183067	IGSF5
ENSG00000183077.15	ENSG00000183077	AFMID
ENSG00000183087.14	ENSG00000183087	GAS6
ENSG00000183090.5	ENSG00000183090	FREM3
ENSG00000183091.19	ENSG00000183091	NEB
ENSG00000183092.16	ENSG00000183092	BEGAIN
ENSG00000183098.10	ENSG00000183098	GPC6
ENSG00000183111.11	ENSG00000183111	ARHGEF37
ENSG00000183114.7	ENSG00000183114	FAM43B
ENSG00000183117.18	ENSG00000183117	CSMD1
ENSG00000183134.4	ENSG00000183134	PTGDR2
ENSG00000183137.14	ENSG00000183137	CEP57L1
ENSG00000183148.6	ENSG00000183148	ANKRD20A2
ENSG00000183150.7	ENSG00000183150	GPR19
ENSG00000183155.4	ENSG00000183155	RABIF
ENSG00000183160.8	ENSG00000183160	TMEM119
ENSG00000183161.4	ENSG00000183161	FANCF
ENSG00000183166.10	ENSG00000183166	CALN1
ENSG00000183172.8	ENSG00000183172	SMDT1
ENSG00000183186.7	ENSG00000183186	C2CD4C
ENSG00000183196.8	ENSG00000183196	CHST6
ENSG00000183207.13	ENSG00000183207	RUVBL2
ENSG00000183208.12	ENSG00000183208	GDPGP1
ENSG00000183230.16	ENSG00000183230	CTNNA3
ENSG00000183248.11	ENSG00000183248	PRR36
ENSG00000183250.11	ENSG00000183250	LINC01547
ENSG00000183255.11	ENSG00000183255	PTTG1IP
ENSG00000183258.11	ENSG00000183258	DDX41
ENSG00000183281.14	ENSG00000183281	PLGLB1
ENSG00000183283.15	ENSG00000183283	DAZAP2
ENSG00000183287.13	ENSG00000183287	CCBE1
ENSG00000183291.15	ENSG00000183291	SELENOF
ENSG00000183307.3	ENSG00000183307	TMEM121B
ENSG00000183309.11	ENSG00000183309	ZNF623
ENSG00000183317.16	ENSG00000183317	EPHA10
ENSG00000183323.12	ENSG00000183323	CCDC125
ENSG00000183336.8	ENSG00000183336	BOLA2
ENSG00000183337.16	ENSG00000183337	BCOR
ENSG00000183340.6	ENSG00000183340	JRKL
ENSG00000183346.6	ENSG00000183346	C10orf107
ENSG00000183354.11	ENSG00000183354	KIAA2026
ENSG00000183379.8	ENSG00000183379	SYNDIG1L
ENSG00000183386.9	ENSG00000183386	FHL3
ENSG00000183401.11	ENSG00000183401	CCDC159
ENSG00000183423.11	ENSG00000183423	LRIT3
ENSG00000183426.16	ENSG00000183426	NPIPA1
ENSG00000183431.11	ENSG00000183431	SF3A3
ENSG00000183444.10	ENSG00000183444	OR7E38P
ENSG00000183454.16	ENSG00000183454	GRIN2A
ENSG00000183458.13	ENSG00000183458	AC138932.1
ENSG00000183474.15	ENSG00000183474	GTF2H2C
ENSG00000183475.12	ENSG00000183475	ASB7
ENSG00000183484.11	ENSG00000183484	GPR132
ENSG00000183486.12	ENSG00000183486	MX2
ENSG00000183495.13	ENSG00000183495	EP400
ENSG00000183496.5	ENSG00000183496	MEX3B
ENSG00000183506.17	ENSG00000183506	PI4KAP2
ENSG00000183508.4	ENSG00000183508	FAM46C
ENSG00000183513.8	ENSG00000183513	COA5
ENSG00000183520.11	ENSG00000183520	UTP11
ENSG00000183527.11	ENSG00000183527	PSMG1
ENSG00000183530.13	ENSG00000183530	PRR14L
ENSG00000183549.10	ENSG00000183549	ACSM5
ENSG00000183569.17	ENSG00000183569	SERHL2
ENSG00000183570.16	ENSG00000183570	PCBP3
ENSG00000183576.12	ENSG00000183576	SETD3
ENSG00000183578.6	ENSG00000183578	TNFAIP8L3
ENSG00000183579.15	ENSG00000183579	ZNRF3
ENSG00000183580.9	ENSG00000183580	FBXL7
ENSG00000183597.15	ENSG00000183597	TANGO2
ENSG00000183604.14	ENSG00000183604	SMG1P5
ENSG00000183605.16	ENSG00000183605	SFXN4
ENSG00000183615.5	ENSG00000183615	FAM167B
ENSG00000183617.4	ENSG00000183617	MRPL54
ENSG00000183621.15	ENSG00000183621	ZNF438
ENSG00000183624.13	ENSG00000183624	HMCES
ENSG00000183628.12	ENSG00000183628	DGCR6
ENSG00000183647.10	ENSG00000183647	ZNF530
ENSG00000183648.9	ENSG00000183648	NDUFB1
ENSG00000183654.8	ENSG00000183654	MARCH11
ENSG00000183655.12	ENSG00000183655	KLHL25
ENSG00000183662.10	ENSG00000183662	FAM19A1
ENSG00000183665.5	ENSG00000183665	TRMT12
ENSG00000183666.16	ENSG00000183666	GUSBP1
ENSG00000183682.7	ENSG00000183682	BMP8A
ENSG00000183684.7	ENSG00000183684	ALYREF
ENSG00000183688.4	ENSG00000183688	RFLNB
ENSG00000183690.12	ENSG00000183690	EFHC2
ENSG00000183691.4	ENSG00000183691	NOG
ENSG00000183696.13	ENSG00000183696	UPP1
ENSG00000183715.13	ENSG00000183715	OPCML
ENSG00000183718.5	ENSG00000183718	TRIM52
ENSG00000183722.7	ENSG00000183722	LHFPL6
ENSG00000183723.12	ENSG00000183723	CMTM4
ENSG00000183726.10	ENSG00000183726	TMEM50A
ENSG00000183735.9	ENSG00000183735	TBK1
ENSG00000183741.11	ENSG00000183741	CBX6
ENSG00000183751.14	ENSG00000183751	TBL3
ENSG00000183760.10	ENSG00000183760	ACP7
ENSG00000183762.12	ENSG00000183762	KREMEN1
ENSG00000183763.8	ENSG00000183763	TRAIP
ENSG00000183765.20	ENSG00000183765	CHEK2
ENSG00000183770.5	ENSG00000183770	FOXL2
ENSG00000183773.15	ENSG00000183773	AIFM3
ENSG00000183775.10	ENSG00000183775	KCTD16
ENSG00000183778.17	ENSG00000183778	B3GALT5
ENSG00000183779.6	ENSG00000183779	ZNF703
ENSG00000183780.12	ENSG00000183780	SLC35F3
ENSG00000183783.6	ENSG00000183783	KCTD8
ENSG00000183785.14	ENSG00000183785	TUBA8
ENSG00000183793.13	ENSG00000183793	NPIPA5
ENSG00000183798.4	ENSG00000183798	EMILIN3
ENSG00000183801.7	ENSG00000183801	OLFML1
ENSG00000183807.7	ENSG00000183807	FAM162B
ENSG00000183808.11	ENSG00000183808	RBM12B
ENSG00000183814.15	ENSG00000183814	LIN9
ENSG00000183826.16	ENSG00000183826	BTBD9
ENSG00000183828.14	ENSG00000183828	NUDT14
ENSG00000183831.6	ENSG00000183831	ANKRD45
ENSG00000183833.16	ENSG00000183833	MAATS1
ENSG00000183837.9	ENSG00000183837	PNMA3
ENSG00000183840.6	ENSG00000183840	GPR39
ENSG00000183850.13	ENSG00000183850	ZNF730
ENSG00000183853.17	ENSG00000183853	KIRREL1
ENSG00000183856.10	ENSG00000183856	IQGAP3
ENSG00000183864.4	ENSG00000183864	TOB2
ENSG00000183873.15	ENSG00000183873	SCN5A
ENSG00000183876.8	ENSG00000183876	ARSI
ENSG00000183888.4	ENSG00000183888	C1orf64
ENSG00000183889.12	ENSG00000183889	AC138969.1
ENSG00000183891.5	ENSG00000183891	TTC32
ENSG00000183908.5	ENSG00000183908	LRRC55
ENSG00000183914.14	ENSG00000183914	DNAH2
ENSG00000183935.5	ENSG00000183935	HTR7P1
ENSG00000183943.5	ENSG00000183943	PRKX
ENSG00000183955.12	ENSG00000183955	KMT5A
ENSG00000183960.8	ENSG00000183960	KCNH8
ENSG00000183963.18	ENSG00000183963	SMTN
ENSG00000183978.7	ENSG00000183978	COA3
ENSG00000183979.7	ENSG00000183979	NPB
ENSG00000184005.10	ENSG00000184005	ST6GALNAC3
ENSG00000184007.18	ENSG00000184007	PTP4A2
ENSG00000184009.9	ENSG00000184009	ACTG1
ENSG00000184014.7	ENSG00000184014	DENND5A
ENSG00000184047.16	ENSG00000184047	DIABLO
ENSG00000184056.14	ENSG00000184056	VPS33B
ENSG00000184060.10	ENSG00000184060	ADAP2
ENSG00000184076.13	ENSG00000184076	UQCR10
ENSG00000184083.11	ENSG00000184083	FAM120C
ENSG00000184110.14	ENSG00000184110	EIF3C
ENSG00000184113.9	ENSG00000184113	CLDN5
ENSG00000184117.11	ENSG00000184117	NIPSNAP1
ENSG00000184144.11	ENSG00000184144	CNTN2
ENSG00000184154.13	ENSG00000184154	LRTOMT
ENSG00000184156.16	ENSG00000184156	KCNQ3
ENSG00000184160.7	ENSG00000184160	ADRA2C
ENSG00000184162.14	ENSG00000184162	NR2C2AP
ENSG00000184164.14	ENSG00000184164	CRELD2
ENSG00000184178.15	ENSG00000184178	SCFD2
ENSG00000184182.18	ENSG00000184182	UBE2F
ENSG00000184185.9	ENSG00000184185	KCNJ12
ENSG00000184194.5	ENSG00000184194	GPR173
ENSG00000184203.7	ENSG00000184203	PPP1R2
ENSG00000184205.14	ENSG00000184205	TSPYL2
ENSG00000184206.11	ENSG00000184206	GOLGA6L4
ENSG00000184207.8	ENSG00000184207	PGP
ENSG00000184208.10	ENSG00000184208	C22orf46
ENSG00000184209.14	ENSG00000184209	SNRNP35
ENSG00000184216.13	ENSG00000184216	IRAK1
ENSG00000184220.11	ENSG00000184220	CMSS1
ENSG00000184221.12	ENSG00000184221	OLIG1
ENSG00000184226.14	ENSG00000184226	PCDH9
ENSG00000184227.7	ENSG00000184227	ACOT1
ENSG00000184232.8	ENSG00000184232	OAF
ENSG00000184254.16	ENSG00000184254	ALDH1A3
ENSG00000184260.5	ENSG00000184260	HIST2H2AC
ENSG00000184261.4	ENSG00000184261	KCNK12
ENSG00000184270.4	ENSG00000184270	HIST2H2AB
ENSG00000184271.16	ENSG00000184271	POU6F1
ENSG00000184277.12	ENSG00000184277	TM2D3
ENSG00000184281.14	ENSG00000184281	TSSC4
ENSG00000184304.14	ENSG00000184304	PRKD1
ENSG00000184305.14	ENSG00000184305	CCSER1
ENSG00000184307.14	ENSG00000184307	ZDHHC23
ENSG00000184313.19	ENSG00000184313	MROH7
ENSG00000184319.15	ENSG00000184319	RPL23AP82
ENSG00000184343.10	ENSG00000184343	SRPK3
ENSG00000184347.14	ENSG00000184347	SLIT3
ENSG00000184349.12	ENSG00000184349	EFNA5
ENSG00000184363.9	ENSG00000184363	PKP3
ENSG00000184368.15	ENSG00000184368	MAP7D2
ENSG00000184371.13	ENSG00000184371	CSF1
ENSG00000184378.2	ENSG00000184378	ACTRT3
ENSG00000184381.18	ENSG00000184381	PLA2G6
ENSG00000184384.13	ENSG00000184384	MAML2
ENSG00000184385.2	ENSG00000184385	UMODL1-AS1
ENSG00000184388.5	ENSG00000184388	PABPC1L2B
ENSG00000184402.14	ENSG00000184402	SS18L1
ENSG00000184408.9	ENSG00000184408	KCND2
ENSG00000184414.2	ENSG00000184414	IRS3P
ENSG00000184428.12	ENSG00000184428	TOP1MT
ENSG00000184432.9	ENSG00000184432	COPB2
ENSG00000184436.11	ENSG00000184436	THAP7
ENSG00000184441.4	ENSG00000184441	AP001062.1
ENSG00000184445.11	ENSG00000184445	KNTC1
ENSG00000184451.5	ENSG00000184451	CCR10
ENSG00000184465.15	ENSG00000184465	WDR27
ENSG00000184470.20	ENSG00000184470	TXNRD2
ENSG00000184481.16	ENSG00000184481	FOXO4
ENSG00000184486.9	ENSG00000184486	POU3F2
ENSG00000184489.11	ENSG00000184489	PTP4A3
ENSG00000184497.12	ENSG00000184497	TMEM255B
ENSG00000184500.14	ENSG00000184500	PROS1
ENSG00000184508.10	ENSG00000184508	HDDC3
ENSG00000184515.10	ENSG00000184515	BEX5
ENSG00000184517.11	ENSG00000184517	ZFP1
ENSG00000184524.5	ENSG00000184524	CEND1
ENSG00000184545.10	ENSG00000184545	DUSP8
ENSG00000184557.4	ENSG00000184557	SOCS3
ENSG00000184574.9	ENSG00000184574	LPAR5
ENSG00000184575.11	ENSG00000184575	XPOT
ENSG00000184584.12	ENSG00000184584	TMEM173
ENSG00000184588.17	ENSG00000184588	PDE4B
ENSG00000184602.5	ENSG00000184602	SNN
ENSG00000184611.11	ENSG00000184611	KCNH7
ENSG00000184613.10	ENSG00000184613	NELL2
ENSG00000184619.3	ENSG00000184619	KRBA2
ENSG00000184634.15	ENSG00000184634	MED12
ENSG00000184635.15	ENSG00000184635	ZNF93
ENSG00000184640.17	ENSG00000184640	SEPT9
ENSG00000184659.5	ENSG00000184659	FOXD4L4
ENSG00000184669.8	ENSG00000184669	OR7E14P
ENSG00000184672.11	ENSG00000184672	RALYL
ENSG00000184675.9	ENSG00000184675	AMER1
ENSG00000184677.16	ENSG00000184677	ZBTB40
ENSG00000184678.10	ENSG00000184678	HIST2H2BE
ENSG00000184702.18	ENSG00000184702	SEPT5
ENSG00000184708.17	ENSG00000184708	EIF4ENIF1
ENSG00000184719.11	ENSG00000184719	RNLS
ENSG00000184730.10	ENSG00000184730	APOBR
ENSG00000184731.5	ENSG00000184731	FAM110C
ENSG00000184743.12	ENSG00000184743	ATL3
ENSG00000184752.12	ENSG00000184752	NDUFA12
ENSG00000184785.5	ENSG00000184785	SMIM10
ENSG00000184786.5	ENSG00000184786	TCTE3
ENSG00000184787.18	ENSG00000184787	UBE2G2
ENSG00000184788.12	ENSG00000184788	SATL1
ENSG00000184792.15	ENSG00000184792	OSBP2
ENSG00000184809.12	ENSG00000184809	B3GALT5-AS1
ENSG00000184811.3	ENSG00000184811	TUSC5
ENSG00000184828.9	ENSG00000184828	ZBTB7C
ENSG00000184831.13	ENSG00000184831	APOO
ENSG00000184838.14	ENSG00000184838	PRR16
ENSG00000184840.11	ENSG00000184840	TMED9
ENSG00000184845.3	ENSG00000184845	DRD1
ENSG00000184857.7	ENSG00000184857	TMEM186
ENSG00000184863.10	ENSG00000184863	RBM33
ENSG00000184867.13	ENSG00000184867	ARMCX2
ENSG00000184887.13	ENSG00000184887	BTBD6
ENSG00000184897.5	ENSG00000184897	H1FX
ENSG00000184898.6	ENSG00000184898	RBM43
ENSG00000184900.15	ENSG00000184900	SUMO3
ENSG00000184903.9	ENSG00000184903	IMMP2L
ENSG00000184905.8	ENSG00000184905	TCEAL2
ENSG00000184911.14	ENSG00000184911	DMRTC1B
ENSG00000184916.8	ENSG00000184916	JAG2
ENSG00000184922.13	ENSG00000184922	FMNL1
ENSG00000184923.12	ENSG00000184923	NUTM2A
ENSG00000184924.5	ENSG00000184924	PTRHD1
ENSG00000184925.11	ENSG00000184925	LCN12
ENSG00000184939.15	ENSG00000184939	ZFP90
ENSG00000184949.15	ENSG00000184949	FAM227A
ENSG00000184967.6	ENSG00000184967	NOC4L
ENSG00000184979.9	ENSG00000184979	USP18
ENSG00000184983.9	ENSG00000184983	NDUFA6
ENSG00000184984.9	ENSG00000184984	CHRM5
ENSG00000184985.16	ENSG00000184985	SORCS2
ENSG00000184986.10	ENSG00000184986	TMEM121
ENSG00000184988.8	ENSG00000184988	TMEM106A
ENSG00000184990.12	ENSG00000184990	SIVA1
ENSG00000184992.10	ENSG00000184992	BRI3BP
ENSG00000184999.11	ENSG00000184999	SLC22A10
ENSG00000185000.11	ENSG00000185000	DGAT1
ENSG00000185008.17	ENSG00000185008	ROBO2
ENSG00000185009.12	ENSG00000185009	AP3M1
ENSG00000185010.13	ENSG00000185010	F8
ENSG00000185015.7	ENSG00000185015	CA13
ENSG00000185019.16	ENSG00000185019	UBOX5
ENSG00000185022.11	ENSG00000185022	MAFF
ENSG00000185024.16	ENSG00000185024	BRF1
ENSG00000185033.14	ENSG00000185033	SEMA4B
ENSG00000185043.10	ENSG00000185043	CIB1
ENSG00000185046.18	ENSG00000185046	ANKS1B
ENSG00000185049.14	ENSG00000185049	NELFA
ENSG00000185052.11	ENSG00000185052	SLC24A3
ENSG00000185053.13	ENSG00000185053	SGCZ
ENSG00000185055.10	ENSG00000185055	EFCAB10
ENSG00000185070.10	ENSG00000185070	FLRT2
ENSG00000185085.2	ENSG00000185085	INTS5
ENSG00000185088.13	ENSG00000185088	RPS27L
ENSG00000185090.14	ENSG00000185090	MANEAL
ENSG00000185100.10	ENSG00000185100	ADSSL1
ENSG00000185104.19	ENSG00000185104	FAF1
ENSG00000185105.5	ENSG00000185105	MYADML2
ENSG00000185112.5	ENSG00000185112	FAM43A
ENSG00000185115.5	ENSG00000185115	NSMCE3
ENSG00000185122.10	ENSG00000185122	HSF1
ENSG00000185127.6	ENSG00000185127	C6orf120
ENSG00000185129.5	ENSG00000185129	PURA
ENSG00000185133.13	ENSG00000185133	INPP5J
ENSG00000185149.5	ENSG00000185149	NPY2R
ENSG00000185158.12	ENSG00000185158	LRRC37B
ENSG00000185163.9	ENSG00000185163	DDX51
ENSG00000185164.14	ENSG00000185164	NOMO2
ENSG00000185187.12	ENSG00000185187	SIGIRR
ENSG00000185189.17	ENSG00000185189	NRBP2
ENSG00000185201.16	ENSG00000185201	IFITM2
ENSG00000185215.8	ENSG00000185215	TNFAIP2
ENSG00000185219.16	ENSG00000185219	ZNF445
ENSG00000185220.11	ENSG00000185220	PGBD2
ENSG00000185222.8	ENSG00000185222	TCEAL9
ENSG00000185236.11	ENSG00000185236	RAB11B
ENSG00000185238.12	ENSG00000185238	PRMT3
ENSG00000185246.17	ENSG00000185246	PRPF39
ENSG00000185250.15	ENSG00000185250	PPIL6
ENSG00000185252.18	ENSG00000185252	ZNF74
ENSG00000185261.14	ENSG00000185261	KIAA0825
ENSG00000185262.8	ENSG00000185262	UBALD2
ENSG00000185269.11	ENSG00000185269	NOTUM
ENSG00000185272.13	ENSG00000185272	RBM11
ENSG00000185274.11	ENSG00000185274	GALNT17
ENSG00000185278.15	ENSG00000185278	ZBTB37
ENSG00000185290.3	ENSG00000185290	NUPR2
ENSG00000185291.11	ENSG00000185291	IL3RA
ENSG00000185291.11_PAR_Y	ENSG00000185291	IL3RA
ENSG00000185298.12	ENSG00000185298	CCDC137
ENSG00000185304.14	ENSG00000185304	RGPD2
ENSG00000185305.10	ENSG00000185305	ARL15
ENSG00000185324.21	ENSG00000185324	CDK10
ENSG00000185339.8	ENSG00000185339	TCN2
ENSG00000185340.15	ENSG00000185340	GAS2L1
ENSG00000185344.13	ENSG00000185344	ATP6V0A2
ENSG00000185345.18	ENSG00000185345	PRKN
ENSG00000185347.17	ENSG00000185347	C14orf80
ENSG00000185352.8	ENSG00000185352	HS6ST3
ENSG00000185359.12	ENSG00000185359	HGS
ENSG00000185361.8	ENSG00000185361	TNFAIP8L1
ENSG00000185379.20	ENSG00000185379	RAD51D
ENSG00000185386.14	ENSG00000185386	MAPK11
ENSG00000185404.16	ENSG00000185404	SP140L
ENSG00000185414.19	ENSG00000185414	MRPL30
ENSG00000185418.15	ENSG00000185418	TARSL2
ENSG00000185420.18	ENSG00000185420	SMYD3
ENSG00000185432.11	ENSG00000185432	METTL7A
ENSG00000185433.8	ENSG00000185433	LINC00158
ENSG00000185436.11	ENSG00000185436	IFNLR1
ENSG00000185437.13	ENSG00000185437	SH3BGR
ENSG00000185442.12	ENSG00000185442	FAM174B
ENSG00000185453.12	ENSG00000185453	C19orf68
ENSG00000185475.10	ENSG00000185475	TMEM179B
ENSG00000185477.4	ENSG00000185477	GPRIN3
ENSG00000185480.11	ENSG00000185480	PARPBP
ENSG00000185482.7	ENSG00000185482	STAC3
ENSG00000185483.11	ENSG00000185483	ROR1
ENSG00000185485.14	ENSG00000185485	SDHAP1
ENSG00000185495.10	ENSG00000185495	AC138393.1
ENSG00000185499.16	ENSG00000185499	MUC1
ENSG00000185504.16	ENSG00000185504	FAAP100
ENSG00000185507.19	ENSG00000185507	IRF7
ENSG00000185513.14	ENSG00000185513	L3MBTL1
ENSG00000185515.14	ENSG00000185515	BRCC3
ENSG00000185518.11	ENSG00000185518	SV2B
ENSG00000185519.8	ENSG00000185519	FAM131C
ENSG00000185532.15	ENSG00000185532	PRKG1
ENSG00000185551.14	ENSG00000185551	NR2F2
ENSG00000185561.9	ENSG00000185561	TLCD2
ENSG00000185565.11	ENSG00000185565	LSAMP
ENSG00000185567.6	ENSG00000185567	AHNAK2
ENSG00000185585.19	ENSG00000185585	OLFML2A
ENSG00000185591.9	ENSG00000185591	SP1
ENSG00000185596.16	ENSG00000185596	WASH3P
ENSG00000185608.8	ENSG00000185608	MRPL40
ENSG00000185610.6	ENSG00000185610	DBX2
ENSG00000185614.4	ENSG00000185614	FAM212A
ENSG00000185615.15	ENSG00000185615	PDIA2
ENSG00000185619.18	ENSG00000185619	PCGF3
ENSG00000185621.11	ENSG00000185621	LMLN
ENSG00000185624.14	ENSG00000185624	P4HB
ENSG00000185627.17	ENSG00000185627	PSMD13
ENSG00000185630.18	ENSG00000185630	PBX1
ENSG00000185633.10	ENSG00000185633	NDUFA4L2
ENSG00000185634.11	ENSG00000185634	SHC4
ENSG00000185650.9	ENSG00000185650	ZFP36L1
ENSG00000185651.14	ENSG00000185651	UBE2L3
ENSG00000185658.13	ENSG00000185658	BRWD1
ENSG00000185666.14	ENSG00000185666	SYN3
ENSG00000185668.7	ENSG00000185668	POU3F1
ENSG00000185669.5	ENSG00000185669	SNAI3
ENSG00000185670.7	ENSG00000185670	ZBTB3
ENSG00000185681.12	ENSG00000185681	MORN5
ENSG00000185684.13	ENSG00000185684	EP400NL
ENSG00000185697.16	ENSG00000185697	MYBL1
ENSG00000185710.9	ENSG00000185710	SMG1P4
ENSG00000185716.11	ENSG00000185716	C16orf52
ENSG00000185721.12	ENSG00000185721	DRG1
ENSG00000185722.16	ENSG00000185722	ANKFY1
ENSG00000185728.16	ENSG00000185728	YTHDF3
ENSG00000185730.7	ENSG00000185730	ZNF696
ENSG00000185736.15	ENSG00000185736	ADARB2
ENSG00000185737.12	ENSG00000185737	NRG3
ENSG00000185739.13	ENSG00000185739	SRL
ENSG00000185742.6	ENSG00000185742	C11orf87
ENSG00000185745.9	ENSG00000185745	IFIT1
ENSG00000185753.12	ENSG00000185753	CXorf38
ENSG00000185760.15	ENSG00000185760	KCNQ5
ENSG00000185761.10	ENSG00000185761	ADAMTSL5
ENSG00000185774.14	ENSG00000185774	KCNIP4
ENSG00000185787.14	ENSG00000185787	MORF4L1
ENSG00000185798.7	ENSG00000185798	WDR53
ENSG00000185800.11	ENSG00000185800	DMWD
ENSG00000185803.8	ENSG00000185803	SLC52A2
ENSG00000185808.13	ENSG00000185808	PIGP
ENSG00000185811.17	ENSG00000185811	IKZF1
ENSG00000185813.10	ENSG00000185813	PCYT2
ENSG00000185818.7	ENSG00000185818	NAT8L
ENSG00000185823.3	ENSG00000185823	NPAP1
ENSG00000185825.15	ENSG00000185825	BCAP31
ENSG00000185829.17	ENSG00000185829	ARL17A
ENSG00000185838.13	ENSG00000185838	GNB1L
ENSG00000185842.15	ENSG00000185842	DNAH14
ENSG00000185860.13	ENSG00000185860	CCDC190
ENSG00000185862.6	ENSG00000185862	EVI2B
ENSG00000185864.16	ENSG00000185864	NPIPB4
ENSG00000185869.14	ENSG00000185869	ZNF829
ENSG00000185875.12	ENSG00000185875	THNSL1
ENSG00000185880.12	ENSG00000185880	TRIM69
ENSG00000185883.11	ENSG00000185883	ATP6V0C
ENSG00000185885.15	ENSG00000185885	IFITM1
ENSG00000185896.10	ENSG00000185896	LAMP1
ENSG00000185900.9	ENSG00000185900	POMK
ENSG00000185904.11	ENSG00000185904	LINC00839
ENSG00000185909.14	ENSG00000185909	KLHDC8B
ENSG00000185917.13	ENSG00000185917	SETD4
ENSG00000185920.15	ENSG00000185920	PTCH1
ENSG00000185924.6	ENSG00000185924	RTN4RL1
ENSG00000185933.6	ENSG00000185933	CALHM1
ENSG00000185942.11	ENSG00000185942	NKAIN3
ENSG00000185946.15	ENSG00000185946	RNPC3
ENSG00000185947.14	ENSG00000185947	ZNF267
ENSG00000185950.8	ENSG00000185950	IRS2
ENSG00000185955.4	ENSG00000185955	C7orf61
ENSG00000185963.13	ENSG00000185963	BICD2
ENSG00000185973.10	ENSG00000185973	TMLHE
ENSG00000185985.8	ENSG00000185985	SLITRK2
ENSG00000185986.11	ENSG00000185986	SDHAP3
ENSG00000185988.12	ENSG00000185988	PLK5
ENSG00000185989.10	ENSG00000185989	RASA3
ENSG00000186001.12	ENSG00000186001	LRCH3
ENSG00000186010.18	ENSG00000186010	NDUFA13
ENSG00000186017.14	ENSG00000186017	ZNF566
ENSG00000186019.10	ENSG00000186019	AC021092.1
ENSG00000186020.12	ENSG00000186020	ZNF529
ENSG00000186026.6	ENSG00000186026	ZNF284
ENSG00000186047.9	ENSG00000186047	DLEU7
ENSG00000186063.12	ENSG00000186063	AIDA
ENSG00000186073.11	ENSG00000186073	C15orf41
ENSG00000186081.11	ENSG00000186081	KRT5
ENSG00000186088.15	ENSG00000186088	GSAP
ENSG00000186094.16	ENSG00000186094	AGBL4
ENSG00000186104.10	ENSG00000186104	CYP2R1
ENSG00000186106.11	ENSG00000186106	ANKRD46
ENSG00000186111.9	ENSG00000186111	PIP5K1C
ENSG00000186130.4	ENSG00000186130	ZBTB6
ENSG00000186132.14	ENSG00000186132	C2orf76
ENSG00000186141.8	ENSG00000186141	POLR3C
ENSG00000186153.16	ENSG00000186153	WWOX
ENSG00000186160.4	ENSG00000186160	CYP4Z1
ENSG00000186162.10	ENSG00000186162	CIDECP
ENSG00000186166.8	ENSG00000186166	CCDC84
ENSG00000186174.12	ENSG00000186174	BCL9L
ENSG00000186184.16	ENSG00000186184	POLR1D
ENSG00000186187.11	ENSG00000186187	ZNRF1
ENSG00000186188.10	ENSG00000186188	FFAR4
ENSG00000186193.8	ENSG00000186193	SAPCD2
ENSG00000186205.12	ENSG00000186205	MARC1
ENSG00000186212.3	ENSG00000186212	SOWAHB
ENSG00000186222.4	ENSG00000186222	BLOC1S4
ENSG00000186230.6	ENSG00000186230	ZNF749
ENSG00000186231.16	ENSG00000186231	KLHL32
ENSG00000186235.10	ENSG00000186235	AC016757.1
ENSG00000186260.16	ENSG00000186260	MKL2
ENSG00000186272.12	ENSG00000186272	ZNF17
ENSG00000186280.6	ENSG00000186280	KDM4D
ENSG00000186281.12	ENSG00000186281	GPAT2
ENSG00000186283.13	ENSG00000186283	TOR3A
ENSG00000186288.5	ENSG00000186288	PABPC1L2A
ENSG00000186297.11	ENSG00000186297	GABRA5
ENSG00000186298.11	ENSG00000186298	PPP1CC
ENSG00000186300.11	ENSG00000186300	ZNF555
ENSG00000186310.9	ENSG00000186310	NAP1L3
ENSG00000186312.10	ENSG00000186312	CA5BP1
ENSG00000186314.11	ENSG00000186314	PRELID2
ENSG00000186318.16	ENSG00000186318	BACE1
ENSG00000186326.3	ENSG00000186326	RGS9BP
ENSG00000186340.14	ENSG00000186340	THBS2
ENSG00000186350.9	ENSG00000186350	RXRA
ENSG00000186352.8	ENSG00000186352	ANKRD37
ENSG00000186354.10	ENSG00000186354	C9orf47
ENSG00000186364.11	ENSG00000186364	NUDT17
ENSG00000186369.10	ENSG00000186369	LINC00643
ENSG00000186376.14	ENSG00000186376	ZNF75D
ENSG00000186377.7	ENSG00000186377	CYP4X1
ENSG00000186395.7	ENSG00000186395	KRT10
ENSG00000186399.10	ENSG00000186399	GOLGA8R
ENSG00000186409.14	ENSG00000186409	CCDC30
ENSG00000186416.13	ENSG00000186416	NKRF
ENSG00000186417.13	ENSG00000186417	GLDN
ENSG00000186432.8	ENSG00000186432	KPNA4
ENSG00000186439.12	ENSG00000186439	TRDN
ENSG00000186446.11	ENSG00000186446	ZNF501
ENSG00000186448.14	ENSG00000186448	ZNF197
ENSG00000186453.12	ENSG00000186453	FAM228A
ENSG00000186462.8	ENSG00000186462	NAP1L2
ENSG00000186468.12	ENSG00000186468	RPS23
ENSG00000186469.8	ENSG00000186469	GNG2
ENSG00000186470.13	ENSG00000186470	BTN3A2
ENSG00000186472.19	ENSG00000186472	PCLO
ENSG00000186479.4	ENSG00000186479	RGS7BP
ENSG00000186480.12	ENSG00000186480	INSIG1
ENSG00000186481.16	ENSG00000186481	ANKRD20A5P
ENSG00000186487.17	ENSG00000186487	MYT1L
ENSG00000186496.10	ENSG00000186496	ZNF396
ENSG00000186501.14	ENSG00000186501	TMEM222
ENSG00000186517.13	ENSG00000186517	ARHGAP30
ENSG00000186522.14	ENSG00000186522	SEPT10
ENSG00000186523.14	ENSG00000186523	FAM86B1
ENSG00000186529.15	ENSG00000186529	CYP4F3
ENSG00000186532.11	ENSG00000186532	SMYD4
ENSG00000186566.12	ENSG00000186566	GPATCH8
ENSG00000186567.12	ENSG00000186567	CEACAM19
ENSG00000186575.17	ENSG00000186575	NF2
ENSG00000186577.12	ENSG00000186577	SMIM29
ENSG00000186591.11	ENSG00000186591	UBE2H
ENSG00000186594.14	ENSG00000186594	MIR22HG
ENSG00000186603.5	ENSG00000186603	HPDL
ENSG00000186615.10	ENSG00000186615	KTN1-AS1
ENSG00000186625.13	ENSG00000186625	KATNA1
ENSG00000186635.14	ENSG00000186635	ARAP1
ENSG00000186638.16	ENSG00000186638	KIF24
ENSG00000186642.15	ENSG00000186642	PDE2A
ENSG00000186648.14	ENSG00000186648	CARMIL3
ENSG00000186654.20	ENSG00000186654	PRR5
ENSG00000186660.14	ENSG00000186660	ZFP91
ENSG00000186665.9	ENSG00000186665	C17orf58
ENSG00000186666.5	ENSG00000186666	BCDIN3D
ENSG00000186675.6	ENSG00000186675	MAGEE2
ENSG00000186687.15	ENSG00000186687	LYRM7
ENSG00000186716.20	ENSG00000186716	BCR
ENSG00000186732.13	ENSG00000186732	MPPED1
ENSG00000186765.11	ENSG00000186765	FSCN2
ENSG00000186767.6	ENSG00000186767	SPIN4
ENSG00000186787.8	ENSG00000186787	SPIN2B
ENSG00000186792.16	ENSG00000186792	HYAL3
ENSG00000186806.5	ENSG00000186806	VSIG10L
ENSG00000186812.12	ENSG00000186812	ZNF397
ENSG00000186814.13	ENSG00000186814	ZSCAN30
ENSG00000186815.12	ENSG00000186815	TPCN1
ENSG00000186818.12	ENSG00000186818	LILRB4
ENSG00000186834.3	ENSG00000186834	HEXIM1
ENSG00000186842.4	ENSG00000186842	LINC00846
ENSG00000186854.10	ENSG00000186854	TRABD2A
ENSG00000186862.17	ENSG00000186862	PDZD7
ENSG00000186866.16	ENSG00000186866	POFUT2
ENSG00000186868.15	ENSG00000186868	MAPT
ENSG00000186889.9	ENSG00000186889	TMEM17
ENSG00000186907.7	ENSG00000186907	RTN4RL2
ENSG00000186908.14	ENSG00000186908	ZDHHC17
ENSG00000186918.13	ENSG00000186918	ZNF395
ENSG00000186951.16	ENSG00000186951	PPARA
ENSG00000186952.14	ENSG00000186952	TMEM232
ENSG00000186960.10	ENSG00000186960	LINC01551
ENSG00000186976.14	ENSG00000186976	EFCAB6
ENSG00000186994.11	ENSG00000186994	KANK3
ENSG00000186998.15	ENSG00000186998	EMID1
ENSG00000187024.14	ENSG00000187024	PTRH1
ENSG00000187049.9	ENSG00000187049	TMEM216
ENSG00000187051.8	ENSG00000187051	RPS19BP1
ENSG00000187068.2	ENSG00000187068	C3orf70
ENSG00000187079.16	ENSG00000187079	TEAD1
ENSG00000187091.13	ENSG00000187091	PLCD1
ENSG00000187094.11	ENSG00000187094	CCK
ENSG00000187097.12	ENSG00000187097	ENTPD5
ENSG00000187098.14	ENSG00000187098	MITF
ENSG00000187105.8	ENSG00000187105	HEATR4
ENSG00000187109.13	ENSG00000187109	NAP1L1
ENSG00000187118.12	ENSG00000187118	CMC1
ENSG00000187122.16	ENSG00000187122	SLIT1
ENSG00000187123.14	ENSG00000187123	LYPD6
ENSG00000187134.13	ENSG00000187134	AKR1C1
ENSG00000187135.7	ENSG00000187135	VSTM2B
ENSG00000187147.17	ENSG00000187147	RNF220
ENSG00000187164.19	ENSG00000187164	SHTN1
ENSG00000187186.14	ENSG00000187186	AL162231.1
ENSG00000187187.13	ENSG00000187187	ZNF546
ENSG00000187189.10	ENSG00000187189	TSPYL4
ENSG00000187193.8	ENSG00000187193	MT1X
ENSG00000187210.12	ENSG00000187210	GCNT1
ENSG00000187231.13	ENSG00000187231	SESTD1
ENSG00000187239.16	ENSG00000187239	FNBP1
ENSG00000187240.13	ENSG00000187240	DYNC2H1
ENSG00000187243.16	ENSG00000187243	MAGED4B
ENSG00000187244.10	ENSG00000187244	BCAM
ENSG00000187257.15	ENSG00000187257	RSBN1L
ENSG00000187260.15	ENSG00000187260	WDR86
ENSG00000187266.13	ENSG00000187266	EPOR
ENSG00000187323.11	ENSG00000187323	DCC
ENSG00000187325.4	ENSG00000187325	TAF9B
ENSG00000187372.11	ENSG00000187372	PCDHB13
ENSG00000187391.19	ENSG00000187391	MAGI2
ENSG00000187398.11	ENSG00000187398	LUZP2
ENSG00000187416.11	ENSG00000187416	LHFPL3
ENSG00000187446.11	ENSG00000187446	CHP1
ENSG00000187474.4	ENSG00000187474	FPR3
ENSG00000187479.5	ENSG00000187479	C11orf96
ENSG00000187486.5	ENSG00000187486	KCNJ11
ENSG00000187498.14	ENSG00000187498	COL4A1
ENSG00000187513.8	ENSG00000187513	GJA4
ENSG00000187514.16	ENSG00000187514	PTMA
ENSG00000187522.14	ENSG00000187522	HSPA14
ENSG00000187527.10	ENSG00000187527	ATP13A5
ENSG00000187531.13	ENSG00000187531	SIRT7
ENSG00000187535.13	ENSG00000187535	IFT140
ENSG00000187554.11	ENSG00000187554	TLR5
ENSG00000187555.14	ENSG00000187555	USP7
ENSG00000187556.7	ENSG00000187556	NANOS3
ENSG00000187566.5	ENSG00000187566	NHLRC1
ENSG00000187595.15	ENSG00000187595	ZNF385C
ENSG00000187601.4	ENSG00000187601	MAGEH1
ENSG00000187605.15	ENSG00000187605	TET3
ENSG00000187607.15	ENSG00000187607	ZNF286A
ENSG00000187608.8	ENSG00000187608	ISG15
ENSG00000187609.15	ENSG00000187609	EXD3
ENSG00000187624.8	ENSG00000187624	C17orf97
ENSG00000187626.8	ENSG00000187626	ZKSCAN4
ENSG00000187627.15	ENSG00000187627	RGPD1
ENSG00000187630.15	ENSG00000187630	DHRS4L2
ENSG00000187634.11	ENSG00000187634	SAMD11
ENSG00000187650.3	ENSG00000187650	VMAC
ENSG00000187664.8	ENSG00000187664	HAPLN4
ENSG00000187672.12	ENSG00000187672	ERC2
ENSG00000187676.7	ENSG00000187676	B3GLCT
ENSG00000187678.8	ENSG00000187678	SPRY4
ENSG00000187688.14	ENSG00000187688	TRPV2
ENSG00000187695.8	ENSG00000187695	AC112484.1
ENSG00000187699.10	ENSG00000187699	C2orf88
ENSG00000187713.6	ENSG00000187713	TMEM203
ENSG00000187715.13	ENSG00000187715	KBTBD12
ENSG00000187720.14	ENSG00000187720	THSD4
ENSG00000187730.8	ENSG00000187730	GABRD
ENSG00000187735.13	ENSG00000187735	TCEA1
ENSG00000187736.12	ENSG00000187736	NHEJ1
ENSG00000187741.14	ENSG00000187741	FANCA
ENSG00000187742.14	ENSG00000187742	SECISBP2
ENSG00000187764.11	ENSG00000187764	SEMA4D
ENSG00000187772.7	ENSG00000187772	LIN28B
ENSG00000187773.8	ENSG00000187773	FAM69C
ENSG00000187775.16	ENSG00000187775	DNAH17
ENSG00000187778.13	ENSG00000187778	MCRS1
ENSG00000187790.10	ENSG00000187790	FANCM
ENSG00000187792.4	ENSG00000187792	ZNF70
ENSG00000187796.14	ENSG00000187796	CARD9
ENSG00000187800.13	ENSG00000187800	PEAR1
ENSG00000187801.14	ENSG00000187801	ZFP69B
ENSG00000187815.9	ENSG00000187815	ZFP69
ENSG00000187824.8	ENSG00000187824	TMEM220
ENSG00000187837.3	ENSG00000187837	HIST1H1C
ENSG00000187838.16	ENSG00000187838	PLSCR3
ENSG00000187840.4	ENSG00000187840	EIF4EBP1
ENSG00000187860.10	ENSG00000187860	CCDC157
ENSG00000187866.8	ENSG00000187866	FAM122A
ENSG00000187867.8	ENSG00000187867	PALM3
ENSG00000187902.11	ENSG00000187902	SHISA7
ENSG00000187922.13	ENSG00000187922	LCN10
ENSG00000187950.8	ENSG00000187950	OVCH1
ENSG00000187951.10	ENSG00000187951	ARHGAP11B
ENSG00000187953.10	ENSG00000187953	PMS2CL
ENSG00000187954.12	ENSG00000187954	CYHR1
ENSG00000187955.11	ENSG00000187955	COL14A1
ENSG00000187957.7	ENSG00000187957	DNER
ENSG00000187961.13	ENSG00000187961	KLHL17
ENSG00000187984.12	ENSG00000187984	ANKRD19P
ENSG00000187987.9	ENSG00000187987	ZSCAN23
ENSG00000187994.13	ENSG00000187994	RINL
ENSG00000188002.10	ENSG00000188002	AC026412.1
ENSG00000188004.9	ENSG00000188004	SNHG28
ENSG00000188010.12	ENSG00000188010	MORN2
ENSG00000188011.5	ENSG00000188011	RTP5
ENSG00000188013.6	ENSG00000188013	AC087499.1
ENSG00000188021.8	ENSG00000188021	UBQLN2
ENSG00000188026.12	ENSG00000188026	RILPL1
ENSG00000188033.9	ENSG00000188033	ZNF490
ENSG00000188038.7	ENSG00000188038	NRN1L
ENSG00000188039.13	ENSG00000188039	NWD1
ENSG00000188042.7	ENSG00000188042	ARL4C
ENSG00000188051.6	ENSG00000188051	TMEM221
ENSG00000188064.9	ENSG00000188064	WNT7B
ENSG00000188070.9	ENSG00000188070	C11orf95
ENSG00000188092.14	ENSG00000188092	GPR89B
ENSG00000188095.4	ENSG00000188095	MESP2
ENSG00000188130.13	ENSG00000188130	MAPK12
ENSG00000188153.12	ENSG00000188153	COL4A5
ENSG00000188157.14	ENSG00000188157	AGRN
ENSG00000188158.14	ENSG00000188158	NHS
ENSG00000188167.8	ENSG00000188167	TMPPE
ENSG00000188171.15	ENSG00000188171	ZNF626
ENSG00000188177.13	ENSG00000188177	ZC3H6
ENSG00000188185.11	ENSG00000188185	LINC00265
ENSG00000188186.10	ENSG00000188186	LAMTOR4
ENSG00000188191.14	ENSG00000188191	PRKAR1B
ENSG00000188199.10	ENSG00000188199	NUTM2B
ENSG00000188211.8	ENSG00000188211	NCR3LG1
ENSG00000188215.9	ENSG00000188215	DCUN1D3
ENSG00000188227.12	ENSG00000188227	ZNF793
ENSG00000188229.5	ENSG00000188229	TUBB4B
ENSG00000188234.13	ENSG00000188234	AGAP4
ENSG00000188242.4	ENSG00000188242	PP7080
ENSG00000188243.12	ENSG00000188243	COMMD6
ENSG00000188266.13	ENSG00000188266	HYKK
ENSG00000188269.9	ENSG00000188269	OR7A5
ENSG00000188277.9	ENSG00000188277	C15orf62
ENSG00000188283.11	ENSG00000188283	ZNF383
ENSG00000188290.10	ENSG00000188290	HES4
ENSG00000188295.14	ENSG00000188295	ZNF669
ENSG00000188305.5	ENSG00000188305	C19orf35
ENSG00000188312.13	ENSG00000188312	CENPP
ENSG00000188313.12	ENSG00000188313	PLSCR1
ENSG00000188315.7	ENSG00000188315	C3orf62
ENSG00000188316.13	ENSG00000188316	ENO4
ENSG00000188321.13	ENSG00000188321	ZNF559
ENSG00000188322.4	ENSG00000188322	SBK1
ENSG00000188338.14	ENSG00000188338	SLC38A3
ENSG00000188342.11	ENSG00000188342	GTF2F2
ENSG00000188343.12	ENSG00000188343	FAM92A
ENSG00000188352.12	ENSG00000188352	FOCAD
ENSG00000188368.9	ENSG00000188368	PRR19
ENSG00000188372.14	ENSG00000188372	ZP3
ENSG00000188385.11	ENSG00000188385	JAKMIP3
ENSG00000188404.8	ENSG00000188404	SELL
ENSG00000188419.13	ENSG00000188419	CHM
ENSG00000188428.19	ENSG00000188428	BLOC1S5
ENSG00000188452.13	ENSG00000188452	CERKL
ENSG00000188483.7	ENSG00000188483	IER5L
ENSG00000188486.3	ENSG00000188486	H2AFX
ENSG00000188488.13	ENSG00000188488	SERPINA5
ENSG00000188493.14	ENSG00000188493	C19orf54
ENSG00000188501.11	ENSG00000188501	LCTL
ENSG00000188511.12	ENSG00000188511	C22orf34
ENSG00000188517.14	ENSG00000188517	COL25A1
ENSG00000188522.14	ENSG00000188522	FAM83G
ENSG00000188529.14	ENSG00000188529	SRSF10
ENSG00000188536.12	ENSG00000188536	HBA2
ENSG00000188542.9	ENSG00000188542	DUSP28
ENSG00000188549.12	ENSG00000188549	C15orf52
ENSG00000188554.13	ENSG00000188554	NBR1
ENSG00000188559.13	ENSG00000188559	RALGAPA2
ENSG00000188566.13	ENSG00000188566	NDOR1
ENSG00000188573.7	ENSG00000188573	FBLL1
ENSG00000188580.14	ENSG00000188580	NKAIN2
ENSG00000188582.8	ENSG00000188582	PAQR9
ENSG00000188596.10	ENSG00000188596	CFAP54
ENSG00000188599.17	ENSG00000188599	NPIPP1
ENSG00000188603.18	ENSG00000188603	CLN3
ENSG00000188611.14	ENSG00000188611	ASAH2
ENSG00000188612.11	ENSG00000188612	SUMO2
ENSG00000188613.6	ENSG00000188613	NANOS1
ENSG00000188626.6	ENSG00000188626	GOLGA8M
ENSG00000188629.11	ENSG00000188629	ZNF177
ENSG00000188636.3	ENSG00000188636	RTL6
ENSG00000188641.12	ENSG00000188641	DPYD
ENSG00000188643.10	ENSG00000188643	S100A16
ENSG00000188647.12	ENSG00000188647	PTAR1
ENSG00000188649.12	ENSG00000188649	CC2D2B
ENSG00000188659.9	ENSG00000188659	SAXO2
ENSG00000188662.6	ENSG00000188662	HILS1
ENSG00000188672.17	ENSG00000188672	RHCE
ENSG00000188674.10	ENSG00000188674	C2orf80
ENSG00000188677.14	ENSG00000188677	PARVB
ENSG00000188681.11	ENSG00000188681	TEKT4P2
ENSG00000188687.17	ENSG00000188687	SLC4A5
ENSG00000188690.12	ENSG00000188690	UROS
ENSG00000188706.12	ENSG00000188706	ZDHHC9
ENSG00000188707.5	ENSG00000188707	ZBED6CL
ENSG00000188725.7	ENSG00000188725	SMIM15
ENSG00000188729.6	ENSG00000188729	OSTN
ENSG00000188730.4	ENSG00000188730	VWC2
ENSG00000188732.10	ENSG00000188732	FAM221A
ENSG00000188735.12	ENSG00000188735	TMEM120B
ENSG00000188738.14	ENSG00000188738	FSIP2
ENSG00000188739.14	ENSG00000188739	RBM34
ENSG00000188747.8	ENSG00000188747	NOXA1
ENSG00000188760.10	ENSG00000188760	TMEM198
ENSG00000188761.11	ENSG00000188761	BCL2L15
ENSG00000188763.4	ENSG00000188763	FZD9
ENSG00000188766.12	ENSG00000188766	SPRED3
ENSG00000188779.10	ENSG00000188779	SKOR1
ENSG00000188783.5	ENSG00000188783	PRELP
ENSG00000188785.11	ENSG00000188785	ZNF548
ENSG00000188786.9	ENSG00000188786	MTF1
ENSG00000188801.9	ENSG00000188801	ZNF322P1
ENSG00000188803.14	ENSG00000188803	SHISA6
ENSG00000188807.12	ENSG00000188807	TMEM201
ENSG00000188811.13	ENSG00000188811	NHLRC3
ENSG00000188818.12	ENSG00000188818	ZDHHC11
ENSG00000188820.12	ENSG00000188820	FAM26F
ENSG00000188825.13	ENSG00000188825	LINC00910
ENSG00000188827.10	ENSG00000188827	SLX4
ENSG00000188846.13	ENSG00000188846	RPL14
ENSG00000188848.15	ENSG00000188848	BEND4
ENSG00000188859.6	ENSG00000188859	FAM78B
ENSG00000188868.13	ENSG00000188868	ZNF563
ENSG00000188878.19	ENSG00000188878	FBF1
ENSG00000188895.11	ENSG00000188895	MSL1
ENSG00000188897.8	ENSG00000188897	AC099489.1
ENSG00000188906.14	ENSG00000188906	LRRK2
ENSG00000188916.8	ENSG00000188916	FAM196A
ENSG00000188917.14	ENSG00000188917	TRMT2B
ENSG00000188921.13	ENSG00000188921	HACD4
ENSG00000188931.3	ENSG00000188931	CFAP126
ENSG00000188933.14	ENSG00000188933	USP32P1
ENSG00000188938.15	ENSG00000188938	FAM120AOS
ENSG00000188976.10	ENSG00000188976	NOC2L
ENSG00000188981.10	ENSG00000188981	MSANTD1
ENSG00000188986.6	ENSG00000188986	NELFB
ENSG00000188993.3	ENSG00000188993	LRRC66
ENSG00000188994.12	ENSG00000188994	ZNF292
ENSG00000188997.7	ENSG00000188997	KCTD21
ENSG00000189007.15	ENSG00000189007	ADAT2
ENSG00000189042.13	ENSG00000189042	ZNF567
ENSG00000189043.9	ENSG00000189043	NDUFA4
ENSG00000189046.10	ENSG00000189046	ALKBH2
ENSG00000189050.15	ENSG00000189050	RNFT1
ENSG00000189056.13	ENSG00000189056	RELN
ENSG00000189058.8	ENSG00000189058	APOD
ENSG00000189060.5	ENSG00000189060	H1F0
ENSG00000189067.12	ENSG00000189067	LITAF
ENSG00000189077.10	ENSG00000189077	TMEM120A
ENSG00000189079.15	ENSG00000189079	ARID2
ENSG00000189091.12	ENSG00000189091	SF3B3
ENSG00000189108.12	ENSG00000189108	IL1RAPL2
ENSG00000189114.6	ENSG00000189114	BLOC1S3
ENSG00000189127.7	ENSG00000189127	ANKRD34B
ENSG00000189129.13	ENSG00000189129	PLAC9
ENSG00000189134.3	ENSG00000189134	NKAPL
ENSG00000189136.8	ENSG00000189136	UBE2Q2P1
ENSG00000189144.13	ENSG00000189144	ZNF573
ENSG00000189157.13	ENSG00000189157	FAM47E
ENSG00000189159.15	ENSG00000189159	JPT1
ENSG00000189164.14	ENSG00000189164	ZNF527
ENSG00000189171.14	ENSG00000189171	S100A13
ENSG00000189180.15	ENSG00000189180	ZNF33A
ENSG00000189181.4	ENSG00000189181	OR14I1
ENSG00000189184.11	ENSG00000189184	PCDH18
ENSG00000189190.9	ENSG00000189190	ZNF600
ENSG00000189195.11	ENSG00000189195	AC104836.1
ENSG00000189212.12	ENSG00000189212	DPY19L2P1
ENSG00000189221.9	ENSG00000189221	MAOA
ENSG00000189223.14	ENSG00000189223	PAX8-AS1
ENSG00000189227.5	ENSG00000189227	C15orf61
ENSG00000189241.6	ENSG00000189241	TSPYL1
ENSG00000189266.11	ENSG00000189266	PNRC2
ENSG00000189275.3	ENSG00000189275	LINC01164
ENSG00000189283.9	ENSG00000189283	FHIT
ENSG00000189292.15	ENSG00000189292	ALKAL2
ENSG00000189298.13	ENSG00000189298	ZKSCAN3
ENSG00000189306.10	ENSG00000189306	RRP7A
ENSG00000189308.10	ENSG00000189308	LIN54
ENSG00000189319.13	ENSG00000189319	FAM53B
ENSG00000189337.16	ENSG00000189337	KAZN
ENSG00000189339.11	ENSG00000189339	SLC35E2B
ENSG00000189350.12	ENSG00000189350	TOGARAM2
ENSG00000189362.11	ENSG00000189362	NEMP2
ENSG00000189366.9	ENSG00000189366	ALG1L
ENSG00000189367.14	ENSG00000189367	KIAA0408
ENSG00000189369.8	ENSG00000189369	GSPT2
ENSG00000189376.11	ENSG00000189376	C8orf76
ENSG00000189403.14	ENSG00000189403	HMGB1
ENSG00000189409.13	ENSG00000189409	MMP23B
ENSG00000189410.11	ENSG00000189410	SH2D5
ENSG00000189419.6	ENSG00000189419	SPATA41
ENSG00000189420.8	ENSG00000189420	ZFP92
ENSG00000189423.11	ENSG00000189423	USP32P3
ENSG00000189431.7	ENSG00000189431	RASSF10
ENSG00000196071.5	ENSG00000196071	OR2L13
ENSG00000196072.11	ENSG00000196072	BLOC1S2
ENSG00000196074.12	ENSG00000196074	SYCP2
ENSG00000196081.9	ENSG00000196081	ZNF724
ENSG00000196083.9	ENSG00000196083	IL1RAP
ENSG00000196090.12	ENSG00000196090	PTPRT
ENSG00000196091.13	ENSG00000196091	MYBPC1
ENSG00000196104.10	ENSG00000196104	SPOCK3
ENSG00000196109.6	ENSG00000196109	ZNF676
ENSG00000196110.7	ENSG00000196110	ZNF699
ENSG00000196116.7	ENSG00000196116	TDRD7
ENSG00000196118.11	ENSG00000196118	CCDC189
ENSG00000196123.12	ENSG00000196123	KIAA0895L
ENSG00000196126.11	ENSG00000196126	HLA-DRB1
ENSG00000196132.11	ENSG00000196132	MYT1
ENSG00000196136.17	ENSG00000196136	SERPINA3
ENSG00000196139.13	ENSG00000196139	AKR1C3
ENSG00000196141.13	ENSG00000196141	SPATS2L
ENSG00000196150.13	ENSG00000196150	ZNF250
ENSG00000196151.10	ENSG00000196151	WDSUB1
ENSG00000196152.10	ENSG00000196152	ZNF79
ENSG00000196154.11	ENSG00000196154	S100A4
ENSG00000196155.12	ENSG00000196155	PLEKHG4
ENSG00000196159.11	ENSG00000196159	FAT4
ENSG00000196167.9	ENSG00000196167	COLCA1
ENSG00000196169.14	ENSG00000196169	KIF19
ENSG00000196172.9	ENSG00000196172	ZNF681
ENSG00000196177.12	ENSG00000196177	ACADSB
ENSG00000196182.10	ENSG00000196182	STK40
ENSG00000196187.11	ENSG00000196187	TMEM63A
ENSG00000196189.12	ENSG00000196189	SEMA4A
ENSG00000196196.2	ENSG00000196196	HRCT1
ENSG00000196199.13	ENSG00000196199	MPHOSPH8
ENSG00000196204.11	ENSG00000196204	RNF216P1
ENSG00000196205.8	ENSG00000196205	EEF1A1P5
ENSG00000196208.13	ENSG00000196208	GREB1
ENSG00000196209.12	ENSG00000196209	SIRPB2
ENSG00000196214.10	ENSG00000196214	ZNF766
ENSG00000196218.12	ENSG00000196218	RYR1
ENSG00000196220.15	ENSG00000196220	SRGAP3
ENSG00000196227.10	ENSG00000196227	FAM217B
ENSG00000196230.12	ENSG00000196230	TUBB
ENSG00000196233.13	ENSG00000196233	LCOR
ENSG00000196235.13	ENSG00000196235	SUPT5H
ENSG00000196236.12	ENSG00000196236	XPNPEP3
ENSG00000196247.11	ENSG00000196247	ZNF107
ENSG00000196262.13	ENSG00000196262	PPIA
ENSG00000196263.7	ENSG00000196263	ZNF471
ENSG00000196267.12	ENSG00000196267	ZNF836
ENSG00000196268.11	ENSG00000196268	ZNF493
ENSG00000196275.13	ENSG00000196275	GTF2IRD2
ENSG00000196277.15	ENSG00000196277	GRM7
ENSG00000196284.15	ENSG00000196284	SUPT3H
ENSG00000196290.14	ENSG00000196290	NIF3L1
ENSG00000196295.11	ENSG00000196295	AC005154.1
ENSG00000196305.17	ENSG00000196305	IARS
ENSG00000196312.12	ENSG00000196312	MFSD14C
ENSG00000196313.11	ENSG00000196313	POM121
ENSG00000196323.12	ENSG00000196323	ZBTB44
ENSG00000196329.11	ENSG00000196329	GIMAP5
ENSG00000196335.12	ENSG00000196335	STK31
ENSG00000196338.12	ENSG00000196338	NLGN3
ENSG00000196345.12	ENSG00000196345	ZKSCAN7
ENSG00000196352.14	ENSG00000196352	CD55
ENSG00000196353.11	ENSG00000196353	CPNE4
ENSG00000196357.11	ENSG00000196357	ZNF565
ENSG00000196358.10	ENSG00000196358	NTNG2
ENSG00000196361.9	ENSG00000196361	ELAVL3
ENSG00000196363.9	ENSG00000196363	WDR5
ENSG00000196365.11	ENSG00000196365	LONP1
ENSG00000196366.3	ENSG00000196366	C9orf163
ENSG00000196367.12	ENSG00000196367	TRRAP
ENSG00000196368.4	ENSG00000196368	NUDT11
ENSG00000196369.11	ENSG00000196369	SRGAP2B
ENSG00000196371.3	ENSG00000196371	FUT4
ENSG00000196372.12	ENSG00000196372	ASB13
ENSG00000196376.10	ENSG00000196376	SLC35F1
ENSG00000196378.11	ENSG00000196378	ZNF34
ENSG00000196381.10	ENSG00000196381	ZNF781
ENSG00000196387.9	ENSG00000196387	ZNF140
ENSG00000196388.8	ENSG00000196388	INCA1
ENSG00000196391.10	ENSG00000196391	ZNF774
ENSG00000196396.9	ENSG00000196396	PTPN1
ENSG00000196405.12	ENSG00000196405	EVL
ENSG00000196408.11	ENSG00000196408	NOXO1
ENSG00000196411.9	ENSG00000196411	EPHB4
ENSG00000196415.9	ENSG00000196415	PRTN3
ENSG00000196417.12	ENSG00000196417	ZNF765
ENSG00000196418.12	ENSG00000196418	ZNF124
ENSG00000196419.12	ENSG00000196419	XRCC6
ENSG00000196421.8	ENSG00000196421	C20orf204
ENSG00000196422.10	ENSG00000196422	PPP1R26
ENSG00000196428.12	ENSG00000196428	TSC22D2
ENSG00000196436.8	ENSG00000196436	NPIPB15
ENSG00000196437.10	ENSG00000196437	ZNF569
ENSG00000196440.11	ENSG00000196440	ARMCX4
ENSG00000196449.3	ENSG00000196449	YRDC
ENSG00000196453.7	ENSG00000196453	ZNF777
ENSG00000196455.7	ENSG00000196455	PIK3R4
ENSG00000196456.11	ENSG00000196456	ZNF775
ENSG00000196458.10	ENSG00000196458	ZNF605
ENSG00000196459.13	ENSG00000196459	TRAPPC2
ENSG00000196465.10	ENSG00000196465	MYL6B
ENSG00000196466.10	ENSG00000196466	ZNF799
ENSG00000196470.11	ENSG00000196470	SIAH1
ENSG00000196476.11	ENSG00000196476	C20orf96
ENSG00000196482.16	ENSG00000196482	ESRRG
ENSG00000196497.16	ENSG00000196497	IPO4
ENSG00000196498.13	ENSG00000196498	NCOR2
ENSG00000196502.11	ENSG00000196502	SULT1A1
ENSG00000196503.3	ENSG00000196503	ARL9
ENSG00000196504.15	ENSG00000196504	PRPF40A
ENSG00000196505.10	ENSG00000196505	GDAP2
ENSG00000196507.10	ENSG00000196507	TCEAL3
ENSG00000196510.12	ENSG00000196510	ANAPC7
ENSG00000196511.14	ENSG00000196511	TPK1
ENSG00000196517.11	ENSG00000196517	SLC6A9
ENSG00000196526.10	ENSG00000196526	AFAP1
ENSG00000196531.10	ENSG00000196531	NACA
ENSG00000196535.15	ENSG00000196535	MYO18A
ENSG00000196542.8	ENSG00000196542	SPTSSB
ENSG00000196544.7	ENSG00000196544	BORCS6
ENSG00000196547.14	ENSG00000196547	MAN2A2
ENSG00000196549.10	ENSG00000196549	MME
ENSG00000196550.10	ENSG00000196550	FAM72A
ENSG00000196557.12	ENSG00000196557	CACNA1H
ENSG00000196562.14	ENSG00000196562	SULF2
ENSG00000196569.11	ENSG00000196569	LAMA2
ENSG00000196576.14	ENSG00000196576	PLXNB2
ENSG00000196581.10	ENSG00000196581	AJAP1
ENSG00000196584.2	ENSG00000196584	XRCC2
ENSG00000196586.13	ENSG00000196586	MYO6
ENSG00000196588.14	ENSG00000196588	MKL1
ENSG00000196591.11	ENSG00000196591	HDAC2
ENSG00000196597.11	ENSG00000196597	ZNF782
ENSG00000196605.7	ENSG00000196605	ZNF846
ENSG00000196616.13	ENSG00000196616	ADH1B
ENSG00000196628.15	ENSG00000196628	TCF4
ENSG00000196632.10	ENSG00000196632	WNK3
ENSG00000196636.7	ENSG00000196636	SDHAF3
ENSG00000196639.6	ENSG00000196639	HRH1
ENSG00000196642.18	ENSG00000196642	RABL6
ENSG00000196646.11	ENSG00000196646	ZNF136
ENSG00000196652.11	ENSG00000196652	ZKSCAN5
ENSG00000196653.11	ENSG00000196653	ZNF502
ENSG00000196655.11	ENSG00000196655	TRAPPC4
ENSG00000196659.9	ENSG00000196659	TTC30B
ENSG00000196660.10	ENSG00000196660	SLC30A10
ENSG00000196663.15	ENSG00000196663	TECPR2
ENSG00000196664.4	ENSG00000196664	TLR7
ENSG00000196670.13	ENSG00000196670	ZFP62
ENSG00000196678.13	ENSG00000196678	ERI2
ENSG00000196683.10	ENSG00000196683	TOMM7
ENSG00000196689.11	ENSG00000196689	TRPV1
ENSG00000196693.14	ENSG00000196693	ZNF33B
ENSG00000196696.12	ENSG00000196696	PDXDC2P-NPIPB14P
ENSG00000196700.8	ENSG00000196700	ZNF512B
ENSG00000196704.11	ENSG00000196704	AMZ2
ENSG00000196705.8	ENSG00000196705	ZNF431
ENSG00000196712.17	ENSG00000196712	NF1
ENSG00000196715.5	ENSG00000196715	VKORC1L1
ENSG00000196724.12	ENSG00000196724	ZNF418
ENSG00000196730.12	ENSG00000196730	DAPK1
ENSG00000196735.11	ENSG00000196735	HLA-DQA1
ENSG00000196739.14	ENSG00000196739	COL27A1
ENSG00000196741.5	ENSG00000196741	LINC01560
ENSG00000196743.8	ENSG00000196743	GM2A
ENSG00000196756.11	ENSG00000196756	SNHG17
ENSG00000196757.7	ENSG00000196757	ZNF700
ENSG00000196767.6	ENSG00000196767	POU3F4
ENSG00000196776.14	ENSG00000196776	CD47
ENSG00000196781.14	ENSG00000196781	TLE1
ENSG00000196782.12	ENSG00000196782	MAML3
ENSG00000196792.11	ENSG00000196792	STRN3
ENSG00000196793.13	ENSG00000196793	ZNF239
ENSG00000196810.4	ENSG00000196810	CTBP1-AS2
ENSG00000196812.4	ENSG00000196812	ZSCAN16
ENSG00000196814.14	ENSG00000196814	MVB12B
ENSG00000196821.9	ENSG00000196821	C6orf106
ENSG00000196839.12	ENSG00000196839	ADA
ENSG00000196843.15	ENSG00000196843	ARID5A
ENSG00000196850.5	ENSG00000196850	PPTC7
ENSG00000196865.4	ENSG00000196865	NHLRC2
ENSG00000196867.7	ENSG00000196867	ZFP28
ENSG00000196872.11	ENSG00000196872	KIAA1211L
ENSG00000196873.15	ENSG00000196873	CBWD3
ENSG00000196876.15	ENSG00000196876	SCN8A
ENSG00000196878.14	ENSG00000196878	LAMB3
ENSG00000196890.4	ENSG00000196890	HIST3H2BB
ENSG00000196911.10	ENSG00000196911	KPNA5
ENSG00000196912.12	ENSG00000196912	ANKRD36B
ENSG00000196914.8	ENSG00000196914	ARHGEF12
ENSG00000196922.10	ENSG00000196922	ZNF252P
ENSG00000196923.13	ENSG00000196923	PDLIM7
ENSG00000196924.14	ENSG00000196924	FLNA
ENSG00000196932.11	ENSG00000196932	TMEM26
ENSG00000196935.8	ENSG00000196935	SRGAP1
ENSG00000196937.10	ENSG00000196937	FAM3C
ENSG00000196943.12	ENSG00000196943	NOP9
ENSG00000196950.13	ENSG00000196950	SLC39A10
ENSG00000196951.10	ENSG00000196951	SCOC-AS1
ENSG00000196954.13	ENSG00000196954	CASP4
ENSG00000196961.12	ENSG00000196961	AP2A1
ENSG00000196967.10	ENSG00000196967	ZNF585A
ENSG00000196968.10	ENSG00000196968	FUT11
ENSG00000196972.8	ENSG00000196972	SMIM10L2B
ENSG00000196975.15	ENSG00000196975	ANXA4
ENSG00000196976.7	ENSG00000196976	LAGE3
ENSG00000196981.3	ENSG00000196981	WDR5B
ENSG00000196990.8	ENSG00000196990	FAM163B
ENSG00000196993.8	ENSG00000196993	NPIPB9
ENSG00000196998.17	ENSG00000196998	WDR45
ENSG00000197006.13	ENSG00000197006	METTL9
ENSG00000197008.9	ENSG00000197008	ZNF138
ENSG00000197013.9	ENSG00000197013	ZNF429
ENSG00000197016.11	ENSG00000197016	ZNF470
ENSG00000197019.4	ENSG00000197019	SERTAD1
ENSG00000197020.10	ENSG00000197020	ZNF100
ENSG00000197021.8	ENSG00000197021	CXorf40B
ENSG00000197024.8	ENSG00000197024	ZNF398
ENSG00000197037.10	ENSG00000197037	ZSCAN25
ENSG00000197043.13	ENSG00000197043	ANXA6
ENSG00000197044.10	ENSG00000197044	ZNF441
ENSG00000197045.12	ENSG00000197045	GMFB
ENSG00000197050.10	ENSG00000197050	ZNF420
ENSG00000197054.11	ENSG00000197054	ZNF763
ENSG00000197056.9	ENSG00000197056	ZMYM1
ENSG00000197061.4	ENSG00000197061	HIST1H4C
ENSG00000197062.11	ENSG00000197062	ZSCAN26
ENSG00000197063.10	ENSG00000197063	MAFG
ENSG00000197070.13	ENSG00000197070	ARRDC1
ENSG00000197077.13	ENSG00000197077	KIAA1671
ENSG00000197081.12	ENSG00000197081	IGF2R
ENSG00000197083.11	ENSG00000197083	ZNF300P1
ENSG00000197093.10	ENSG00000197093	GAL3ST4
ENSG00000197102.10	ENSG00000197102	DYNC1H1
ENSG00000197106.6	ENSG00000197106	SLC6A17
ENSG00000197111.15	ENSG00000197111	PCBP2
ENSG00000197114.11	ENSG00000197114	ZGPAT
ENSG00000197119.12	ENSG00000197119	SLC25A29
ENSG00000197121.14	ENSG00000197121	PGAP1
ENSG00000197122.11	ENSG00000197122	SRC
ENSG00000197124.11	ENSG00000197124	ZNF682
ENSG00000197128.11	ENSG00000197128	ZNF772
ENSG00000197134.11	ENSG00000197134	ZNF257
ENSG00000197136.4	ENSG00000197136	PCNX3
ENSG00000197140.14	ENSG00000197140	ADAM32
ENSG00000197142.10	ENSG00000197142	ACSL5
ENSG00000197147.13	ENSG00000197147	LRRC8B
ENSG00000197150.12	ENSG00000197150	ABCB8
ENSG00000197157.10	ENSG00000197157	SND1
ENSG00000197162.9	ENSG00000197162	ZNF785
ENSG00000197168.11	ENSG00000197168	NEK5
ENSG00000197170.9	ENSG00000197170	PSMD12
ENSG00000197177.15	ENSG00000197177	ADGRA1
ENSG00000197180.2	ENSG00000197180	CH17-340M24.3
ENSG00000197181.11	ENSG00000197181	PIWIL2
ENSG00000197182.14	ENSG00000197182	MIRLET7BHG
ENSG00000197183.14	ENSG00000197183	NOL4L
ENSG00000197191.4	ENSG00000197191	CYSRT1
ENSG00000197208.5	ENSG00000197208	SLC22A4
ENSG00000197217.12	ENSG00000197217	ENTPD4
ENSG00000197223.11	ENSG00000197223	C1D
ENSG00000197226.12	ENSG00000197226	TBC1D9B
ENSG00000197238.4	ENSG00000197238	HIST1H4J
ENSG00000197245.5	ENSG00000197245	FAM110D
ENSG00000197249.13	ENSG00000197249	SERPINA1
ENSG00000197256.10	ENSG00000197256	KANK2
ENSG00000197265.8	ENSG00000197265	GTF2E2
ENSG00000197275.13	ENSG00000197275	RAD54B
ENSG00000197279.3	ENSG00000197279	ZNF165
ENSG00000197283.15	ENSG00000197283	SYNGAP1
ENSG00000197291.8	ENSG00000197291	RAMP2-AS1
ENSG00000197296.5	ENSG00000197296	FITM2
ENSG00000197299.10	ENSG00000197299	BLM
ENSG00000197302.10	ENSG00000197302	ZNF720
ENSG00000197312.11	ENSG00000197312	DDI2
ENSG00000197321.14	ENSG00000197321	SVIL
ENSG00000197322.3	ENSG00000197322	C17orf102
ENSG00000197323.11	ENSG00000197323	TRIM33
ENSG00000197324.8	ENSG00000197324	LRP10
ENSG00000197329.11	ENSG00000197329	PELI1
ENSG00000197332.8	ENSG00000197332	AC008543.1
ENSG00000197343.10	ENSG00000197343	ZNF655
ENSG00000197345.12	ENSG00000197345	MRPL21
ENSG00000197355.10	ENSG00000197355	UAP1L1
ENSG00000197360.9	ENSG00000197360	ZNF98
ENSG00000197361.7	ENSG00000197361	FBXL22
ENSG00000197362.14	ENSG00000197362	ZNF786
ENSG00000197363.9	ENSG00000197363	ZNF517
ENSG00000197372.9	ENSG00000197372	ZNF675
ENSG00000197375.12	ENSG00000197375	SLC22A5
ENSG00000197380.10	ENSG00000197380	DACT3
ENSG00000197381.15	ENSG00000197381	ADARB1
ENSG00000197385.5	ENSG00000197385	ZNF860
ENSG00000197386.10	ENSG00000197386	HTT
ENSG00000197405.7	ENSG00000197405	C5AR1
ENSG00000197406.7	ENSG00000197406	DIO3
ENSG00000197410.12	ENSG00000197410	DCHS2
ENSG00000197417.7	ENSG00000197417	SHPK
ENSG00000197429.10	ENSG00000197429	IPP
ENSG00000197430.10	ENSG00000197430	OPALIN
ENSG00000197442.9	ENSG00000197442	MAP3K5
ENSG00000197444.9	ENSG00000197444	OGDHL
ENSG00000197448.13	ENSG00000197448	GSTK1
ENSG00000197451.11	ENSG00000197451	HNRNPAB
ENSG00000197457.9	ENSG00000197457	STMN3
ENSG00000197461.13	ENSG00000197461	PDGFA
ENSG00000197467.13	ENSG00000197467	COL13A1
ENSG00000197471.11	ENSG00000197471	SPN
ENSG00000197479.6	ENSG00000197479	PCDHB11
ENSG00000197483.9	ENSG00000197483	ZNF628
ENSG00000197496.5	ENSG00000197496	SLC2A10
ENSG00000197497.10	ENSG00000197497	ZNF665
ENSG00000197498.12	ENSG00000197498	RPF2
ENSG00000197530.12	ENSG00000197530	MIB2
ENSG00000197535.14	ENSG00000197535	MYO5A
ENSG00000197536.11	ENSG00000197536	C5orf56
ENSG00000197548.12	ENSG00000197548	ATG7
ENSG00000197550.3	ENSG00000197550	AL359955.1
ENSG00000197555.9	ENSG00000197555	SIPA1L1
ENSG00000197557.6	ENSG00000197557	TTC30A
ENSG00000197558.11	ENSG00000197558	SSPO
ENSG00000197562.9	ENSG00000197562	RAB40C
ENSG00000197563.10	ENSG00000197563	PIGN
ENSG00000197566.9	ENSG00000197566	ZNF624
ENSG00000197568.13	ENSG00000197568	HHLA3
ENSG00000197579.7	ENSG00000197579	TOPORS
ENSG00000197580.11	ENSG00000197580	BCO2
ENSG00000197584.11	ENSG00000197584	KCNMB2
ENSG00000197586.12	ENSG00000197586	ENTPD6
ENSG00000197594.11	ENSG00000197594	ENPP1
ENSG00000197599.12	ENSG00000197599	CCDC154
ENSG00000197601.12	ENSG00000197601	FAR1
ENSG00000197603.13	ENSG00000197603	C5orf42
ENSG00000197608.11	ENSG00000197608	ZNF841
ENSG00000197619.13	ENSG00000197619	ZNF615
ENSG00000197620.10	ENSG00000197620	CXorf40A
ENSG00000197622.12	ENSG00000197622	CDC42SE1
ENSG00000197629.5	ENSG00000197629	MPEG1
ENSG00000197635.9	ENSG00000197635	DPP4
ENSG00000197647.11	ENSG00000197647	ZNF433
ENSG00000197653.15	ENSG00000197653	DNAH10
ENSG00000197694.15	ENSG00000197694	SPTAN1
ENSG00000197696.9	ENSG00000197696	NMB
ENSG00000197702.11	ENSG00000197702	PARVA
ENSG00000197712.11	ENSG00000197712	FAM114A1
ENSG00000197713.14	ENSG00000197713	RPE
ENSG00000197714.8	ENSG00000197714	ZNF460
ENSG00000197724.10	ENSG00000197724	PHF2
ENSG00000197728.9	ENSG00000197728	RPS26
ENSG00000197746.13	ENSG00000197746	PSAP
ENSG00000197747.8	ENSG00000197747	S100A10
ENSG00000197748.12	ENSG00000197748	CFAP43
ENSG00000197753.8	ENSG00000197753	LHFPL5
ENSG00000197756.9	ENSG00000197756	RPL37A
ENSG00000197763.14	ENSG00000197763	TXNRD3
ENSG00000197766.7	ENSG00000197766	CFD
ENSG00000197771.12	ENSG00000197771	MCMBP
ENSG00000197774.12	ENSG00000197774	EME2
ENSG00000197776.7	ENSG00000197776	KLHDC1
ENSG00000197779.13	ENSG00000197779	ZNF81
ENSG00000197780.9	ENSG00000197780	TAF13
ENSG00000197782.14	ENSG00000197782	ZNF780A
ENSG00000197785.13	ENSG00000197785	ATAD3A
ENSG00000197798.8	ENSG00000197798	FAM118B
ENSG00000197808.11	ENSG00000197808	ZNF461
ENSG00000197816.13	ENSG00000197816	CCDC180
ENSG00000197818.11	ENSG00000197818	SLC9A8
ENSG00000197822.10	ENSG00000197822	OCLN
ENSG00000197837.3	ENSG00000197837	HIST4H4
ENSG00000197841.14	ENSG00000197841	ZNF181
ENSG00000197852.9	ENSG00000197852	FAM212B
ENSG00000197857.13	ENSG00000197857	ZNF44
ENSG00000197858.10	ENSG00000197858	GPAA1
ENSG00000197859.9	ENSG00000197859	ADAMTSL2
ENSG00000197860.9	ENSG00000197860	SGTB
ENSG00000197863.8	ENSG00000197863	ZNF790
ENSG00000197872.11	ENSG00000197872	FAM49A
ENSG00000197879.14	ENSG00000197879	MYO1C
ENSG00000197885.10	ENSG00000197885	NKIRAS1
ENSG00000197892.12	ENSG00000197892	KIF13B
ENSG00000197893.13	ENSG00000197893	NRAP
ENSG00000197894.10	ENSG00000197894	ADH5
ENSG00000197901.11	ENSG00000197901	SLC22A6
ENSG00000197903.7	ENSG00000197903	HIST1H2BK
ENSG00000197905.8	ENSG00000197905	TEAD4
ENSG00000197912.14	ENSG00000197912	SPG7
ENSG00000197921.5	ENSG00000197921	HES5
ENSG00000197927.12	ENSG00000197927	C2orf27A
ENSG00000197928.10	ENSG00000197928	ZNF677
ENSG00000197930.12	ENSG00000197930	ERO1A
ENSG00000197933.12	ENSG00000197933	ZNF823
ENSG00000197934.8	ENSG00000197934	CYYR1-AS1
ENSG00000197937.12	ENSG00000197937	ZNF347
ENSG00000197943.9	ENSG00000197943	PLCG2
ENSG00000197948.10	ENSG00000197948	FCHSD1
ENSG00000197951.8	ENSG00000197951	ZNF71
ENSG00000197956.9	ENSG00000197956	S100A6
ENSG00000197958.12	ENSG00000197958	RPL12
ENSG00000197959.13	ENSG00000197959	DNM3
ENSG00000197961.11	ENSG00000197961	ZNF121
ENSG00000197965.11	ENSG00000197965	MPZL1
ENSG00000197969.11	ENSG00000197969	VPS13A
ENSG00000197971.14	ENSG00000197971	MBP
ENSG00000197976.11	ENSG00000197976	AKAP17A
ENSG00000197976.11_PAR_Y	ENSG00000197976	AKAP17A
ENSG00000197977.3	ENSG00000197977	ELOVL2
ENSG00000197978.9	ENSG00000197978	GOLGA6L9
ENSG00000197982.13	ENSG00000197982	C1orf122
ENSG00000197989.13	ENSG00000197989	SNHG12
ENSG00000197992.6	ENSG00000197992	CLEC9A
ENSG00000197993.7	ENSG00000197993	KEL
ENSG00000198000.11	ENSG00000198000	NOL8
ENSG00000198001.13	ENSG00000198001	IRAK4
ENSG00000198003.11	ENSG00000198003	CCDC151
ENSG00000198010.12	ENSG00000198010	DLGAP2
ENSG00000198015.12	ENSG00000198015	MRPL42
ENSG00000198018.6	ENSG00000198018	ENTPD7
ENSG00000198019.12	ENSG00000198019	FCGR1B
ENSG00000198026.7	ENSG00000198026	ZNF335
ENSG00000198034.10	ENSG00000198034	RPS4X
ENSG00000198039.11	ENSG00000198039	ZNF273
ENSG00000198040.10	ENSG00000198040	ZNF84
ENSG00000198042.10	ENSG00000198042	MAK16
ENSG00000198046.11	ENSG00000198046	ZNF667
ENSG00000198053.11	ENSG00000198053	SIRPA
ENSG00000198055.10	ENSG00000198055	GRK6
ENSG00000198056.13	ENSG00000198056	PRIM1
ENSG00000198060.9	ENSG00000198060	MARCH5
ENSG00000198064.13	ENSG00000198064	NPIPB13
ENSG00000198075.9	ENSG00000198075	SULT1C4
ENSG00000198081.10	ENSG00000198081	ZBTB14
ENSG00000198087.7	ENSG00000198087	CD2AP
ENSG00000198089.15	ENSG00000198089	SFI1
ENSG00000198093.10	ENSG00000198093	ZNF649
ENSG00000198105.13	ENSG00000198105	ZNF248
ENSG00000198106.8	ENSG00000198106	AC025279.1
ENSG00000198108.3	ENSG00000198108	CHSY3
ENSG00000198113.2	ENSG00000198113	TOR4A
ENSG00000198121.13	ENSG00000198121	LPAR1
ENSG00000198130.15	ENSG00000198130	HIBCH
ENSG00000198131.13	ENSG00000198131	ZNF544
ENSG00000198133.8	ENSG00000198133	TMEM229B
ENSG00000198142.4	ENSG00000198142	SOWAHC
ENSG00000198146.4	ENSG00000198146	ZNF770
ENSG00000198155.5	ENSG00000198155	ZNF876P
ENSG00000198156.10	ENSG00000198156	NPIPB6
ENSG00000198157.10	ENSG00000198157	HMGN5
ENSG00000198160.14	ENSG00000198160	MIER1
ENSG00000198162.12	ENSG00000198162	MAN1A2
ENSG00000198168.8	ENSG00000198168	SVIP
ENSG00000198169.8	ENSG00000198169	ZNF251
ENSG00000198171.12	ENSG00000198171	DDRGK1
ENSG00000198176.12	ENSG00000198176	TFDP1
ENSG00000198182.12	ENSG00000198182	ZNF607
ENSG00000198185.11	ENSG00000198185	ZNF334
ENSG00000198189.10	ENSG00000198189	HSD17B11
ENSG00000198198.15	ENSG00000198198	SZT2
ENSG00000198205.6	ENSG00000198205	ZXDA
ENSG00000198208.11	ENSG00000198208	RPS6KL1
ENSG00000198216.10	ENSG00000198216	CACNA1E
ENSG00000198218.10	ENSG00000198218	QRICH1
ENSG00000198223.16	ENSG00000198223	CSF2RA
ENSG00000198223.16_PAR_Y	ENSG00000198223	CSF2RA
ENSG00000198231.12	ENSG00000198231	DDX42
ENSG00000198237.8	ENSG00000198237	AC131392.1
ENSG00000198242.13	ENSG00000198242	RPL23A
ENSG00000198246.7	ENSG00000198246	SLC29A3
ENSG00000198252.11	ENSG00000198252	STYX
ENSG00000198258.10	ENSG00000198258	UBL5
ENSG00000198265.11	ENSG00000198265	HELZ
ENSG00000198270.12	ENSG00000198270	TMEM116
ENSG00000198276.15	ENSG00000198276	UCKL1
ENSG00000198286.9	ENSG00000198286	CARD11
ENSG00000198298.12	ENSG00000198298	ZNF485
ENSG00000198300.12	ENSG00000198300	PEG3
ENSG00000198301.11	ENSG00000198301	SDAD1
ENSG00000198315.10	ENSG00000198315	ZKSCAN8
ENSG00000198324.13	ENSG00000198324	FAM109A
ENSG00000198331.10	ENSG00000198331	HYLS1
ENSG00000198342.9	ENSG00000198342	ZNF442
ENSG00000198346.10	ENSG00000198346	ZNF813
ENSG00000198354.6	ENSG00000198354	DCAF12L2
ENSG00000198355.4	ENSG00000198355	PIM3
ENSG00000198356.11	ENSG00000198356	ASNA1
ENSG00000198363.17	ENSG00000198363	ASPH
ENSG00000198369.9	ENSG00000198369	SPRED2
ENSG00000198373.12	ENSG00000198373	WWP2
ENSG00000198380.12	ENSG00000198380	GFPT1
ENSG00000198382.8	ENSG00000198382	UVRAG
ENSG00000198393.7	ENSG00000198393	ZNF26
ENSG00000198399.14	ENSG00000198399	ITSN2
ENSG00000198406.7	ENSG00000198406	BZW1P2
ENSG00000198408.13	ENSG00000198408	MGEA5
ENSG00000198416.9	ENSG00000198416	ZNF658B
ENSG00000198417.6	ENSG00000198417	MT1F
ENSG00000198420.9	ENSG00000198420	TCAF1
ENSG00000198429.9	ENSG00000198429	ZNF69
ENSG00000198431.15	ENSG00000198431	TXNRD1
ENSG00000198435.3	ENSG00000198435	NRARP
ENSG00000198440.9	ENSG00000198440	ZNF583
ENSG00000198453.12	ENSG00000198453	ZNF568
ENSG00000198455.4	ENSG00000198455	ZXDB
ENSG00000198464.13	ENSG00000198464	ZNF480
ENSG00000198466.11	ENSG00000198466	ZNF587
ENSG00000198467.13	ENSG00000198467	TPM2
ENSG00000198468.7	ENSG00000198468	FLVCR1-AS1
ENSG00000198478.7	ENSG00000198478	SH3BGRL2
ENSG00000198482.11	ENSG00000198482	ZNF808
ENSG00000198483.12	ENSG00000198483	ANKRD35
ENSG00000198492.15	ENSG00000198492	YTHDF2
ENSG00000198496.10	ENSG00000198496	NBR2
ENSG00000198498.9	ENSG00000198498	TMA16
ENSG00000198502.5	ENSG00000198502	HLA-DRB5
ENSG00000198513.11	ENSG00000198513	ATL1
ENSG00000198517.9	ENSG00000198517	MAFK
ENSG00000198520.10	ENSG00000198520	C1orf228
ENSG00000198521.11	ENSG00000198521	ZNF43
ENSG00000198522.13	ENSG00000198522	GPN1
ENSG00000198538.10	ENSG00000198538	ZNF28
ENSG00000198542.13	ENSG00000198542	ITGBL1
ENSG00000198546.14	ENSG00000198546	ZNF511
ENSG00000198547.8	ENSG00000198547	C20orf203
ENSG00000198551.9	ENSG00000198551	ZNF627
ENSG00000198554.11	ENSG00000198554	WDHD1
ENSG00000198556.13	ENSG00000198556	ZNF789
ENSG00000198561.13	ENSG00000198561	CTNND1
ENSG00000198563.13	ENSG00000198563	DDX39B
ENSG00000198576.3	ENSG00000198576	ARC
ENSG00000198585.11	ENSG00000198585	NUDT16
ENSG00000198586.13	ENSG00000198586	TLK1
ENSG00000198589.10	ENSG00000198589	LRBA
ENSG00000198590.11	ENSG00000198590	C3orf35
ENSG00000198597.8	ENSG00000198597	ZNF536
ENSG00000198598.6	ENSG00000198598	MMP17
ENSG00000198604.10	ENSG00000198604	BAZ1A
ENSG00000198612.10	ENSG00000198612	COPS8
ENSG00000198624.12	ENSG00000198624	CCDC69
ENSG00000198625.12	ENSG00000198625	MDM4
ENSG00000198626.15	ENSG00000198626	RYR2
ENSG00000198633.10	ENSG00000198633	ZNF534
ENSG00000198642.6	ENSG00000198642	KLHL9
ENSG00000198646.13	ENSG00000198646	NCOA6
ENSG00000198648.10	ENSG00000198648	STK39
ENSG00000198663.16	ENSG00000198663	C6orf89
ENSG00000198668.10	ENSG00000198668	CALM1
ENSG00000198673.10	ENSG00000198673	FAM19A2
ENSG00000198677.10	ENSG00000198677	TTC37
ENSG00000198680.4	ENSG00000198680	TUSC1
ENSG00000198682.12	ENSG00000198682	PAPSS2
ENSG00000198689.10	ENSG00000198689	SLC9A6
ENSG00000198690.9	ENSG00000198690	FAN1
ENSG00000198691.11	ENSG00000198691	ABCA4
ENSG00000198695.2	ENSG00000198695	MT-ND6
ENSG00000198700.9	ENSG00000198700	IPO9
ENSG00000198707.14	ENSG00000198707	CEP290
ENSG00000198712.1	ENSG00000198712	MT-CO2
ENSG00000198715.11	ENSG00000198715	GLMP
ENSG00000198718.12	ENSG00000198718	TOGARAM1
ENSG00000198719.8	ENSG00000198719	DLL1
ENSG00000198720.12	ENSG00000198720	ANKRD13B
ENSG00000198721.12	ENSG00000198721	ECI2
ENSG00000198722.14	ENSG00000198722	UNC13B
ENSG00000198727.2	ENSG00000198727	MT-CYB
ENSG00000198728.10	ENSG00000198728	LDB1
ENSG00000198729.4	ENSG00000198729	PPP1R14C
ENSG00000198730.7	ENSG00000198730	CTR9
ENSG00000198732.10	ENSG00000198732	SMOC1
ENSG00000198734.10	ENSG00000198734	F5
ENSG00000198736.11	ENSG00000198736	MSRB1
ENSG00000198739.10	ENSG00000198739	LRRTM3
ENSG00000198740.8	ENSG00000198740	ZNF652
ENSG00000198742.9	ENSG00000198742	SMURF1
ENSG00000198743.6	ENSG00000198743	SLC5A3
ENSG00000198746.12	ENSG00000198746	GPATCH3
ENSG00000198752.10	ENSG00000198752	CDC42BPB
ENSG00000198753.11	ENSG00000198753	PLXNB3
ENSG00000198754.5	ENSG00000198754	OXCT2
ENSG00000198755.10	ENSG00000198755	RPL10A
ENSG00000198756.10	ENSG00000198756	COLGALT2
ENSG00000198763.3	ENSG00000198763	MT-ND2
ENSG00000198771.10	ENSG00000198771	RCSD1
ENSG00000198780.11	ENSG00000198780	FAM169A
ENSG00000198783.5	ENSG00000198783	ZNF830
ENSG00000198785.4	ENSG00000198785	GRIN3A
ENSG00000198786.2	ENSG00000198786	MT-ND5
ENSG00000198791.11	ENSG00000198791	CNOT7
ENSG00000198792.12	ENSG00000198792	TMEM184B
ENSG00000198793.12	ENSG00000198793	MTOR
ENSG00000198794.11	ENSG00000198794	SCAMP5
ENSG00000198795.10	ENSG00000198795	ZNF521
ENSG00000198797.6	ENSG00000198797	BRINP2
ENSG00000198799.11	ENSG00000198799	LRIG2
ENSG00000198804.2	ENSG00000198804	MT-CO1
ENSG00000198805.11	ENSG00000198805	PNP
ENSG00000198814.12	ENSG00000198814	GK
ENSG00000198815.8	ENSG00000198815	FOXJ3
ENSG00000198816.6	ENSG00000198816	ZNF358
ENSG00000198818.9	ENSG00000198818	SFT2D1
ENSG00000198821.10	ENSG00000198821	CD247
ENSG00000198822.10	ENSG00000198822	GRM3
ENSG00000198824.5	ENSG00000198824	CHAMP1
ENSG00000198825.12	ENSG00000198825	INPP5F
ENSG00000198826.10	ENSG00000198826	ARHGAP11A
ENSG00000198830.10	ENSG00000198830	HMGN2
ENSG00000198832.10	ENSG00000198832	SELENOM
ENSG00000198833.6	ENSG00000198833	UBE2J1
ENSG00000198835.3	ENSG00000198835	GJC2
ENSG00000198836.8	ENSG00000198836	OPA1
ENSG00000198837.9	ENSG00000198837	DENND4B
ENSG00000198838.13	ENSG00000198838	RYR3
ENSG00000198839.9	ENSG00000198839	ZNF277
ENSG00000198840.2	ENSG00000198840	MT-ND3
ENSG00000198841.3	ENSG00000198841	KTI12
ENSG00000198843.12	ENSG00000198843	SELENOT
ENSG00000198844.10	ENSG00000198844	ARHGEF15
ENSG00000198846.5	ENSG00000198846	TOX
ENSG00000198848.12	ENSG00000198848	CES1
ENSG00000198853.11	ENSG00000198853	RUSC2
ENSG00000198855.6	ENSG00000198855	FICD
ENSG00000198856.12	ENSG00000198856	OSTC
ENSG00000198858.9	ENSG00000198858	R3HDM4
ENSG00000198860.11	ENSG00000198860	TSEN15
ENSG00000198862.13	ENSG00000198862	LTN1
ENSG00000198863.7	ENSG00000198863	RUNDC1
ENSG00000198865.9	ENSG00000198865	CCDC152
ENSG00000198870.7	ENSG00000198870	STKLD1
ENSG00000198873.11	ENSG00000198873	GRK5
ENSG00000198874.12	ENSG00000198874	TYW1
ENSG00000198876.12	ENSG00000198876	DCAF12
ENSG00000198879.11	ENSG00000198879	SFMBT2
ENSG00000198883.11	ENSG00000198883	PNMA5
ENSG00000198885.9	ENSG00000198885	ITPRIPL1
ENSG00000198886.2	ENSG00000198886	MT-ND4
ENSG00000198887.8	ENSG00000198887	SMC5
ENSG00000198888.2	ENSG00000198888	MT-ND1
ENSG00000198890.7	ENSG00000198890	PRMT6
ENSG00000198892.6	ENSG00000198892	SHISA4
ENSG00000198894.7	ENSG00000198894	CIPC
ENSG00000198898.13	ENSG00000198898	CAPZA2
ENSG00000198899.2	ENSG00000198899	MT-ATP6
ENSG00000198900.5	ENSG00000198900	TOP1
ENSG00000198901.13	ENSG00000198901	PRC1
ENSG00000198908.11	ENSG00000198908	BHLHB9
ENSG00000198909.7	ENSG00000198909	MAP3K3
ENSG00000198910.12	ENSG00000198910	L1CAM
ENSG00000198911.11	ENSG00000198911	SREBF2
ENSG00000198912.10	ENSG00000198912	C1orf174
ENSG00000198914.3	ENSG00000198914	POU3F3
ENSG00000198915.11	ENSG00000198915	RASGEF1A
ENSG00000198917.12	ENSG00000198917	SPOUT1
ENSG00000198918.7	ENSG00000198918	RPL39
ENSG00000198919.12	ENSG00000198919	DZIP3
ENSG00000198920.9	ENSG00000198920	KIAA0753
ENSG00000198924.7	ENSG00000198924	DCLRE1A
ENSG00000198925.10	ENSG00000198925	ATG9A
ENSG00000198929.12	ENSG00000198929	NOS1AP
ENSG00000198931.10	ENSG00000198931	APRT
ENSG00000198932.12	ENSG00000198932	GPRASP1
ENSG00000198933.9	ENSG00000198933	TBKBP1
ENSG00000198934.4	ENSG00000198934	MAGEE1
ENSG00000198937.8	ENSG00000198937	CCDC167
ENSG00000198938.2	ENSG00000198938	MT-CO3
ENSG00000198939.7	ENSG00000198939	ZFP2
ENSG00000198944.5	ENSG00000198944	SOWAHA
ENSG00000198945.7	ENSG00000198945	L3MBTL3
ENSG00000198947.15	ENSG00000198947	DMD
ENSG00000198948.11	ENSG00000198948	MFAP3L
ENSG00000198951.11	ENSG00000198951	NAGA
ENSG00000198952.8	ENSG00000198952	SMG5
ENSG00000198954.7	ENSG00000198954	KIF1BP
ENSG00000198959.11	ENSG00000198959	TGM2
ENSG00000198960.10	ENSG00000198960	ARMCX6
ENSG00000198961.9	ENSG00000198961	PJA2
ENSG00000198963.10	ENSG00000198963	RORB
ENSG00000198964.13	ENSG00000198964	SGMS1
ENSG00000198967.4	ENSG00000198967	OR10Z1
ENSG00000200087.1	ENSG00000200087	SNORA73B
ENSG00000202198.1	ENSG00000202198	7SK
ENSG00000202538.1	ENSG00000202538	RNU4-2
ENSG00000203288.3	ENSG00000203288	TDRKH-AS1
ENSG00000203326.11	ENSG00000203326	ZNF525
ENSG00000203485.12	ENSG00000203485	INF2
ENSG00000203546.7	ENSG00000203546	AL139353.1
ENSG00000203644.3	ENSG00000203644	AC083799.1
ENSG00000203650.8	ENSG00000203650	LINC01285
ENSG00000203666.12	ENSG00000203666	EFCAB2
ENSG00000203667.9	ENSG00000203667	COX20
ENSG00000203668.2	ENSG00000203668	CHML
ENSG00000203685.9	ENSG00000203685	STUM
ENSG00000203705.10	ENSG00000203705	TATDN3
ENSG00000203706.8	ENSG00000203706	SERTAD4-AS1
ENSG00000203709.11	ENSG00000203709	C1orf132
ENSG00000203710.10	ENSG00000203710	CR1
ENSG00000203724.10	ENSG00000203724	C1orf53
ENSG00000203727.3	ENSG00000203727	SAMD5
ENSG00000203737.3	ENSG00000203737	GPR52
ENSG00000203739.3	ENSG00000203739	AL645568.1
ENSG00000203747.10	ENSG00000203747	FCGR3A
ENSG00000203760.8	ENSG00000203760	CENPW
ENSG00000203761.5	ENSG00000203761	MSTO2P
ENSG00000203772.7	ENSG00000203772	SPRN
ENSG00000203778.7	ENSG00000203778	FAM229B
ENSG00000203780.10	ENSG00000203780	FANK1
ENSG00000203791.14	ENSG00000203791	EEF1AKMT2
ENSG00000203797.9	ENSG00000203797	DDO
ENSG00000203799.12	ENSG00000203799	CCDC162P
ENSG00000203805.10	ENSG00000203805	PLPP4
ENSG00000203814.6	ENSG00000203814	HIST2H2BF
ENSG00000203819.6	ENSG00000203819	HIST2H2BC
ENSG00000203867.7	ENSG00000203867	RBM20
ENSG00000203875.10	ENSG00000203875	SNHG5
ENSG00000203876.9	ENSG00000203876	ADD3-AS1
ENSG00000203877.8	ENSG00000203877	RIPPLY2
ENSG00000203879.11	ENSG00000203879	GDI1
ENSG00000203880.11	ENSG00000203880	PCMTD2
ENSG00000203883.6	ENSG00000203883	SOX18
ENSG00000203896.9	ENSG00000203896	LIME1
ENSG00000203900.2	ENSG00000203900	AL121827.1
ENSG00000203930.10	ENSG00000203930	LINC00632
ENSG00000203943.8	ENSG00000203943	SAMD13
ENSG00000203950.6	ENSG00000203950	RTL8A
ENSG00000203952.9	ENSG00000203952	CCDC160
ENSG00000203965.12	ENSG00000203965	EFCAB7
ENSG00000203993.4	ENSG00000203993	ARRDC1-AS1
ENSG00000204052.4	ENSG00000204052	LRRC73
ENSG00000204054.13	ENSG00000204054	LINC00963
ENSG00000204060.7	ENSG00000204060	FOXO6
ENSG00000204065.2	ENSG00000204065	TCEAL5
ENSG00000204070.9	ENSG00000204070	SYS1
ENSG00000204071.10	ENSG00000204071	TCEAL6
ENSG00000204072.3	ENSG00000204072	ARMCX7P
ENSG00000204084.12	ENSG00000204084	INPP5B
ENSG00000204099.11	ENSG00000204099	NEU4
ENSG00000204103.3	ENSG00000204103	MAFB
ENSG00000204104.11	ENSG00000204104	TRAF3IP1
ENSG00000204116.11	ENSG00000204116	CHIC1
ENSG00000204118.2	ENSG00000204118	NAP1L6
ENSG00000204120.14	ENSG00000204120	GIGYF2
ENSG00000204128.5	ENSG00000204128	C2orf72
ENSG00000204130.12	ENSG00000204130	RUFY2
ENSG00000204131.9	ENSG00000204131	NHSL2
ENSG00000204136.10	ENSG00000204136	GGTA1P
ENSG00000204138.12	ENSG00000204138	PHACTR4
ENSG00000204147.9	ENSG00000204147	ASAH2B
ENSG00000204149.10	ENSG00000204149	AGAP6
ENSG00000204152.10	ENSG00000204152	TIMM23B
ENSG00000204160.11	ENSG00000204160	ZDHHC18
ENSG00000204161.13	ENSG00000204161	C10orf128
ENSG00000204172.12	ENSG00000204172	AGAP9
ENSG00000204176.13	ENSG00000204176	SYT15
ENSG00000204177.10	ENSG00000204177	BMS1P1
ENSG00000204178.9	ENSG00000204178	TMEM57
ENSG00000204179.10	ENSG00000204179	PTPN20
ENSG00000204186.7	ENSG00000204186	ZDBF2
ENSG00000204209.11	ENSG00000204209	DAXX
ENSG00000204217.13	ENSG00000204217	BMPR2
ENSG00000204219.9	ENSG00000204219	TCEA3
ENSG00000204220.11	ENSG00000204220	PFDN6
ENSG00000204227.4	ENSG00000204227	RING1
ENSG00000204228.3	ENSG00000204228	HSD17B8
ENSG00000204231.10	ENSG00000204231	RXRB
ENSG00000204237.4	ENSG00000204237	OXLD1
ENSG00000204241.7	ENSG00000204241	AP000911.1
ENSG00000204248.10	ENSG00000204248	COL11A2
ENSG00000204252.13	ENSG00000204252	HLA-DOA
ENSG00000204256.12	ENSG00000204256	BRD2
ENSG00000204257.14	ENSG00000204257	HLA-DMA
ENSG00000204261.8	ENSG00000204261	PSMB8-AS1
ENSG00000204262.11	ENSG00000204262	COL5A2
ENSG00000204264.8	ENSG00000204264	PSMB8
ENSG00000204267.13	ENSG00000204267	TAP2
ENSG00000204271.12	ENSG00000204271	SPIN3
ENSG00000204272.12	ENSG00000204272	NBDY
ENSG00000204278.12	ENSG00000204278	TMEM235
ENSG00000204282.4	ENSG00000204282	TNRC6C-AS1
ENSG00000204287.13	ENSG00000204287	HLA-DRA
ENSG00000204291.10	ENSG00000204291	COL15A1
ENSG00000204301.6	ENSG00000204301	NOTCH4
ENSG00000204304.11	ENSG00000204304	PBX2
ENSG00000204305.13	ENSG00000204305	AGER
ENSG00000204308.7	ENSG00000204308	RNF5
ENSG00000204310.12	ENSG00000204310	AGPAT1
ENSG00000204311.12	ENSG00000204311	DFNB59
ENSG00000204314.10	ENSG00000204314	PRRT1
ENSG00000204315.3	ENSG00000204315	FKBPL
ENSG00000204316.12	ENSG00000204316	MRPL38
ENSG00000204323.5	ENSG00000204323	SMIM5
ENSG00000204334.7	ENSG00000204334	ERICH2
ENSG00000204338.8	ENSG00000204338	CYP21A1P
ENSG00000204344.14	ENSG00000204344	STK19
ENSG00000204347.3	ENSG00000204347	BTBD17
ENSG00000204348.9	ENSG00000204348	DXO
ENSG00000204351.11	ENSG00000204351	SKIV2L
ENSG00000204352.2	ENSG00000204352	C9orf129
ENSG00000204356.13	ENSG00000204356	NELFE
ENSG00000204366.3	ENSG00000204366	ZBTB12
ENSG00000204370.9	ENSG00000204370	SDHD
ENSG00000204371.11	ENSG00000204371	EHMT2
ENSG00000204381.11	ENSG00000204381	LAYN
ENSG00000204386.10	ENSG00000204386	NEU1
ENSG00000204387.12	ENSG00000204387	C6orf48
ENSG00000204388.6	ENSG00000204388	HSPA1B
ENSG00000204389.9	ENSG00000204389	HSPA1A
ENSG00000204390.9	ENSG00000204390	HSPA1L
ENSG00000204392.10	ENSG00000204392	LSM2
ENSG00000204394.12	ENSG00000204394	VARS
ENSG00000204396.10	ENSG00000204396	VWA7
ENSG00000204397.7	ENSG00000204397	CARD16
ENSG00000204406.12	ENSG00000204406	MBD5
ENSG00000204410.14	ENSG00000204410	MSH5
ENSG00000204427.11	ENSG00000204427	ABHD16A
ENSG00000204428.12	ENSG00000204428	LY6G5C
ENSG00000204435.13	ENSG00000204435	CSNK2B
ENSG00000204438.10	ENSG00000204438	GPANK1
ENSG00000204439.3	ENSG00000204439	C6orf47
ENSG00000204442.3	ENSG00000204442	FAM155A
ENSG00000204444.10	ENSG00000204444	APOM
ENSG00000204463.12	ENSG00000204463	BAG6
ENSG00000204469.12	ENSG00000204469	PRRC2A
ENSG00000204472.12	ENSG00000204472	AIF1
ENSG00000204482.10	ENSG00000204482	LST1
ENSG00000204498.10	ENSG00000204498	NFKBIL1
ENSG00000204514.9	ENSG00000204514	ZNF814
ENSG00000204516.9	ENSG00000204516	MICB
ENSG00000204519.10	ENSG00000204519	ZNF551
ENSG00000204520.12	ENSG00000204520	MICA
ENSG00000204524.6	ENSG00000204524	ZNF805
ENSG00000204525.16	ENSG00000204525	HLA-C
ENSG00000204536.13	ENSG00000204536	CCHCR1
ENSG00000204560.9	ENSG00000204560	DHX16
ENSG00000204564.11	ENSG00000204564	C6orf136
ENSG00000204568.11	ENSG00000204568	MRPS18B
ENSG00000204569.9	ENSG00000204569	PPP1R10
ENSG00000204574.12	ENSG00000204574	ABCF1
ENSG00000204576.11	ENSG00000204576	PRR3
ENSG00000204577.11	ENSG00000204577	LILRB3
ENSG00000204580.13	ENSG00000204580	DDR1
ENSG00000204588.5	ENSG00000204588	LINC01123
ENSG00000204590.12	ENSG00000204590	GNL1
ENSG00000204592.8	ENSG00000204592	HLA-E
ENSG00000204599.14	ENSG00000204599	TRIM39
ENSG00000204604.9	ENSG00000204604	ZNF468
ENSG00000204611.6	ENSG00000204611	ZNF616
ENSG00000204619.7	ENSG00000204619	PPP1R11
ENSG00000204623.9	ENSG00000204623	ZNRD1ASP
ENSG00000204624.7	ENSG00000204624	DISP3
ENSG00000204628.11	ENSG00000204628	RACK1
ENSG00000204634.12	ENSG00000204634	TBC1D8
ENSG00000204642.13	ENSG00000204642	HLA-F
ENSG00000204650.14	ENSG00000204650	LINC02210
ENSG00000204653.9	ENSG00000204653	ASPDH
ENSG00000204655.11	ENSG00000204655	MOG
ENSG00000204673.10	ENSG00000204673	AKT1S1
ENSG00000204677.10	ENSG00000204677	FAM153C
ENSG00000204681.10	ENSG00000204681	GABBR1
ENSG00000204682.5	ENSG00000204682	CASC10
ENSG00000204685.6	ENSG00000204685	STARD7-AS1
ENSG00000204713.10	ENSG00000204713	TRIM27
ENSG00000204740.10	ENSG00000204740	MALRD1
ENSG00000204745.3	ENSG00000204745	AC083899.1
ENSG00000204764.13	ENSG00000204764	RANBP17
ENSG00000204767.3	ENSG00000204767	FAM196B
ENSG00000204779.2	ENSG00000204779	FOXD4L5
ENSG00000204789.4	ENSG00000204789	ZNF204P
ENSG00000204802.3	ENSG00000204802	AL590399.1
ENSG00000204815.9	ENSG00000204815	TTC25
ENSG00000204822.6	ENSG00000204822	MRPL53
ENSG00000204837.4	ENSG00000204837	FGF7P3
ENSG00000204839.8	ENSG00000204839	MROH6
ENSG00000204842.14	ENSG00000204842	ATXN2
ENSG00000204843.12	ENSG00000204843	DCTN1
ENSG00000204851.6	ENSG00000204851	PNMA8B
ENSG00000204852.15	ENSG00000204852	TCTN1
ENSG00000204856.11	ENSG00000204856	FAM216A
ENSG00000204859.12	ENSG00000204859	ZBTB48
ENSG00000204860.4	ENSG00000204860	FAM201A
ENSG00000204869.8	ENSG00000204869	IGFL4
ENSG00000204899.5	ENSG00000204899	MZT1
ENSG00000204920.10	ENSG00000204920	ZNF155
ENSG00000204922.4	ENSG00000204922	UQCC3
ENSG00000204923.3	ENSG00000204923	FBXO48
ENSG00000204934.10	ENSG00000204934	ATP6V0E2-AS1
ENSG00000204946.9	ENSG00000204946	ZNF783
ENSG00000204947.8	ENSG00000204947	ZNF425
ENSG00000204950.3	ENSG00000204950	LRRC10B
ENSG00000204954.9	ENSG00000204954	C12orf73
ENSG00000204956.5	ENSG00000204956	PCDHGA1
ENSG00000204959.4	ENSG00000204959	ARHGEF34P
ENSG00000204961.6	ENSG00000204961	PCDHA9
ENSG00000204962.5	ENSG00000204962	PCDHA8
ENSG00000204963.5	ENSG00000204963	PCDHA7
ENSG00000204965.8	ENSG00000204965	PCDHA5
ENSG00000204967.10	ENSG00000204967	PCDHA4
ENSG00000204969.6	ENSG00000204969	PCDHA2
ENSG00000204970.9	ENSG00000204970	PCDHA1
ENSG00000204977.9	ENSG00000204977	TRIM13
ENSG00000204991.10	ENSG00000204991	SPIRE2
ENSG00000205002.3	ENSG00000205002	AARD
ENSG00000205018.2	ENSG00000205018	AC092384.1
ENSG00000205035.8	ENSG00000205035	AC136759.1
ENSG00000205060.10	ENSG00000205060	SLC35B4
ENSG00000205084.10	ENSG00000205084	TMEM231
ENSG00000205085.11	ENSG00000205085	FAM71F2
ENSG00000205089.7	ENSG00000205089	CCNI2
ENSG00000205090.8	ENSG00000205090	TMEM240
ENSG00000205106.4	ENSG00000205106	DKFZp779M0652
ENSG00000205116.3	ENSG00000205116	TMEM88B
ENSG00000205129.8	ENSG00000205129	C4orf47
ENSG00000205133.11	ENSG00000205133	TRIQK
ENSG00000205138.3	ENSG00000205138	SDHAF1
ENSG00000205155.7	ENSG00000205155	PSENEN
ENSG00000205181.5	ENSG00000205181	LINC00654
ENSG00000205189.11	ENSG00000205189	ZBTB10
ENSG00000205208.4	ENSG00000205208	C4orf46
ENSG00000205213.13	ENSG00000205213	LGR4
ENSG00000205220.11	ENSG00000205220	PSMB10
ENSG00000205221.12	ENSG00000205221	VIT
ENSG00000205236.6	ENSG00000205236	AC105052.1
ENSG00000205250.8	ENSG00000205250	E2F4
ENSG00000205268.10	ENSG00000205268	PDE7A
ENSG00000205269.5	ENSG00000205269	TMEM170B
ENSG00000205277.9	ENSG00000205277	MUC12
ENSG00000205279.8	ENSG00000205279	CTXN3
ENSG00000205302.6	ENSG00000205302	SNX2
ENSG00000205309.13	ENSG00000205309	NT5M
ENSG00000205323.8	ENSG00000205323	SARNP
ENSG00000205336.11	ENSG00000205336	ADGRG1
ENSG00000205339.9	ENSG00000205339	IPO7
ENSG00000205352.10	ENSG00000205352	PRR13
ENSG00000205356.9	ENSG00000205356	TECPR1
ENSG00000205358.3	ENSG00000205358	MT1H
ENSG00000205362.11	ENSG00000205362	MT1A
ENSG00000205363.5	ENSG00000205363	C15orf59
ENSG00000205364.3	ENSG00000205364	MT1M
ENSG00000205403.12	ENSG00000205403	CFI
ENSG00000205413.7	ENSG00000205413	SAMD9
ENSG00000205423.11	ENSG00000205423	CNEP1R1
ENSG00000205464.11	ENSG00000205464	ATP6AP1L
ENSG00000205476.8	ENSG00000205476	CCDC85C
ENSG00000205485.13	ENSG00000205485	AC004980.1
ENSG00000205488.8	ENSG00000205488	CALML3-AS1
ENSG00000205517.12	ENSG00000205517	RGL3
ENSG00000205531.12	ENSG00000205531	NAP1L4
ENSG00000205534.6	ENSG00000205534	SMG1P2
ENSG00000205542.10	ENSG00000205542	TMSB4X
ENSG00000205544.3	ENSG00000205544	TMEM256
ENSG00000205560.12	ENSG00000205560	CPT1B
ENSG00000205562.2	ENSG00000205562	AL049775.1
ENSG00000205571.13	ENSG00000205571	SMN2
ENSG00000205572.9	ENSG00000205572	SERF1B
ENSG00000205581.10	ENSG00000205581	HMGN1
ENSG00000205583.13	ENSG00000205583	STAG3L1
ENSG00000205593.11	ENSG00000205593	DENND6B
ENSG00000205609.12	ENSG00000205609	EIF3CL
ENSG00000205611.4	ENSG00000205611	LINC01597
ENSG00000205629.11	ENSG00000205629	LCMT1
ENSG00000205643.10	ENSG00000205643	CDPF1
ENSG00000205659.10	ENSG00000205659	LIN52
ENSG00000205663.5	ENSG00000205663	FAM239B
ENSG00000205664.10	ENSG00000205664	BX890604.1
ENSG00000205670.10	ENSG00000205670	SMIM11A
ENSG00000205683.11	ENSG00000205683	DPF3
ENSG00000205702.10	ENSG00000205702	CYP2D7
ENSG00000205704.6	ENSG00000205704	LINC00634
ENSG00000205707.10	ENSG00000205707	ETFRF1
ENSG00000205710.3	ENSG00000205710	C17orf107
ENSG00000205726.14	ENSG00000205726	ITSN1
ENSG00000205730.6	ENSG00000205730	ITPRIPL2
ENSG00000205740.2	ENSG00000205740	AL359878.1
ENSG00000205744.9	ENSG00000205744	DENND1C
ENSG00000205746.9	ENSG00000205746	AC126755.1
ENSG00000205758.11	ENSG00000205758	CRYZL1
ENSG00000205763.13	ENSG00000205763	RP9P
ENSG00000205765.8	ENSG00000205765	C5orf51
ENSG00000205771.6	ENSG00000205771	CATSPER2P1
ENSG00000205791.3	ENSG00000205791	LOH12CR2
ENSG00000205795.4	ENSG00000205795	CYS1
ENSG00000205808.5	ENSG00000205808	PLPP6
ENSG00000205832.7	ENSG00000205832	C16orf96
ENSG00000205838.13	ENSG00000205838	TTC23L
ENSG00000205885.7	ENSG00000205885	C1RL-AS1
ENSG00000205903.6	ENSG00000205903	ZNF316
ENSG00000205927.4	ENSG00000205927	OLIG2
ENSG00000205930.8	ENSG00000205930	C21orf62-AS1
ENSG00000205937.11	ENSG00000205937	RNPS1
ENSG00000205959.3	ENSG00000205959	AC105345.1
ENSG00000205978.5	ENSG00000205978	NYNRIN
ENSG00000205981.6	ENSG00000205981	DNAJC19
ENSG00000206052.10	ENSG00000206052	DOK6
ENSG00000206053.12	ENSG00000206053	JPT2
ENSG00000206077.10	ENSG00000206077	ZDHHC11B
ENSG00000206120.11	ENSG00000206120	EGFEM1P
ENSG00000206140.10	ENSG00000206140	TMEM191C
ENSG00000206149.10	ENSG00000206149	HERC2P9
ENSG00000206172.8	ENSG00000206172	HBA1
ENSG00000206190.11	ENSG00000206190	ATP10A
ENSG00000206195.10	ENSG00000206195	DUXAP8
ENSG00000206337.10	ENSG00000206337	HCP5
ENSG00000206341.7	ENSG00000206341	HLA-H
ENSG00000206344.7	ENSG00000206344	HCG27
ENSG00000206417.8	ENSG00000206417	H1FX-AS1
ENSG00000206418.3	ENSG00000206418	RAB12
ENSG00000206432.4	ENSG00000206432	TMEM200C
ENSG00000206503.12	ENSG00000206503	HLA-A
ENSG00000206527.9	ENSG00000206527	HACD2
ENSG00000206530.10	ENSG00000206530	CFAP44
ENSG00000206535.7	ENSG00000206535	LNP1
ENSG00000206538.8	ENSG00000206538	VGLL3
ENSG00000206557.5	ENSG00000206557	TRIM71
ENSG00000206559.7	ENSG00000206559	ZCWPW2
ENSG00000206560.11	ENSG00000206560	ANKRD28
ENSG00000206561.12	ENSG00000206561	COLQ
ENSG00000206562.11	ENSG00000206562	METTL6
ENSG00000206573.8	ENSG00000206573	THUMPD3-AS1
ENSG00000206579.8	ENSG00000206579	XKR4
ENSG00000206588.1	ENSG00000206588	RNU1-28P
ENSG00000206596.1	ENSG00000206596	RNU1-27P
ENSG00000206652.1	ENSG00000206652	RNU1-1
ENSG00000206737.1	ENSG00000206737	RNVU1-18
ENSG00000207005.1	ENSG00000207005	RNU1-2
ENSG00000207389.1	ENSG00000207389	RNU1-4
ENSG00000207513.1	ENSG00000207513	RNU1-3
ENSG00000207955.5	ENSG00000207955	MIR219A2
ENSG00000209082.1	ENSG00000209082	MT-TL1
ENSG00000210082.2	ENSG00000210082	MT-RNR2
ENSG00000210112.1	ENSG00000210112	MT-TM
ENSG00000210196.2	ENSG00000210196	MT-TP
ENSG00000211445.11	ENSG00000211445	GPX3
ENSG00000211448.11	ENSG00000211448	DIO2
ENSG00000211450.9	ENSG00000211450	SELENOH
ENSG00000211454.13	ENSG00000211454	AKR7L
ENSG00000211455.7	ENSG00000211455	STK38L
ENSG00000211456.10	ENSG00000211456	SACM1L
ENSG00000211459.2	ENSG00000211459	MT-RNR1
ENSG00000211460.11	ENSG00000211460	TSN
ENSG00000211584.13	ENSG00000211584	SLC48A1
ENSG00000211643.2	ENSG00000211643	IGLV5-52
ENSG00000211644.3	ENSG00000211644	IGLV1-51
ENSG00000211689.7	ENSG00000211689	TRGC1
ENSG00000211772.11	ENSG00000211772	TRBC2
ENSG00000212123.3	ENSG00000212123	PRR22
ENSG00000212127.5	ENSG00000212127	TAS2R14
ENSG00000212232.1	ENSG00000212232	SNORD17
ENSG00000212643.2	ENSG00000212643	ZRSR1
ENSG00000212694.8	ENSG00000212694	LINC01089
ENSG00000212719.10	ENSG00000212719	C17orf51
ENSG00000212743.2	ENSG00000212743	AL137145.1
ENSG00000212747.4	ENSG00000212747	RTL8B
ENSG00000212864.3	ENSG00000212864	RNF208
ENSG00000212907.2	ENSG00000212907	MT-ND4L
ENSG00000212916.4	ENSG00000212916	MAP10
ENSG00000212978.6	ENSG00000212978	AC016747.1
ENSG00000213015.8	ENSG00000213015	ZNF580
ENSG00000213020.9	ENSG00000213020	ZNF611
ENSG00000213023.10	ENSG00000213023	SYT3
ENSG00000213024.11	ENSG00000213024	NUP62
ENSG00000213047.12	ENSG00000213047	DENND1B
ENSG00000213062.4	ENSG00000213062	AL021068.1
ENSG00000213064.9	ENSG00000213064	SFT2D2
ENSG00000213066.11	ENSG00000213066	FGFR1OP
ENSG00000213073.4	ENSG00000213073	AL353625.1
ENSG00000213079.9	ENSG00000213079	SCAF8
ENSG00000213088.9	ENSG00000213088	ACKR1
ENSG00000213096.10	ENSG00000213096	ZNF254
ENSG00000213123.10	ENSG00000213123	TCTEX1D2
ENSG00000213144.2	ENSG00000213144	AC084880.1
ENSG00000213145.9	ENSG00000213145	CRIP1
ENSG00000213160.9	ENSG00000213160	KLHL23
ENSG00000213185.6	ENSG00000213185	FAM24B
ENSG00000213186.7	ENSG00000213186	TRIM59
ENSG00000213190.3	ENSG00000213190	MLLT11
ENSG00000213199.7	ENSG00000213199	ASIC3
ENSG00000213203.2	ENSG00000213203	GIMAP1
ENSG00000213213.13	ENSG00000213213	CCDC183
ENSG00000213221.4	ENSG00000213221	DNLZ
ENSG00000213225.7	ENSG00000213225	NOC2LP1
ENSG00000213240.8	ENSG00000213240	AC239799.1
ENSG00000213246.6	ENSG00000213246	SUPT4H1
ENSG00000213281.4	ENSG00000213281	NRAS
ENSG00000213297.8	ENSG00000213297	ZNF625-ZNF20
ENSG00000213316.9	ENSG00000213316	LTC4S
ENSG00000213337.8	ENSG00000213337	ANKRD39
ENSG00000213339.8	ENSG00000213339	QTRT1
ENSG00000213341.10	ENSG00000213341	CHUK
ENSG00000213347.10	ENSG00000213347	MXD3
ENSG00000213366.12	ENSG00000213366	GSTM2
ENSG00000213380.14	ENSG00000213380	COG8
ENSG00000213390.10	ENSG00000213390	ARHGAP19
ENSG00000213397.10	ENSG00000213397	HAUS7
ENSG00000213398.7	ENSG00000213398	LCAT
ENSG00000213420.7	ENSG00000213420	GPC2
ENSG00000213424.8	ENSG00000213424	KRT222
ENSG00000213445.9	ENSG00000213445	SIPA1
ENSG00000213462.4	ENSG00000213462	ERV3-1
ENSG00000213463.4	ENSG00000213463	SYNJ2BP
ENSG00000213465.7	ENSG00000213465	ARL2
ENSG00000213468.5	ENSG00000213468	FIRRE
ENSG00000213516.9	ENSG00000213516	RBMXL1
ENSG00000213523.10	ENSG00000213523	SRA1
ENSG00000213533.11	ENSG00000213533	TMEM110
ENSG00000213551.4	ENSG00000213551	DNAJC9
ENSG00000213563.6	ENSG00000213563	C8orf82
ENSG00000213578.5	ENSG00000213578	CPLX3
ENSG00000213585.10	ENSG00000213585	VDAC1
ENSG00000213588.5	ENSG00000213588	ZBTB9
ENSG00000213593.9	ENSG00000213593	TMX2
ENSG00000213599.10	ENSG00000213599	SLX1A-SULT1A3
ENSG00000213614.9	ENSG00000213614	HEXA
ENSG00000213619.9	ENSG00000213619	NDUFS3
ENSG00000213625.8	ENSG00000213625	LEPROT
ENSG00000213626.11	ENSG00000213626	LBH
ENSG00000213638.5	ENSG00000213638	ADAT3
ENSG00000213639.9	ENSG00000213639	PPP1CB
ENSG00000213648.10	ENSG00000213648	SULT1A4
ENSG00000213654.9	ENSG00000213654	GPSM3
ENSG00000213658.11	ENSG00000213658	LAT
ENSG00000213672.7	ENSG00000213672	NCKIPSD
ENSG00000213676.10	ENSG00000213676	ATF6B
ENSG00000213689.11	ENSG00000213689	TREX1
ENSG00000213694.3	ENSG00000213694	S1PR3
ENSG00000213699.8	ENSG00000213699	SLC35F6
ENSG00000213719.8	ENSG00000213719	CLIC1
ENSG00000213722.8	ENSG00000213722	DDAH2
ENSG00000213741.9	ENSG00000213741	RPS29
ENSG00000213742.6	ENSG00000213742	ZNF337-AS1
ENSG00000213753.10	ENSG00000213753	CENPBD1P1
ENSG00000213760.10	ENSG00000213760	ATP6V1G2
ENSG00000213762.11	ENSG00000213762	ZNF134
ENSG00000213780.10	ENSG00000213780	GTF2H4
ENSG00000213782.7	ENSG00000213782	DDX47
ENSG00000213793.5	ENSG00000213793	ZNF888
ENSG00000213799.11	ENSG00000213799	ZNF845
ENSG00000213846.5	ENSG00000213846	AC098614.1
ENSG00000213853.9	ENSG00000213853	EMP2
ENSG00000213859.4	ENSG00000213859	KCTD11
ENSG00000213865.7	ENSG00000213865	C8orf44
ENSG00000213888.3	ENSG00000213888	LINC01521
ENSG00000213889.10	ENSG00000213889	PPM1N
ENSG00000213903.8	ENSG00000213903	LTB4R
ENSG00000213904.8	ENSG00000213904	LIPE-AS1
ENSG00000213906.9	ENSG00000213906	LTB4R2
ENSG00000213918.10	ENSG00000213918	DNASE1
ENSG00000213920.8	ENSG00000213920	MDP1
ENSG00000213923.11	ENSG00000213923	CSNK1E
ENSG00000213928.8	ENSG00000213928	IRF9
ENSG00000213930.11	ENSG00000213930	GALT
ENSG00000213937.3	ENSG00000213937	CLDN9
ENSG00000213949.8	ENSG00000213949	ITGA1
ENSG00000213963.6	ENSG00000213963	AC019080.1
ENSG00000213965.3	ENSG00000213965	NUDT19
ENSG00000213967.10	ENSG00000213967	ZNF726
ENSG00000213973.8	ENSG00000213973	ZNF99
ENSG00000213977.7	ENSG00000213977	TAX1BP3
ENSG00000213983.11	ENSG00000213983	AP1G2
ENSG00000213995.11	ENSG00000213995	NAXD
ENSG00000213999.15	ENSG00000213999	MEF2B
ENSG00000214013.9	ENSG00000214013	GANC
ENSG00000214021.15	ENSG00000214021	TTLL3
ENSG00000214022.11	ENSG00000214022	REPIN1
ENSG00000214026.10	ENSG00000214026	MRPL23
ENSG00000214029.4	ENSG00000214029	ZNF891
ENSG00000214046.8	ENSG00000214046	SMIM7
ENSG00000214050.7	ENSG00000214050	FBXO16
ENSG00000214063.10	ENSG00000214063	TSPAN4
ENSG00000214076.3	ENSG00000214076	CPSF1P1
ENSG00000214078.12	ENSG00000214078	CPNE1
ENSG00000214087.8	ENSG00000214087	ARL16
ENSG00000214106.7	ENSG00000214106	PAXIP1-AS2
ENSG00000214113.10	ENSG00000214113	LYRM4
ENSG00000214114.8	ENSG00000214114	MYCBP
ENSG00000214135.8	ENSG00000214135	AC132008.2
ENSG00000214140.10	ENSG00000214140	PRCD
ENSG00000214160.9	ENSG00000214160	ALG3
ENSG00000214174.8	ENSG00000214174	AMZ2P1
ENSG00000214176.9	ENSG00000214176	PLEKHM1P1
ENSG00000214189.8	ENSG00000214189	ZNF788
ENSG00000214193.10	ENSG00000214193	SH3D21
ENSG00000214194.8	ENSG00000214194	SMIM30
ENSG00000214198.8	ENSG00000214198	TTC41P
ENSG00000214212.8	ENSG00000214212	C19orf38
ENSG00000214216.10	ENSG00000214216	IQCJ
ENSG00000214226.8	ENSG00000214226	C17orf67
ENSG00000214253.8	ENSG00000214253	FIS1
ENSG00000214265.11	ENSG00000214265	AC124312.1
ENSG00000214274.9	ENSG00000214274	ANG
ENSG00000214279.13	ENSG00000214279	SCART1
ENSG00000214290.8	ENSG00000214290	COLCA2
ENSG00000214293.8	ENSG00000214293	APTR
ENSG00000214309.4	ENSG00000214309	MBLAC1
ENSG00000214331.8	ENSG00000214331	AC009053.1
ENSG00000214338.10	ENSG00000214338	SOGA3
ENSG00000214353.7	ENSG00000214353	VAC14-AS1
ENSG00000214357.8	ENSG00000214357	NEURL1B
ENSG00000214367.7	ENSG00000214367	HAUS3
ENSG00000214376.5	ENSG00000214376	VSTM5
ENSG00000214401.4	ENSG00000214401	KANSL1-AS1
ENSG00000214402.6	ENSG00000214402	LCNL1
ENSG00000214413.7	ENSG00000214413	BBIP1
ENSG00000214425.7	ENSG00000214425	LRRC37A4P
ENSG00000214435.7	ENSG00000214435	AS3MT
ENSG00000214439.3	ENSG00000214439	FAM185BP
ENSG00000214447.4	ENSG00000214447	FAM187A
ENSG00000214456.8	ENSG00000214456	PLIN5
ENSG00000214491.8	ENSG00000214491	SEC14L6
ENSG00000214517.9	ENSG00000214517	PPME1
ENSG00000214530.8	ENSG00000214530	STARD10
ENSG00000214548.14	ENSG00000214548	MEG3
ENSG00000214562.14	ENSG00000214562	NUTM2D
ENSG00000214575.9	ENSG00000214575	CPEB1
ENSG00000214595.11	ENSG00000214595	EML6
ENSG00000214652.5	ENSG00000214652	ZNF727
ENSG00000214654.7	ENSG00000214654	AL161911.1
ENSG00000214655.10	ENSG00000214655	ZSWIM8
ENSG00000214688.5	ENSG00000214688	C10orf105
ENSG00000214694.10	ENSG00000214694	ARHGEF33
ENSG00000214706.10	ENSG00000214706	IFRD2
ENSG00000214717.11	ENSG00000214717	ZBED1
ENSG00000214717.11_PAR_Y	ENSG00000214717	ZBED1
ENSG00000214719.11	ENSG00000214719	AC005562.1
ENSG00000214736.7	ENSG00000214736	TOMM6
ENSG00000214753.2	ENSG00000214753	HNRNPUL2
ENSG00000214756.7	ENSG00000214756	METTL12
ENSG00000214765.8	ENSG00000214765	SEPT7P2
ENSG00000214776.11	ENSG00000214776	AC092821.1
ENSG00000214783.9	ENSG00000214783	POLR2J4
ENSG00000214796.8	ENSG00000214796	AC098934.1
ENSG00000214827.9	ENSG00000214827	MTCP1
ENSG00000214837.8	ENSG00000214837	LINC01347
ENSG00000214842.5	ENSG00000214842	RAD51AP2
ENSG00000214870.8	ENSG00000214870	AC004540.1
ENSG00000214922.9	ENSG00000214922	HLA-F-AS1
ENSG00000214940.8	ENSG00000214940	NPIPA8
ENSG00000214941.7	ENSG00000214941	ZSWIM7
ENSG00000214944.9	ENSG00000214944	ARHGEF28
ENSG00000214960.9	ENSG00000214960	ISPD
ENSG00000215012.8	ENSG00000215012	RTL10
ENSG00000215014.4	ENSG00000215014	AL645728.1
ENSG00000215018.9	ENSG00000215018	COL28A1
ENSG00000215021.8	ENSG00000215021	PHB2
ENSG00000215039.6	ENSG00000215039	CD27-AS1
ENSG00000215041.9	ENSG00000215041	NEURL4
ENSG00000215045.8	ENSG00000215045	GRID2IP
ENSG00000215067.9	ENSG00000215067	ALOX12-AS1
ENSG00000215105.4	ENSG00000215105	TTC3P1
ENSG00000215114.8	ENSG00000215114	UBXN2B
ENSG00000215126.10	ENSG00000215126	CBWD6
ENSG00000215146.4	ENSG00000215146	BX322639.1
ENSG00000215154.6	ENSG00000215154	AC141586.1
ENSG00000215158.9	ENSG00000215158	AC138409.2
ENSG00000215174.2	ENSG00000215174	NLRP2B
ENSG00000215190.9	ENSG00000215190	LINC00680
ENSG00000215193.12	ENSG00000215193	PEX26
ENSG00000215196.4	ENSG00000215196	AC026790.1
ENSG00000215217.6	ENSG00000215217	C5orf49
ENSG00000215218.3	ENSG00000215218	UBE2QL1
ENSG00000215237.6	ENSG00000215237	AL592293.1
ENSG00000215241.3	ENSG00000215241	LINC02449
ENSG00000215244.2	ENSG00000215244	AL137145.2
ENSG00000215251.3	ENSG00000215251	FASTKD5
ENSG00000215252.11	ENSG00000215252	GOLGA8B
ENSG00000215256.3	ENSG00000215256	DHRS4-AS1
ENSG00000215271.7	ENSG00000215271	HOMEZ
ENSG00000215301.9	ENSG00000215301	DDX3X
ENSG00000215302.8	ENSG00000215302	AC127502.1
ENSG00000215305.9	ENSG00000215305	VPS16
ENSG00000215374.5	ENSG00000215374	FAM66B
ENSG00000215375.6	ENSG00000215375	MYL5
ENSG00000215386.11	ENSG00000215386	MIR99AHG
ENSG00000215397.3	ENSG00000215397	SCRT2
ENSG00000215421.9	ENSG00000215421	ZNF407
ENSG00000215424.9	ENSG00000215424	MCM3AP-AS1
ENSG00000215440.11	ENSG00000215440	NPEPL1
ENSG00000215447.7	ENSG00000215447	BX322557.1
ENSG00000215472.10	ENSG00000215472	RPL17-C18orf32
ENSG00000215475.4	ENSG00000215475	SIAH3
ENSG00000215483.10	ENSG00000215483	LINC00598
ENSG00000215559.8	ENSG00000215559	ANKRD20A11P
ENSG00000215612.7	ENSG00000215612	HMX1
ENSG00000215630.6	ENSG00000215630	GUSBP9
ENSG00000215695.1	ENSG00000215695	RSC1A1
ENSG00000215712.10	ENSG00000215712	TMEM242
ENSG00000215717.5	ENSG00000215717	TMEM167B
ENSG00000215769.8	ENSG00000215769	ARHGAP27P1-BPTFP1-KPNA2P3
ENSG00000215788.9	ENSG00000215788	TNFRSF25
ENSG00000215790.6	ENSG00000215790	SLC35E2
ENSG00000215845.10	ENSG00000215845	TSTD1
ENSG00000215861.5	ENSG00000215861	AC245297.1
ENSG00000215883.10	ENSG00000215883	CYB5RL
ENSG00000215908.10	ENSG00000215908	CROCCP2
ENSG00000215912.12	ENSG00000215912	TTC34
ENSG00000215915.9	ENSG00000215915	ATAD3C
ENSG00000216490.3	ENSG00000216490	IFI30
ENSG00000216775.2	ENSG00000216775	AL109918.1
ENSG00000216863.9	ENSG00000216863	LY86-AS1
ENSG00000216895.9	ENSG00000216895	AC009403.1
ENSG00000216901.1	ENSG00000216901	ZNF603P
ENSG00000216921.7	ENSG00000216921	AC131097.2
ENSG00000216937.13	ENSG00000216937	CCDC7
ENSG00000217128.11	ENSG00000217128	FNIP1
ENSG00000217236.1	ENSG00000217236	SP9
ENSG00000217555.12	ENSG00000217555	CKLF
ENSG00000217648.1	ENSG00000217648	AL136116.3
ENSG00000217801.9	ENSG00000217801	AL390719.1
ENSG00000217929.4	ENSG00000217929	CICP18
ENSG00000217930.7	ENSG00000217930	PAM16
ENSG00000218227.3	ENSG00000218227	AC136632.1
ENSG00000218336.8	ENSG00000218336	TENM3
ENSG00000218416.4	ENSG00000218416	PP14571
ENSG00000218510.7	ENSG00000218510	LINC00339
ENSG00000218672.1	ENSG00000218672	AC008060.1
ENSG00000218739.9	ENSG00000218739	CEBPZOS
ENSG00000218891.4	ENSG00000218891	ZNF579
ENSG00000219200.11	ENSG00000219200	RNASEK
ENSG00000219438.8	ENSG00000219438	FAM19A5
ENSG00000219481.10	ENSG00000219481	NBPF1
ENSG00000219545.11	ENSG00000219545	UMAD1
ENSG00000219607.3	ENSG00000219607	PPP1R3G
ENSG00000219626.8	ENSG00000219626	FAM228B
ENSG00000219665.8	ENSG00000219665	AC008770.1
ENSG00000220008.3	ENSG00000220008	LINGO3
ENSG00000220201.7	ENSG00000220201	ZGLP1
ENSG00000220205.8	ENSG00000220205	VAMP2
ENSG00000220323.3	ENSG00000220323	AC239868.1
ENSG00000220563.1	ENSG00000220563	PKMP3
ENSG00000220575.7	ENSG00000220575	HTR5A-AS1
ENSG00000220785.7	ENSG00000220785	MTMR9LP
ENSG00000220804.8	ENSG00000220804	LINC01881
ENSG00000220848.4	ENSG00000220848	RPS18P9
ENSG00000221817.9	ENSG00000221817	PPP3CB-AS1
ENSG00000221821.3	ENSG00000221821	C6orf226
ENSG00000221823.10	ENSG00000221823	PPP3R1
ENSG00000221829.9	ENSG00000221829	FANCG
ENSG00000221838.9	ENSG00000221838	AP4M1
ENSG00000221843.4	ENSG00000221843	C2orf16
ENSG00000221857.7	ENSG00000221857	AC020907.2
ENSG00000221866.9	ENSG00000221866	PLXNA4
ENSG00000221869.4	ENSG00000221869	CEBPD
ENSG00000221870.2	ENSG00000221870	TMEM257
ENSG00000221882.3	ENSG00000221882	OR3A2
ENSG00000221883.2	ENSG00000221883	ARIH2OS
ENSG00000221886.3	ENSG00000221886	ZBED8
ENSG00000221890.3	ENSG00000221890	NPTXR
ENSG00000221909.2	ENSG00000221909	FAM200A
ENSG00000221914.9	ENSG00000221914	PPP2R2A
ENSG00000221916.3	ENSG00000221916	C19orf73
ENSG00000221923.8	ENSG00000221923	ZNF880
ENSG00000221926.11	ENSG00000221926	TRIM16
ENSG00000221944.6	ENSG00000221944	TIGD1
ENSG00000221946.7	ENSG00000221946	FXYD7
ENSG00000221947.7	ENSG00000221947	XKR9
ENSG00000221955.10	ENSG00000221955	SLC12A8
ENSG00000221963.5	ENSG00000221963	APOL6
ENSG00000221968.8	ENSG00000221968	FADS3
ENSG00000221978.11	ENSG00000221978	CCNL2
ENSG00000221983.7	ENSG00000221983	UBA52
ENSG00000221986.6	ENSG00000221986	MYBPHL
ENSG00000221988.12	ENSG00000221988	PPT2
ENSG00000221990.4	ENSG00000221990	EXOC3-AS1
ENSG00000221994.10	ENSG00000221994	ZNF630
ENSG00000221995.5	ENSG00000221995	TIAF1
ENSG00000222009.8	ENSG00000222009	BTBD19
ENSG00000222011.8	ENSG00000222011	FAM185A
ENSG00000222014.5	ENSG00000222014	RAB6C
ENSG00000222041.10	ENSG00000222041	CYTOR
ENSG00000222328.1	ENSG00000222328	RNU2-2P
ENSG00000223396.3	ENSG00000223396	RPS10P7
ENSG00000223459.5	ENSG00000223459	TCAF1P1
ENSG00000223482.7	ENSG00000223482	NUTM2A-AS1
ENSG00000223496.2	ENSG00000223496	EXOSC6
ENSG00000223501.8	ENSG00000223501	VPS52
ENSG00000223508.5	ENSG00000223508	RPL23AP53
ENSG00000223509.8	ENSG00000223509	AC135983.2
ENSG00000223546.6	ENSG00000223546	LINC00630
ENSG00000223547.9	ENSG00000223547	ZNF844
ENSG00000223572.9	ENSG00000223572	CKMT1A
ENSG00000223573.6	ENSG00000223573	TINCR
ENSG00000223591.5	ENSG00000223591	CENPVL1
ENSG00000223705.9	ENSG00000223705	NSUN5P1
ENSG00000223745.7	ENSG00000223745	CCDC18-AS1
ENSG00000223797.5	ENSG00000223797	ENTPD3-AS1
ENSG00000223802.7	ENSG00000223802	CERS1
ENSG00000223804.5	ENSG00000223804	AC244669.1
ENSG00000223812.6	ENSG00000223812	AC073365.1
ENSG00000223839.7	ENSG00000223839	FAM95B1
ENSG00000223855.1	ENSG00000223855	HRAT92
ENSG00000223865.10	ENSG00000223865	HLA-DPB1
ENSG00000223891.5	ENSG00000223891	OSER1-AS1
ENSG00000223953.5	ENSG00000223953	C1QTNF5
ENSG00000223959.8	ENSG00000223959	AFG3L1P
ENSG00000223960.6	ENSG00000223960	AC009948.1
ENSG00000223963.2	ENSG00000223963	THAP12P8
ENSG00000224023.10	ENSG00000224023	FLJ37035
ENSG00000224032.6	ENSG00000224032	EPB41L4A-AS1
ENSG00000224043.7	ENSG00000224043	CCNT2-AS1
ENSG00000224051.6	ENSG00000224051	CPTP
ENSG00000224078.13	ENSG00000224078	SNHG14
ENSG00000224081.8	ENSG00000224081	SLC44A3-AS1
ENSG00000224116.6	ENSG00000224116	INHBA-AS1
ENSG00000224152.1	ENSG00000224152	AC009506.1
ENSG00000224165.5	ENSG00000224165	DNAJC27-AS1
ENSG00000224189.6	ENSG00000224189	HAGLR
ENSG00000224222.1	ENSG00000224222	AC024601.1
ENSG00000224223.1	ENSG00000224223	VSTM2A-OT1
ENSG00000224243.1	ENSG00000224243	LINC00403
ENSG00000224271.5	ENSG00000224271	AL117329.1
ENSG00000224272.2	ENSG00000224272	AC131097.3
ENSG00000224281.4	ENSG00000224281	SLC25A5-AS1
ENSG00000224287.2	ENSG00000224287	MSL3P1
ENSG00000224318.5	ENSG00000224318	CHL1-AS2
ENSG00000224383.7	ENSG00000224383	PRR29
ENSG00000224389.8	ENSG00000224389	C4B
ENSG00000224420.3	ENSG00000224420	ADM5
ENSG00000224424.7	ENSG00000224424	PRKAR2A-AS1
ENSG00000224430.2	ENSG00000224430	MKRN5P
ENSG00000224470.7	ENSG00000224470	ATXN1L
ENSG00000224479.6	ENSG00000224479	AC104162.1
ENSG00000224531.5	ENSG00000224531	SMIM13
ENSG00000224536.2	ENSG00000224536	AC096677.1
ENSG00000224578.4	ENSG00000224578	HNRNPA1P48
ENSG00000224592.5	ENSG00000224592	AL139158.2
ENSG00000224596.7	ENSG00000224596	ZMIZ1-AS1
ENSG00000224597.9	ENSG00000224597	SVIL-AS1
ENSG00000224660.1	ENSG00000224660	SH3BP5-AS1
ENSG00000224699.8	ENSG00000224699	LAMTOR5-AS1
ENSG00000224712.12	ENSG00000224712	NPIPA3
ENSG00000224728.1	ENSG00000224728	IMPDH1P8
ENSG00000224769.1	ENSG00000224769	MUC20P1
ENSG00000224786.2	ENSG00000224786	CETN4P
ENSG00000224795.1	ENSG00000224795	NTM-AS1
ENSG00000224812.2	ENSG00000224812	TMEM72-AS1
ENSG00000224819.1	ENSG00000224819	AC093843.1
ENSG00000224848.1	ENSG00000224848	AL589843.1
ENSG00000224870.6	ENSG00000224870	AL391244.1
ENSG00000224877.3	ENSG00000224877	NDUFAF8
ENSG00000224888.4	ENSG00000224888	AC138028.2
ENSG00000224897.6	ENSG00000224897	POT1-AS1
ENSG00000224905.6	ENSG00000224905	AP001347.1
ENSG00000224914.3	ENSG00000224914	LINC00863
ENSG00000224924.6	ENSG00000224924	LINC00320
ENSG00000224940.8	ENSG00000224940	PRRT4
ENSG00000224945.1	ENSG00000224945	AL353150.1
ENSG00000224957.5	ENSG00000224957	LINC01266
ENSG00000224982.3	ENSG00000224982	TMEM233
ENSG00000225014.1	ENSG00000225014	KCTD9P1
ENSG00000225096.2	ENSG00000225096	AL445250.1
ENSG00000225110.2	ENSG00000225110	PNMA6F
ENSG00000225125.2	ENSG00000225125	RANP4
ENSG00000225138.7	ENSG00000225138	SLC9A3-AS1
ENSG00000225151.10	ENSG00000225151	GOLGA2P7
ENSG00000225174.1	ENSG00000225174	OSTM1-AS1
ENSG00000225177.5	ENSG00000225177	AL590617.2
ENSG00000225190.10	ENSG00000225190	PLEKHM1
ENSG00000225194.2	ENSG00000225194	LINC00092
ENSG00000225206.8	ENSG00000225206	MIR137HG
ENSG00000225210.9	ENSG00000225210	DUXAP9
ENSG00000225217.1	ENSG00000225217	HSPA7
ENSG00000225264.3	ENSG00000225264	ZNRF2P2
ENSG00000225265.1	ENSG00000225265	TAF1A-AS1
ENSG00000225302.2	ENSG00000225302	AC023283.1
ENSG00000225339.3	ENSG00000225339	AL354740.1
ENSG00000225342.2	ENSG00000225342	AC079630.1
ENSG00000225345.3	ENSG00000225345	SNX18P3
ENSG00000225361.3	ENSG00000225361	PPP1R26-AS1
ENSG00000225377.5	ENSG00000225377	NRSN2-AS1
ENSG00000225383.7	ENSG00000225383	SFTA1P
ENSG00000225439.2	ENSG00000225439	BOLA3-AS1
ENSG00000225449.3	ENSG00000225449	RAB6C-AS1
ENSG00000225465.8	ENSG00000225465	RFPL1S
ENSG00000225470.7	ENSG00000225470	JPX
ENSG00000225472.1	ENSG00000225472	AL136366.1
ENSG00000225484.6	ENSG00000225484	NUTM2B-AS1
ENSG00000225554.1	ENSG00000225554	AL359764.1
ENSG00000225614.2	ENSG00000225614	ZNF469
ENSG00000225630.1	ENSG00000225630	MTND2P28
ENSG00000225648.5	ENSG00000225648	SBDSP1
ENSG00000225663.7	ENSG00000225663	MCRIP1
ENSG00000225684.3	ENSG00000225684	FAM225B
ENSG00000225697.12	ENSG00000225697	SLC26A6
ENSG00000225706.1	ENSG00000225706	PTPRD-AS1
ENSG00000225733.5	ENSG00000225733	FGD5-AS1
ENSG00000225746.9	ENSG00000225746	MEG8
ENSG00000225778.5	ENSG00000225778	PROSER2-AS1
ENSG00000225783.6	ENSG00000225783	MIAT
ENSG00000225791.6	ENSG00000225791	TRAM2-AS1
ENSG00000225828.1	ENSG00000225828	FAM229A
ENSG00000225830.12	ENSG00000225830	ERCC6
ENSG00000225872.3	ENSG00000225872	LINC01529
ENSG00000225880.5	ENSG00000225880	LINC00115
ENSG00000225889.7	ENSG00000225889	AC012368.1
ENSG00000225921.6	ENSG00000225921	NOL7
ENSG00000225953.2	ENSG00000225953	SATB2-AS1
ENSG00000225968.7	ENSG00000225968	ELFN1
ENSG00000225972.1	ENSG00000225972	MTND1P23
ENSG00000225973.3	ENSG00000225973	PIGBOS1
ENSG00000225975.6	ENSG00000225975	LINC01534
ENSG00000225978.3	ENSG00000225978	HAR1A
ENSG00000226049.3	ENSG00000226049	AC123769.1
ENSG00000226067.6	ENSG00000226067	LINC00623
ENSG00000226085.3	ENSG00000226085	UQCRFS1P1
ENSG00000226107.1	ENSG00000226107	AC004383.1
ENSG00000226124.6	ENSG00000226124	FTCDNL1
ENSG00000226137.5	ENSG00000226137	BAIAP2-AS1
ENSG00000226180.3	ENSG00000226180	AC010536.1
ENSG00000226200.6	ENSG00000226200	SGMS1-AS1
ENSG00000226210.3	ENSG00000226210	AC215219.1
ENSG00000226259.10	ENSG00000226259	GTF2H2B
ENSG00000226266.6	ENSG00000226266	AC009961.1
ENSG00000226287.8	ENSG00000226287	TMEM191A
ENSG00000226308.1	ENSG00000226308	AL122058.1
ENSG00000226314.7	ENSG00000226314	ZNF192P1
ENSG00000226318.1	ENSG00000226318	RPS3AP38
ENSG00000226328.6	ENSG00000226328	NUP50-AS1
ENSG00000226380.9	ENSG00000226380	AC016831.1
ENSG00000226419.7	ENSG00000226419	SLC16A1-AS1
ENSG00000226435.10	ENSG00000226435	ANKRD18DP
ENSG00000226445.1	ENSG00000226445	BX322234.1
ENSG00000226476.3	ENSG00000226476	LINC01748
ENSG00000226479.3	ENSG00000226479	TMEM185B
ENSG00000226650.5	ENSG00000226650	KIF4B
ENSG00000226686.7	ENSG00000226686	LINC01535
ENSG00000226688.6	ENSG00000226688	ENTPD1-AS1
ENSG00000226696.5	ENSG00000226696	LENG8-AS1
ENSG00000226711.6	ENSG00000226711	FAM66C
ENSG00000226721.2	ENSG00000226721	EEF1DP2
ENSG00000226725.2	ENSG00000226725	PABPC1L2B-AS1
ENSG00000226742.3	ENSG00000226742	HSBP1L1
ENSG00000226752.9	ENSG00000226752	PSMD5-AS1
ENSG00000226864.2	ENSG00000226864	ATE1-AS1
ENSG00000226887.7	ENSG00000226887	ERVMER34-1
ENSG00000226891.7	ENSG00000226891	LINC01359
ENSG00000226950.6	ENSG00000226950	DANCR
ENSG00000227036.6	ENSG00000227036	LINC00511
ENSG00000227039.6	ENSG00000227039	ITGB2-AS1
ENSG00000227051.6	ENSG00000227051	C14orf132
ENSG00000227057.9	ENSG00000227057	WDR46
ENSG00000227082.1	ENSG00000227082	AC244021.1
ENSG00000227110.6	ENSG00000227110	LMCD1-AS1
ENSG00000227115.7	ENSG00000227115	LINC01630
ENSG00000227124.8	ENSG00000227124	ZNF717
ENSG00000227165.7	ENSG00000227165	WDR11-AS1
ENSG00000227191.8	ENSG00000227191	TRGC2
ENSG00000227199.1	ENSG00000227199	ST7-AS1
ENSG00000227232.5	ENSG00000227232	WASH7P
ENSG00000227252.1	ENSG00000227252	AC105760.2
ENSG00000227268.3	ENSG00000227268	KLLN
ENSG00000227345.8	ENSG00000227345	PARG
ENSG00000227354.6	ENSG00000227354	RBM26-AS1
ENSG00000227372.11	ENSG00000227372	TP73-AS1
ENSG00000227388.2	ENSG00000227388	AL133410.1
ENSG00000227398.3	ENSG00000227398	KIF9-AS1
ENSG00000227449.8	ENSG00000227449	FGF7P6
ENSG00000227500.9	ENSG00000227500	SCAMP4
ENSG00000227533.5	ENSG00000227533	SLC2A1-AS1
ENSG00000227544.8	ENSG00000227544	AC018647.1
ENSG00000227640.2	ENSG00000227640	SOX21-AS1
ENSG00000227671.4	ENSG00000227671	AL390728.4
ENSG00000227733.9	ENSG00000227733	AC239809.3
ENSG00000227811.2	ENSG00000227811	FAM212B-AS1
ENSG00000227825.4	ENSG00000227825	SLC9A7P1
ENSG00000227827.3	ENSG00000227827	AC138969.2
ENSG00000227835.8	ENSG00000227835	CARM1P1
ENSG00000227855.3	ENSG00000227855	DPY19L2P3
ENSG00000227888.4	ENSG00000227888	FAM66A
ENSG00000227906.7	ENSG00000227906	SNAP25-AS1
ENSG00000227946.1	ENSG00000227946	AC007383.2
ENSG00000227953.6	ENSG00000227953	LINC01341
ENSG00000227986.1	ENSG00000227986	TRIM60P18
ENSG00000228016.1	ENSG00000228016	RAPGEF4-AS1
ENSG00000228049.7	ENSG00000228049	POLR2J2
ENSG00000228058.1	ENSG00000228058	LINC01736
ENSG00000228063.1	ENSG00000228063	LYPLAL1-AS1
ENSG00000228109.1	ENSG00000228109	MELTF-AS1
ENSG00000228175.3	ENSG00000228175	GEMIN8P4
ENSG00000228203.6	ENSG00000228203	RNF144A-AS1
ENSG00000228223.3	ENSG00000228223	HCG11
ENSG00000228238.1	ENSG00000228238	AL096803.1
ENSG00000228253.1	ENSG00000228253	MT-ATP8
ENSG00000228274.3	ENSG00000228274	AL021707.2
ENSG00000228288.6	ENSG00000228288	PCAT6
ENSG00000228300.13	ENSG00000228300	C19orf24
ENSG00000228314.1	ENSG00000228314	CYP4F29P
ENSG00000228315.11	ENSG00000228315	GUSBP11
ENSG00000228327.3	ENSG00000228327	AL669831.1
ENSG00000228376.3	ENSG00000228376	GAS2L1P2
ENSG00000228408.6	ENSG00000228408	AL031056.1
ENSG00000228409.6	ENSG00000228409	CCT6P1
ENSG00000228412.7	ENSG00000228412	AL022068.1
ENSG00000228439.5	ENSG00000228439	TSTD3
ENSG00000228451.3	ENSG00000228451	SDAD1P1
ENSG00000228463.10	ENSG00000228463	AP006222.1
ENSG00000228474.5	ENSG00000228474	OST4
ENSG00000228484.1	ENSG00000228484	AL137025.1
ENSG00000228486.10	ENSG00000228486	LINC01125
ENSG00000228526.6	ENSG00000228526	MIR34AHG
ENSG00000228528.1	ENSG00000228528	AC068057.1
ENSG00000228544.1	ENSG00000228544	CCDC183-AS1
ENSG00000228594.3	ENSG00000228594	FNDC10
ENSG00000228623.5	ENSG00000228623	ZNF883
ENSG00000228624.7	ENSG00000228624	HDAC2-AS2
ENSG00000228638.1	ENSG00000228638	FCF1P2
ENSG00000228672.3	ENSG00000228672	PROB1
ENSG00000228696.8	ENSG00000228696	ARL17B
ENSG00000228716.6	ENSG00000228716	DHFR
ENSG00000228775.7	ENSG00000228775	WEE2-AS1
ENSG00000228782.7	ENSG00000228782	MRPL45P2
ENSG00000228794.8	ENSG00000228794	LINC01128
ENSG00000228798.1	ENSG00000228798	AP000473.1
ENSG00000228801.5	ENSG00000228801	AC064807.1
ENSG00000228824.6	ENSG00000228824	MIR4500HG
ENSG00000228878.7	ENSG00000228878	SEPT7-AS1
ENSG00000228903.7	ENSG00000228903	RASA4CP
ENSG00000228956.8	ENSG00000228956	SATB1-AS1
ENSG00000228971.2	ENSG00000228971	AL356479.1
ENSG00000229018.5	ENSG00000229018	PMS2P7
ENSG00000229036.7	ENSG00000229036	VDAC1P8
ENSG00000229043.2	ENSG00000229043	AC091729.3
ENSG00000229089.7	ENSG00000229089	ANKRD20A8P
ENSG00000229116.2	ENSG00000229116	AL137026.1
ENSG00000229117.8	ENSG00000229117	RPL41
ENSG00000229127.1	ENSG00000229127	AC007038.1
ENSG00000229146.2	ENSG00000229146	SNX18P4
ENSG00000229178.1	ENSG00000229178	AC233280.1
ENSG00000229180.6	ENSG00000229180	AC006001.3
ENSG00000229203.1	ENSG00000229203	AC103564.1
ENSG00000229212.7	ENSG00000229212	AC044860.1
ENSG00000229222.1	ENSG00000229222	KRT18P4
ENSG00000229320.3	ENSG00000229320	KRT8P12
ENSG00000229321.1	ENSG00000229321	AC008269.1
ENSG00000229358.3	ENSG00000229358	DPY19L1P1
ENSG00000229419.1	ENSG00000229419	RALGAPA1P1
ENSG00000229422.1	ENSG00000229422	AL512625.2
ENSG00000229425.2	ENSG00000229425	AJ009632.2
ENSG00000229544.8	ENSG00000229544	NKX1-2
ENSG00000229619.3	ENSG00000229619	MBNL1-AS1
ENSG00000229644.6	ENSG00000229644	NAMPTP1
ENSG00000229689.3	ENSG00000229689	AC009237.3
ENSG00000229715.4	ENSG00000229715	EEF1DP3
ENSG00000229727.6	ENSG00000229727	AC013460.1
ENSG00000229739.2	ENSG00000229739	AL596220.1
ENSG00000229807.10	ENSG00000229807	XIST
ENSG00000229809.8	ENSG00000229809	ZNF688
ENSG00000229816.1	ENSG00000229816	DDX50P1
ENSG00000229833.9	ENSG00000229833	PET100
ENSG00000229847.8	ENSG00000229847	EMX2OS
ENSG00000229852.2	ENSG00000229852	AC019205.2
ENSG00000229891.1	ENSG00000229891	LINC01315
ENSG00000229931.1	ENSG00000229931	AL137003.1
ENSG00000229980.4	ENSG00000229980	TOB1-AS1
ENSG00000229989.3	ENSG00000229989	MIR181A1HG
ENSG00000230006.7	ENSG00000230006	ANKRD36BP2
ENSG00000230074.1	ENSG00000230074	AL162231.2
ENSG00000230084.5	ENSG00000230084	AC006059.1
ENSG00000230091.6	ENSG00000230091	TMEM254-AS1
ENSG00000230092.7	ENSG00000230092	AL669831.4
ENSG00000230124.6	ENSG00000230124	ACBD6
ENSG00000230267.7	ENSG00000230267	HERC2P4
ENSG00000230269.6	ENSG00000230269	LINC02525
ENSG00000230314.6	ENSG00000230314	ELOVL2-AS1
ENSG00000230359.5	ENSG00000230359	TPI1P2
ENSG00000230373.8	ENSG00000230373	GOLGA6L5P
ENSG00000230393.1	ENSG00000230393	AC092667.1
ENSG00000230409.3	ENSG00000230409	TCEA1P2
ENSG00000230415.1	ENSG00000230415	LINC01786
ENSG00000230417.11	ENSG00000230417	LINC00595
ENSG00000230424.1	ENSG00000230424	AL035413.1
ENSG00000230438.6	ENSG00000230438	SERPINB9P1
ENSG00000230445.4	ENSG00000230445	LRRC37A6P
ENSG00000230453.9	ENSG00000230453	ANKRD18B
ENSG00000230461.8	ENSG00000230461	PROX1-AS1
ENSG00000230487.7	ENSG00000230487	PSMG3-AS1
ENSG00000230510.6	ENSG00000230510	PPP5D1
ENSG00000230513.1	ENSG00000230513	THAP7-AS1
ENSG00000230530.1	ENSG00000230530	LIMD1-AS1
ENSG00000230551.4	ENSG00000230551	AC021078.1
ENSG00000230555.2	ENSG00000230555	AL450326.1
ENSG00000230590.9	ENSG00000230590	FTX
ENSG00000230606.10	ENSG00000230606	AC092683.1
ENSG00000230615.6	ENSG00000230615	AL139220.2
ENSG00000230701.2	ENSG00000230701	FBXW4P1
ENSG00000230707.1	ENSG00000230707	AL589987.1
ENSG00000230715.3	ENSG00000230715	AC018638.2
ENSG00000230724.9	ENSG00000230724	LINC01001
ENSG00000230772.1	ENSG00000230772	VN1R108P
ENSG00000230793.1	ENSG00000230793	SMARCE1P5
ENSG00000230797.2	ENSG00000230797	YY2
ENSG00000230844.2	ENSG00000230844	ZNF674-AS1
ENSG00000230882.1	ENSG00000230882	AC005077.4
ENSG00000230910.2	ENSG00000230910	AL391807.1
ENSG00000230939.1	ENSG00000230939	AL591475.1
ENSG00000230989.6	ENSG00000230989	HSBP1
ENSG00000230992.3	ENSG00000230992	FAM201B
ENSG00000231007.5	ENSG00000231007	CDC20P1
ENSG00000231028.8	ENSG00000231028	LINC00271
ENSG00000231064.7	ENSG00000231064	AC234582.1
ENSG00000231074.8	ENSG00000231074	HCG18
ENSG00000231133.6	ENSG00000231133	HAR1B
ENSG00000231160.9	ENSG00000231160	KLF3-AS1
ENSG00000231177.4	ENSG00000231177	LINC00852
ENSG00000231187.2	ENSG00000231187	AL356056.2
ENSG00000231205.11	ENSG00000231205	ZNF826P
ENSG00000231233.1	ENSG00000231233	CFAP58-AS1
ENSG00000231252.2	ENSG00000231252	AC099792.1
ENSG00000231259.4	ENSG00000231259	AC125232.1
ENSG00000231312.6	ENSG00000231312	AC007388.1
ENSG00000231327.1	ENSG00000231327	LINC01816
ENSG00000231365.5	ENSG00000231365	AL359915.2
ENSG00000231389.7	ENSG00000231389	HLA-DPA1
ENSG00000231437.3	ENSG00000231437	LINC01750
ENSG00000231500.6	ENSG00000231500	RPS18
ENSG00000231528.2	ENSG00000231528	FAM225A
ENSG00000231533.1	ENSG00000231533	AL078601.2
ENSG00000231551.8	ENSG00000231551	AC245100.4
ENSG00000231584.8	ENSG00000231584	FAHD2CP
ENSG00000231595.1	ENSG00000231595	AC005224.1
ENSG00000231607.10	ENSG00000231607	DLEU2
ENSG00000231609.5	ENSG00000231609	AC009501.1
ENSG00000231615.2	ENSG00000231615	AL645568.2
ENSG00000231652.2	ENSG00000231652	AL590428.1
ENSG00000231672.6	ENSG00000231672	DIRC3
ENSG00000231690.2	ENSG00000231690	LINC00574
ENSG00000231711.2	ENSG00000231711	LINC00899
ENSG00000231721.6	ENSG00000231721	LINC-PINT
ENSG00000231752.5	ENSG00000231752	EMBP1
ENSG00000231754.2	ENSG00000231754	AL512380.1
ENSG00000231764.8	ENSG00000231764	DLX6-AS1
ENSG00000231768.1	ENSG00000231768	LINC01354
ENSG00000231770.5	ENSG00000231770	TMEM44-AS1
ENSG00000231784.8	ENSG00000231784	DBIL5P
ENSG00000231852.6	ENSG00000231852	CYP21A2
ENSG00000231856.2	ENSG00000231856	AL162377.1
ENSG00000231889.7	ENSG00000231889	TRAF3IP2-AS1
ENSG00000231920.1	ENSG00000231920	NEBL-AS1
ENSG00000231925.11	ENSG00000231925	TAPBP
ENSG00000231963.1	ENSG00000231963	AL662864.1
ENSG00000231995.2	ENSG00000231995	AL590399.4
ENSG00000231999.6	ENSG00000231999	FLJ27354
ENSG00000232024.2	ENSG00000232024	LSM12P1
ENSG00000232040.2	ENSG00000232040	ZBED9
ENSG00000232044.6	ENSG00000232044	LINC01105
ENSG00000232063.1	ENSG00000232063	AL691447.2
ENSG00000232098.3	ENSG00000232098	AC012313.1
ENSG00000232104.3	ENSG00000232104	RFX3-AS1
ENSG00000232112.3	ENSG00000232112	TMA7
ENSG00000232119.7	ENSG00000232119	MCTS1
ENSG00000232160.6	ENSG00000232160	RAP2C-AS1
ENSG00000232229.5	ENSG00000232229	LINC00865
ENSG00000232233.1	ENSG00000232233	LINC02043
ENSG00000232310.6	ENSG00000232310	AL078590.3
ENSG00000232334.1	ENSG00000232334	AL683842.1
ENSG00000232352.1	ENSG00000232352	SEMA3B-AS1
ENSG00000232388.4	ENSG00000232388	SMIM26
ENSG00000232433.2	ENSG00000232433	GXYLT1P3
ENSG00000232434.2	ENSG00000232434	C9orf172
ENSG00000232442.1	ENSG00000232442	MHENCR
ENSG00000232453.6	ENSG00000232453	AC105277.1
ENSG00000232503.1	ENSG00000232503	CYCSP8
ENSG00000232520.1	ENSG00000232520	AC012507.2
ENSG00000232527.7	ENSG00000232527	AC245595.1
ENSG00000232528.3	ENSG00000232528	AL109809.1
ENSG00000232533.1	ENSG00000232533	AC093673.1
ENSG00000232593.7	ENSG00000232593	KANTR
ENSG00000232626.3	ENSG00000232626	AC099336.1
ENSG00000232653.8	ENSG00000232653	GOLGA8N
ENSG00000232656.7	ENSG00000232656	IDI2-AS1
ENSG00000232677.6	ENSG00000232677	LINC00665
ENSG00000232780.2	ENSG00000232780	GAPDHP74
ENSG00000232818.2	ENSG00000232818	RPS2P32
ENSG00000232838.3	ENSG00000232838	PET117
ENSG00000232852.1	ENSG00000232852	CICP4
ENSG00000232859.9	ENSG00000232859	LYRM9
ENSG00000232872.2	ENSG00000232872	CTAGE3P
ENSG00000232903.2	ENSG00000232903	LINC01166
ENSG00000232931.5	ENSG00000232931	LINC00342
ENSG00000232956.8	ENSG00000232956	SNHG15
ENSG00000232973.11	ENSG00000232973	CYP1B1-AS1
ENSG00000232977.6	ENSG00000232977	LINC00327
ENSG00000233006.6	ENSG00000233006	MIR3936HG
ENSG00000233013.10	ENSG00000233013	FAM157B
ENSG00000233016.6	ENSG00000233016	SNHG7
ENSG00000233024.7	ENSG00000233024	AC126755.2
ENSG00000233058.1	ENSG00000233058	LINC00884
ENSG00000233087.7	ENSG00000233087	WTH3DI
ENSG00000233098.8	ENSG00000233098	CCDC144NL-AS1
ENSG00000233121.1	ENSG00000233121	VN1R20P
ENSG00000233123.1	ENSG00000233123	LINC01007
ENSG00000233175.2	ENSG00000233175	AC008105.1
ENSG00000233184.6	ENSG00000233184	AC093157.1
ENSG00000233223.2	ENSG00000233223	AC016876.1
ENSG00000233237.6	ENSG00000233237	LINC00472
ENSG00000233251.7	ENSG00000233251	AC007743.1
ENSG00000233276.3	ENSG00000233276	GPX1
ENSG00000233297.4	ENSG00000233297	RASA4DP
ENSG00000233327.10	ENSG00000233327	USP32P2
ENSG00000233369.7	ENSG00000233369	GTF2IP4
ENSG00000233382.6	ENSG00000233382	NKAPP1
ENSG00000233393.1	ENSG00000233393	AP000688.2
ENSG00000233396.7	ENSG00000233396	LINC01719
ENSG00000233426.3	ENSG00000233426	EIF3FP3
ENSG00000233435.2	ENSG00000233435	AGGF1P2
ENSG00000233452.6	ENSG00000233452	STXBP5-AS1
ENSG00000233469.1	ENSG00000233469	ST6GALNAC4P1
ENSG00000233487.6	ENSG00000233487	RPSAP69
ENSG00000233508.2	ENSG00000233508	AL021395.1
ENSG00000233527.8	ENSG00000233527	ZNF529-AS1
ENSG00000233542.1	ENSG00000233542	AL391845.2
ENSG00000233579.1	ENSG00000233579	KRT8P15
ENSG00000233593.8	ENSG00000233593	AL590094.1
ENSG00000233621.1	ENSG00000233621	LINC01137
ENSG00000233639.5	ENSG00000233639	LINC01158
ENSG00000233642.1	ENSG00000233642	GPR158-AS1
ENSG00000233654.1	ENSG00000233654	AC108047.1
ENSG00000233670.6	ENSG00000233670	PIRT
ENSG00000233705.6	ENSG00000233705	SLC26A4-AS1
ENSG00000233723.7	ENSG00000233723	LINC01122
ENSG00000233757.6	ENSG00000233757	AC092835.1
ENSG00000233820.2	ENSG00000233820	AL589843.2
ENSG00000233822.4	ENSG00000233822	HIST1H2BN
ENSG00000233836.7	ENSG00000233836	AC139769.1
ENSG00000233901.5	ENSG00000233901	LINC01503
ENSG00000233927.4	ENSG00000233927	RPS28
ENSG00000233930.3	ENSG00000233930	KRTAP5-AS1
ENSG00000233932.4	ENSG00000233932	CTXN2
ENSG00000233937.6	ENSG00000233937	AC008443.1
ENSG00000234043.3	ENSG00000234043	NUDT9P1
ENSG00000234056.1	ENSG00000234056	LINC00463
ENSG00000234062.7	ENSG00000234062	AL390879.2
ENSG00000234072.1	ENSG00000234072	AC074117.1
ENSG00000234127.8	ENSG00000234127	TRIM26
ENSG00000234171.2	ENSG00000234171	RNASEH1-AS1
ENSG00000234177.5	ENSG00000234177	LINC01114
ENSG00000234224.2	ENSG00000234224	TMEM229A
ENSG00000234231.3	ENSG00000234231	AC093616.1
ENSG00000234284.6	ENSG00000234284	ZNF879
ENSG00000234327.7	ENSG00000234327	AC012146.1
ENSG00000234336.6	ENSG00000234336	JAZF1-AS1
ENSG00000234345.2	ENSG00000234345	AC234782.4
ENSG00000234377.7	ENSG00000234377	RNF219-AS1
ENSG00000234390.4	ENSG00000234390	USP27X-AS1
ENSG00000234420.7	ENSG00000234420	ZNF37BP
ENSG00000234423.1	ENSG00000234423	LINC01250
ENSG00000234432.4	ENSG00000234432	AC092171.3
ENSG00000234444.9	ENSG00000234444	ZNF736
ENSG00000234449.2	ENSG00000234449	FAM239A
ENSG00000234456.7	ENSG00000234456	MAGI2-AS3
ENSG00000234465.10	ENSG00000234465	PINLYP
ENSG00000234473.1	ENSG00000234473	ZNF101P2
ENSG00000234494.7	ENSG00000234494	SP2-AS1
ENSG00000234545.7	ENSG00000234545	FAM133B
ENSG00000234585.6	ENSG00000234585	CCT6P3
ENSG00000234608.7	ENSG00000234608	MAPKAPK5-AS1
ENSG00000234614.1	ENSG00000234614	AL450992.2
ENSG00000234616.8	ENSG00000234616	JRK
ENSG00000234684.6	ENSG00000234684	SDCBP2-AS1
ENSG00000234688.1	ENSG00000234688	AL049749.1
ENSG00000234719.8	ENSG00000234719	NPIPB2
ENSG00000234741.7	ENSG00000234741	GAS5
ENSG00000234745.10	ENSG00000234745	HLA-B
ENSG00000234769.7	ENSG00000234769	WASH4P
ENSG00000234771.3	ENSG00000234771	SLC25A25-AS1
ENSG00000234773.7	ENSG00000234773	AC012618.3
ENSG00000234851.4	ENSG00000234851	RPL23AP42
ENSG00000234857.2	ENSG00000234857	HNRNPUL2-BSCL2
ENSG00000234882.1	ENSG00000234882	EIF3EP1
ENSG00000234899.9	ENSG00000234899	SOX9-AS1
ENSG00000234906.9	ENSG00000234906	APOC2
ENSG00000234912.11	ENSG00000234912	SNHG20
ENSG00000234965.2	ENSG00000234965	SHISA8
ENSG00000234996.4	ENSG00000234996	AC098934.2
ENSG00000235026.5	ENSG00000235026	DPP10-AS1
ENSG00000235034.6	ENSG00000235034	C19orf81
ENSG00000235072.2	ENSG00000235072	AC012074.1
ENSG00000235092.5	ENSG00000235092	ID2-AS1
ENSG00000235098.8	ENSG00000235098	ANKRD65
ENSG00000235106.9	ENSG00000235106	LINC00094
ENSG00000235109.7	ENSG00000235109	ZSCAN31
ENSG00000235162.8	ENSG00000235162	C12orf75
ENSG00000235169.7	ENSG00000235169	SMIM1
ENSG00000235173.6	ENSG00000235173	HGH1
ENSG00000235194.8	ENSG00000235194	PPP1R3E
ENSG00000235217.6	ENSG00000235217	TSPY26P
ENSG00000235257.8	ENSG00000235257	ITGA9-AS1
ENSG00000235296.1	ENSG00000235296	AC145207.1
ENSG00000235310.1	ENSG00000235310	GXYLT1P6
ENSG00000235314.1	ENSG00000235314	LINC00957
ENSG00000235316.1	ENSG00000235316	DUSP8P5
ENSG00000235370.6	ENSG00000235370	DNM1P51
ENSG00000235374.2	ENSG00000235374	SSR4P1
ENSG00000235387.2	ENSG00000235387	SPAAR
ENSG00000235421.1	ENSG00000235421	AC114501.2
ENSG00000235423.8	ENSG00000235423	AC068768.1
ENSG00000235436.10	ENSG00000235436	DPY19L2P4
ENSG00000235437.7	ENSG00000235437	LINC01278
ENSG00000235453.9	ENSG00000235453	SMIM27
ENSG00000235478.4	ENSG00000235478	LINC01664
ENSG00000235501.5	ENSG00000235501	AC105942.1
ENSG00000235513.1	ENSG00000235513	AL035681.1
ENSG00000235531.9	ENSG00000235531	MSC-AS1
ENSG00000235560.3	ENSG00000235560	AC002310.1
ENSG00000235568.6	ENSG00000235568	NFAM1
ENSG00000235595.1	ENSG00000235595	GAPDHP23
ENSG00000235597.1	ENSG00000235597	LINC01102
ENSG00000235609.7	ENSG00000235609	AF127577.4
ENSG00000235613.2	ENSG00000235613	NSRP1P1
ENSG00000235618.7	ENSG00000235618	FAM21EP
ENSG00000235652.7	ENSG00000235652	AL356599.1
ENSG00000235703.5	ENSG00000235703	LINC00894
ENSG00000235706.7	ENSG00000235706	DICER1-AS1
ENSG00000235711.4	ENSG00000235711	ANKRD34C
ENSG00000235750.9	ENSG00000235750	KIAA0040
ENSG00000235823.2	ENSG00000235823	OLMALINC
ENSG00000235831.6	ENSG00000235831	BHLHE40-AS1
ENSG00000235859.5	ENSG00000235859	AC006978.1
ENSG00000235863.3	ENSG00000235863	B3GALT4
ENSG00000235884.3	ENSG00000235884	LINC00941
ENSG00000235888.1	ENSG00000235888	AF064858.1
ENSG00000235903.7	ENSG00000235903	CPB2-AS1
ENSG00000235919.4	ENSG00000235919	ASH1L-AS1
ENSG00000235944.8	ENSG00000235944	ZNF815P
ENSG00000235954.6	ENSG00000235954	TTC28-AS1
ENSG00000235961.5	ENSG00000235961	PNMA6A
ENSG00000236017.8	ENSG00000236017	ASMTL-AS1
ENSG00000236017.8_PAR_Y	ENSG00000236017	ASMTL-AS1
ENSG00000236021.1	ENSG00000236021	AL359265.3
ENSG00000236064.1	ENSG00000236064	AL034399.2
ENSG00000236088.9	ENSG00000236088	COX10-AS1
ENSG00000236104.2	ENSG00000236104	ZBTB22
ENSG00000236114.1	ENSG00000236114	AL450326.2
ENSG00000236144.6	ENSG00000236144	TMEM147-AS1
ENSG00000236197.3	ENSG00000236197	AC002429.2
ENSG00000236279.6	ENSG00000236279	CLEC2L
ENSG00000236287.7	ENSG00000236287	ZBED5
ENSG00000236333.3	ENSG00000236333	TRHDE-AS1
ENSG00000236358.1	ENSG00000236358	AL355472.3
ENSG00000236404.8	ENSG00000236404	VLDLR-AS1
ENSG00000236432.7	ENSG00000236432	AC097662.1
ENSG00000236438.7	ENSG00000236438	FAM157A
ENSG00000236451.2	ENSG00000236451	AC067956.1
ENSG00000236609.3	ENSG00000236609	ZNF853
ENSG00000236618.2	ENSG00000236618	PITPNA-AS1
ENSG00000236668.2	ENSG00000236668	AC006450.3
ENSG00000236670.1	ENSG00000236670	KRT18P5
ENSG00000236682.1	ENSG00000236682	AC068282.1
ENSG00000236700.5	ENSG00000236700	LINC01010
ENSG00000236753.5	ENSG00000236753	MKLN1-AS
ENSG00000236778.7	ENSG00000236778	INTS6-AS1
ENSG00000236790.5	ENSG00000236790	LINC00299
ENSG00000236810.5	ENSG00000236810	ELOA-AS1
ENSG00000236814.1	ENSG00000236814	AC046176.1
ENSG00000236816.2	ENSG00000236816	ANKRD20A7P
ENSG00000236819.1	ENSG00000236819	LINC01563
ENSG00000236824.2	ENSG00000236824	BCYRN1
ENSG00000236829.9	ENSG00000236829	Z97634.1
ENSG00000236830.6	ENSG00000236830	CBR3-AS1
ENSG00000236859.6	ENSG00000236859	NIFK-AS1
ENSG00000236901.6	ENSG00000236901	MIR600HG
ENSG00000236914.3	ENSG00000236914	LINC01852
ENSG00000236922.9	ENSG00000236922	LINC01378
ENSG00000237004.3	ENSG00000237004	ZNRF2P1
ENSG00000237036.4	ENSG00000237036	ZEB1-AS1
ENSG00000237037.9	ENSG00000237037	NDUFA6-AS1
ENSG00000237094.12	ENSG00000237094	AL732372.2
ENSG00000237149.5	ENSG00000237149	ZNF503-AS2
ENSG00000237161.4	ENSG00000237161	AC068446.1
ENSG00000237166.1	ENSG00000237166	LINC01792
ENSG00000237172.3	ENSG00000237172	B3GNT9
ENSG00000237187.8	ENSG00000237187	NR2F1-AS1
ENSG00000237188.3	ENSG00000237188	AC242426.3
ENSG00000237190.3	ENSG00000237190	CDKN2AIPNL
ENSG00000237238.2	ENSG00000237238	BMS1P10
ENSG00000237248.4	ENSG00000237248	LINC00987
ENSG00000237289.9	ENSG00000237289	CKMT1B
ENSG00000237296.9	ENSG00000237296	SMG1P1
ENSG00000237298.9	ENSG00000237298	TTN-AS1
ENSG00000237310.1	ENSG00000237310	GS1-124K5.4
ENSG00000237406.1	ENSG00000237406	NDUFA9P1
ENSG00000237412.6	ENSG00000237412	PRSS56
ENSG00000237438.7	ENSG00000237438	CECR7
ENSG00000237440.8	ENSG00000237440	ZNF737
ENSG00000237441.9	ENSG00000237441	RGL2
ENSG00000237457.6	ENSG00000237457	LINC01351
ENSG00000237476.1	ENSG00000237476	LINC01637
ENSG00000237489.3	ENSG00000237489	LINC00959
ENSG00000237515.8	ENSG00000237515	SHISA9
ENSG00000237517.9	ENSG00000237517	DGCR5
ENSG00000237522.1	ENSG00000237522	NONOP2
ENSG00000237636.2	ENSG00000237636	ANKRD26P3
ENSG00000237651.6	ENSG00000237651	C2orf74
ENSG00000237686.6	ENSG00000237686	AL109615.3
ENSG00000237720.1	ENSG00000237720	AC011995.2
ENSG00000237737.5	ENSG00000237737	DCTN1-AS1
ENSG00000237753.1	ENSG00000237753	AC079922.2
ENSG00000237765.6	ENSG00000237765	FAM200B
ENSG00000237766.2	ENSG00000237766	GGTA2P
ENSG00000237807.3	ENSG00000237807	AC022034.2
ENSG00000237854.3	ENSG00000237854	LINC00674
ENSG00000237877.6	ENSG00000237877	LINC01473
ENSG00000237943.6	ENSG00000237943	PRKCQ-AS1
ENSG00000237945.7	ENSG00000237945	LINC00649
ENSG00000237949.1	ENSG00000237949	LINC00844
ENSG00000237973.1	ENSG00000237973	MTCO1P12
ENSG00000237975.6	ENSG00000237975	FLG-AS1
ENSG00000237977.1	ENSG00000237977	EIF4HP2
ENSG00000237984.3	ENSG00000237984	PTENP1
ENSG00000237989.1	ENSG00000237989	LINC01679
ENSG00000238035.8	ENSG00000238035	AC138035.1
ENSG00000238083.7	ENSG00000238083	LRRC37A2
ENSG00000238098.9	ENSG00000238098	ABCA17P
ENSG00000238105.7	ENSG00000238105	GOLGA2P5
ENSG00000238142.1	ENSG00000238142	BX284668.5
ENSG00000238197.5	ENSG00000238197	PAXBP1-AS1
ENSG00000238198.1	ENSG00000238198	AL357055.3
ENSG00000238227.7	ENSG00000238227	TMEM250
ENSG00000238243.3	ENSG00000238243	OR2W3
ENSG00000238276.5	ENSG00000238276	AL354863.1
ENSG00000238741.1	ENSG00000238741	SCARNA7
ENSG00000238795.1	ENSG00000238795	SCARNA12
ENSG00000239002.3	ENSG00000239002	SCARNA10
ENSG00000239213.5	ENSG00000239213	NCK1-AS1
ENSG00000239264.8	ENSG00000239264	TXNDC5
ENSG00000239268.2	ENSG00000239268	AC092691.1
ENSG00000239282.7	ENSG00000239282	CASTOR1
ENSG00000239305.6	ENSG00000239305	RNF103
ENSG00000239306.4	ENSG00000239306	RBM14
ENSG00000239332.5	ENSG00000239332	LINC01119
ENSG00000239382.10	ENSG00000239382	ALKBH6
ENSG00000239389.7	ENSG00000239389	PCDHA13
ENSG00000239407.5	ENSG00000239407	Z68871.1
ENSG00000239467.5	ENSG00000239467	AC007405.3
ENSG00000239474.6	ENSG00000239474	KLHL41
ENSG00000239521.7	ENSG00000239521	GATS
ENSG00000239523.5	ENSG00000239523	MYLK-AS1
ENSG00000239626.1	ENSG00000239626	RPSAP41
ENSG00000239665.8	ENSG00000239665	AL157392.3
ENSG00000239672.7	ENSG00000239672	NME1
ENSG00000239697.10	ENSG00000239697	TNFSF12
ENSG00000239704.10	ENSG00000239704	CDRT4
ENSG00000239713.8	ENSG00000239713	APOBEC3G
ENSG00000239779.6	ENSG00000239779	WBP1
ENSG00000239789.5	ENSG00000239789	MRPS17
ENSG00000239857.6	ENSG00000239857	GET4
ENSG00000239883.8	ENSG00000239883	PARGP1
ENSG00000239887.4	ENSG00000239887	C1orf226
ENSG00000239900.12	ENSG00000239900	ADSL
ENSG00000239911.2	ENSG00000239911	PRKAG2-AS1
ENSG00000239922.1	ENSG00000239922	AC092958.1
ENSG00000239961.2	ENSG00000239961	LILRA4
ENSG00000239998.5	ENSG00000239998	LILRA2
ENSG00000240024.5	ENSG00000240024	LINC00888
ENSG00000240038.6	ENSG00000240038	AMY2B
ENSG00000240053.8	ENSG00000240053	LY6G5B
ENSG00000240065.7	ENSG00000240065	PSMB9
ENSG00000240184.6	ENSG00000240184	PCDHGC3
ENSG00000240204.2	ENSG00000240204	SMKR1
ENSG00000240207.6	ENSG00000240207	AC080013.1
ENSG00000240225.10	ENSG00000240225	ZNF542P
ENSG00000240230.5	ENSG00000240230	COX19
ENSG00000240240.8	ENSG00000240240	BX664727.3
ENSG00000240244.3	ENSG00000240244	GAPDHP33
ENSG00000240288.7	ENSG00000240288	GHRLOS
ENSG00000240303.7	ENSG00000240303	ACAD11
ENSG00000240342.3	ENSG00000240342	AC026366.1
ENSG00000240344.8	ENSG00000240344	PPIL3
ENSG00000240356.6	ENSG00000240356	RPL23AP7
ENSG00000240370.6	ENSG00000240370	RPL13P5
ENSG00000240429.1	ENSG00000240429	LRRFIP1P1
ENSG00000240445.3	ENSG00000240445	FOXO3B
ENSG00000240583.11	ENSG00000240583	AQP1
ENSG00000240682.9	ENSG00000240682	ISY1
ENSG00000240694.8	ENSG00000240694	PNMA2
ENSG00000240764.3	ENSG00000240764	PCDHGC5
ENSG00000240771.6	ENSG00000240771	ARHGEF25
ENSG00000240849.10	ENSG00000240849	TMEM189
ENSG00000240857.1	ENSG00000240857	RDH14
ENSG00000240859.1	ENSG00000240859	AC093627.4
ENSG00000240875.5	ENSG00000240875	LINC00886
ENSG00000240891.7	ENSG00000240891	PLCXD2
ENSG00000240972.1	ENSG00000240972	MIF
ENSG00000241015.2	ENSG00000241015	TPM3P9
ENSG00000241058.3	ENSG00000241058	NSUN6
ENSG00000241127.7	ENSG00000241127	YAE1D1
ENSG00000241163.7	ENSG00000241163	LINC00877
ENSG00000241231.1	ENSG00000241231	AC022294.1
ENSG00000241258.6	ENSG00000241258	CRCP
ENSG00000241288.7	ENSG00000241288	AC092902.2
ENSG00000241316.6	ENSG00000241316	SUCLG2-AS1
ENSG00000241343.9	ENSG00000241343	RPL36A
ENSG00000241360.1	ENSG00000241360	PDXP
ENSG00000241370.5	ENSG00000241370	RPP21
ENSG00000241399.6	ENSG00000241399	CD302
ENSG00000241404.6	ENSG00000241404	EGFL8
ENSG00000241468.7	ENSG00000241468	ATP5J2
ENSG00000241472.6	ENSG00000241472	PTPRG-AS1
ENSG00000241484.9	ENSG00000241484	ARHGAP8
ENSG00000241489.7	ENSG00000241489	AC244197.3
ENSG00000241506.1	ENSG00000241506	PSMC1P1
ENSG00000241549.8	ENSG00000241549	GUSBP2
ENSG00000241553.12	ENSG00000241553	ARPC4
ENSG00000241563.3	ENSG00000241563	CORT
ENSG00000241570.8	ENSG00000241570	PAQR9-AS1
ENSG00000241644.2	ENSG00000241644	INMT
ENSG00000241684.5	ENSG00000241684	ADAMTS9-AS2
ENSG00000241685.9	ENSG00000241685	ARPC1A
ENSG00000241697.4	ENSG00000241697	TMEFF1
ENSG00000241769.7	ENSG00000241769	LINC00893
ENSG00000241837.6	ENSG00000241837	ATP5O
ENSG00000241839.9	ENSG00000241839	PLEKHO2
ENSG00000241852.9	ENSG00000241852	C8orf58
ENSG00000241860.6	ENSG00000241860	AL627309.5
ENSG00000241878.11	ENSG00000241878	PISD
ENSG00000241935.8	ENSG00000241935	HOGA1
ENSG00000241945.7	ENSG00000241945	PWP2
ENSG00000241956.9	ENSG00000241956	AC109466.1
ENSG00000241962.9	ENSG00000241962	AC079447.1
ENSG00000241973.10	ENSG00000241973	PI4KA
ENSG00000241978.9	ENSG00000241978	AKAP2
ENSG00000241990.5	ENSG00000241990	PRR34-AS1
ENSG00000242028.6	ENSG00000242028	HYPK
ENSG00000242082.1	ENSG00000242082	SLC5A4-AS1
ENSG00000242086.8	ENSG00000242086	LINC00969
ENSG00000242110.7	ENSG00000242110	AMACR
ENSG00000242114.5	ENSG00000242114	MTFP1
ENSG00000242125.3	ENSG00000242125	SNHG3
ENSG00000242173.8	ENSG00000242173	ARHGDIG
ENSG00000242193.10	ENSG00000242193	AL359075.1
ENSG00000242220.6	ENSG00000242220	TCP10L
ENSG00000242247.10	ENSG00000242247	ARFGAP3
ENSG00000242252.1	ENSG00000242252	BGLAP
ENSG00000242259.8	ENSG00000242259	C22orf39
ENSG00000242265.5	ENSG00000242265	PEG10
ENSG00000242288.9	ENSG00000242288	AC022400.3
ENSG00000242294.6	ENSG00000242294	STAG3L5P
ENSG00000242372.6	ENSG00000242372	EIF6
ENSG00000242419.5	ENSG00000242419	PCDHGC4
ENSG00000242485.5	ENSG00000242485	MRPL20
ENSG00000242498.7	ENSG00000242498	ARPIN
ENSG00000242574.8	ENSG00000242574	HLA-DMB
ENSG00000242588.5	ENSG00000242588	AC108010.1
ENSG00000242612.6	ENSG00000242612	DECR2
ENSG00000242615.1	ENSG00000242615	AC022415.1
ENSG00000242616.3	ENSG00000242616	GNG10
ENSG00000242686.4	ENSG00000242686	AC107464.1
ENSG00000242687.2	ENSG00000242687	AC004893.2
ENSG00000242689.2	ENSG00000242689	CNTF
ENSG00000242715.7	ENSG00000242715	CCDC169
ENSG00000242732.4	ENSG00000242732	RTL5
ENSG00000242759.6	ENSG00000242759	LINC00882
ENSG00000242779.6	ENSG00000242779	ZNF702P
ENSG00000242802.6	ENSG00000242802	AP5Z1
ENSG00000242808.7	ENSG00000242808	SOX2-OT
ENSG00000242852.6	ENSG00000242852	ZNF709
ENSG00000242866.9	ENSG00000242866	STRC
ENSG00000243024.6	ENSG00000243024	AC012158.1
ENSG00000243056.1	ENSG00000243056	EIF4EBP3
ENSG00000243069.7	ENSG00000243069	ARHGEF26-AS1
ENSG00000243147.7	ENSG00000243147	MRPL33
ENSG00000243156.7	ENSG00000243156	MICAL3
ENSG00000243232.4	ENSG00000243232	PCDHAC2
ENSG00000243244.5	ENSG00000243244	STON1
ENSG00000243279.3	ENSG00000243279	PRAF2
ENSG00000243302.3	ENSG00000243302	AC018638.4
ENSG00000243317.7	ENSG00000243317	C7orf73
ENSG00000243335.9	ENSG00000243335	KCTD7
ENSG00000243364.7	ENSG00000243364	EFNA4
ENSG00000243406.6	ENSG00000243406	MRPS31P5
ENSG00000243414.5	ENSG00000243414	TICAM2
ENSG00000243422.2	ENSG00000243422	RPL23AP49
ENSG00000243444.7	ENSG00000243444	PALM2
ENSG00000243449.6	ENSG00000243449	C4orf48
ENSG00000243477.5	ENSG00000243477	NAT6
ENSG00000243509.4	ENSG00000243509	TNFRSF6B
ENSG00000243646.9	ENSG00000243646	IL10RB
ENSG00000243649.8	ENSG00000243649	CFB
ENSG00000243660.9	ENSG00000243660	ZNF487
ENSG00000243667.6	ENSG00000243667	WDR92
ENSG00000243678.11	ENSG00000243678	NME2
ENSG00000243679.1	ENSG00000243679	AC018638.5
ENSG00000243696.4	ENSG00000243696	AC006254.1
ENSG00000243701.5	ENSG00000243701	DUBR
ENSG00000243708.10	ENSG00000243708	PLA2G4B
ENSG00000243709.1	ENSG00000243709	LEFTY1
ENSG00000243710.7	ENSG00000243710	CFAP57
ENSG00000243716.10	ENSG00000243716	NPIPB5
ENSG00000243725.6	ENSG00000243725	TTC4
ENSG00000243749.1	ENSG00000243749	TMEM35B
ENSG00000243753.5	ENSG00000243753	HLA-L
ENSG00000243789.10	ENSG00000243789	JMJD7
ENSG00000243902.6	ENSG00000243902	ELFN2
ENSG00000243927.5	ENSG00000243927	MRPS6
ENSG00000243943.9	ENSG00000243943	ZNF512
ENSG00000243978.8	ENSG00000243978	RTL9
ENSG00000243989.8	ENSG00000243989	ACY1
ENSG00000244005.12	ENSG00000244005	NFS1
ENSG00000244026.6	ENSG00000244026	FAM86DP
ENSG00000244038.9	ENSG00000244038	DDOST
ENSG00000244040.5	ENSG00000244040	IL12A-AS1
ENSG00000244041.7	ENSG00000244041	LINC01011
ENSG00000244045.12	ENSG00000244045	TMEM199
ENSG00000244055.1	ENSG00000244055	AC007566.1
ENSG00000244115.1	ENSG00000244115	DNAJC25-GNG10
ENSG00000244119.1	ENSG00000244119	PDCL3P4
ENSG00000244165.1	ENSG00000244165	P2RY11
ENSG00000244187.7	ENSG00000244187	TMEM141
ENSG00000244219.6	ENSG00000244219	TMEM225B
ENSG00000244242.1	ENSG00000244242	IFITM10
ENSG00000244257.5	ENSG00000244257	PKD1P1
ENSG00000244270.1	ENSG00000244270	AL139099.1
ENSG00000244274.7	ENSG00000244274	DBNDD2
ENSG00000244300.2	ENSG00000244300	GATA2-AS1
ENSG00000244306.10	ENSG00000244306	DUXAP10
ENSG00000244405.7	ENSG00000244405	ETV5
ENSG00000244462.7	ENSG00000244462	RBM12
ENSG00000244486.8	ENSG00000244486	SCARF2
ENSG00000244509.3	ENSG00000244509	APOBEC3C
ENSG00000244560.6	ENSG00000244560	AC004890.2
ENSG00000244607.5	ENSG00000244607	CCDC13
ENSG00000244617.2	ENSG00000244617	ASPRV1
ENSG00000244625.5	ENSG00000244625	MIATNB
ENSG00000244627.5	ENSG00000244627	Z98749.2
ENSG00000244682.7	ENSG00000244682	FCGR2C
ENSG00000244687.11	ENSG00000244687	UBE2V1
ENSG00000244694.7	ENSG00000244694	PTCHD4
ENSG00000244731.7	ENSG00000244731	C4A
ENSG00000244734.3	ENSG00000244734	HBB
ENSG00000244754.8	ENSG00000244754	N4BP2L2
ENSG00000244879.6	ENSG00000244879	GABPB1-AS1
ENSG00000244968.6	ENSG00000244968	LIFR-AS1
ENSG00000245060.6	ENSG00000245060	LINC00847
ENSG00000245146.6	ENSG00000245146	LINC01024
ENSG00000245149.3	ENSG00000245149	RNF139-AS1
ENSG00000245213.6	ENSG00000245213	AC105285.1
ENSG00000245498.6	ENSG00000245498	AP000866.1
ENSG00000245526.10	ENSG00000245526	LINC00461
ENSG00000245532.7	ENSG00000245532	NEAT1
ENSG00000245552.6	ENSG00000245552	AP000787.1
ENSG00000245556.2	ENSG00000245556	SCAMP1-AS1
ENSG00000245571.6	ENSG00000245571	AP001258.1
ENSG00000245573.7	ENSG00000245573	BDNF-AS
ENSG00000245680.9	ENSG00000245680	ZNF585B
ENSG00000245750.7	ENSG00000245750	DRAIC
ENSG00000245848.2	ENSG00000245848	CEBPA
ENSG00000245849.6	ENSG00000245849	RAD51-AS1
ENSG00000245910.8	ENSG00000245910	SNHG6
ENSG00000245937.7	ENSG00000245937	LINC01184
ENSG00000245958.6	ENSG00000245958	AC093752.1
ENSG00000246022.2	ENSG00000246022	ALDH1L1-AS2
ENSG00000246067.7	ENSG00000246067	RAB30-AS1
ENSG00000246089.3	ENSG00000246089	AC016065.1
ENSG00000246100.3	ENSG00000246100	LINC00900
ENSG00000246174.7	ENSG00000246174	KCTD21-AS1
ENSG00000246223.8	ENSG00000246223	LINC01550
ENSG00000246263.2	ENSG00000246263	UBR5-AS1
ENSG00000246273.6	ENSG00000246273	SBF2-AS1
ENSG00000246363.2	ENSG00000246363	LINC02458
ENSG00000246375.2	ENSG00000246375	AC107067.1
ENSG00000246379.6	ENSG00000246379	AC007495.1
ENSG00000246523.7	ENSG00000246523	AP001528.1
ENSG00000246560.2	ENSG00000246560	AC018797.2
ENSG00000246596.6	ENSG00000246596	AC139795.1
ENSG00000246695.7	ENSG00000246695	RASSF8-AS1
ENSG00000246705.4	ENSG00000246705	H2AFJ
ENSG00000246731.2	ENSG00000246731	MGC16275
ENSG00000246922.8	ENSG00000246922	UBAP1L
ENSG00000246982.6	ENSG00000246982	Z84485.1
ENSG00000247077.6	ENSG00000247077	PGAM5
ENSG00000247081.7	ENSG00000247081	BAALC-AS1
ENSG00000247092.6	ENSG00000247092	SNHG10
ENSG00000247095.2	ENSG00000247095	MIR210HG
ENSG00000247121.6	ENSG00000247121	AC009126.1
ENSG00000247134.6	ENSG00000247134	AC090204.1
ENSG00000247137.8	ENSG00000247137	AP000873.2
ENSG00000247157.6	ENSG00000247157	LINC01252
ENSG00000247199.3	ENSG00000247199	AC091948.1
ENSG00000247240.7	ENSG00000247240	UBL7-AS1
ENSG00000247271.6	ENSG00000247271	ZBED5-AS1
ENSG00000247315.3	ENSG00000247315	ZCCHC3
ENSG00000247317.3	ENSG00000247317	AC105202.1
ENSG00000247400.3	ENSG00000247400	DNAJC3-AS1
ENSG00000247516.6	ENSG00000247516	MIR4458HG
ENSG00000247556.6	ENSG00000247556	OIP5-AS1
ENSG00000247572.7	ENSG00000247572	CKMT2-AS1
ENSG00000247596.8	ENSG00000247596	TWF2
ENSG00000247626.4	ENSG00000247626	MARS2
ENSG00000247627.2	ENSG00000247627	MTND4P12
ENSG00000247679.2	ENSG00000247679	AC139795.2
ENSG00000247708.7	ENSG00000247708	STX18-AS1
ENSG00000247728.2	ENSG00000247728	AC091057.1
ENSG00000247735.2	ENSG00000247735	AC120114.1
ENSG00000247746.4	ENSG00000247746	USP51
ENSG00000247765.2	ENSG00000247765	AC068446.2
ENSG00000247774.6	ENSG00000247774	PCED1B-AS1
ENSG00000247796.2	ENSG00000247796	AC008966.1
ENSG00000247828.7	ENSG00000247828	TMEM161B-AS1
ENSG00000247934.4	ENSG00000247934	AC022364.1
ENSG00000247970.2	ENSG00000247970	AL160313.1
ENSG00000248008.2	ENSG00000248008	NRAV
ENSG00000248015.6	ENSG00000248015	AC005329.1
ENSG00000248019.2	ENSG00000248019	FAM13A-AS1
ENSG00000248049.6	ENSG00000248049	UBA6-AS1
ENSG00000248079.2	ENSG00000248079	DPH6-AS1
ENSG00000248092.7	ENSG00000248092	NNT-AS1
ENSG00000248098.11	ENSG00000248098	BCKDHA
ENSG00000248124.7	ENSG00000248124	RRN3P1
ENSG00000248161.5	ENSG00000248161	AC098487.1
ENSG00000248275.1	ENSG00000248275	TRIM52-AS1
ENSG00000248309.7	ENSG00000248309	MEF2C-AS1
ENSG00000248333.8	ENSG00000248333	CDK11B
ENSG00000248334.6	ENSG00000248334	WHAMMP2
ENSG00000248383.4	ENSG00000248383	PCDHAC1
ENSG00000248429.5	ENSG00000248429	AC098679.1
ENSG00000248441.6	ENSG00000248441	LINC01197
ENSG00000248469.1	ENSG00000248469	AC139491.1
ENSG00000248477.6	ENSG00000248477	AC139495.1
ENSG00000248483.6	ENSG00000248483	POU5F2
ENSG00000248485.1	ENSG00000248485	PCP4L1
ENSG00000248487.8	ENSG00000248487	ABHD14A
ENSG00000248508.6	ENSG00000248508	SRP14-AS1
ENSG00000248527.1	ENSG00000248527	MTATP6P1
ENSG00000248540.2	ENSG00000248540	AC010931.2
ENSG00000248587.7	ENSG00000248587	GDNF-AS1
ENSG00000248592.7	ENSG00000248592	TMEM110-MUSTN1
ENSG00000248593.3	ENSG00000248593	DSTNP2
ENSG00000248632.1	ENSG00000248632	AC106872.5
ENSG00000248643.5	ENSG00000248643	RBM14-RBM4
ENSG00000248671.7	ENSG00000248671	ALG1L9P
ENSG00000248713.1	ENSG00000248713	AC083902.2
ENSG00000248738.6	ENSG00000248738	AC037441.1
ENSG00000248858.7	ENSG00000248858	FLJ46284
ENSG00000248859.2	ENSG00000248859	LINC01574
ENSG00000248866.1	ENSG00000248866	USP46-AS1
ENSG00000248890.1	ENSG00000248890	HHIP-AS1
ENSG00000248905.8	ENSG00000248905	FMN1
ENSG00000248919.7	ENSG00000248919	ATP5J2-PTCD1
ENSG00000248932.5	ENSG00000248932	AC097103.2
ENSG00000249042.5	ENSG00000249042	AC008771.1
ENSG00000249087.6	ENSG00000249087	ZNF436-AS1
ENSG00000249109.1	ENSG00000249109	AC140125.2
ENSG00000249115.8	ENSG00000249115	HAUS5
ENSG00000249158.6	ENSG00000249158	PCDHA11
ENSG00000249242.7	ENSG00000249242	TMEM150C
ENSG00000249249.1	ENSG00000249249	AC010226.1
ENSG00000249306.5	ENSG00000249306	LINC01411
ENSG00000249307.5	ENSG00000249307	LINC01088
ENSG00000249335.1	ENSG00000249335	AC093523.1
ENSG00000249348.1	ENSG00000249348	UGDH-AS1
ENSG00000249436.1	ENSG00000249436	AC008780.2
ENSG00000249437.7	ENSG00000249437	NAIP
ENSG00000249456.1	ENSG00000249456	AL731577.2
ENSG00000249459.8	ENSG00000249459	ZNF286B
ENSG00000249471.7	ENSG00000249471	ZNF324B
ENSG00000249550.6	ENSG00000249550	LINC01234
ENSG00000249577.1	ENSG00000249577	AC010424.1
ENSG00000249592.5	ENSG00000249592	AC139887.2
ENSG00000249669.9	ENSG00000249669	CARMN
ENSG00000249673.6	ENSG00000249673	NOP14-AS1
ENSG00000249709.7	ENSG00000249709	ZNF564
ENSG00000249715.11	ENSG00000249715	FER1L5
ENSG00000249751.3	ENSG00000249751	ECSCR
ENSG00000249773.3	ENSG00000249773	AC092647.5
ENSG00000249779.1	ENSG00000249779	AC106800.2
ENSG00000249839.1	ENSG00000249839	AC011330.1
ENSG00000249850.1	ENSG00000249850	KRT18P31
ENSG00000249853.7	ENSG00000249853	HS3ST5
ENSG00000249859.9	ENSG00000249859	PVT1
ENSG00000249884.8	ENSG00000249884	RNF103-CHMP3
ENSG00000249896.2	ENSG00000249896	LINC02495
ENSG00000249898.7	ENSG00000249898	MCPH1-AS1
ENSG00000249915.7	ENSG00000249915	PDCD6
ENSG00000249992.1	ENSG00000249992	TMEM158
ENSG00000250007.6	ENSG00000250007	AC087457.1
ENSG00000250021.7	ENSG00000250021	C15orf38-AP3S2
ENSG00000250056.5	ENSG00000250056	LINC01018
ENSG00000250067.11	ENSG00000250067	YJEFN3
ENSG00000250120.6	ENSG00000250120	PCDHA10
ENSG00000250132.6	ENSG00000250132	AC004803.1
ENSG00000250138.4	ENSG00000250138	AC139495.3
ENSG00000250151.9	ENSG00000250151	ARPC4-TTLL3
ENSG00000250159.6	ENSG00000250159	AC106791.1
ENSG00000250167.1	ENSG00000250167	AC034206.1
ENSG00000250198.1	ENSG00000250198	LINC02199
ENSG00000250208.6	ENSG00000250208	FZD10-AS1
ENSG00000250222.1	ENSG00000250222	AC008443.5
ENSG00000250241.5	ENSG00000250241	AC105383.1
ENSG00000250251.6	ENSG00000250251	PKD1P6
ENSG00000250264.1	ENSG00000250264	AL669918.1
ENSG00000250299.5	ENSG00000250299	MRPS31P4
ENSG00000250303.3	ENSG00000250303	AP002884.3
ENSG00000250305.8	ENSG00000250305	KIAA1456
ENSG00000250312.6	ENSG00000250312	ZNF718
ENSG00000250317.8	ENSG00000250317	SMIM20
ENSG00000250366.2	ENSG00000250366	TUNAR
ENSG00000250397.2	ENSG00000250397	AP006623.1
ENSG00000250461.1	ENSG00000250461	AC122718.1
ENSG00000250462.8	ENSG00000250462	LRRC37BP1
ENSG00000250479.8	ENSG00000250479	CHCHD10
ENSG00000250486.3	ENSG00000250486	FAM218A
ENSG00000250490.1	ENSG00000250490	LINC02145
ENSG00000250506.7	ENSG00000250506	CDK3
ENSG00000250510.7	ENSG00000250510	GPR162
ENSG00000250565.6	ENSG00000250565	ATP6V1E2
ENSG00000250571.6	ENSG00000250571	GLI4
ENSG00000250584.2	ENSG00000250584	LINC01511
ENSG00000250616.2	ENSG00000250616	AC012645.1
ENSG00000250644.3	ENSG00000250644	AC068580.4
ENSG00000250686.2	ENSG00000250686	AL049544.1
ENSG00000250687.6	ENSG00000250687	AC146944.2
ENSG00000250722.5	ENSG00000250722	SELENOP
ENSG00000250742.2	ENSG00000250742	LINC02381
ENSG00000250770.3	ENSG00000250770	AC005865.2
ENSG00000250786.1	ENSG00000250786	SNHG18
ENSG00000250790.4	ENSG00000250790	AC127070.3
ENSG00000250802.6	ENSG00000250802	ZBED3-AS1
ENSG00000250878.3	ENSG00000250878	METTL21EP
ENSG00000250899.3	ENSG00000250899	AC125807.2
ENSG00000250903.8	ENSG00000250903	GMDS-AS1
ENSG00000250988.7	ENSG00000250988	SNHG21
ENSG00000251022.6	ENSG00000251022	THAP9-AS1
ENSG00000251136.8	ENSG00000251136	AF117829.1
ENSG00000251141.5	ENSG00000251141	AC093297.2
ENSG00000251192.7	ENSG00000251192	ZNF674
ENSG00000251201.8	ENSG00000251201	TMED7-TICAM2
ENSG00000251247.10	ENSG00000251247	ZNF345
ENSG00000251322.7	ENSG00000251322	SHANK3
ENSG00000251349.3	ENSG00000251349	MSANTD3-TMEFF1
ENSG00000251369.8	ENSG00000251369	ZNF550
ENSG00000251372.5	ENSG00000251372	LINC00499
ENSG00000251396.6	ENSG00000251396	LINC01301
ENSG00000251429.1	ENSG00000251429	AC098679.3
ENSG00000251432.6	ENSG00000251432	AC108062.1
ENSG00000251442.5	ENSG00000251442	LINC01094
ENSG00000251474.6	ENSG00000251474	RPL32P3
ENSG00000251485.1	ENSG00000251485	AC068134.3
ENSG00000251493.4	ENSG00000251493	FOXD1
ENSG00000251503.8	ENSG00000251503	CENPS-CORT
ENSG00000251562.7	ENSG00000251562	MALAT1
ENSG00000251580.1	ENSG00000251580	LINC02482
ENSG00000251595.7	ENSG00000251595	ABCA11P
ENSG00000251600.6	ENSG00000251600	AC139713.2
ENSG00000251602.6	ENSG00000251602	AL928654.2
ENSG00000251615.3	ENSG00000251615	AC104825.2
ENSG00000251634.2	ENSG00000251634	AC145138.1
ENSG00000251660.1	ENSG00000251660	AC007036.3
ENSG00000251661.3	ENSG00000251661	AC136475.1
ENSG00000251664.3	ENSG00000251664	PCDHA12
ENSG00000251669.5	ENSG00000251669	FAM86EP
ENSG00000251791.1	ENSG00000251791	SCARNA6
ENSG00000251867.3	ENSG00000251867	AC009812.1
ENSG00000252010.1	ENSG00000252010	SCARNA5
ENSG00000252481.1	ENSG00000252481	SCARNA13
ENSG00000252690.3	ENSG00000252690	SCARNA15
ENSG00000253106.1	ENSG00000253106	AC090198.1
ENSG00000253159.2	ENSG00000253159	PCDHGA12
ENSG00000253200.1	ENSG00000253200	AC037459.3
ENSG00000253203.6	ENSG00000253203	GUSBP3
ENSG00000253230.8	ENSG00000253230	LINC00599
ENSG00000253250.2	ENSG00000253250	C8orf88
ENSG00000253251.2	ENSG00000253251	AC008560.1
ENSG00000253276.2	ENSG00000253276	CCDC71L
ENSG00000253304.1	ENSG00000253304	TMEM200B
ENSG00000253305.2	ENSG00000253305	PCDHGB6
ENSG00000253320.5	ENSG00000253320	AZIN1-AS1
ENSG00000253336.1	ENSG00000253336	AC018992.1
ENSG00000253352.8	ENSG00000253352	TUG1
ENSG00000253368.3	ENSG00000253368	TRNP1
ENSG00000253457.2	ENSG00000253457	SMIM18
ENSG00000253477.5	ENSG00000253477	AC012213.1
ENSG00000253485.2	ENSG00000253485	PCDHGA5
ENSG00000253537.2	ENSG00000253537	PCDHGA7
ENSG00000253598.1	ENSG00000253598	SLC10A5
ENSG00000253641.5	ENSG00000253641	LINCR-0001
ENSG00000253661.1	ENSG00000253661	ZFHX4-AS1
ENSG00000253710.2	ENSG00000253710	ALG11
ENSG00000253716.5	ENSG00000253716	MINCR
ENSG00000253719.3	ENSG00000253719	ATXN7L3B
ENSG00000253729.7	ENSG00000253729	PRKDC
ENSG00000253731.2	ENSG00000253731	PCDHGA6
ENSG00000253738.1	ENSG00000253738	OTUD6B-AS1
ENSG00000253741.1	ENSG00000253741	AC108002.1
ENSG00000253767.2	ENSG00000253767	PCDHGA8
ENSG00000253771.5	ENSG00000253771	TPTE2P1
ENSG00000253797.2	ENSG00000253797	UTP14C
ENSG00000253816.3	ENSG00000253816	AC138866.1
ENSG00000253846.2	ENSG00000253846	PCDHGA10
ENSG00000253873.5	ENSG00000253873	PCDHGA11
ENSG00000253882.6	ENSG00000253882	AC099548.2
ENSG00000253910.2	ENSG00000253910	PCDHGB2
ENSG00000253948.1	ENSG00000253948	AC104986.2
ENSG00000253953.2	ENSG00000253953	PCDHGB4
ENSG00000253958.1	ENSG00000253958	CLDN23
ENSG00000253982.1	ENSG00000253982	AC100810.1
ENSG00000254004.6	ENSG00000254004	ZNF260
ENSG00000254035.1	ENSG00000254035	AC104117.3
ENSG00000254087.7	ENSG00000254087	LYN
ENSG00000254092.1	ENSG00000254092	AC015468.3
ENSG00000254093.8	ENSG00000254093	PINX1
ENSG00000254122.2	ENSG00000254122	PCDHGB7
ENSG00000254154.8	ENSG00000254154	AL359075.2
ENSG00000254187.1	ENSG00000254187	AC008708.2
ENSG00000254206.5	ENSG00000254206	NPIPB11
ENSG00000254221.2	ENSG00000254221	PCDHGB1
ENSG00000254245.2	ENSG00000254245	PCDHGA3
ENSG00000254343.2	ENSG00000254343	AC091563.1
ENSG00000254377.5	ENSG00000254377	MIR124-2HG
ENSG00000254389.3	ENSG00000254389	RHPN1-AS1
ENSG00000254402.6	ENSG00000254402	LRRC24
ENSG00000254413.8	ENSG00000254413	CHKB-CPT1B
ENSG00000254415.3	ENSG00000254415	SIGLEC14
ENSG00000254427.1	ENSG00000254427	AC103736.1
ENSG00000254445.1	ENSG00000254445	HSPB2-C11orf52
ENSG00000254469.7	ENSG00000254469	AP002495.1
ENSG00000254470.2	ENSG00000254470	AP5B1
ENSG00000254473.1	ENSG00000254473	AL354920.1
ENSG00000254505.9	ENSG00000254505	CHMP4A
ENSG00000254507.2	ENSG00000254507	DEFB131E
ENSG00000254531.1	ENSG00000254531	FLJ20021
ENSG00000254539.1	ENSG00000254539	AC239804.1
ENSG00000254553.1	ENSG00000254553	AL033529.1
ENSG00000254585.2	ENSG00000254585	MAGEL2
ENSG00000254614.2	ENSG00000254614	AP003068.2
ENSG00000254615.2	ENSG00000254615	AC027031.2
ENSG00000254634.4	ENSG00000254634	SMG1P6
ENSG00000254635.5	ENSG00000254635	WAC-AS1
ENSG00000254681.6	ENSG00000254681	PKD1P5
ENSG00000254682.1	ENSG00000254682	AP002387.1
ENSG00000254685.6	ENSG00000254685	FPGT
ENSG00000254701.3	ENSG00000254701	AC138866.2
ENSG00000254703.2	ENSG00000254703	SENCR
ENSG00000254715.3	ENSG00000254715	OR7E154P
ENSG00000254726.2	ENSG00000254726	MEX3A
ENSG00000254746.5	ENSG00000254746	AC103855.2
ENSG00000254772.9	ENSG00000254772	EEF1G
ENSG00000254783.1	ENSG00000254783	AP003084.1
ENSG00000254788.7	ENSG00000254788	CKLF-CMTM1
ENSG00000254806.5	ENSG00000254806	SYS1-DBNDD2
ENSG00000254837.2	ENSG00000254837	AP001372.2
ENSG00000254838.5	ENSG00000254838	GVINP1
ENSG00000254852.8	ENSG00000254852	NPIPA2
ENSG00000254858.9	ENSG00000254858	MPV17L2
ENSG00000254860.5	ENSG00000254860	TMEM9B-AS1
ENSG00000254870.5	ENSG00000254870	ATP6V1G2-DDX39B
ENSG00000254876.5	ENSG00000254876	AL590705.5
ENSG00000254901.7	ENSG00000254901	BORCS8
ENSG00000254911.3	ENSG00000254911	SCARNA9
ENSG00000254929.6	ENSG00000254929	AL591684.2
ENSG00000254944.1	ENSG00000254944	ATP5F1P5
ENSG00000254986.7	ENSG00000254986	DPP3
ENSG00000254995.4	ENSG00000254995	STX16-NPEPL1
ENSG00000254996.5	ENSG00000254996	ANKHD1-EIF4EBP3
ENSG00000254999.3	ENSG00000254999	BRK1
ENSG00000255020.1	ENSG00000255020	AF131216.3
ENSG00000255036.6	ENSG00000255036	AL512590.3
ENSG00000255087.2	ENSG00000255087	AP001993.1
ENSG00000255104.8	ENSG00000255104	AC005324.4
ENSG00000255112.2	ENSG00000255112	CHMP1B
ENSG00000255135.3	ENSG00000255135	AP002360.2
ENSG00000255150.2	ENSG00000255150	EID3
ENSG00000255153.1	ENSG00000255153	TOLLIP-AS1
ENSG00000255154.7	ENSG00000255154	HTD2
ENSG00000255182.2	ENSG00000255182	AC084125.2
ENSG00000255197.5	ENSG00000255197	AC090559.1
ENSG00000255198.4	ENSG00000255198	SNHG9
ENSG00000255200.1	ENSG00000255200	PGAM1P8
ENSG00000255224.1	ENSG00000255224	AC109322.1
ENSG00000255248.7	ENSG00000255248	MIR100HG
ENSG00000255284.1	ENSG00000255284	AP006621.3
ENSG00000255302.4	ENSG00000255302	EID1
ENSG00000255310.2	ENSG00000255310	AF131215.5
ENSG00000255330.9	ENSG00000255330	SOGA3
ENSG00000255339.6	ENSG00000255339	AL133352.1
ENSG00000255346.9	ENSG00000255346	NOX5
ENSG00000255366.1	ENSG00000255366	AC120036.5
ENSG00000255389.1	ENSG00000255389	Z97989.1
ENSG00000255408.3	ENSG00000255408	PCDHA3
ENSG00000255423.1	ENSG00000255423	EBLN2
ENSG00000255455.2	ENSG00000255455	AP003486.1
ENSG00000255468.6	ENSG00000255468	AP001107.9
ENSG00000255471.1	ENSG00000255471	AP001528.2
ENSG00000255495.1	ENSG00000255495	AC145124.1
ENSG00000255508.7	ENSG00000255508	AP002990.1
ENSG00000255529.7	ENSG00000255529	POLR2M
ENSG00000255537.1	ENSG00000255537	AP000708.1
ENSG00000255545.7	ENSG00000255545	AP004608.1
ENSG00000255559.1	ENSG00000255559	ZNF252P-AS1
ENSG00000255561.6	ENSG00000255561	FDXACB1
ENSG00000255571.8	ENSG00000255571	MIR9-3HG
ENSG00000255618.1	ENSG00000255618	LINC02440
ENSG00000255622.3	ENSG00000255622	PCDHB17P
ENSG00000255642.1	ENSG00000255642	PABPC1P4
ENSG00000255690.2	ENSG00000255690	TRIL
ENSG00000255693.1	ENSG00000255693	LINC02389
ENSG00000255717.6	ENSG00000255717	SNHG1
ENSG00000255730.5	ENSG00000255730	AC011462.1
ENSG00000255737.2	ENSG00000255737	AGAP2-AS1
ENSG00000255769.7	ENSG00000255769	GOLGA2P10
ENSG00000255794.7	ENSG00000255794	RMST
ENSG00000255856.2	ENSG00000255856	AC069503.1
ENSG00000255857.5	ENSG00000255857	PXN-AS1
ENSG00000255864.5	ENSG00000255864	AC069208.1
ENSG00000255874.2	ENSG00000255874	LINC00346
ENSG00000255916.1	ENSG00000255916	AC148477.1
ENSG00000255980.1	ENSG00000255980	AP000439.3
ENSG00000256008.2	ENSG00000256008	AC125616.1
ENSG00000256028.2	ENSG00000256028	AC026362.1
ENSG00000256040.2	ENSG00000256040	PAPPA-AS1
ENSG00000256043.2	ENSG00000256043	CTSO
ENSG00000256050.2	ENSG00000256050	AL583722.1
ENSG00000256053.7	ENSG00000256053	APOPT1
ENSG00000256060.2	ENSG00000256060	AC003002.1
ENSG00000256061.7	ENSG00000256061	DNAAF4
ENSG00000256073.3	ENSG00000256073	URB1-AS1
ENSG00000256087.6	ENSG00000256087	ZNF432
ENSG00000256092.2	ENSG00000256092	AC137767.1
ENSG00000256124.5	ENSG00000256124	LINC01152
ENSG00000256193.5	ENSG00000256193	LINC00507
ENSG00000256223.5	ENSG00000256223	ZNF10
ENSG00000256229.7	ENSG00000256229	ZNF486
ENSG00000256235.1	ENSG00000256235	SMIM3
ENSG00000256269.7	ENSG00000256269	HMBS
ENSG00000256294.7	ENSG00000256294	ZNF225
ENSG00000256304.1	ENSG00000256304	CCDC150P1
ENSG00000256443.1	ENSG00000256443	AP003559.1
ENSG00000256453.1	ENSG00000256453	DND1
ENSG00000256463.8	ENSG00000256463	SALL3
ENSG00000256500.5	ENSG00000256500	AL139300.1
ENSG00000256525.6	ENSG00000256525	POLG2
ENSG00000256533.1	ENSG00000256533	AP002373.2
ENSG00000256537.4	ENSG00000256537	SMIM10L1
ENSG00000256542.2	ENSG00000256542	AC148477.2
ENSG00000256591.5	ENSG00000256591	AP003108.2
ENSG00000256594.8	ENSG00000256594	AC010186.2
ENSG00000256612.7	ENSG00000256612	CYP2B7P
ENSG00000256616.3	ENSG00000256616	AP002414.2
ENSG00000256628.3	ENSG00000256628	ZBTB11-AS1
ENSG00000256646.7	ENSG00000256646	AC010132.3
ENSG00000256654.3	ENSG00000256654	AC005906.2
ENSG00000256664.1	ENSG00000256664	AC025423.2
ENSG00000256667.6	ENSG00000256667	KLRA1P
ENSG00000256683.6	ENSG00000256683	ZNF350
ENSG00000256771.3	ENSG00000256771	ZNF253
ENSG00000256802.2	ENSG00000256802	AC022613.1
ENSG00000256806.5	ENSG00000256806	C17orf100
ENSG00000256925.2	ENSG00000256925	ADGRA1-AS1
ENSG00000256982.1	ENSG00000256982	AC135782.1
ENSG00000257027.1	ENSG00000257027	AC010186.3
ENSG00000257057.2	ENSG00000257057	C11orf97
ENSG00000257060.6	ENSG00000257060	AC091078.1
ENSG00000257069.6	ENSG00000257069	KCNK4-TEX40
ENSG00000257093.6	ENSG00000257093	KIAA1147
ENSG00000257103.8	ENSG00000257103	LSM14A
ENSG00000257108.1	ENSG00000257108	NHLRC4
ENSG00000257122.5	ENSG00000257122	RRN3P3
ENSG00000257126.5	ENSG00000257126	FOXG1-AS1
ENSG00000257151.1	ENSG00000257151	PWAR6
ENSG00000257176.2	ENSG00000257176	AC009318.1
ENSG00000257218.5	ENSG00000257218	GATC
ENSG00000257267.3	ENSG00000257267	ZNF271P
ENSG00000257335.8	ENSG00000257335	MGAM
ENSG00000257337.6	ENSG00000257337	AC068888.1
ENSG00000257365.7	ENSG00000257365	FNTB
ENSG00000257379.1	ENSG00000257379	AC023509.1
ENSG00000257433.5	ENSG00000257433	AC004241.1
ENSG00000257524.5	ENSG00000257524	AL157935.2
ENSG00000257556.1	ENSG00000257556	LINC02298
ENSG00000257591.5	ENSG00000257591	ZNF625
ENSG00000257594.3	ENSG00000257594	GALNT4
ENSG00000257621.7	ENSG00000257621	PSMA3-AS1
ENSG00000257657.2	ENSG00000257657	AC079950.1
ENSG00000257698.1	ENSG00000257698	AC084033.3
ENSG00000257704.3	ENSG00000257704	INAFM1
ENSG00000257727.5	ENSG00000257727	CNPY2
ENSG00000257800.1	ENSG00000257800	FNBP1P1
ENSG00000257815.5	ENSG00000257815	LINC01481
ENSG00000257913.2	ENSG00000257913	DDN-AS1
ENSG00000257923.9	ENSG00000257923	CUX1
ENSG00000257949.6	ENSG00000257949	TEN1
ENSG00000257950.3	ENSG00000257950	P2RX5-TAX1BP3
ENSG00000258056.2	ENSG00000258056	AC009779.2
ENSG00000258057.5	ENSG00000258057	BCDIN3D-AS1
ENSG00000258227.6	ENSG00000258227	CLEC5A
ENSG00000258240.5	ENSG00000258240	AC002351.1
ENSG00000258289.8	ENSG00000258289	CHURC1
ENSG00000258297.1	ENSG00000258297	AP001157.1
ENSG00000258301.3	ENSG00000258301	VASH1-AS1
ENSG00000258311.5	ENSG00000258311	AC009779.3
ENSG00000258315.5	ENSG00000258315	C17orf49
ENSG00000258366.7	ENSG00000258366	RTEL1
ENSG00000258388.7	ENSG00000258388	PPT2-EGFL8
ENSG00000258399.7	ENSG00000258399	AL117190.1
ENSG00000258405.9	ENSG00000258405	ZNF578
ENSG00000258410.1	ENSG00000258410	AC087386.1
ENSG00000258429.1	ENSG00000258429	PDF
ENSG00000258441.1	ENSG00000258441	LINC00641
ENSG00000258461.5	ENSG00000258461	AC012651.1
ENSG00000258465.6	ENSG00000258465	AL139011.2
ENSG00000258472.8	ENSG00000258472	AC005726.2
ENSG00000258484.3	ENSG00000258484	SPESP1
ENSG00000258498.8	ENSG00000258498	DIO3OS
ENSG00000258539.1	ENSG00000258539	AC068896.1
ENSG00000258555.6	ENSG00000258555	SPECC1L-ADORA2A
ENSG00000258603.3	ENSG00000258603	AC005225.2
ENSG00000258634.3	ENSG00000258634	AL160006.1
ENSG00000258636.1	ENSG00000258636	AL121821.1
ENSG00000258643.5	ENSG00000258643	BCL2L2-PABPN1
ENSG00000258644.5	ENSG00000258644	SYNJ2BP-COX16
ENSG00000258653.3	ENSG00000258653	AC005520.1
ENSG00000258655.2	ENSG00000258655	ARHGAP5-AS1
ENSG00000258659.6	ENSG00000258659	TRIM34
ENSG00000258674.5	ENSG00000258674	AC011448.1
ENSG00000258701.1	ENSG00000258701	LINC00638
ENSG00000258702.1	ENSG00000258702	AL137786.1
ENSG00000258708.1	ENSG00000258708	SLC25A21-AS1
ENSG00000258727.1	ENSG00000258727	AL135999.1
ENSG00000258738.1	ENSG00000258738	AL121603.2
ENSG00000258768.2	ENSG00000258768	AL356019.2
ENSG00000258790.1	ENSG00000258790	AL121594.3
ENSG00000258818.3	ENSG00000258818	RNASE4
ENSG00000258839.3	ENSG00000258839	MC1R
ENSG00000258875.5	ENSG00000258875	AL135818.1
ENSG00000258890.6	ENSG00000258890	CEP95
ENSG00000258920.1	ENSG00000258920	FOXN3-AS1
ENSG00000258940.2	ENSG00000258940	AL132639.2
ENSG00000258947.6	ENSG00000258947	TUBB3
ENSG00000258986.6	ENSG00000258986	TMEM179
ENSG00000259001.3	ENSG00000259001	AL355075.4
ENSG00000259024.6	ENSG00000259024	TVP23C-CDRT4
ENSG00000259030.6	ENSG00000259030	FPGT-TNNI3K
ENSG00000259038.1	ENSG00000259038	AL121820.2
ENSG00000259065.1	ENSG00000259065	AC005520.2
ENSG00000259070.5	ENSG00000259070	LINC00639
ENSG00000259075.6	ENSG00000259075	POC1B-GALNT4
ENSG00000259153.1	ENSG00000259153	AC004816.1
ENSG00000259158.3	ENSG00000259158	ADAM20P1
ENSG00000259171.1	ENSG00000259171	AL163636.2
ENSG00000259207.7	ENSG00000259207	ITGB3
ENSG00000259234.5	ENSG00000259234	ANKRD34C-AS1
ENSG00000259248.5	ENSG00000259248	USP3-AS1
ENSG00000259251.2	ENSG00000259251	AC104590.1
ENSG00000259291.2	ENSG00000259291	ZNF710-AS1
ENSG00000259295.6	ENSG00000259295	CSPG4P12
ENSG00000259319.1	ENSG00000259319	AF111167.2
ENSG00000259326.1	ENSG00000259326	AC116158.1
ENSG00000259330.2	ENSG00000259330	INAFM2
ENSG00000259332.3	ENSG00000259332	ST20-MTHFS
ENSG00000259343.6	ENSG00000259343	TMC3-AS1
ENSG00000259358.1	ENSG00000259358	AC026951.1
ENSG00000259404.5	ENSG00000259404	EFTUD1P1
ENSG00000259417.2	ENSG00000259417	CTXND1
ENSG00000259431.5	ENSG00000259431	THTPA
ENSG00000259439.2	ENSG00000259439	LINC01833
ENSG00000259448.2	ENSG00000259448	LINC02352
ENSG00000259460.1	ENSG00000259460	AC078909.1
ENSG00000259462.2	ENSG00000259462	CPEB1-AS1
ENSG00000259494.1	ENSG00000259494	MRPL46
ENSG00000259495.2	ENSG00000259495	AC016705.2
ENSG00000259529.1	ENSG00000259529	AL136295.5
ENSG00000259577.1	ENSG00000259577	CERNA1
ENSG00000259583.2	ENSG00000259583	AC015712.2
ENSG00000259623.1	ENSG00000259623	AC125257.1
ENSG00000259642.2	ENSG00000259642	ST20-AS1
ENSG00000259660.2	ENSG00000259660	DNM1P47
ENSG00000259673.5	ENSG00000259673	IQCH-AS1
ENSG00000259706.1	ENSG00000259706	HSP90B2P
ENSG00000259726.1	ENSG00000259726	CSPG4P11
ENSG00000259768.5	ENSG00000259768	AC004943.2
ENSG00000259775.1	ENSG00000259775	AL138976.2
ENSG00000259781.1	ENSG00000259781	HMGB1P6
ENSG00000259802.1	ENSG00000259802	AC012640.2
ENSG00000259820.1	ENSG00000259820	AC083843.2
ENSG00000259823.5	ENSG00000259823	LYPD8
ENSG00000259826.1	ENSG00000259826	AC072061.1
ENSG00000259834.1	ENSG00000259834	AL365361.1
ENSG00000259865.1	ENSG00000259865	AL390728.6
ENSG00000259877.2	ENSG00000259877	AC009113.1
ENSG00000259891.1	ENSG00000259891	AC107375.1
ENSG00000259895.1	ENSG00000259895	AC106820.2
ENSG00000259905.5	ENSG00000259905	PWRN1
ENSG00000259917.1	ENSG00000259917	HNRNPLP2
ENSG00000259920.1	ENSG00000259920	AC007938.1
ENSG00000259924.1	ENSG00000259924	AC011939.1
ENSG00000259943.1	ENSG00000259943	AL050341.2
ENSG00000259946.1	ENSG00000259946	BX005019.1
ENSG00000259953.1	ENSG00000259953	AL138756.1
ENSG00000259954.1	ENSG00000259954	IL21R-AS1
ENSG00000259956.1	ENSG00000259956	RBM15B
ENSG00000259959.1	ENSG00000259959	AC107068.1
ENSG00000259969.1	ENSG00000259969	AL049838.1
ENSG00000259972.2	ENSG00000259972	AC009120.2
ENSG00000259976.3	ENSG00000259976	AC093010.3
ENSG00000259985.1	ENSG00000259985	AC017100.1
ENSG00000259994.1	ENSG00000259994	AL353796.1
ENSG00000260000.2	ENSG00000260000	AL133338.1
ENSG00000260001.6	ENSG00000260001	TGFBR3L
ENSG00000260007.2	ENSG00000260007	AC107871.1
ENSG00000260018.1	ENSG00000260018	AC040169.1
ENSG00000260025.1	ENSG00000260025	AC009414.2
ENSG00000260032.1	ENSG00000260032	NORAD
ENSG00000260077.1	ENSG00000260077	AC104794.2
ENSG00000260081.1	ENSG00000260081	AF274858.3
ENSG00000260083.1	ENSG00000260083	MIR762HG
ENSG00000260092.1	ENSG00000260092	AC009163.2
ENSG00000260093.1	ENSG00000260093	AC034111.1
ENSG00000260101.1	ENSG00000260101	AC008074.3
ENSG00000260114.2	ENSG00000260114	AC120114.2
ENSG00000260118.1	ENSG00000260118	AL157700.1
ENSG00000260121.1	ENSG00000260121	AC138028.4
ENSG00000260163.1	ENSG00000260163	AC012508.1
ENSG00000260196.1	ENSG00000260196	AC124798.1
ENSG00000260230.2	ENSG00000260230	FRRS1L
ENSG00000260231.1	ENSG00000260231	JHDM1D-AS1
ENSG00000260233.3	ENSG00000260233	SSSCA1-AS1
ENSG00000260236.1	ENSG00000260236	AC099778.1
ENSG00000260238.6	ENSG00000260238	PMF1-BGLAP
ENSG00000260244.1	ENSG00000260244	AC104083.1
ENSG00000260257.2	ENSG00000260257	AL035071.1
ENSG00000260260.1	ENSG00000260260	SNHG19
ENSG00000260261.2	ENSG00000260261	AC124944.3
ENSG00000260267.1	ENSG00000260267	AC026471.1
ENSG00000260274.1	ENSG00000260274	AC068338.2
ENSG00000260276.2	ENSG00000260276	AC022167.2
ENSG00000260280.5	ENSG00000260280	SLX1B-SULT1A4
ENSG00000260285.1	ENSG00000260285	AL133367.1
ENSG00000260293.2	ENSG00000260293	AC106820.4
ENSG00000260296.1	ENSG00000260296	AC095057.3
ENSG00000260306.1	ENSG00000260306	AC092375.2
ENSG00000260314.2	ENSG00000260314	MRC1
ENSG00000260316.2	ENSG00000260316	AL008727.1
ENSG00000260317.1	ENSG00000260317	AC009812.4
ENSG00000260328.1	ENSG00000260328	AC104024.2
ENSG00000260329.1	ENSG00000260329	AC007541.1
ENSG00000260337.3	ENSG00000260337	AC091544.5
ENSG00000260368.1	ENSG00000260368	AC027373.1
ENSG00000260372.6	ENSG00000260372	AQP4-AS1
ENSG00000260388.2	ENSG00000260388	LINC00562
ENSG00000260391.2	ENSG00000260391	AC022336.2
ENSG00000260398.1	ENSG00000260398	AC068700.1
ENSG00000260400.1	ENSG00000260400	AL513534.1
ENSG00000260401.1	ENSG00000260401	AP002761.4
ENSG00000260404.3	ENSG00000260404	AC110079.1
ENSG00000260409.1	ENSG00000260409	AC012414.5
ENSG00000260412.1	ENSG00000260412	AL353746.1
ENSG00000260418.1	ENSG00000260418	AL023284.4
ENSG00000260426.1	ENSG00000260426	AC008060.4
ENSG00000260428.2	ENSG00000260428	SCX
ENSG00000260456.6	ENSG00000260456	C16orf95
ENSG00000260461.1	ENSG00000260461	AL133355.1
ENSG00000260464.1	ENSG00000260464	AL049796.1
ENSG00000260495.1	ENSG00000260495	AC009148.1
ENSG00000260515.1	ENSG00000260515	AC034229.2
ENSG00000260526.1	ENSG00000260526	AC109347.1
ENSG00000260528.4	ENSG00000260528	FAM157C
ENSG00000260549.1	ENSG00000260549	MT1L
ENSG00000260563.3	ENSG00000260563	AC132872.1
ENSG00000260565.6	ENSG00000260565	ERVK13-1
ENSG00000260572.1	ENSG00000260572	AC069224.1
ENSG00000260578.1	ENSG00000260578	AC110597.1
ENSG00000260581.1	ENSG00000260581	AC011374.1
ENSG00000260583.1	ENSG00000260583	AP000223.1
ENSG00000260585.1	ENSG00000260585	AL359851.1
ENSG00000260630.6	ENSG00000260630	SNAI3-AS1
ENSG00000260634.1	ENSG00000260634	AC012508.2
ENSG00000260641.1	ENSG00000260641	AC114811.2
ENSG00000260643.2	ENSG00000260643	AC092718.3
ENSG00000260645.1	ENSG00000260645	AL359715.3
ENSG00000260647.1	ENSG00000260647	AC127537.3
ENSG00000260664.2	ENSG00000260664	AC004158.1
ENSG00000260669.2	ENSG00000260669	AL096870.2
ENSG00000260686.1	ENSG00000260686	AC008669.1
ENSG00000260691.5	ENSG00000260691	ANKRD20A1
ENSG00000260708.1	ENSG00000260708	AL118516.1
ENSG00000260729.1	ENSG00000260729	AC009690.1
ENSG00000260743.1	ENSG00000260743	AC007823.1
ENSG00000260766.1	ENSG00000260766	AL513302.2
ENSG00000260772.1	ENSG00000260772	AC012321.1
ENSG00000260788.5	ENSG00000260788	AC009063.2
ENSG00000260793.2	ENSG00000260793	AC003102.1
ENSG00000260804.3	ENSG00000260804	LINC01963
ENSG00000260805.2	ENSG00000260805	AC092803.2
ENSG00000260807.6	ENSG00000260807	AC009041.2
ENSG00000260816.2	ENSG00000260816	AC027279.1
ENSG00000260822.1	ENSG00000260822	AC004656.1
ENSG00000260838.3	ENSG00000260838	AC022893.2
ENSG00000260852.1	ENSG00000260852	FBXL19-AS1
ENSG00000260855.1	ENSG00000260855	AL591848.4
ENSG00000260878.1	ENSG00000260878	AC104072.1
ENSG00000260903.2	ENSG00000260903	XKR7
ENSG00000260912.1	ENSG00000260912	AL158206.1
ENSG00000260914.3	ENSG00000260914	AC026464.4
ENSG00000260916.7	ENSG00000260916	CCPG1
ENSG00000260917.1	ENSG00000260917	AL158212.3
ENSG00000260918.1	ENSG00000260918	AC107398.3
ENSG00000260920.2	ENSG00000260920	AL031985.3
ENSG00000260924.2	ENSG00000260924	LINC01311
ENSG00000260941.1	ENSG00000260941	LINC00622
ENSG00000260942.1	ENSG00000260942	CAPN10-AS1
ENSG00000260947.1	ENSG00000260947	AL356489.2
ENSG00000260948.1	ENSG00000260948	AL390195.2
ENSG00000260966.1	ENSG00000260966	AP001486.2
ENSG00000260977.1	ENSG00000260977	AC016722.3
ENSG00000260992.1	ENSG00000260992	DOCK9-AS2
ENSG00000261003.1	ENSG00000261003	AL008628.1
ENSG00000261008.6	ENSG00000261008	LINC01572
ENSG00000261019.1	ENSG00000261019	AC010132.4
ENSG00000261026.1	ENSG00000261026	AC105046.1
ENSG00000261033.1	ENSG00000261033	AC005730.2
ENSG00000261037.1	ENSG00000261037	AC010266.2
ENSG00000261051.1	ENSG00000261051	AC107021.2
ENSG00000261052.5	ENSG00000261052	SULT1A3
ENSG00000261056.2	ENSG00000261056	AC079416.1
ENSG00000261064.1	ENSG00000261064	LINC02256
ENSG00000261067.7	ENSG00000261067	AC109460.3
ENSG00000261069.3	ENSG00000261069	AC124312.3
ENSG00000261071.1	ENSG00000261071	AL441883.1
ENSG00000261079.1	ENSG00000261079	AC009053.2
ENSG00000261087.1	ENSG00000261087	AP003469.4
ENSG00000261094.2	ENSG00000261094	AC007066.2
ENSG00000261096.1	ENSG00000261096	AC073476.3
ENSG00000261098.1	ENSG00000261098	AP000766.1
ENSG00000261101.2	ENSG00000261101	AC234775.3
ENSG00000261115.5	ENSG00000261115	TMEM178B
ENSG00000261126.7	ENSG00000261126	RBFADN
ENSG00000261135.1	ENSG00000261135	AL137802.2
ENSG00000261136.1	ENSG00000261136	AC023908.3
ENSG00000261150.2	ENSG00000261150	EPPK1
ENSG00000261167.1	ENSG00000261167	AC107027.3
ENSG00000261168.1	ENSG00000261168	AL592424.1
ENSG00000261186.2	ENSG00000261186	LINC01238
ENSG00000261188.1	ENSG00000261188	Z95115.1
ENSG00000261195.1	ENSG00000261195	AC027130.1
ENSG00000261215.1	ENSG00000261215	AL162231.4
ENSG00000261220.2	ENSG00000261220	AC103706.1
ENSG00000261221.3	ENSG00000261221	ZNF865
ENSG00000261227.2	ENSG00000261227	AC140912.1
ENSG00000261236.7	ENSG00000261236	BOP1
ENSG00000261269.1	ENSG00000261269	AC093278.2
ENSG00000261292.2	ENSG00000261292	AC110491.1
ENSG00000261308.2	ENSG00000261308	FIGNL2
ENSG00000261324.2	ENSG00000261324	AC010168.2
ENSG00000261325.1	ENSG00000261325	LINC02192
ENSG00000261326.2	ENSG00000261326	LINC01355
ENSG00000261338.2	ENSG00000261338	AC021016.2
ENSG00000261340.1	ENSG00000261340	LINC01616
ENSG00000261342.1	ENSG00000261342	AC006538.1
ENSG00000261351.2	ENSG00000261351	AC116913.1
ENSG00000261360.1	ENSG00000261360	AC010491.1
ENSG00000261366.1	ENSG00000261366	MANEA-AS1
ENSG00000261371.5	ENSG00000261371	PECAM1
ENSG00000261377.5	ENSG00000261377	PDCD6IPP2
ENSG00000261399.1	ENSG00000261399	AL031710.1
ENSG00000261402.1	ENSG00000261402	AL591222.1
ENSG00000261408.6	ENSG00000261408	TEN1-CDK3
ENSG00000261409.1	ENSG00000261409	AL035425.3
ENSG00000261420.1	ENSG00000261420	AL022069.1
ENSG00000261423.1	ENSG00000261423	TMEM202-AS1
ENSG00000261428.2	ENSG00000261428	AC097461.1
ENSG00000261451.1	ENSG00000261451	AC104964.2
ENSG00000261455.1	ENSG00000261455	LINC01003
ENSG00000261462.1	ENSG00000261462	AC004023.1
ENSG00000261478.1	ENSG00000261478	AC013391.3
ENSG00000261485.1	ENSG00000261485	PAN3-AS1
ENSG00000261487.1	ENSG00000261487	AC135048.1
ENSG00000261490.1	ENSG00000261490	AC005674.2
ENSG00000261526.2	ENSG00000261526	AC012615.1
ENSG00000261534.1	ENSG00000261534	AL596244.1
ENSG00000261542.1	ENSG00000261542	AC011978.2
ENSG00000261553.5	ENSG00000261553	AL137782.1
ENSG00000261556.9	ENSG00000261556	SMG1P7
ENSG00000261572.1	ENSG00000261572	AC097639.1
ENSG00000261584.1	ENSG00000261584	AL513548.1
ENSG00000261587.2	ENSG00000261587	TMEM249
ENSG00000261594.3	ENSG00000261594	TPBGL
ENSG00000261609.5	ENSG00000261609	GAN
ENSG00000261611.5	ENSG00000261611	AC010547.5
ENSG00000261613.2	ENSG00000261613	AC093525.6
ENSG00000261616.1	ENSG00000261616	AC036108.3
ENSG00000261617.1	ENSG00000261617	LINC02177
ENSG00000261643.1	ENSG00000261643	AL590235.1
ENSG00000261652.2	ENSG00000261652	C15orf65
ENSG00000261654.1	ENSG00000261654	AL360270.2
ENSG00000261659.2	ENSG00000261659	Z92544.2
ENSG00000261662.1	ENSG00000261662	AL359752.1
ENSG00000261670.1	ENSG00000261670	AC012213.2
ENSG00000261671.1	ENSG00000261671	AL158211.1
ENSG00000261675.1	ENSG00000261675	AL022313.4
ENSG00000261678.2	ENSG00000261678	SCRT1
ENSG00000261696.1	ENSG00000261696	AL353732.1
ENSG00000261701.6	ENSG00000261701	HPR
ENSG00000261710.1	ENSG00000261710	AC104417.2
ENSG00000261716.1	ENSG00000261716	AC239868.2
ENSG00000261728.1	ENSG00000261728	AL138690.1
ENSG00000261737.1	ENSG00000261737	AL049597.2
ENSG00000261739.2	ENSG00000261739	GOLGA8S
ENSG00000261740.6	ENSG00000261740	BOLA2-SMG1P6
ENSG00000261771.5	ENSG00000261771	DNAAF4-CCPG1
ENSG00000261786.1	ENSG00000261786	AC006058.1
ENSG00000261795.1	ENSG00000261795	AC093627.7
ENSG00000261796.1	ENSG00000261796	ISY1-RAB43
ENSG00000261799.1	ENSG00000261799	AC007406.5
ENSG00000261819.1	ENSG00000261819	AC138932.3
ENSG00000261824.6	ENSG00000261824	LINC00662
ENSG00000261829.1	ENSG00000261829	AC009407.1
ENSG00000261832.6	ENSG00000261832	AC138894.1
ENSG00000261879.5	ENSG00000261879	AC087500.1
ENSG00000261884.2	ENSG00000261884	AC040162.1
ENSG00000261888.1	ENSG00000261888	AC144831.1
ENSG00000261934.2	ENSG00000261934	PCDHGA9
ENSG00000261963.3	ENSG00000261963	CCDC92B
ENSG00000261970.1	ENSG00000261970	AL391840.1
ENSG00000261971.6	ENSG00000261971	MMP25-AS1
ENSG00000262001.1	ENSG00000262001	DLGAP1-AS2
ENSG00000262049.1	ENSG00000262049	AC139530.1
ENSG00000262061.5	ENSG00000262061	AC129507.1
ENSG00000262074.6	ENSG00000262074	SNORD3B-2
ENSG00000262075.3	ENSG00000262075	DKFZP434A062
ENSG00000262119.1	ENSG00000262119	AL079343.1
ENSG00000262165.2	ENSG00000262165	AC233723.1
ENSG00000262209.2	ENSG00000262209	PCDHGB3
ENSG00000262223.6	ENSG00000262223	AC110285.1
ENSG00000262246.5	ENSG00000262246	CORO7
ENSG00000262312.2	ENSG00000262312	AC004494.1
ENSG00000262454.3	ENSG00000262454	MIR193BHG
ENSG00000262484.1	ENSG00000262484	CCER2
ENSG00000262576.2	ENSG00000262576	PCDHGA4
ENSG00000262580.5	ENSG00000262580	AC087741.1
ENSG00000262587.2	ENSG00000262587	AC133552.2
ENSG00000262619.1	ENSG00000262619	LINC00621
ENSG00000262633.2	ENSG00000262633	AC005670.2
ENSG00000262655.3	ENSG00000262655	SPON1
ENSG00000262664.2	ENSG00000262664	OVCA2
ENSG00000262691.1	ENSG00000262691	AC040160.1
ENSG00000262700.1	ENSG00000262700	AC133552.3
ENSG00000262712.1	ENSG00000262712	AC012676.1
ENSG00000262814.7	ENSG00000262814	MRPL12
ENSG00000262877.4	ENSG00000262877	AC110285.2
ENSG00000262879.5	ENSG00000262879	AC068152.1
ENSG00000262919.7	ENSG00000262919	FAM58A
ENSG00000262943.7	ENSG00000262943	ALOX12P2
ENSG00000263001.5	ENSG00000263001	GTF2I
ENSG00000263002.7	ENSG00000263002	ZNF234
ENSG00000263004.1	ENSG00000263004	AC007114.1
ENSG00000263006.6	ENSG00000263006	ROCK1P1
ENSG00000263069.5	ENSG00000263069	AC124319.2
ENSG00000263072.6	ENSG00000263072	ZNF213-AS1
ENSG00000263126.1	ENSG00000263126	AC040162.3
ENSG00000263142.5	ENSG00000263142	LRRC37A17P
ENSG00000263146.2	ENSG00000263146	LINC01896
ENSG00000263155.5	ENSG00000263155	MYZAP
ENSG00000263276.1	ENSG00000263276	AC020978.8
ENSG00000263327.6	ENSG00000263327	TAPT1-AS1
ENSG00000263335.1	ENSG00000263335	AF001548.2
ENSG00000263412.1	ENSG00000263412	AC004477.1
ENSG00000263426.2	ENSG00000263426	RN7SL471P
ENSG00000263465.4	ENSG00000263465	SRSF8
ENSG00000263528.7	ENSG00000263528	IKBKE
ENSG00000263571.2	ENSG00000263571	AC004147.2
ENSG00000263620.1	ENSG00000263620	AC129492.3
ENSG00000263715.7	ENSG00000263715	LINC02210-CRHR1
ENSG00000263731.1	ENSG00000263731	AC145207.5
ENSG00000263740.2	ENSG00000263740	RN7SL4P
ENSG00000263753.6	ENSG00000263753	LINC00667
ENSG00000263809.1	ENSG00000263809	AC135178.2
ENSG00000263823.1	ENSG00000263823	AC009831.1
ENSG00000263843.1	ENSG00000263843	AC022211.2
ENSG00000263874.2	ENSG00000263874	LINC00672
ENSG00000263878.1	ENSG00000263878	DLGAP1-AS4
ENSG00000263934.4	ENSG00000263934	SNORD3A
ENSG00000263956.6	ENSG00000263956	NBPF11
ENSG00000264049.1	ENSG00000264049	MIR4737
ENSG00000264112.1	ENSG00000264112	AC015813.1
ENSG00000264187.1	ENSG00000264187	AC055811.2
ENSG00000264207.1	ENSG00000264207	AC239868.3
ENSG00000264247.1	ENSG00000264247	LINC00909
ENSG00000264343.5	ENSG00000264343	NOTCH2NL
ENSG00000264364.2	ENSG00000264364	DYNLL2
ENSG00000264515.5	ENSG00000264515	AC011474.1
ENSG00000264522.5	ENSG00000264522	OTUD7B
ENSG00000264538.6	ENSG00000264538	SUZ12P1
ENSG00000264575.1	ENSG00000264575	LINC00526
ENSG00000264589.2	ENSG00000264589	MAPT-AS1
ENSG00000264608.1	ENSG00000264608	AC005726.4
ENSG00000264668.1	ENSG00000264668	AC138696.1
ENSG00000264772.6	ENSG00000264772	AC016876.2
ENSG00000264895.1	ENSG00000264895	AC006141.1
ENSG00000264920.1	ENSG00000264920	AC018521.5
ENSG00000265018.6	ENSG00000265018	AGAP12P
ENSG00000265043.1	ENSG00000265043	AC068418.2
ENSG00000265107.2	ENSG00000265107	GJA5
ENSG00000265148.5	ENSG00000265148	TSPOAP1-AS1
ENSG00000265241.6	ENSG00000265241	RBM8A
ENSG00000265263.1	ENSG00000265263	AC124066.1
ENSG00000265354.3	ENSG00000265354	TIMM23
ENSG00000265479.6	ENSG00000265479	DTX2P1-UPK3BP1-PMS2P11
ENSG00000265491.4	ENSG00000265491	RNF115
ENSG00000265531.3	ENSG00000265531	FCGR1CP
ENSG00000265579.1	ENSG00000265579	AC023301.1
ENSG00000265590.9	ENSG00000265590	AP000275.2
ENSG00000265666.1	ENSG00000265666	RARA-AS1
ENSG00000265681.7	ENSG00000265681	RPL17
ENSG00000265688.1	ENSG00000265688	MAFG-AS1
ENSG00000265690.7	ENSG00000265690	AC074143.1
ENSG00000265735.2	ENSG00000265735	RN7SL5P
ENSG00000265763.3	ENSG00000265763	ZNF488
ENSG00000265808.3	ENSG00000265808	SEC22B
ENSG00000265817.2	ENSG00000265817	FSBP
ENSG00000265972.5	ENSG00000265972	TXNIP
ENSG00000266017.1	ENSG00000266017	MIR4477B
ENSG00000266028.7	ENSG00000266028	SRGAP2
ENSG00000266050.2	ENSG00000266050	AC233702.7
ENSG00000266053.2	ENSG00000266053	NDUFV2-AS1
ENSG00000266074.8	ENSG00000266074	BAHCC1
ENSG00000266094.7	ENSG00000266094	RASSF5
ENSG00000266173.6	ENSG00000266173	STRADA
ENSG00000266302.6	ENSG00000266302	AC098850.4
ENSG00000266338.6	ENSG00000266338	NBPF15
ENSG00000266340.1	ENSG00000266340	AC138207.7
ENSG00000266412.5	ENSG00000266412	NCOA4
ENSG00000266472.5	ENSG00000266472	MRPS21
ENSG00000266490.1	ENSG00000266490	AC127024.5
ENSG00000266524.2	ENSG00000266524	GDF10
ENSG00000266714.7	ENSG00000266714	MYO15B
ENSG00000266777.1	ENSG00000266777	AC090616.6
ENSG00000266820.1	ENSG00000266820	KPNA2P3
ENSG00000266865.6	ENSG00000266865	AC138207.8
ENSG00000266904.5	ENSG00000266904	LINC00663
ENSG00000266910.1	ENSG00000266910	AC008507.1
ENSG00000266916.5	ENSG00000266916	ZNF793-AS1
ENSG00000266921.1	ENSG00000266921	AC006213.1
ENSG00000266947.1	ENSG00000266947	AC022916.1
ENSG00000266962.2	ENSG00000266962	AC067852.2
ENSG00000266964.5	ENSG00000266964	FXYD1
ENSG00000266967.6	ENSG00000266967	AARSD1
ENSG00000267002.2	ENSG00000267002	AC060780.1
ENSG00000267014.5	ENSG00000267014	LINC01532
ENSG00000267022.1	ENSG00000267022	AC067968.1
ENSG00000267034.1	ENSG00000267034	AC010980.2
ENSG00000267040.6	ENSG00000267040	AC027097.1
ENSG00000267041.5	ENSG00000267041	ZNF850
ENSG00000267053.6	ENSG00000267053	AC012617.1
ENSG00000267056.2	ENSG00000267056	AC005336.1
ENSG00000267058.1	ENSG00000267058	AC006213.2
ENSG00000267060.5	ENSG00000267060	PTGES3L
ENSG00000267080.5	ENSG00000267080	ASB16-AS1
ENSG00000267100.1	ENSG00000267100	ILF3-AS1
ENSG00000267106.5	ENSG00000267106	ZNF561-AS1
ENSG00000267107.6	ENSG00000267107	PCAT19
ENSG00000267121.5	ENSG00000267121	AC008105.3
ENSG00000267127.7	ENSG00000267127	AC090360.1
ENSG00000267152.1	ENSG00000267152	AC093227.1
ENSG00000267160.1	ENSG00000267160	AC091152.2
ENSG00000267169.1	ENSG00000267169	AC022098.1
ENSG00000267194.1	ENSG00000267194	AC002546.1
ENSG00000267216.1	ENSG00000267216	AC020915.2
ENSG00000267221.2	ENSG00000267221	C17orf113
ENSG00000267248.1	ENSG00000267248	AC025048.2
ENSG00000267251.2	ENSG00000267251	AC139100.1
ENSG00000267254.5	ENSG00000267254	ZNF790-AS1
ENSG00000267260.1	ENSG00000267260	AC020928.1
ENSG00000267272.5	ENSG00000267272	LINC01140
ENSG00000267281.2	ENSG00000267281	AC023509.3
ENSG00000267296.2	ENSG00000267296	CEBPA-AS1
ENSG00000267303.1	ENSG00000267303	AC011511.4
ENSG00000267309.1	ENSG00000267309	AC092295.2
ENSG00000267317.2	ENSG00000267317	AC027307.2
ENSG00000267321.2	ENSG00000267321	LINC02001
ENSG00000267322.2	ENSG00000267322	SNHG22
ENSG00000267325.1	ENSG00000267325	LINC01415
ENSG00000267365.1	ENSG00000267365	KCNJ2-AS1
ENSG00000267368.1	ENSG00000267368	UPK3BL1
ENSG00000267390.1	ENSG00000267390	AC036176.1
ENSG00000267419.2	ENSG00000267419	AC011477.1
ENSG00000267426.5	ENSG00000267426	AC087289.3
ENSG00000267454.5	ENSG00000267454	ZNF582-AS1
ENSG00000267470.5	ENSG00000267470	ZNF571-AS1
ENSG00000267475.1	ENSG00000267475	AC008736.1
ENSG00000267481.1	ENSG00000267481	AC011477.2
ENSG00000267506.5	ENSG00000267506	AC021683.2
ENSG00000267508.5	ENSG00000267508	ZNF285
ENSG00000267519.5	ENSG00000267519	AC020916.1
ENSG00000267532.5	ENSG00000267532	MIR497HG
ENSG00000267534.2	ENSG00000267534	S1PR2
ENSG00000267575.6	ENSG00000267575	AC006504.5
ENSG00000267629.3	ENSG00000267629	AC138430.1
ENSG00000267640.6	ENSG00000267640	AC016582.3
ENSG00000267645.5	ENSG00000267645	POLR2J2
ENSG00000267651.1	ENSG00000267651	AC015961.1
ENSG00000267665.1	ENSG00000267665	AC021683.3
ENSG00000267673.6	ENSG00000267673	FDX2
ENSG00000267680.5	ENSG00000267680	ZNF224
ENSG00000267731.1	ENSG00000267731	AC005332.5
ENSG00000267740.5	ENSG00000267740	AC024592.3
ENSG00000267749.1	ENSG00000267749	AC092068.3
ENSG00000267750.5	ENSG00000267750	RUNDC3A-AS1
ENSG00000267784.1	ENSG00000267784	AC010680.1
ENSG00000267787.5	ENSG00000267787	AC027097.2
ENSG00000267796.7	ENSG00000267796	LIN37
ENSG00000267838.2	ENSG00000267838	AC245884.8
ENSG00000267855.5	ENSG00000267855	NDUFA7
ENSG00000267858.5	ENSG00000267858	MZF1-AS1
ENSG00000267868.1	ENSG00000267868	AL356740.1
ENSG00000267890.1	ENSG00000267890	AC010624.2
ENSG00000267909.2	ENSG00000267909	CCDC177
ENSG00000267940.1	ENSG00000267940	AC022762.2
ENSG00000268001.1	ENSG00000268001	CARD8-AS1
ENSG00000268006.1	ENSG00000268006	PTOV1-AS1
ENSG00000268038.1	ENSG00000268038	LINC01785
ENSG00000268043.7	ENSG00000268043	NBPF12
ENSG00000268055.1	ENSG00000268055	AC067969.1
ENSG00000268061.5	ENSG00000268061	NAPA-AS1
ENSG00000268069.2	ENSG00000268069	AC004466.1
ENSG00000268089.2	ENSG00000268089	GABRQ
ENSG00000268129.1	ENSG00000268129	AC026304.1
ENSG00000268182.5	ENSG00000268182	SMIM17
ENSG00000268205.1	ENSG00000268205	AC005261.2
ENSG00000268225.2	ENSG00000268225	AC010487.1
ENSG00000268262.1	ENSG00000268262	AC011445.1
ENSG00000268350.7	ENSG00000268350	FAM156A
ENSG00000268362.5	ENSG00000268362	AC092279.1
ENSG00000268364.1	ENSG00000268364	SMC5-AS1
ENSG00000268388.5	ENSG00000268388	FENDRR
ENSG00000268403.2	ENSG00000268403	AC132192.2
ENSG00000268439.5	ENSG00000268439	EMG1
ENSG00000268460.1	ENSG00000268460	AC006262.1
ENSG00000268471.6	ENSG00000268471	LINC02486
ENSG00000268496.1	ENSG00000268496	AC245884.9
ENSG00000268516.2	ENSG00000268516	AC020915.4
ENSG00000268521.1	ENSG00000268521	VN1R83P
ENSG00000268575.1	ENSG00000268575	AL031282.2
ENSG00000268592.3	ENSG00000268592	RAET1E-AS1
ENSG00000268654.1	ENSG00000268654	MIMT1
ENSG00000268713.1	ENSG00000268713	AC005261.4
ENSG00000268744.1	ENSG00000268744	AC008758.4
ENSG00000268750.6	ENSG00000268750	AC010522.1
ENSG00000268751.1	ENSG00000268751	SCGB1B2P
ENSG00000268798.1	ENSG00000268798	AC027307.3
ENSG00000268836.1	ENSG00000268836	Z69706.1
ENSG00000268858.2	ENSG00000268858	AL118506.1
ENSG00000268895.5	ENSG00000268895	A1BG-AS1
ENSG00000268903.1	ENSG00000268903	AL627309.7
ENSG00000268912.1	ENSG00000268912	AC012313.5
ENSG00000268996.3	ENSG00000268996	MAN1B1-AS1
ENSG00000269001.2	ENSG00000269001	AC092070.2
ENSG00000269044.2	ENSG00000269044	AC024075.2
ENSG00000269067.1	ENSG00000269067	ZNF728
ENSG00000269176.2	ENSG00000269176	AP001160.3
ENSG00000269190.5	ENSG00000269190	FBXO17
ENSG00000269210.2	ENSG00000269210	AC019171.1
ENSG00000269226.7	ENSG00000269226	TMSB15B
ENSG00000269235.1	ENSG00000269235	ZNF350-AS1
ENSG00000269293.2	ENSG00000269293	ZSCAN16-AS1
ENSG00000269313.5	ENSG00000269313	MAGIX
ENSG00000269335.5	ENSG00000269335	IKBKG
ENSG00000269343.6	ENSG00000269343	ZNF587B
ENSG00000269386.5	ENSG00000269386	RAB11B-AS1
ENSG00000269388.1	ENSG00000269388	AC018755.3
ENSG00000269473.1	ENSG00000269473	AC012313.8
ENSG00000269502.5	ENSG00000269502	DMRTC1
ENSG00000269514.1	ENSG00000269514	AC024257.3
ENSG00000269556.7	ENSG00000269556	TMEM185A
ENSG00000269609.5	ENSG00000269609	RPARP-AS1
ENSG00000269693.1	ENSG00000269693	AC010422.6
ENSG00000269696.1	ENSG00000269696	AC005498.3
ENSG00000269699.5	ENSG00000269699	ZIM2
ENSG00000269707.1	ENSG00000269707	AC018730.2
ENSG00000269713.7	ENSG00000269713	NBPF9
ENSG00000269743.2	ENSG00000269743	SLC25A53
ENSG00000269793.6	ENSG00000269793	ZIM2-AS1
ENSG00000269814.1	ENSG00000269814	AC008403.3
ENSG00000269821.1	ENSG00000269821	KCNQ1OT1
ENSG00000269825.1	ENSG00000269825	AC022150.4
ENSG00000269834.5	ENSG00000269834	ZNF528-AS1
ENSG00000269837.1	ENSG00000269837	IPO5P1
ENSG00000269858.5	ENSG00000269858	EGLN2
ENSG00000269881.1	ENSG00000269881	AC004754.1
ENSG00000269883.1	ENSG00000269883	AC007375.3
ENSG00000269891.2	ENSG00000269891	ARHGAP19-SLIT1
ENSG00000269893.6	ENSG00000269893	SNHG8
ENSG00000269896.2	ENSG00000269896	AL513477.1
ENSG00000269897.5	ENSG00000269897	COMMD3-BMI1
ENSG00000269900.3	ENSG00000269900	RMRP
ENSG00000269911.1	ENSG00000269911	FAM226B
ENSG00000269918.1	ENSG00000269918	AF131215.6
ENSG00000269929.1	ENSG00000269929	AL158152.1
ENSG00000269930.1	ENSG00000269930	AC091057.2
ENSG00000269935.1	ENSG00000269935	AC092720.2
ENSG00000269937.1	ENSG00000269937	AC093525.7
ENSG00000269940.1	ENSG00000269940	AL049840.3
ENSG00000269945.1	ENSG00000269945	AC004817.4
ENSG00000269955.2	ENSG00000269955	C7orf55-LUC7L2
ENSG00000269958.1	ENSG00000269958	AL049840.4
ENSG00000269959.1	ENSG00000269959	SPACA6P-AS
ENSG00000269973.1	ENSG00000269973	AC010969.2
ENSG00000269982.1	ENSG00000269982	AC018809.2
ENSG00000269983.1	ENSG00000269983	AC146944.4
ENSG00000269984.1	ENSG00000269984	AC078795.1
ENSG00000269998.1	ENSG00000269998	LINC01930
ENSG00000270011.6	ENSG00000270011	ZNF559-ZNF177
ENSG00000270015.1	ENSG00000270015	AC087481.3
ENSG00000270020.1	ENSG00000270020	AC009108.3
ENSG00000270021.1	ENSG00000270021	AC026691.1
ENSG00000270025.2	ENSG00000270025	BMS1P7
ENSG00000270028.1	ENSG00000270028	AC079315.1
ENSG00000270039.1	ENSG00000270039	AC025165.5
ENSG00000270049.2	ENSG00000270049	AC009061.2
ENSG00000270055.1	ENSG00000270055	AC127502.2
ENSG00000270066.3	ENSG00000270066	AL356488.2
ENSG00000270067.1	ENSG00000270067	AC008536.1
ENSG00000270069.1	ENSG00000270069	MIR222HG
ENSG00000270074.1	ENSG00000270074	AC087203.3
ENSG00000270091.1	ENSG00000270091	AC015726.1
ENSG00000270093.1	ENSG00000270093	AP000473.2
ENSG00000270096.1	ENSG00000270096	AC078795.2
ENSG00000270111.2	ENSG00000270111	AL583859.2
ENSG00000270112.3	ENSG00000270112	AC090241.2
ENSG00000270127.2	ENSG00000270127	AC027020.2
ENSG00000270141.3	ENSG00000270141	TERC
ENSG00000270149.5	ENSG00000270149	AL591806.3
ENSG00000270154.1	ENSG00000270154	AC130352.1
ENSG00000270157.1	ENSG00000270157	AC004918.3
ENSG00000270164.1	ENSG00000270164	LINC01480
ENSG00000270170.1	ENSG00000270170	NCBP2-AS2
ENSG00000270175.1	ENSG00000270175	AC023509.4
ENSG00000270177.1	ENSG00000270177	AC104109.2
ENSG00000270181.2	ENSG00000270181	BIVM-ERCC5
ENSG00000270194.1	ENSG00000270194	AC097359.2
ENSG00000270231.3	ENSG00000270231	NBPF8
ENSG00000270276.2	ENSG00000270276	HIST2H4B
ENSG00000270344.2	ENSG00000270344	POC1B-AS1
ENSG00000270419.1	ENSG00000270419	CAHM
ENSG00000270504.1	ENSG00000270504	AL391422.3
ENSG00000270558.1	ENSG00000270558	AC025449.1
ENSG00000270562.1	ENSG00000270562	AC097634.1
ENSG00000270578.1	ENSG00000270578	AP000787.2
ENSG00000270580.5	ENSG00000270580	PKD1P6-NPIPP1
ENSG00000270589.1	ENSG00000270589	AL158163.1
ENSG00000270604.5	ENSG00000270604	HCG17
ENSG00000270607.1	ENSG00000270607	AC009549.1
ENSG00000270629.5	ENSG00000270629	NBPF14
ENSG00000270638.1	ENSG00000270638	AL023806.1
ENSG00000270647.5	ENSG00000270647	TAF15
ENSG00000270659.1	ENSG00000270659	AC079610.2
ENSG00000270673.1	ENSG00000270673	YTHDF3-AS1
ENSG00000270681.1	ENSG00000270681	AC095055.1
ENSG00000270689.1	ENSG00000270689	BUD13P1
ENSG00000270696.1	ENSG00000270696	AC005034.3
ENSG00000270750.1	ENSG00000270750	AC080078.2
ENSG00000270765.5	ENSG00000270765	GAS2L2
ENSG00000270800.2	ENSG00000270800	RPS10-NUDT3
ENSG00000270804.1	ENSG00000270804	AC010326.4
ENSG00000270820.5	ENSG00000270820	AC016727.1
ENSG00000270863.1	ENSG00000270863	DDX55P1
ENSG00000270866.1	ENSG00000270866	AC067773.1
ENSG00000270872.2	ENSG00000270872	SRGAP2D
ENSG00000270878.1	ENSG00000270878	AL136038.4
ENSG00000270882.2	ENSG00000270882	HIST2H4A
ENSG00000270885.1	ENSG00000270885	RASL10B
ENSG00000270898.5	ENSG00000270898	GPR75-ASB3
ENSG00000270923.1	ENSG00000270923	TAS2R6P
ENSG00000270953.1	ENSG00000270953	AC007938.3
ENSG00000270959.1	ENSG00000270959	LPP-AS2
ENSG00000271009.3	ENSG00000271009	AC116667.1
ENSG00000271105.1	ENSG00000271105	AC133552.5
ENSG00000271121.2	ENSG00000271121	NUDT4P2
ENSG00000271122.1	ENSG00000271122	AC018647.2
ENSG00000271127.1	ENSG00000271127	AP000526.1
ENSG00000271147.7	ENSG00000271147	ARMCX5-GPRASP2
ENSG00000271204.1	ENSG00000271204	AC016831.5
ENSG00000271265.1	ENSG00000271265	AL355297.3
ENSG00000271270.5	ENSG00000271270	TMCC1-AS1
ENSG00000271303.1	ENSG00000271303	SRXN1
ENSG00000271327.1	ENSG00000271327	AC010201.2
ENSG00000271335.5	ENSG00000271335	AL117336.3
ENSG00000271344.1	ENSG00000271344	AC018638.6
ENSG00000271380.1	ENSG00000271380	AL451085.2
ENSG00000271383.6	ENSG00000271383	NBPF19
ENSG00000271425.7	ENSG00000271425	NBPF10
ENSG00000271447.5	ENSG00000271447	MMP28
ENSG00000271461.1	ENSG00000271461	AL109809.4
ENSG00000271474.1	ENSG00000271474	AC106881.1
ENSG00000271533.1	ENSG00000271533	Z83843.1
ENSG00000271538.5	ENSG00000271538	LINC02427
ENSG00000271551.2	ENSG00000271551	AL355297.4
ENSG00000271553.1	ENSG00000271553	AC018638.7
ENSG00000271576.1	ENSG00000271576	AL359504.2
ENSG00000271601.3	ENSG00000271601	LIX1L
ENSG00000271605.5	ENSG00000271605	MILR1
ENSG00000271614.1	ENSG00000271614	ATP2B1-AS1
ENSG00000271646.1	ENSG00000271646	AC099343.3
ENSG00000271653.1	ENSG00000271653	AC097359.3
ENSG00000271699.5	ENSG00000271699	SNX29P2
ENSG00000271714.1	ENSG00000271714	AC010501.1
ENSG00000271723.5	ENSG00000271723	MROH7-TTC4
ENSG00000271741.1	ENSG00000271741	AC114490.2
ENSG00000271743.1	ENSG00000271743	AF287957.1
ENSG00000271755.1	ENSG00000271755	AL031118.1
ENSG00000271780.1	ENSG00000271780	AL118558.3
ENSG00000271789.1	ENSG00000271789	AL080317.2
ENSG00000271795.1	ENSG00000271795	AC011337.1
ENSG00000271811.1	ENSG00000271811	Z97200.1
ENSG00000271816.1	ENSG00000271816	BMS1P4
ENSG00000271824.1	ENSG00000271824	AC009014.1
ENSG00000271830.1	ENSG00000271830	AC012213.4
ENSG00000271855.1	ENSG00000271855	AC073195.1
ENSG00000271858.5	ENSG00000271858	CYB561D2
ENSG00000271860.6	ENSG00000271860	AL589740.1
ENSG00000271862.1	ENSG00000271862	AC104118.1
ENSG00000271869.1	ENSG00000271869	AC026979.3
ENSG00000271870.1	ENSG00000271870	AC024060.1
ENSG00000271880.1	ENSG00000271880	AGAP11
ENSG00000271882.1	ENSG00000271882	AP001330.5
ENSG00000271894.1	ENSG00000271894	AC007744.1
ENSG00000271895.2	ENSG00000271895	AL109811.3
ENSG00000271913.5	ENSG00000271913	AL035530.2
ENSG00000271918.1	ENSG00000271918	AC034236.2
ENSG00000271936.1	ENSG00000271936	AC012073.1
ENSG00000271947.1	ENSG00000271947	AC017076.1
ENSG00000271967.1	ENSG00000271967	AL583856.2
ENSG00000271971.1	ENSG00000271971	AC120053.1
ENSG00000271976.1	ENSG00000271976	AC012467.2
ENSG00000271978.1	ENSG00000271978	AL359643.2
ENSG00000272008.1	ENSG00000272008	AL139274.2
ENSG00000272010.1	ENSG00000272010	AC100814.1
ENSG00000272031.2	ENSG00000272031	ANKRD34A
ENSG00000272040.1	ENSG00000272040	AC010245.2
ENSG00000272047.1	ENSG00000272047	GTF2H5
ENSG00000272056.1	ENSG00000272056	AC013472.3
ENSG00000272068.1	ENSG00000272068	AL365181.2
ENSG00000272070.1	ENSG00000272070	AC005618.1
ENSG00000272076.1	ENSG00000272076	AC090186.1
ENSG00000272077.1	ENSG00000272077	AC124045.1
ENSG00000272079.2	ENSG00000272079	AC004233.3
ENSG00000272084.1	ENSG00000272084	AL137127.1
ENSG00000272086.1	ENSG00000272086	AC025181.2
ENSG00000272092.1	ENSG00000272092	AC087623.3
ENSG00000272106.1	ENSG00000272106	AL691432.2
ENSG00000272108.1	ENSG00000272108	AC244517.1
ENSG00000272112.1	ENSG00000272112	AC011374.2
ENSG00000272121.1	ENSG00000272121	AC006058.3
ENSG00000272129.1	ENSG00000272129	AL359715.4
ENSG00000272137.1	ENSG00000272137	AL451064.1
ENSG00000272143.1	ENSG00000272143	FGF14-AS2
ENSG00000272145.1	ENSG00000272145	NFYC-AS1
ENSG00000272150.5	ENSG00000272150	NBPF25P
ENSG00000272157.1	ENSG00000272157	AC107373.2
ENSG00000272163.1	ENSG00000272163	AF106564.1
ENSG00000272168.6	ENSG00000272168	CASC15
ENSG00000272173.1	ENSG00000272173	U47924.2
ENSG00000272182.1	ENSG00000272182	AC135507.1
ENSG00000272189.1	ENSG00000272189	AL024508.2
ENSG00000272195.1	ENSG00000272195	AL356512.1
ENSG00000272196.2	ENSG00000272196	HIST2H2AA4
ENSG00000272221.1	ENSG00000272221	AL645933.2
ENSG00000272273.1	ENSG00000272273	AL662797.2
ENSG00000272279.1	ENSG00000272279	AL512329.2
ENSG00000272288.5	ENSG00000272288	AL451165.2
ENSG00000272316.1	ENSG00000272316	AL021368.2
ENSG00000272321.1	ENSG00000272321	AP003355.2
ENSG00000272323.1	ENSG00000272323	AC026801.3
ENSG00000272325.1	ENSG00000272325	NUDT3
ENSG00000272333.5	ENSG00000272333	KMT2B
ENSG00000272335.1	ENSG00000272335	AC093297.3
ENSG00000272338.2	ENSG00000272338	AC067838.1
ENSG00000272341.1	ENSG00000272341	AL137003.2
ENSG00000272343.1	ENSG00000272343	AC107952.2
ENSG00000272345.1	ENSG00000272345	AL031775.1
ENSG00000272356.1	ENSG00000272356	AL080317.3
ENSG00000272361.2	ENSG00000272361	AC005014.2
ENSG00000272367.1	ENSG00000272367	AC018754.1
ENSG00000272374.1	ENSG00000272374	Z97832.2
ENSG00000272375.1	ENSG00000272375	AC026979.4
ENSG00000272391.5	ENSG00000272391	POM121C
ENSG00000272398.5	ENSG00000272398	CD24
ENSG00000272405.1	ENSG00000272405	AL365181.3
ENSG00000272410.5	ENSG00000272410	AC022384.1
ENSG00000272414.5	ENSG00000272414	FAM47E-STBD1
ENSG00000272416.1	ENSG00000272416	AC025175.1
ENSG00000272419.6	ENSG00000272419	AC241585.2
ENSG00000272425.1	ENSG00000272425	AC009902.3
ENSG00000272444.1	ENSG00000272444	AL118558.4
ENSG00000272447.1	ENSG00000272447	AL135925.1
ENSG00000272449.1	ENSG00000272449	AL139246.5
ENSG00000272455.1	ENSG00000272455	AL391244.3
ENSG00000272462.2	ENSG00000272462	U91328.2
ENSG00000272472.1	ENSG00000272472	AL512283.1
ENSG00000272479.1	ENSG00000272479	AC010857.1
ENSG00000272501.1	ENSG00000272501	AL662844.4
ENSG00000272505.1	ENSG00000272505	AC104964.3
ENSG00000272506.1	ENSG00000272506	AL357078.3
ENSG00000272512.1	ENSG00000272512	AL645608.8
ENSG00000272514.5	ENSG00000272514	CFAP206
ENSG00000272523.1	ENSG00000272523	LINC01023
ENSG00000272525.1	ENSG00000272525	AC099522.2
ENSG00000272541.1	ENSG00000272541	AL021368.3
ENSG00000272556.2	ENSG00000272556	GTF2IP13
ENSG00000272568.5	ENSG00000272568	AC005162.3
ENSG00000272573.5	ENSG00000272573	MUSTN1
ENSG00000272576.1	ENSG00000272576	AC027271.1
ENSG00000272578.5	ENSG00000272578	AP000347.1
ENSG00000272579.1	ENSG00000272579	AL136370.1
ENSG00000272599.2	ENSG00000272599	AC016394.1
ENSG00000272602.5	ENSG00000272602	ZNF595
ENSG00000272604.1	ENSG00000272604	AC073073.2
ENSG00000272617.2	ENSG00000272617	COG8
ENSG00000272619.1	ENSG00000272619	AC093673.2
ENSG00000272620.1	ENSG00000272620	AFAP1-AS1
ENSG00000272631.1	ENSG00000272631	AC067750.1
ENSG00000272636.3	ENSG00000272636	DOC2B
ENSG00000272644.1	ENSG00000272644	AC097468.3
ENSG00000272645.3	ENSG00000272645	GTF2IP20
ENSG00000272646.1	ENSG00000272646	AC079766.1
ENSG00000272654.1	ENSG00000272654	AL358472.2
ENSG00000272655.2	ENSG00000272655	POLR2J4
ENSG00000272663.1	ENSG00000272663	AC093635.1
ENSG00000272667.1	ENSG00000272667	AC012306.2
ENSG00000272668.1	ENSG00000272668	AL590560.2
ENSG00000272674.3	ENSG00000272674	PCDHB16
ENSG00000272677.1	ENSG00000272677	AC124016.1
ENSG00000272686.1	ENSG00000272686	AC006333.2
ENSG00000272688.1	ENSG00000272688	AP005329.3
ENSG00000272695.1	ENSG00000272695	GAS6-AS2
ENSG00000272701.2	ENSG00000272701	AC007938.4
ENSG00000272702.1	ENSG00000272702	AC010913.1
ENSG00000272720.1	ENSG00000272720	AL022322.1
ENSG00000272734.1	ENSG00000272734	ADIRF-AS1
ENSG00000272744.1	ENSG00000272744	AC107214.2
ENSG00000272750.1	ENSG00000272750	AL592148.3
ENSG00000272752.6	ENSG00000272752	STAG3L5P-PVRIG2P-PILRB
ENSG00000272755.1	ENSG00000272755	AC245297.2
ENSG00000272760.1	ENSG00000272760	AC093726.1
ENSG00000272768.1	ENSG00000272768	AC004854.2
ENSG00000272769.1	ENSG00000272769	AC097532.2
ENSG00000272777.1	ENSG00000272777	AC019131.2
ENSG00000272779.1	ENSG00000272779	AC245060.4
ENSG00000272780.5	ENSG00000272780	AC233702.10
ENSG00000272800.1	ENSG00000272800	AC021851.1
ENSG00000272807.1	ENSG00000272807	AC007038.2
ENSG00000272821.1	ENSG00000272821	U62317.3
ENSG00000272831.1	ENSG00000272831	AC027644.3
ENSG00000272841.1	ENSG00000272841	AL139393.2
ENSG00000272853.1	ENSG00000272853	AC069544.1
ENSG00000272869.5	ENSG00000272869	AC008575.2
ENSG00000272870.1	ENSG00000272870	AC097534.2
ENSG00000272871.1	ENSG00000272871	AL159169.2
ENSG00000272872.1	ENSG00000272872	AP000525.1
ENSG00000272886.5	ENSG00000272886	DCP1A
ENSG00000272888.5	ENSG00000272888	LINC01578
ENSG00000272894.5	ENSG00000272894	AC004982.2
ENSG00000272899.3	ENSG00000272899	AC025594.2
ENSG00000272906.1	ENSG00000272906	AL353708.3
ENSG00000272913.1	ENSG00000272913	AC009237.14
ENSG00000272916.5	ENSG00000272916	AC022400.6
ENSG00000272918.1	ENSG00000272918	AC005070.3
ENSG00000272933.1	ENSG00000272933	AL391121.1
ENSG00000272936.1	ENSG00000272936	AC096586.1
ENSG00000272941.1	ENSG00000272941	AC083862.2
ENSG00000272944.1	ENSG00000272944	AC079834.2
ENSG00000272949.1	ENSG00000272949	AC093668.2
ENSG00000272953.1	ENSG00000272953	AC092171.4
ENSG00000272970.1	ENSG00000272970	AC107294.2
ENSG00000272973.1	ENSG00000272973	AP000350.5
ENSG00000272977.1	ENSG00000272977	AL008721.2
ENSG00000272980.4	ENSG00000272980	Z94721.2
ENSG00000272983.1	ENSG00000272983	AL117339.4
ENSG00000272989.1	ENSG00000272989	LINC02012
ENSG00000272990.1	ENSG00000272990	AC084036.1
ENSG00000272993.1	ENSG00000272993	AC239868.4
ENSG00000272994.1	ENSG00000272994	AC012360.3
ENSG00000273000.5	ENSG00000273000	AP000347.2
ENSG00000273001.1	ENSG00000273001	AL731533.2
ENSG00000273008.1	ENSG00000273008	AC010864.1
ENSG00000273014.1	ENSG00000273014	AC018645.2
ENSG00000273015.2	ENSG00000273015	AC008124.1
ENSG00000273018.5	ENSG00000273018	AC107983.2
ENSG00000273024.6	ENSG00000273024	INTS4P2
ENSG00000273032.1	ENSG00000273032	DGCR9
ENSG00000273033.2	ENSG00000273033	LINC02035
ENSG00000273036.3	ENSG00000273036	AL390726.5
ENSG00000273038.2	ENSG00000273038	AL365203.3
ENSG00000273045.5	ENSG00000273045	C2orf15
ENSG00000273064.1	ENSG00000273064	AC017083.2
ENSG00000273066.5	ENSG00000273066	AL355987.4
ENSG00000273079.5	ENSG00000273079	GRIN2B
ENSG00000273084.1	ENSG00000273084	AC092171.5
ENSG00000273100.1	ENSG00000273100	AL596442.2
ENSG00000273108.1	ENSG00000273108	AL121929.2
ENSG00000273117.1	ENSG00000273117	AC144652.1
ENSG00000273136.6	ENSG00000273136	NBPF26
ENSG00000273139.1	ENSG00000273139	AC007663.3
ENSG00000273142.1	ENSG00000273142	AC073335.2
ENSG00000273148.1	ENSG00000273148	AL035563.1
ENSG00000273151.1	ENSG00000273151	AC073957.3
ENSG00000273154.3	ENSG00000273154	AL121845.3
ENSG00000273156.1	ENSG00000273156	AC124016.2
ENSG00000273164.1	ENSG00000273164	DGCR10
ENSG00000273173.5	ENSG00000273173	SNURF
ENSG00000273188.1	ENSG00000273188	AL022328.3
ENSG00000273203.1	ENSG00000273203	AC006946.2
ENSG00000273226.1	ENSG00000273226	AL391834.2
ENSG00000273230.1	ENSG00000273230	AC102953.2
ENSG00000273237.1	ENSG00000273237	AC004520.1
ENSG00000273238.2	ENSG00000273238	AC116565.1
ENSG00000273245.1	ENSG00000273245	AC092653.1
ENSG00000273247.5	ENSG00000273247	AC097376.2
ENSG00000273253.2	ENSG00000273253	AL022328.4
ENSG00000273259.3	ENSG00000273259	AL049839.2
ENSG00000273270.1	ENSG00000273270	AC090114.2
ENSG00000273271.1	ENSG00000273271	AP000254.1
ENSG00000273274.1	ENSG00000273274	ZBTB8B
ENSG00000273287.2	ENSG00000273287	AL008718.2
ENSG00000273295.1	ENSG00000273295	AP000350.6
ENSG00000273301.1	ENSG00000273301	AC016717.2
ENSG00000273311.1	ENSG00000273311	DGCR11
ENSG00000273312.2	ENSG00000273312	AL121749.1
ENSG00000273314.1	ENSG00000273314	AC005229.4
ENSG00000273329.1	ENSG00000273329	AC078846.1
ENSG00000273344.1	ENSG00000273344	PAXIP1-AS1
ENSG00000273345.5	ENSG00000273345	AC104109.4
ENSG00000273356.1	ENSG00000273356	LINC02019
ENSG00000273367.1	ENSG00000273367	AL355472.4
ENSG00000273372.1	ENSG00000273372	SFTPD-AS1
ENSG00000273373.1	ENSG00000273373	AL355488.2
ENSG00000273375.1	ENSG00000273375	AC055764.2
ENSG00000273381.1	ENSG00000273381	AL158071.4
ENSG00000273382.1	ENSG00000273382	AL356488.3
ENSG00000273387.1	ENSG00000273387	AC005005.3
ENSG00000273403.1	ENSG00000273403	AC107294.3
ENSG00000273416.1	ENSG00000273416	AL732292.2
ENSG00000273419.1	ENSG00000273419	AC004877.1
ENSG00000273420.1	ENSG00000273420	AC008738.7
ENSG00000273432.1	ENSG00000273432	AC004951.4
ENSG00000273437.1	ENSG00000273437	AC108673.3
ENSG00000273442.1	ENSG00000273442	AC006946.3
ENSG00000273448.1	ENSG00000273448	AC006480.2
ENSG00000273456.1	ENSG00000273456	AC064836.3
ENSG00000273492.5	ENSG00000273492	AP000229.1
ENSG00000273514.1	ENSG00000273514	FOXD4L6
ENSG00000273540.3	ENSG00000273540	AGBL1
ENSG00000273559.4	ENSG00000273559	CWC25
ENSG00000273576.1	ENSG00000273576	AC009283.1
ENSG00000273590.4	ENSG00000273590	SMIM11B
ENSG00000273597.1	ENSG00000273597	AL355377.1
ENSG00000273598.1	ENSG00000273598	AC211486.3
ENSG00000273599.1	ENSG00000273599	AL731571.1
ENSG00000273604.1	ENSG00000273604	EPOP
ENSG00000273611.4	ENSG00000273611	ZNHIT3
ENSG00000273619.1	ENSG00000273619	AL121832.2
ENSG00000273680.1	ENSG00000273680	AC009318.2
ENSG00000273702.1	ENSG00000273702	AC091271.1
ENSG00000273729.1	ENSG00000273729	AC007686.3
ENSG00000273749.4	ENSG00000273749	CYFIP1
ENSG00000273768.1	ENSG00000273768	U1
ENSG00000273784.4	ENSG00000273784	AL137058.2
ENSG00000273802.2	ENSG00000273802	HIST1H2BG
ENSG00000273820.1	ENSG00000273820	USP27X
ENSG00000273841.4	ENSG00000273841	TAF9
ENSG00000273888.1	ENSG00000273888	FRMD6-AS1
ENSG00000273893.1	ENSG00000273893	AL133520.1
ENSG00000273899.4	ENSG00000273899	NOL12
ENSG00000274012.1	ENSG00000274012	RN7SL2
ENSG00000274020.2	ENSG00000274020	LINC01138
ENSG00000274021.1	ENSG00000274021	AC024909.3
ENSG00000274026.1	ENSG00000274026	FAM27E3
ENSG00000274029.1	ENSG00000274029	AC069209.1
ENSG00000274070.1	ENSG00000274070	CASTOR2
ENSG00000274104.1	ENSG00000274104	AC020910.4
ENSG00000274114.2	ENSG00000274114	AC004706.3
ENSG00000274180.1	ENSG00000274180	NATD1
ENSG00000274184.1	ENSG00000274184	AC011815.2
ENSG00000274211.4	ENSG00000274211	SOCS7
ENSG00000274220.1	ENSG00000274220	AC009163.7
ENSG00000274253.4	ENSG00000274253	AC138649.1
ENSG00000274266.1	ENSG00000274266	SNORA73A
ENSG00000274272.1	ENSG00000274272	AC069281.2
ENSG00000274276.4	ENSG00000274276	CBSL
ENSG00000274286.1	ENSG00000274286	ADRA2B
ENSG00000274290.2	ENSG00000274290	HIST1H2BE
ENSG00000274307.1	ENSG00000274307	AC023449.2
ENSG00000274322.1	ENSG00000274322	AL136531.2
ENSG00000274333.4	ENSG00000274333	CU633967.1
ENSG00000274349.4	ENSG00000274349	ZNF658
ENSG00000274370.1	ENSG00000274370	AC130371.2
ENSG00000274376.4	ENSG00000274376	ADAMTS7P1
ENSG00000274400.1	ENSG00000274400	AC015967.1
ENSG00000274422.1	ENSG00000274422	AC245060.5
ENSG00000274425.1	ENSG00000274425	AC114271.1
ENSG00000274444.1	ENSG00000274444	AC078909.2
ENSG00000274460.1	ENSG00000274460	AC092119.2
ENSG00000274471.1	ENSG00000274471	AC242376.2
ENSG00000274487.1	ENSG00000274487	AC244154.1
ENSG00000274492.1	ENSG00000274492	AL121768.1
ENSG00000274512.5	ENSG00000274512	TBC1D3L
ENSG00000274523.4	ENSG00000274523	RCC1L
ENSG00000274561.1	ENSG00000274561	AC005332.6
ENSG00000274600.1	ENSG00000274600	RIMBP3B
ENSG00000274602.4	ENSG00000274602	PI4KAP1
ENSG00000274605.1	ENSG00000274605	AL355338.1
ENSG00000274615.1	ENSG00000274615	AC233968.1
ENSG00000274618.1	ENSG00000274618	HIST1H4F
ENSG00000274627.1	ENSG00000274627	AC092123.2
ENSG00000274628.4	ENSG00000274628	AL669942.1
ENSG00000274642.1	ENSG00000274642	AC244669.2
ENSG00000274698.1	ENSG00000274698	AC099521.2
ENSG00000274712.1	ENSG00000274712	AC005332.7
ENSG00000274718.1	ENSG00000274718	AL136964.1
ENSG00000274750.2	ENSG00000274750	HIST1H3E
ENSG00000274751.1	ENSG00000274751	AC120498.9
ENSG00000274769.1	ENSG00000274769	AC016747.4
ENSG00000274776.1	ENSG00000274776	AC090241.3
ENSG00000274810.4	ENSG00000274810	NPHP3-ACAD11
ENSG00000274828.1	ENSG00000274828	AC068473.5
ENSG00000274893.1	ENSG00000274893	AL136317.2
ENSG00000274897.2	ENSG00000274897	PANO1
ENSG00000274922.1	ENSG00000274922	AL139384.1
ENSG00000274925.1	ENSG00000274925	AC008741.2
ENSG00000274956.2	ENSG00000274956	UG0898H09
ENSG00000274964.1	ENSG00000274964	AC026356.1
ENSG00000274978.1	ENSG00000274978	RNU11
ENSG00000275004.3	ENSG00000275004	ZNF280B
ENSG00000275023.4	ENSG00000275023	MLLT6
ENSG00000275026.1	ENSG00000275026	GXYLT1P4
ENSG00000275052.4	ENSG00000275052	PPP4R3B
ENSG00000275055.1	ENSG00000275055	AC011468.5
ENSG00000275066.4	ENSG00000275066	SYNRG
ENSG00000275074.1	ENSG00000275074	NUDT18
ENSG00000275088.1	ENSG00000275088	AC026469.1
ENSG00000275111.4	ENSG00000275111	ZNF2
ENSG00000275120.2	ENSG00000275120	AC048382.5
ENSG00000275131.2	ENSG00000275131	AC241952.1
ENSG00000275160.1	ENSG00000275160	AL354718.1
ENSG00000275183.1	ENSG00000275183	LENG9
ENSG00000275198.1	ENSG00000275198	AL512791.2
ENSG00000275223.1	ENSG00000275223	AL121906.2
ENSG00000275286.1	ENSG00000275286	AC025253.1
ENSG00000275318.1	ENSG00000275318	AL136981.2
ENSG00000275329.1	ENSG00000275329	AL138781.2
ENSG00000275342.4	ENSG00000275342	PRAG1
ENSG00000275367.1	ENSG00000275367	AC092111.1
ENSG00000275383.1	ENSG00000275383	AC126773.4
ENSG00000275395.5	ENSG00000275395	FCGBP
ENSG00000275409.1	ENSG00000275409	AC026367.2
ENSG00000275438.1	ENSG00000275438	AL031008.1
ENSG00000275450.1	ENSG00000275450	PTGER4P2-CDK2AP2P2
ENSG00000275454.1	ENSG00000275454	AC105020.6
ENSG00000275464.4	ENSG00000275464	FP565260.1
ENSG00000275494.1	ENSG00000275494	AC133552.6
ENSG00000275496.4	ENSG00000275496	CU633906.1
ENSG00000275580.1	ENSG00000275580	AC022306.2
ENSG00000275620.1	ENSG00000275620	FLJ16779
ENSG00000275645.1	ENSG00000275645	AC068338.3
ENSG00000275700.4	ENSG00000275700	AATF
ENSG00000275714.1	ENSG00000275714	HIST1H3A
ENSG00000275720.1	ENSG00000275720	AC243830.2
ENSG00000275740.1	ENSG00000275740	AC091959.3
ENSG00000275759.1	ENSG00000275759	AC026367.3
ENSG00000275764.1	ENSG00000275764	AC092747.4
ENSG00000275765.5	ENSG00000275765	AC091982.4
ENSG00000275778.1	ENSG00000275778	AC018630.6
ENSG00000275793.1	ENSG00000275793	RIMBP3
ENSG00000275807.1	ENSG00000275807	AC145285.7
ENSG00000275830.1	ENSG00000275830	AL355974.2
ENSG00000275832.4	ENSG00000275832	ARHGAP23
ENSG00000275835.4	ENSG00000275835	TUBGCP5
ENSG00000275895.6	ENSG00000275895	U2AF1L5
ENSG00000275910.1	ENSG00000275910	AC138932.5
ENSG00000275963.1	ENSG00000275963	AC008115.4
ENSG00000275964.1	ENSG00000275964	AL355001.2
ENSG00000275993.2	ENSG00000275993	CU639417.2
ENSG00000276007.1	ENSG00000276007	AC079414.3
ENSG00000276023.4	ENSG00000276023	DUSP14
ENSG00000276043.4	ENSG00000276043	UHRF1
ENSG00000276045.2	ENSG00000276045	ORAI1
ENSG00000276071.1	ENSG00000276071	AC074138.1
ENSG00000276075.1	ENSG00000276075	AC027682.6
ENSG00000276077.4	ENSG00000276077	CU633904.1
ENSG00000276087.1	ENSG00000276087	AC008073.3
ENSG00000276101.1	ENSG00000276101	AC027601.4
ENSG00000276115.1	ENSG00000276115	AC026356.2
ENSG00000276116.2	ENSG00000276116	FUT8-AS1
ENSG00000276128.1	ENSG00000276128	AL591441.1
ENSG00000276141.4	ENSG00000276141	WHAMMP3
ENSG00000276168.1	ENSG00000276168	RN7SL1
ENSG00000276182.1	ENSG00000276182	AL163051.2
ENSG00000276203.4	ENSG00000276203	ANKRD20A3
ENSG00000276231.4	ENSG00000276231	PIK3R6
ENSG00000276234.4	ENSG00000276234	TADA2A
ENSG00000276248.1	ENSG00000276248	AL442125.1
ENSG00000276255.2	ENSG00000276255	AL136379.1
ENSG00000276259.1	ENSG00000276259	AC009118.3
ENSG00000276278.1	ENSG00000276278	AC048382.6
ENSG00000276291.5	ENSG00000276291	FRG1HP
ENSG00000276293.4	ENSG00000276293	PIP4K2B
ENSG00000276334.1	ENSG00000276334	AL133243.2
ENSG00000276386.1	ENSG00000276386	CNTNAP3P2
ENSG00000276410.3	ENSG00000276410	HIST1H2BB
ENSG00000276445.1	ENSG00000276445	AC005393.1
ENSG00000276449.1	ENSG00000276449	AC004076.2
ENSG00000276462.1	ENSG00000276462	BX255923.2
ENSG00000276509.1	ENSG00000276509	AC239799.2
ENSG00000276517.1	ENSG00000276517	AL133243.3
ENSG00000276529.1	ENSG00000276529	AP001505.2
ENSG00000276547.1	ENSG00000276547	PCDHGB5
ENSG00000276550.4	ENSG00000276550	HERC2P2
ENSG00000276564.1	ENSG00000276564	AC130650.2
ENSG00000276570.1	ENSG00000276570	AC010327.5
ENSG00000276591.1	ENSG00000276591	GXYLT1P5
ENSG00000276600.4	ENSG00000276600	RAB7B
ENSG00000276644.4	ENSG00000276644	DACH1
ENSG00000276649.1	ENSG00000276649	AL117335.1
ENSG00000276710.4	ENSG00000276710	CSPG4P10
ENSG00000276724.1	ENSG00000276724	AC123768.4
ENSG00000276728.1	ENSG00000276728	AC142472.1
ENSG00000276791.1	ENSG00000276791	AC092117.1
ENSG00000276805.2	ENSG00000276805	AL133216.2
ENSG00000276809.1	ENSG00000276809	AL138955.1
ENSG00000276855.1	ENSG00000276855	AC015922.4
ENSG00000276900.1	ENSG00000276900	AC023157.3
ENSG00000276966.2	ENSG00000276966	HIST1H4E
ENSG00000276975.2	ENSG00000276975	HYDIN2
ENSG00000277007.1	ENSG00000277007	AC096642.1
ENSG00000277013.1	ENSG00000277013	AC008556.1
ENSG00000277027.1	ENSG00000277027	RMRP
ENSG00000277053.4	ENSG00000277053	GTF2IP1
ENSG00000277067.4	ENSG00000277067	CU634019.1
ENSG00000277072.4	ENSG00000277072	STAG3L2
ENSG00000277075.2	ENSG00000277075	HIST1H2AE
ENSG00000277103.1	ENSG00000277103	AL445670.1
ENSG00000277117.4	ENSG00000277117	FP565260.3
ENSG00000277125.1	ENSG00000277125	AC211476.4
ENSG00000277142.1	ENSG00000277142	Z98882.1
ENSG00000277147.4	ENSG00000277147	LINC00869
ENSG00000277149.4	ENSG00000277149	TYW1B
ENSG00000277150.1	ENSG00000277150	F8A3
ENSG00000277151.1	ENSG00000277151	AL138820.1
ENSG00000277152.1	ENSG00000277152	AC110048.2
ENSG00000277157.1	ENSG00000277157	HIST1H4D
ENSG00000277159.1	ENSG00000277159	AL139384.2
ENSG00000277161.1	ENSG00000277161	PIGW
ENSG00000277182.1	ENSG00000277182	AC006449.5
ENSG00000277200.1	ENSG00000277200	AC005696.4
ENSG00000277203.1	ENSG00000277203	F8A1
ENSG00000277209.1	ENSG00000277209	RPPH1
ENSG00000277224.2	ENSG00000277224	HIST1H2BF
ENSG00000277232.2	ENSG00000277232	GTSE1-AS1
ENSG00000277258.4	ENSG00000277258	PCGF2
ENSG00000277283.1	ENSG00000277283	AC004812.2
ENSG00000277363.4	ENSG00000277363	SRCIN1
ENSG00000277369.1	ENSG00000277369	AC010654.1
ENSG00000277399.4	ENSG00000277399	GPR179
ENSG00000277420.1	ENSG00000277420	AC245407.1
ENSG00000277443.2	ENSG00000277443	MARCKS
ENSG00000277449.1	ENSG00000277449	CEBPB-AS1
ENSG00000277462.1	ENSG00000277462	ZNF670
ENSG00000277476.1	ENSG00000277476	AC005332.8
ENSG00000277494.1	ENSG00000277494	GPIHBP1
ENSG00000277511.1	ENSG00000277511	AC116407.2
ENSG00000277531.2	ENSG00000277531	PNMA8C
ENSG00000277534.1	ENSG00000277534	AC007996.1
ENSG00000277586.2	ENSG00000277586	NEFL
ENSG00000277692.1	ENSG00000277692	AL121583.1
ENSG00000277701.4	ENSG00000277701	AC159540.2
ENSG00000277715.1	ENSG00000277715	AC079174.2
ENSG00000277734.7	ENSG00000277734	TRAC
ENSG00000277758.4	ENSG00000277758	FO681492.1
ENSG00000277767.1	ENSG00000277767	AL442128.2
ENSG00000277782.1	ENSG00000277782	AC068870.2
ENSG00000277791.4	ENSG00000277791	PSMB3
ENSG00000277873.1	ENSG00000277873	AC131159.2
ENSG00000277879.1	ENSG00000277879	AL391988.1
ENSG00000277883.1	ENSG00000277883	NLRP3P1
ENSG00000277938.1	ENSG00000277938	AL035252.3
ENSG00000277954.1	ENSG00000277954	AC092376.2
ENSG00000277969.1	ENSG00000277969	AC006449.6
ENSG00000277972.1	ENSG00000277972	CISD3
ENSG00000278041.1	ENSG00000278041	AL133325.3
ENSG00000278053.4	ENSG00000278053	DDX52
ENSG00000278075.1	ENSG00000278075	AC114341.1
ENSG00000278129.1	ENSG00000278129	ZNF8
ENSG00000278133.1	ENSG00000278133	AC135050.6
ENSG00000278156.1	ENSG00000278156	TSC22D1-AS1
ENSG00000278175.3	ENSG00000278175	GLIDR
ENSG00000278192.1	ENSG00000278192	AL118505.1
ENSG00000278195.1	ENSG00000278195	SSTR3
ENSG00000278200.1	ENSG00000278200	LINC01971
ENSG00000278238.1	ENSG00000278238	AL359513.1
ENSG00000278249.1	ENSG00000278249	SCARNA2
ENSG00000278259.4	ENSG00000278259	MYO19
ENSG00000278266.1	ENSG00000278266	AC079949.2
ENSG00000278291.1	ENSG00000278291	AL161772.1
ENSG00000278311.4	ENSG00000278311	GGNBP2
ENSG00000278318.4	ENSG00000278318	ZNF229
ENSG00000278376.1	ENSG00000278376	AP004609.3
ENSG00000278434.1	ENSG00000278434	AC023830.3
ENSG00000278456.1	ENSG00000278456	AC015712.7
ENSG00000278535.4	ENSG00000278535	DHRS11
ENSG00000278540.4	ENSG00000278540	ACACA
ENSG00000278558.4	ENSG00000278558	TMEM191B
ENSG00000278576.1	ENSG00000278576	AL162171.3
ENSG00000278600.1	ENSG00000278600	AC015871.3
ENSG00000278611.1	ENSG00000278611	AC008567.3
ENSG00000278615.4	ENSG00000278615	C11orf98
ENSG00000278619.4	ENSG00000278619	MRM1
ENSG00000278627.1	ENSG00000278627	AC005962.2
ENSG00000278637.1	ENSG00000278637	HIST1H4A
ENSG00000278654.1	ENSG00000278654	AC007450.4
ENSG00000278662.4	ENSG00000278662	GOLGA6L10
ENSG00000278668.1	ENSG00000278668	AC005899.7
ENSG00000278705.1	ENSG00000278705	HIST1H4B
ENSG00000278727.1	ENSG00000278727	AC000403.1
ENSG00000278730.1	ENSG00000278730	AC005332.9
ENSG00000278768.1	ENSG00000278768	BACE1-AS
ENSG00000278771.1	ENSG00000278771	RN7SL3
ENSG00000278784.1	ENSG00000278784	AL136295.7
ENSG00000278834.1	ENSG00000278834	AC073508.3
ENSG00000278845.4	ENSG00000278845	MRPL45
ENSG00000278864.1	ENSG00000278864	AC055811.4
ENSG00000278873.1	ENSG00000278873	PRO1804
ENSG00000278879.1	ENSG00000278879	AP000560.1
ENSG00000278897.1	ENSG00000278897	AC020951.1
ENSG00000278917.1	ENSG00000278917	AC006213.6
ENSG00000278931.1	ENSG00000278931	CR381670.1
ENSG00000278934.1	ENSG00000278934	AC117489.1
ENSG00000278937.1	ENSG00000278937	AL137141.1
ENSG00000278948.1	ENSG00000278948	AL031587.5
ENSG00000278949.1	ENSG00000278949	AC127070.5
ENSG00000278950.1	ENSG00000278950	AC138907.8
ENSG00000278959.1	ENSG00000278959	AC006378.2
ENSG00000278962.1	ENSG00000278962	AC092645.1
ENSG00000278969.1	ENSG00000278969	AC026310.3
ENSG00000278970.1	ENSG00000278970	HEIH
ENSG00000278971.1	ENSG00000278971	AC091305.2
ENSG00000278975.1	ENSG00000278975	AC007012.2
ENSG00000278982.1	ENSG00000278982	AL139125.2
ENSG00000278983.1	ENSG00000278983	AC048380.2
ENSG00000278989.1	ENSG00000278989	AP001148.1
ENSG00000278996.1	ENSG00000278996	FP671120.1
ENSG00000278997.1	ENSG00000278997	AL662907.1
ENSG00000279010.3	ENSG00000279010	AL031587.6
ENSG00000279013.1	ENSG00000279013	AC110774.1
ENSG00000279026.1	ENSG00000279026	AC005225.5
ENSG00000279042.1	ENSG00000279042	AP005242.4
ENSG00000279048.1	ENSG00000279048	AC080080.1
ENSG00000279059.1	ENSG00000279059	AC007485.2
ENSG00000279069.1	ENSG00000279069	AC015813.5
ENSG00000279078.1	ENSG00000279078	SND1-IT1
ENSG00000279082.3	ENSG00000279082	LINC01727
ENSG00000279088.1	ENSG00000279088	AC022400.7
ENSG00000279089.1	ENSG00000279089	AC005839.1
ENSG00000279090.1	ENSG00000279090	AP000843.1
ENSG00000279092.1	ENSG00000279092	AC025678.3
ENSG00000279095.1	ENSG00000279095	AC243964.3
ENSG00000279113.1	ENSG00000279113	AC148477.7
ENSG00000279117.1	ENSG00000279117	AP001972.5
ENSG00000279118.1	ENSG00000279118	AC093535.2
ENSG00000279133.1	ENSG00000279133	AC018628.1
ENSG00000279138.1	ENSG00000279138	AP002847.1
ENSG00000279140.1	ENSG00000279140	AL590326.2
ENSG00000279159.1	ENSG00000279159	AC003681.1
ENSG00000279161.1	ENSG00000279161	AC093503.3
ENSG00000279166.1	ENSG00000279166	AC009951.1
ENSG00000279168.2	ENSG00000279168	AC105052.3
ENSG00000279179.1	ENSG00000279179	AL662907.2
ENSG00000279192.1	ENSG00000279192	PWAR5
ENSG00000279196.1	ENSG00000279196	AC135048.4
ENSG00000279198.1	ENSG00000279198	AC008894.3
ENSG00000279207.1	ENSG00000279207	AC015813.6
ENSG00000279227.1	ENSG00000279227	AC009303.4
ENSG00000279233.1	ENSG00000279233	AC122688.3
ENSG00000279235.1	ENSG00000279235	AC011944.2
ENSG00000279246.1	ENSG00000279246	AP003108.3
ENSG00000279253.1	ENSG00000279253	AL121753.2
ENSG00000279255.1	ENSG00000279255	Z97653.2
ENSG00000279259.1	ENSG00000279259	AC087741.3
ENSG00000279267.1	ENSG00000279267	AL078621.3
ENSG00000279277.1	ENSG00000279277	AC012020.1
ENSG00000279283.1	ENSG00000279283	AC131009.4
ENSG00000279288.1	ENSG00000279288	AC073346.2
ENSG00000279289.1	ENSG00000279289	AL136164.3
ENSG00000279302.3	ENSG00000279302	AC013643.3
ENSG00000279305.1	ENSG00000279305	AC134026.1
ENSG00000279311.1	ENSG00000279311	AC092999.1
ENSG00000279315.1	ENSG00000279315	AL158212.4
ENSG00000279320.1	ENSG00000279320	AC069528.2
ENSG00000279329.1	ENSG00000279329	AC020910.5
ENSG00000279342.2	ENSG00000279342	AP000866.6
ENSG00000279348.1	ENSG00000279348	AC012513.3
ENSG00000279349.1	ENSG00000279349	AC092692.1
ENSG00000279355.1	ENSG00000279355	AGPAT4-IT1
ENSG00000279369.1	ENSG00000279369	AC046185.3
ENSG00000279377.1	ENSG00000279377	AC003973.3
ENSG00000279400.1	ENSG00000279400	AC008957.3
ENSG00000279406.1	ENSG00000279406	AL359183.1
ENSG00000279407.1	ENSG00000279407	AC007191.1
ENSG00000279419.1	ENSG00000279419	AC004925.1
ENSG00000279423.1	ENSG00000279423	AL445363.3
ENSG00000279425.1	ENSG00000279425	AC092279.2
ENSG00000279453.1	ENSG00000279453	Z99129.4
ENSG00000279456.1	ENSG00000279456	AL353763.1
ENSG00000279457.4	ENSG00000279457	FO538757.1
ENSG00000279491.1	ENSG00000279491	AP003733.4
ENSG00000279495.1	ENSG00000279495	AL928654.5
ENSG00000279518.1	ENSG00000279518	AC083843.3
ENSG00000279519.1	ENSG00000279519	AC007382.1
ENSG00000279522.1	ENSG00000279522	AC008536.3
ENSG00000279528.1	ENSG00000279528	AC115618.3
ENSG00000279529.1	ENSG00000279529	AC008764.8
ENSG00000279535.1	ENSG00000279535	AP003476.1
ENSG00000279536.1	ENSG00000279536	AC093458.2
ENSG00000279555.1	ENSG00000279555	AC091181.1
ENSG00000279561.2	ENSG00000279561	AL845472.1
ENSG00000279569.1	ENSG00000279569	AC020763.4
ENSG00000279594.1	ENSG00000279594	AL049780.3
ENSG00000279602.1	ENSG00000279602	AC109326.1
ENSG00000279608.1	ENSG00000279608	AL353795.3
ENSG00000279631.1	ENSG00000279631	AL158211.5
ENSG00000279656.1	ENSG00000279656	AL132780.4
ENSG00000279659.1	ENSG00000279659	AL451064.2
ENSG00000279663.2	ENSG00000279663	AC104623.2
ENSG00000279668.2	ENSG00000279668	AC024610.2
ENSG00000279672.1	ENSG00000279672	AP006621.5
ENSG00000279673.1	ENSG00000279673	AC092919.2
ENSG00000279674.1	ENSG00000279674	AC123769.2
ENSG00000279675.1	ENSG00000279675	AC080100.1
ENSG00000279685.2	ENSG00000279685	MAPT-IT1
ENSG00000279689.1	ENSG00000279689	AC022400.8
ENSG00000279692.1	ENSG00000279692	AC110285.7
ENSG00000279696.1	ENSG00000279696	AP001273.1
ENSG00000279699.1	ENSG00000279699	AC004264.2
ENSG00000279712.1	ENSG00000279712	FP325330.3
ENSG00000279722.1	ENSG00000279722	AC007342.7
ENSG00000279738.1	ENSG00000279738	AL022311.1
ENSG00000279744.1	ENSG00000279744	AC132938.6
ENSG00000279759.1	ENSG00000279759	AC118344.2
ENSG00000279765.3	ENSG00000279765	AC013394.1
ENSG00000279791.1	ENSG00000279791	AC018892.3
ENSG00000279792.1	ENSG00000279792	AC015909.5
ENSG00000279811.1	ENSG00000279811	AC093330.2
ENSG00000279822.1	ENSG00000279822	AC016397.2
ENSG00000279838.1	ENSG00000279838	AL356273.3
ENSG00000279852.1	ENSG00000279852	AC083964.2
ENSG00000279853.1	ENSG00000279853	AC004453.2
ENSG00000279861.1	ENSG00000279861	AC073548.1
ENSG00000279865.1	ENSG00000279865	AC006511.3
ENSG00000279894.1	ENSG00000279894	Z73965.1
ENSG00000279910.1	ENSG00000279910	AL731532.1
ENSG00000279923.1	ENSG00000279923	AC022417.1
ENSG00000279943.1	ENSG00000279943	FLJ38576
ENSG00000279948.1	ENSG00000279948	AC008895.1
ENSG00000279951.1	ENSG00000279951	AL138688.2
ENSG00000279954.1	ENSG00000279954	BX324167.2
ENSG00000279970.1	ENSG00000279970	AC023024.2
ENSG00000280010.1	ENSG00000280010	AP001350.2
ENSG00000280011.1	ENSG00000280011	AL031595.2
ENSG00000280033.1	ENSG00000280033	AC116407.4
ENSG00000280037.1	ENSG00000280037	AC092653.2
ENSG00000280038.1	ENSG00000280038	DNM1P41
ENSG00000280046.1	ENSG00000280046	AC104581.5
ENSG00000280047.1	ENSG00000280047	AC091825.1
ENSG00000280053.1	ENSG00000280053	AC011199.1
ENSG00000280054.1	ENSG00000280054	AC004241.5
ENSG00000280057.1	ENSG00000280057	AL022069.2
ENSG00000280061.1	ENSG00000280061	AC011504.1
ENSG00000280063.1	ENSG00000280063	AC012676.5
ENSG00000280071.3	ENSG00000280071	FP565260.6
ENSG00000280073.1	ENSG00000280073	AL157996.1
ENSG00000280077.1	ENSG00000280077	AL353763.2
ENSG00000280079.1	ENSG00000280079	AC011447.7
ENSG00000280087.1	ENSG00000280087	AC011481.3
ENSG00000280088.1	ENSG00000280088	AC126474.2
ENSG00000280099.1	ENSG00000280099	AL603750.1
ENSG00000280106.1	ENSG00000280106	AC008555.8
ENSG00000280107.1	ENSG00000280107	AL022393.1
ENSG00000280119.1	ENSG00000280119	AC093642.2
ENSG00000280120.1	ENSG00000280120	AC073857.1
ENSG00000280123.1	ENSG00000280123	AC023632.6
ENSG00000280128.1	ENSG00000280128	AL662795.2
ENSG00000280134.1	ENSG00000280134	AL731532.2
ENSG00000280143.1	ENSG00000280143	AP000892.3
ENSG00000280153.1	ENSG00000280153	AC133065.6
ENSG00000280157.1	ENSG00000280157	AL359510.2
ENSG00000280163.1	ENSG00000280163	AC040160.2
ENSG00000280165.1	ENSG00000280165	PCDH20
ENSG00000280173.1	ENSG00000280173	AC104447.1
ENSG00000280187.1	ENSG00000280187	AC022107.1
ENSG00000280195.1	ENSG00000280195	AC245140.2
ENSG00000280206.1	ENSG00000280206	AC026401.3
ENSG00000280222.1	ENSG00000280222	AL365209.1
ENSG00000280234.1	ENSG00000280234	AC124303.2
ENSG00000280237.3	ENSG00000280237	MIR4697HG
ENSG00000280255.1	ENSG00000280255	AC004947.2
ENSG00000280273.2	ENSG00000280273	AF131216.4
ENSG00000280287.1	ENSG00000280287	AC131212.3
ENSG00000280294.1	ENSG00000280294	AC011008.2
ENSG00000280303.2	ENSG00000280303	AC067931.2
ENSG00000280310.1	ENSG00000280310	AC092437.1
ENSG00000280339.1	ENSG00000280339	AP001528.3
ENSG00000280344.1	ENSG00000280344	AC009166.2
ENSG00000280351.2	ENSG00000280351	AC127496.7
ENSG00000280355.1	ENSG00000280355	AL132656.4
ENSG00000280367.1	ENSG00000280367	AP002364.1
ENSG00000280381.1	ENSG00000280381	AC026362.2
ENSG00000280385.1	ENSG00000280385	AP000648.3
ENSG00000280388.1	ENSG00000280388	AC006330.1
ENSG00000280399.1	ENSG00000280399	AC022497.1
ENSG00000280422.1	ENSG00000280422	AC115284.2
ENSG00000280433.1	ENSG00000280433	FP565260.7
ENSG00000280434.1	ENSG00000280434	AL031595.3
ENSG00000280439.1	ENSG00000280439	AC004836.1
ENSG00000280441.2	ENSG00000280441	FP236383.1
ENSG00000280649.2	ENSG00000280649	AC245100.8
ENSG00000280650.1	ENSG00000280650	KCNIP4-IT1
ENSG00000280660.1	ENSG00000280660	AL157396.1
ENSG00000280670.2	ENSG00000280670	CCDC163
ENSG00000280734.2	ENSG00000280734	LINC01232
ENSG00000280739.2	ENSG00000280739	EIF1B-AS1
ENSG00000280776.1	ENSG00000280776	AC021079.1
ENSG00000280789.1	ENSG00000280789	PAGR1
ENSG00000280798.1	ENSG00000280798	LINC00294
ENSG00000280828.1	ENSG00000280828	AC090114.3
ENSG00000280832.1	ENSG00000280832	GSEC
ENSG00000280987.4	ENSG00000280987	MATR3
ENSG00000281026.1	ENSG00000281026	N4BP2L2-IT2
ENSG00000281100.1	ENSG00000281100	AC105749.1
ENSG00000281106.2	ENSG00000281106	LINC00282
ENSG00000281160.1	ENSG00000281160	AC018358.1
ENSG00000281183.1	ENSG00000281183	NPTN-IT1
ENSG00000281186.1	ENSG00000281186	LINC00706
ENSG00000281195.1	ENSG00000281195	AC007878.1
ENSG00000281207.1	ENSG00000281207	SLFNL1-AS1
ENSG00000281327.1	ENSG00000281327	LINC01338
ENSG00000281332.1	ENSG00000281332	AC018645.3
ENSG00000281344.1	ENSG00000281344	HELLPAR
ENSG00000281392.1	ENSG00000281392	LINC00506
ENSG00000281406.1	ENSG00000281406	BLACAT1
ENSG00000281453.1	ENSG00000281453	TGFB2-OT1
ENSG00000281501.1	ENSG00000281501	AC104662.3
ENSG00000281508.1	ENSG00000281508	CDR1
ENSG00000281571.2	ENSG00000281571	AC241585.3
ENSG00000281649.1	ENSG00000281649	EBLN3P
ENSG00000281831.1	ENSG00000281831	HCP5B
ENSG00000281852.1	ENSG00000281852	LINC00891
ENSG00000281904.1	ENSG00000281904	AC233263.6
ENSG00000281912.1	ENSG00000281912	LINC01144
ENSG00000281937.1	ENSG00000281937	Z98044.1
ENSG00000281938.1	ENSG00000281938	AC026398.1
ENSG00000281991.1	ENSG00000281991	TMEM265
ENSG00000282033.1	ENSG00000282033	AC074387.1
ENSG00000282034.1	ENSG00000282034	AC106886.5
ENSG00000282164.2	ENSG00000282164	PEG13
ENSG00000282375.1	ENSG00000282375	AC100797.4
ENSG00000282393.1	ENSG00000282393	AC016588.2
ENSG00000282416.1	ENSG00000282416	AC092299.1
ENSG00000282458.1	ENSG00000282458	WASH5P
ENSG00000282508.1	ENSG00000282508	LINC01002
ENSG00000282608.1	ENSG00000282608	ADORA3
ENSG00000282826.1	ENSG00000282826	FRG1CP
ENSG00000282827.2	ENSG00000282827	AC134772.2
ENSG00000282851.1	ENSG00000282851	BISPR
ENSG00000282936.1	ENSG00000282936	AC004706.4
ENSG00000282988.1	ENSG00000282988	HIST1H3D
ENSG00000283029.1	ENSG00000283029	AL139099.5
ENSG00000283050.1	ENSG00000283050	GTF2IP12
ENSG00000283078.1	ENSG00000283078	AL137077.2
ENSG00000283088.1	ENSG00000283088	AC010487.3
ENSG00000283093.1	ENSG00000283093	CENPVL2
ENSG00000283103.1	ENSG00000283103	AC010642.2
ENSG00000283154.2	ENSG00000283154	IQCJ-SCHIP1
ENSG00000283156.1	ENSG00000283156	AC068620.4
ENSG00000283162.1	ENSG00000283162	AL390726.6
ENSG00000283183.1	ENSG00000283183	AC116565.2
ENSG00000283189.2	ENSG00000283189	AC104452.1
ENSG00000283196.1	ENSG00000283196	AC006453.2
ENSG00000283199.1	ENSG00000283199	FP565324.1
ENSG00000283228.1	ENSG00000283228	AC068547.1
ENSG00000283236.1	ENSG00000283236	AC074141.1
ENSG00000283239.1	ENSG00000283239	KBTBD11-OT1
ENSG00000283293.1	ENSG00000283293	RN7SK
ENSG00000283294.1	ENSG00000283294	AP005212.5
ENSG00000283312.1	ENSG00000283312	AC017104.4
ENSG00000283341.1	ENSG00000283341	AC068205.2
ENSG00000283352.1	ENSG00000283352	AL021368.4
ENSG00000283378.1	ENSG00000283378	BX088645.1
ENSG00000283406.1	ENSG00000283406	DGCR5
ENSG00000283462.1	ENSG00000283462	AC008505.1
ENSG00000283486.2	ENSG00000283486	FAM95C
ENSG00000283503.1	ENSG00000283503	LINC01902
ENSG00000283515.1	ENSG00000283515	AC020915.6
ENSG00000283529.1	ENSG00000283529	AL035685.1
ENSG00000283563.1	ENSG00000283563	AC098650.1
ENSG00000283633.1	ENSG00000283633	AP000547.3
ENSG00000283646.1	ENSG00000283646	LINC02009
ENSG00000283662.1	ENSG00000283662	AC138904.3
ENSG00000283674.2	ENSG00000283674	AC068587.6
ENSG00000283709.1	ENSG00000283709	FAM238C
ENSG00000283757.1	ENSG00000283757	AL031686.1
ENSG00000283761.1	ENSG00000283761	AC118553.2
ENSG00000283765.1	ENSG00000283765	AC131160.1
ENSG00000283782.1	ENSG00000283782	AC116366.3
ENSG00000283839.1	ENSG00000283839	AC096667.1
ENSG00000283886.1	ENSG00000283886	BX664615.2
ENSG00000283900.1	ENSG00000283900	Z98749.3
ENSG00000283913.1	ENSG00000283913	AL512662.2
ENSG00000283930.1	ENSG00000283930	AL117339.5
ENSG00000284024.1	ENSG00000284024	AC069544.2
ENSG00000284052.1	ENSG00000284052	AC006460.2
ENSG00000284057.1	ENSG00000284057	AP001273.2
ENSG00000284116.1	ENSG00000284116	AL772307.1
ENSG00000284128.1	ENSG00000284128	AP000356.3
ENSG00000284292.1	ENSG00000284292	AC004922.1
ENSG00000284308.1	ENSG00000284308	C2orf81
ENSG00000284413.2	ENSG00000284413	BTBD8
ENSG00000284428.1	ENSG00000284428	AC092329.4
ENSG00000284431.1	ENSG00000284431	AL022238.4
ENSG00000284461.1	ENSG00000284461	RABGEF1
ENSG00000284471.1	ENSG00000284471	CR769775.4
ENSG00000284505.1	ENSG00000284505	LYNX1
ENSG00000284512.1	ENSG00000284512	AC092718.8
ENSG00000284602.1	ENSG00000284602	AL031432.4
ENSG00000284606.1	ENSG00000284606	AC105233.5
ENSG00000284610.1	ENSG00000284610	AC107918.4
ENSG00000284624.1	ENSG00000284624	AC092902.5
ENSG00000284634.1	ENSG00000284634	AC092821.3
ENSG00000284642.1	ENSG00000284642	AL139424.2
ENSG00000284657.1	ENSG00000284657	AL031432.5
ENSG00000284691.1	ENSG00000284691	AC073111.5
ENSG00000284693.1	ENSG00000284693	AL928921.2
ENSG00000284707.1	ENSG00000284707	AC079781.5
ENSG00000284714.1	ENSG00000284714	AC080128.2
ENSG00000284737.1	ENSG00000284737	BX649567.1
