module_definition	module	component	component_class	n_features	n_edges	mdc	log2_mdc	direction	p_loss_sample	p_loss_gene	q_loss_sample	q_loss_gene	q_loss_max	p_gain_sample	p_gain_gene	q_gain_sample	q_gain_gene	q_gain_max	directional_p_sample	directional_p_gene	directional_fdr	significant_fdr_05	significant_fdr_10	component_label
full_cohort	32	TS_AC	TS	113	465	0.832808880008324	-0.263942643114019	Higher in Control	0.875621890547264	0.840796019900497	1.0	1.0	1.0	0.129353233830846	0.164179104477612	0.468905472636816	0.56680881307747	0.56680881307747	0.129353233830846	0.164179104477612	0.56680881307747	False	False	TS: AC
full_cohort	32	TS_DLPFC	TS	113	1128	1.17793614276376	0.236261331175891	Higher in AD	0.0049751243781094	0.159203980099502	0.0086442786069651	0.63226723525231	0.63226723525231	1.0	0.845771144278607	1.0	1.0	1.0	0.0049751243781094	0.159203980099502	0.63226723525231	False	False	TS: DLPFC
full_cohort	32	TS_PCGBA23	TS	113	561	1.12614323993726	0.171390342874665	Higher in AD	0.830845771144279	0.437810945273632	1.0	0.97007499814361	1.0	0.174129353233831	0.567164179104478	0.280981456354591	1.0	1.0	0.830845771144279	0.437810945273632	1.0	False	False	TS: PCG
full_cohort	32	CT_AC__DLPFC	CT	113	1488	1.00692756727591	0.0099599076840509	Higher in AD	0.0049751243781094	0.129353233830846	0.0161691542288557	0.451158839946608	0.451158839946608	1.0	0.875621890547264	1.0	1.0	1.0	0.0049751243781094	0.129353233830846	0.451158839946608	False	False	CT: AC - DLPFC
full_cohort	32	CT_AC__PCGBA23	CT	113	1054	1.23436538004126	0.303769504656415	Higher in AD	0.0248756218905473	0.0049751243781094	0.0981205085682698	0.0201847903340441	0.0981205085682698	0.980099502487562	1.0	1.0	1.0	1.0	0.0248756218905473	0.0049751243781094	0.0981205085682698	False	True	CT: AC - PCG
full_cohort	32	CT_DLPFC__PCGBA23	CT	113	1632	1.47312443429023	0.558879299451287	Higher in AD	0.0049751243781094	0.0049751243781094	0.0111162935323383	0.0323383084577114	0.0323383084577114	1.0	1.0	1.0	1.0	1.0	0.0049751243781094	0.0049751243781094	0.0323383084577114	True	True	CT: DLPFC - PCG
full_cohort	34	TS_AC	TS	407	1770	0.746252288882905	-0.422264643511658	Higher in Control	1.0	0.995024875621891	1.0	1.0	1.0	0.0049751243781094	0.0099502487562189	0.0267182605491063	0.0601160862354892	0.0601160862354892	0.0049751243781094	0.0099502487562189	0.0601160862354892	False	True	TS: AC
full_cohort	34	TS_DLPFC	TS	407	13530	0.849641562136859	-0.235073754331295	Higher in Control	0.0049751243781094	1.0	0.0086442786069651	1.0	1.0	1.0	0.0049751243781094	1.0	0.0160823788036561	1.0	1.0	0.0049751243781094	1.0	False	False	TS: DLPFC
full_cohort	34	TS_PCGBA23	TS	407	16471	0.761650093075888	-0.392799728300883	Higher in Control	1.0	1.0	1.0	1.0	1.0	0.0049751243781094	0.0049751243781094	0.0119740281642634	0.0252309879175551	0.0252309879175551	0.0049751243781094	0.0049751243781094	0.0252309879175551	True	True	TS: PCG
full_cohort	34	CT_AC__DLPFC	CT	407	9900	0.64538879708743	-0.631759559713087	Higher in Control	1.0	1.0	1.0	1.0	1.0	0.0049751243781094	0.0049751243781094	0.0177860696517413	0.0245325098644707	0.0245325098644707	0.0049751243781094	0.0049751243781094	0.0245325098644707	True	True	CT: AC - DLPFC
full_cohort	34	CT_AC__PCGBA23	CT	407	10920	0.952266239525991	-0.0705631088077618	Higher in Control	1.0	0.393034825870647	1.0	0.724817471086128	1.0	0.0049751243781094	0.611940298507463	0.0130827344757693	1.0	1.0	0.0049751243781094	0.611940298507463	1.0	False	False	CT: AC - PCG
full_cohort	34	CT_DLPFC__PCGBA23	CT	407	30030	0.863082857878361	-0.212429026894443	Higher in Control	1.0	1.0	1.0	1.0	1.0	0.0049751243781094	0.0049751243781094	0.027363184079602	0.0197622996130459	0.027363184079602	0.0049751243781094	0.0049751243781094	0.027363184079602	True	True	CT: DLPFC - PCG
full_cohort	36	TS_AC	TS	521	101475	0.85371632508741	-0.228171327590118	Higher in Control	1.0	1.0	1.0	1.0	1.0	0.0049751243781094	0.0049751243781094	0.0267182605491063	0.0313649145576465	0.0313649145576465	0.0049751243781094	0.0049751243781094	0.0313649145576465	True	True	TS: AC
full_cohort	36	TS_DLPFC	TS	521	496	0.952171470728423	-0.0707066918440129	Higher in Control	0.0049751243781094	0.890547263681592	0.0086442786069651	1.0	1.0	1.0	0.114427860696517	1.0	0.248523009950249	1.0	1.0	0.114427860696517	1.0	False	False	TS: DLPFC
full_cohort	36	TS_PCGBA23	TS	521	703	0.805760312431893	-0.311577347315671	Higher in Control	1.0	0.995024875621891	1.0	1.0	1.0	0.0049751243781094	0.0099502487562189	0.0119740281642634	0.0441542288557214	0.0441542288557214	0.0049751243781094	0.0099502487562189	0.0441542288557214	True	True	TS: PCG
full_cohort	36	CT_AC__DLPFC	CT	521	14432	0.852316215368925	-0.230539315014912	Higher in Control	0.870646766169154	0.860696517412935	1.0	1.0	1.0	0.134328358208955	0.144278606965174	0.362433117431709	0.421057975428978	0.421057975428978	0.134328358208955	0.144278606965174	0.421057975428978	False	False	CT: AC - DLPFC
full_cohort	36	CT_AC__PCGBA23	CT	521	17138	0.891429060490721	-0.165808101468252	Higher in Control	1.0	0.805970149253731	1.0	1.0	1.0	0.0049751243781094	0.199004975124378	0.0130827344757693	0.601249073780036	0.601249073780036	0.0049751243781094	0.199004975124378	0.601249073780036	False	False	CT: AC - PCG
full_cohort	36	CT_DLPFC__PCGBA23	CT	521	1216	1.03516800634498	0.0498649341502576	Higher in AD	0.0447761194029851	0.72636815920398	0.082089552238806	1.0	1.0	0.960199004975124	0.278606965174129	1.0	0.675267729150856	1.0	0.0447761194029851	0.72636815920398	1.0	False	False	CT: DLPFC - PCG
full_cohort	38	TS_AC	TS	416	253	0.75294737821921	-0.409379053144164	Higher in Control	0.920398009950249	0.945273631840796	1.0	1.0	1.0	0.0845771144278607	0.0597014925373134	0.331450853838914	0.288557213930348	0.331450853838914	0.0845771144278607	0.0597014925373134	0.331450853838914	False	False	TS: AC
full_cohort	38	TS_DLPFC	TS	416	17578	0.907831425188832	-0.13950366589841	Higher in Control	0.0049751243781094	1.0	0.0086442786069651	1.0	1.0	1.0	0.0049751243781094	1.0	0.0160823788036561	1.0	1.0	0.0049751243781094	1.0	False	False	TS: DLPFC
full_cohort	38	TS_PCGBA23	TS	416	20910	0.748509049830473	-0.417908335628898	Higher in Control	1.0	1.0	1.0	1.0	1.0	0.0049751243781094	0.0049751243781094	0.0119740281642634	0.0252309879175551	0.0252309879175551	0.0049751243781094	0.0049751243781094	0.0252309879175551	True	True	TS: PCG
full_cohort	38	CT_AC__DLPFC	CT	416	4324	0.716402088281675	-0.48115855216256	Higher in Control	1.0	1.0	1.0	1.0	1.0	0.0049751243781094	0.0049751243781094	0.0177860696517413	0.0245325098644707	0.0245325098644707	0.0049751243781094	0.0049751243781094	0.0245325098644707	True	True	CT: AC - DLPFC
full_cohort	38	CT_AC__PCGBA23	CT	416	4715	0.994969368790356	-0.007275983476789	Higher in Control	0.995024875621891	0.248756218905473	1.0	0.535202774008744	1.0	0.0099502487562189	0.756218905472637	0.0239480563285269	1.0	1.0	0.0099502487562189	0.756218905472637	1.0	False	False	CT: AC - PCG
full_cohort	38	CT_DLPFC__PCGBA23	CT	416	38540	0.883699059432717	-0.178372946291449	Higher in Control	1.0	1.0	1.0	1.0	1.0	0.0049751243781094	0.0049751243781094	0.027363184079602	0.0197622996130459	0.027363184079602	0.0049751243781094	0.0049751243781094	0.027363184079602	True	True	CT: DLPFC - PCG
full_cohort	56	TS_AC	TS	542	4186	0.823703454650812	-0.27980305542424	Higher in Control	1.0	0.965174129353234	1.0	1.0	1.0	0.0049751243781094	0.0398009950248756	0.0267182605491063	0.206112295664534	0.206112295664534	0.0049751243781094	0.0398009950248756	0.206112295664534	False	False	TS: AC
full_cohort	56	TS_DLPFC	TS	542	31125	0.861871870443505	-0.214454686843872	Higher in Control	0.0049751243781094	1.0	0.0086442786069651	1.0	1.0	1.0	0.0049751243781094	1.0	0.0160823788036561	1.0	1.0	0.0049751243781094	1.0	False	False	TS: DLPFC
full_cohort	56	TS_PCGBA23	TS	542	19900	0.910431914602753	-0.135376963613572	Higher in Control	1.0	1.0	1.0	1.0	1.0	0.0049751243781094	0.0049751243781094	0.0119740281642634	0.0252309879175551	0.0252309879175551	0.0049751243781094	0.0049751243781094	0.0252309879175551	True	True	TS: PCG
full_cohort	56	CT_AC__DLPFC	CT	542	23000	0.695005043335812	-0.524904648030835	Higher in Control	1.0	1.0	1.0	1.0	1.0	0.0049751243781094	0.0049751243781094	0.0177860696517413	0.0245325098644707	0.0245325098644707	0.0049751243781094	0.0049751243781094	0.0245325098644707	True	True	CT: AC - DLPFC
full_cohort	56	CT_AC__PCGBA23	CT	542	18400	0.957379647569026	-0.0628369579996568	Higher in Control	1.0	0.373134328358209	1.0	0.706467661691542	1.0	0.0049751243781094	0.631840796019901	0.0130827344757693	1.0	1.0	0.0049751243781094	0.631840796019901	1.0	False	False	CT: AC - PCG
full_cohort	56	CT_DLPFC__PCGBA23	CT	542	50000	1.06943601734844	0.0968501709411509	Higher in AD	0.0049751243781094	0.870646766169154	0.0111162935323383	1.0	1.0	1.0	0.134328358208955	1.0	0.400186567164179	1.0	0.0049751243781094	0.870646766169154	1.0	False	False	CT: DLPFC - PCG
full_cohort	57	TS_AC	TS	142	703	0.824344162723664	-0.278681308217201	Higher in Control	0.945273631840796	0.865671641791045	1.0	1.0	1.0	0.0597014925373134	0.139303482587065	0.254609306409131	0.531552762503273	0.531552762503273	0.0597014925373134	0.139303482587065	0.531552762503273	False	False	TS: AC
full_cohort	57	TS_DLPFC	TS	142	1225	0.868786152030153	-0.202926987321337	Higher in Control	0.0049751243781094	0.995024875621891	0.0086442786069651	1.0	1.0	1.0	0.0099502487562189	1.0	0.0276616915422886	1.0	1.0	0.0099502487562189	1.0	False	False	TS: DLPFC
full_cohort	57	TS_PCGBA23	TS	142	1431	0.892406206311723	-0.16422754793013	Higher in Control	1.0	0.975124378109453	1.0	1.0	1.0	0.0049751243781094	0.0298507462686567	0.0119740281642634	0.0985768830267268	0.0985768830267268	0.0049751243781094	0.0298507462686567	0.0985768830267268	False	True	TS: PCG
full_cohort	57	CT_AC__DLPFC	CT	142	1900	0.942137165000257	-0.085990978934834	Higher in Control	0.0398009950248756	0.343283582089552	0.103482587064677	0.892537313432836	0.892537313432836	0.965174129353234	0.661691542288557	1.0	1.0	1.0	0.965174129353234	0.661691542288557	1.0	False	False	CT: AC - DLPFC
full_cohort	57	CT_AC__PCGBA23	CT	142	2052	1.01680177055087	0.02403844761399	Higher in AD	0.900497512437811	0.144278606965174	1.0	0.347246816763639	1.0	0.104477611940299	0.860696517412935	0.197810945273632	1.0	1.0	0.900497512437811	0.144278606965174	1.0	False	False	CT: AC - PCG
full_cohort	57	CT_DLPFC__PCGBA23	CT	142	2700	1.1165465575238	0.159043409609372	Higher in AD	0.0049751243781094	0.442786069651741	0.0111162935323383	0.9045486851457	0.9045486851457	1.0	0.562189054726368	1.0	1.0	1.0	0.0049751243781094	0.442786069651741	0.9045486851457	False	False	CT: DLPFC - PCG
full_cohort	59	TS_AC	TS	252	20301	0.735370180262909	-0.443457419378339	Higher in Control	1.0	1.0	1.0	1.0	1.0	0.0049751243781094	0.0049751243781094	0.0267182605491063	0.0313649145576465	0.0313649145576465	0.0049751243781094	0.0049751243781094	0.0313649145576465	True	True	TS: AC
full_cohort	59	TS_DLPFC	TS	252	406	0.973730456910963	-0.0384056267842478	Higher in Control	0.0049751243781094	0.875621890547264	0.0086442786069651	1.0	1.0	1.0	0.129353233830846	1.0	0.276616915422886	1.0	1.0	0.129353233830846	1.0	False	False	TS: DLPFC
full_cohort	59	TS_PCGBA23	TS	252	210	0.924873021926083	-0.112672786785235	Higher in Control	0.925373134328358	0.771144278606965	1.0	1.0	1.0	0.0796019900497512	0.233830845771144	0.146798475156684	0.527047303166706	0.527047303166706	0.0796019900497512	0.233830845771144	0.527047303166706	False	False	TS: PCG
full_cohort	59	CT_AC__DLPFC	CT	252	5858	0.709442889212767	-0.495241544168565	Higher in Control	1.0	1.0	1.0	1.0	1.0	0.0049751243781094	0.0049751243781094	0.0177860696517413	0.0245325098644707	0.0245325098644707	0.0049751243781094	0.0049751243781094	0.0245325098644707	True	True	CT: AC - DLPFC
full_cohort	59	CT_AC__PCGBA23	CT	252	4242	0.804471489716094	-0.31388680181191	Higher in Control	1.0	0.945273631840796	1.0	1.0	1.0	0.0049751243781094	0.0597014925373134	0.0130827344757693	0.229124647035095	0.229124647035095	0.0049751243781094	0.0597014925373134	0.229124647035095	False	False	CT: AC - PCG
full_cohort	59	CT_DLPFC__PCGBA23	CT	252	609	1.03385130707909	0.0480287059958217	Higher in AD	0.238805970149254	0.691542288557214	0.375266524520256	1.0	1.0	0.766169154228856	0.313432835820896	1.0	0.700326492537313	1.0	0.238805970149254	0.691542288557214	1.0	False	False	CT: DLPFC - PCG
full_cohort	60	TS_AC	TS	273	4560	0.702690561914865	-0.509038573542147	Higher in Control	1.0	1.0	1.0	1.0	1.0	0.0049751243781094	0.0049751243781094	0.0267182605491063	0.0313649145576465	0.0313649145576465	0.0049751243781094	0.0049751243781094	0.0313649145576465	True	True	TS: AC
full_cohort	60	TS_DLPFC	TS	273	3160	0.700119277624891	-0.514327363431822	Higher in Control	0.18407960199005	1.0	0.234743712629513	1.0	1.0	0.82089552238806	0.0049751243781094	1.0	0.0160823788036561	1.0	0.82089552238806	0.0049751243781094	1.0	False	False	TS: DLPFC
full_cohort	60	TS_PCGBA23	TS	273	4656	0.880981561711942	-0.182816269958597	Higher in Control	1.0	1.0	1.0	1.0	1.0	0.0049751243781094	0.0049751243781094	0.0119740281642634	0.0252309879175551	0.0252309879175551	0.0049751243781094	0.0049751243781094	0.0252309879175551	True	True	TS: PCG
full_cohort	60	CT_AC__DLPFC	CT	273	7680	0.701304520403541	-0.511887067656756	Higher in Control	1.0	1.0	1.0	1.0	1.0	0.0049751243781094	0.0049751243781094	0.0177860696517413	0.0245325098644707	0.0245325098644707	0.0049751243781094	0.0049751243781094	0.0245325098644707	True	True	CT: AC - DLPFC
full_cohort	60	CT_AC__PCGBA23	CT	273	9312	0.883510690865851	-0.178680502763748	Higher in Control	1.0	0.840796019900497	1.0	1.0	1.0	0.0049751243781094	0.164179104477612	0.0130827344757693	0.518076285240464	0.518076285240464	0.0049751243781094	0.164179104477612	0.518076285240464	False	False	CT: AC - PCG
full_cohort	60	CT_DLPFC__PCGBA23	CT	273	7760	0.995339838108446	-0.0067389068734855	Higher in Control	0.0099502487562189	0.970149253731343	0.0203269367448472	1.0	1.0	0.995024875621891	0.0348258706467662	1.0	0.115816267499711	1.0	0.995024875621891	0.0348258706467662	1.0	False	False	CT: DLPFC - PCG
full_cohort	61	TS_AC	TS	575	21528	0.435077891285271	-1.20065438746306	Higher in Control	1.0	1.0	1.0	1.0	1.0	0.0049751243781094	0.0049751243781094	0.0267182605491063	0.0313649145576465	0.0313649145576465	0.0049751243781094	0.0049751243781094	0.0313649145576465	True	True	TS: AC
full_cohort	61	TS_DLPFC	TS	575	14196	0.83221432256525	-0.264972977237627	Higher in Control	0.0049751243781094	1.0	0.0086442786069651	1.0	1.0	1.0	0.0049751243781094	1.0	0.0160823788036561	1.0	1.0	0.0049751243781094	1.0	False	False	TS: DLPFC
full_cohort	61	TS_PCGBA23	TS	575	19503	0.743835059093403	-0.426945346953338	Higher in Control	1.0	1.0	1.0	1.0	1.0	0.0049751243781094	0.0049751243781094	0.0119740281642634	0.0252309879175551	0.0252309879175551	0.0049751243781094	0.0049751243781094	0.0252309879175551	True	True	TS: PCG
full_cohort	61	CT_AC__DLPFC	CT	575	35152	0.495705231537055	-1.01244561019101	Higher in Control	1.0	1.0	1.0	1.0	1.0	0.0049751243781094	0.0049751243781094	0.0177860696517413	0.0245325098644707	0.0245325098644707	0.0049751243781094	0.0049751243781094	0.0245325098644707	True	True	CT: AC - DLPFC
full_cohort	61	CT_AC__PCGBA23	CT	575	41184	0.664489582678724	-0.589681512595167	Higher in Control	1.0	1.0	1.0	1.0	1.0	0.0049751243781094	0.0049751243781094	0.0130827344757693	0.0321121664405246	0.0321121664405246	0.0049751243781094	0.0049751243781094	0.0321121664405246	True	True	CT: AC - PCG
full_cohort	61	CT_DLPFC__PCGBA23	CT	575	33462	0.721168598072013	-0.471591516187119	Higher in Control	1.0	1.0	1.0	1.0	1.0	0.0049751243781094	0.0049751243781094	0.027363184079602	0.0197622996130459	0.027363184079602	0.0049751243781094	0.0049751243781094	0.027363184079602	True	True	CT: DLPFC - PCG
full_cohort	65	TS_AC	TS	638	10878	0.870418531924644	-0.200218821811098	Higher in Control	1.0	0.945273631840796	1.0	1.0	1.0	0.0049751243781094	0.0597014925373134	0.0267182605491063	0.288557213930348	0.288557213930348	0.0049751243781094	0.0597014925373134	0.288557213930348	False	False	TS: AC
full_cohort	65	TS_DLPFC	TS	638	40755	1.13285079250169	0.179957856663077	Higher in AD	0.0049751243781094	0.149253731343284	0.0086442786069651	0.610184372256365	0.610184372256365	1.0	0.855721393034826	1.0	1.0	1.0	0.0049751243781094	0.149253731343284	0.610184372256365	False	False	TS: DLPFC
full_cohort	65	TS_PCGBA23	TS	638	20706	1.30232089515605	0.381084976006699	Higher in AD	0.154228855721393	0.0049751243781094	1.0	0.0415569212759731	1.0	0.850746268656716	1.0	0.958777540867093	1.0	1.0	0.154228855721393	0.0049751243781094	1.0	False	False	TS: PCG
full_cohort	65	CT_AC__DLPFC	CT	638	42328	0.902842122727137	-0.147454364846883	Higher in Control	0.0049751243781094	0.676616915422886	0.0161691542288557	1.0	1.0	1.0	0.328358208955224	1.0	0.700824237023836	1.0	1.0	0.328358208955224	1.0	False	False	CT: AC - DLPFC
full_cohort	65	CT_AC__PCGBA23	CT	638	30192	1.05917137761801	0.0829360412999814	Higher in AD	0.935323383084577	0.0049751243781094	1.0	0.0201847903340441	1.0	0.0696517412935323	1.0	0.139303482587065	1.0	1.0	0.935323383084577	0.0049751243781094	1.0	False	False	CT: AC - PCG
full_cohort	65	CT_DLPFC__PCGBA23	CT	638	58344	1.48257788343169	0.568107895050731	Higher in AD	0.0049751243781094	0.0049751243781094	0.0111162935323383	0.0323383084577114	0.0323383084577114	1.0	1.0	1.0	1.0	1.0	0.0049751243781094	0.0049751243781094	0.0323383084577114	True	True	CT: DLPFC - PCG
full_cohort	66	TS_AC	TS	31	55	0.676448054669369	-0.563948942870685	Higher in Control	0.776119402985075	0.840796019900497	1.0	1.0	1.0	0.228855721393035	0.164179104477612	0.650668227490001	0.56680881307747	0.650668227490001	0.228855721393035	0.164179104477612	0.650668227490001	False	False	TS: AC
full_cohort	66	TS_DLPFC	TS	31	36	0.88878442060758	-0.17009456676204	Higher in Control	0.343283582089552	0.786069651741294	0.381731343283582	1.0	1.0	0.661691542288557	0.218905472636816	1.0	0.416820009541334	1.0	0.661691542288557	0.218905472636816	1.0	False	False	TS: DLPFC
full_cohort	66	TS_PCGBA23	TS	31	55	0.844997418859759	-0.242981160361076	Higher in Control	0.825870646766169	0.761194029850746	1.0	1.0	1.0	0.17910447761194	0.243781094527363	0.285762200234781	0.540889303482587	0.540889303482587	0.17910447761194	0.243781094527363	0.540889303482587	False	False	TS: PCG
full_cohort	66	CT_AC__DLPFC	CT	31	99	0.696966164858376	-0.520839474627055	Higher in Control	0.875621890547264	0.890547263681592	1.0	1.0	1.0	0.129353233830846	0.114427860696517	0.355721393034826	0.348152852757489	0.355721393034826	0.129353233830846	0.114427860696517	0.355721393034826	False	False	CT: AC - DLPFC
full_cohort	66	CT_AC__PCGBA23	CT	31	121	0.727004956396157	-0.459962895056411	Higher in Control	0.990049751243781	0.865671641791045	1.0	1.0	1.0	0.0149253731343284	0.139303482587065	0.0347443112307316	0.449570330167345	0.449570330167345	0.0149253731343284	0.139303482587065	0.449570330167345	False	False	CT: AC - PCG
full_cohort	66	CT_DLPFC__PCGBA23	CT	31	99	0.946242043877734	-0.0797188300995806	Higher in Control	0.577114427860697	0.746268656716418	0.817102605782966	1.0	1.0	0.427860696517413	0.258706467661692	1.0	0.637845256476239	1.0	0.427860696517413	0.258706467661692	1.0	False	False	CT: DLPFC - PCG
full_cohort	68	TS_AC	TS	551	20910	0.602408064059248	-0.731187012293826	Higher in Control	1.0	1.0	1.0	1.0	1.0	0.0049751243781094	0.0049751243781094	0.0267182605491063	0.0313649145576465	0.0313649145576465	0.0049751243781094	0.0049751243781094	0.0313649145576465	True	True	TS: AC
full_cohort	68	TS_DLPFC	TS	551	17578	0.814582274005483	-0.295867674460386	Higher in Control	0.0049751243781094	1.0	0.0086442786069651	1.0	1.0	1.0	0.0049751243781094	1.0	0.0160823788036561	1.0	1.0	0.0049751243781094	1.0	False	False	TS: DLPFC
full_cohort	68	TS_PCGBA23	TS	551	12403	0.901937793327183	-0.14890016068961	Higher in Control	1.0	1.0	1.0	1.0	1.0	0.0049751243781094	0.0049751243781094	0.0119740281642634	0.0252309879175551	0.0252309879175551	0.0049751243781094	0.0049751243781094	0.0252309879175551	True	True	TS: PCG
full_cohort	68	CT_AC__DLPFC	CT	551	38540	0.555934015827959	-0.847014436195663	Higher in Control	1.0	1.0	1.0	1.0	1.0	0.0049751243781094	0.0049751243781094	0.0177860696517413	0.0245325098644707	0.0245325098644707	0.0049751243781094	0.0049751243781094	0.0245325098644707	True	True	CT: AC - DLPFC
full_cohort	68	CT_AC__PCGBA23	CT	551	32390	0.668636101612872	-0.58070684251691	Higher in Control	1.0	1.0	1.0	1.0	1.0	0.0049751243781094	0.0049751243781094	0.0130827344757693	0.0321121664405246	0.0321121664405246	0.0049751243781094	0.0049751243781094	0.0321121664405246	True	True	CT: AC - PCG
full_cohort	68	CT_DLPFC__PCGBA23	CT	551	29704	0.854715100901531	-0.226484483089097	Higher in Control	1.0	1.0	1.0	1.0	1.0	0.0049751243781094	0.0049751243781094	0.027363184079602	0.0197622996130459	0.027363184079602	0.0049751243781094	0.0049751243781094	0.027363184079602	True	True	CT: DLPFC - PCG
full_cohort	70	TS_AC	TS	387	11781	0.744422042079795	-0.425807321155514	Higher in Control	1.0	1.0	1.0	1.0	1.0	0.0049751243781094	0.0049751243781094	0.0267182605491063	0.0313649145576465	0.0313649145576465	0.0049751243781094	0.0049751243781094	0.0313649145576465	True	True	TS: AC
full_cohort	70	TS_DLPFC	TS	387	8385	0.833624437465186	-0.262530524452954	Higher in Control	0.0049751243781094	1.0	0.0086442786069651	1.0	1.0	1.0	0.0049751243781094	1.0	0.0160823788036561	1.0	1.0	0.0049751243781094	1.0	False	False	TS: DLPFC
full_cohort	70	TS_PCGBA23	TS	387	5253	0.914916677942422	-0.128287732685025	Higher in Control	1.0	0.980099502487562	1.0	1.0	1.0	0.0049751243781094	0.0248756218905473	0.0119740281642634	0.0883084577114428	0.0883084577114428	0.0049751243781094	0.0248756218905473	0.0883084577114428	False	True	TS: PCG
full_cohort	70	CT_AC__DLPFC	CT	387	20020	0.696245126351778	-0.52233277112443	Higher in Control	1.0	1.0	1.0	1.0	1.0	0.0049751243781094	0.0049751243781094	0.0177860696517413	0.0245325098644707	0.0245325098644707	0.0049751243781094	0.0049751243781094	0.0245325098644707	True	True	CT: AC - DLPFC
full_cohort	70	CT_AC__PCGBA23	CT	387	15862	0.841720931844427	-0.248586100287374	Higher in Control	1.0	0.985074626865672	1.0	1.0	1.0	0.0049751243781094	0.0199004975124378	0.0130827344757693	0.094195688225539	0.094195688225539	0.0049751243781094	0.0199004975124378	0.094195688225539	False	True	CT: AC - PCG
full_cohort	70	CT_DLPFC__PCGBA23	CT	387	13390	0.991281778676904	-0.0126328831706876	Higher in Control	0.0099502487562189	0.990049751243781	0.0203269367448472	1.0	1.0	0.995024875621891	0.0149253731343284	1.0	0.054726368159204	1.0	0.995024875621891	0.0149253731343284	1.0	False	False	CT: DLPFC - PCG
full_cohort	91	TS_AC	TS	325	36	0.641655974523431	-0.640128094857319	Higher in Control	0.786069651741294	0.935323383084577	1.0	1.0	1.0	0.218905472636816	0.0696517412935323	0.650668227490001	0.315609452736318	0.650668227490001	0.218905472636816	0.0696517412935323	0.650668227490001	False	False	TS: AC
full_cohort	91	TS_DLPFC	TS	325	47278	0.972633607373222	-0.0400316530608832	Higher in Control	0.0049751243781094	1.0	0.0086442786069651	1.0	1.0	1.0	0.0049751243781094	1.0	0.0160823788036561	1.0	1.0	0.0049751243781094	1.0	False	False	TS: DLPFC
full_cohort	91	TS_PCGBA23	TS	325	28	0.522805968171895	-0.935652484353001	Higher in Control	0.920398009950249	0.970149253731343	1.0	1.0	1.0	0.0845771144278607	0.0348258706467662	0.152024686693117	0.112392582541836	0.152024686693117	0.0845771144278607	0.0348258706467662	0.152024686693117	False	False	TS: PCG
full_cohort	91	CT_AC__DLPFC	CT	325	2772	0.943661753022284	-0.0836582635673994	Higher in Control	0.0099502487562189	0.36318407960199	0.0296434494195688	0.927416488983653	0.927416488983653	0.995024875621891	0.641791044776119	1.0	1.0	1.0	0.995024875621891	0.641791044776119	1.0	False	False	CT: AC - DLPFC
full_cohort	91	CT_AC__PCGBA23	CT	325	72	0.576646783949512	-0.794240205966592	Higher in Control	0.995024875621891	0.945273631840796	1.0	1.0	1.0	0.0099502487562189	0.0597014925373134	0.0239480563285269	0.229124647035095	0.229124647035095	0.0099502487562189	0.0597014925373134	0.229124647035095	False	False	CT: AC - PCG
full_cohort	91	CT_DLPFC__PCGBA23	CT	325	2464	0.510636701834334	-0.969630860214257	Higher in Control	1.0	1.0	1.0	1.0	1.0	0.0049751243781094	0.0049751243781094	0.027363184079602	0.0197622996130459	0.027363184079602	0.0049751243781094	0.0049751243781094	0.027363184079602	True	True	CT: DLPFC - PCG
full_cohort	92	TS_AC	TS	228	3	0.726410939737873	-0.46114216512922	Higher in Control	0.611940298507463	0.651741293532338	1.0	1.0	1.0	0.393034825870647	0.353233830845771	0.904603964305457	0.931252826775215	0.931252826775215	0.393034825870647	0.353233830845771	0.931252826775215	False	False	TS: AC
full_cohort	92	TS_DLPFC	TS	228	23436	0.786092567569712	-0.347228885570839	Higher in Control	0.0049751243781094	1.0	0.0086442786069651	1.0	1.0	1.0	0.0049751243781094	1.0	0.0160823788036561	1.0	1.0	0.0049751243781094	1.0	False	False	TS: DLPFC
full_cohort	92	TS_PCGBA23	TS	228	28	0.78037373188255	-0.357762878601871	Higher in Control	0.786069651741294	0.796019900497512	1.0	1.0	1.0	0.218905472636816	0.208955223880597	0.341588759499207	0.478574867597496	0.478574867597496	0.218905472636816	0.208955223880597	0.478574867597496	False	False	TS: PCG
full_cohort	92	CT_AC__DLPFC	CT	228	651	0.673103092871993	-0.571100609093842	Higher in Control	1.0	0.925373134328358	1.0	1.0	1.0	0.0049751243781094	0.0796019900497512	0.0177860696517413	0.252957435046987	0.252957435046987	0.0049751243781094	0.0796019900497512	0.252957435046987	False	False	CT: AC - DLPFC
full_cohort	92	CT_AC__PCGBA23	CT	228	24	0.805917707948675	-0.311295561835731	Higher in Control	0.716417910447761	0.666666666666667	1.0	1.0	1.0	0.288557213930348	0.338308457711443	0.482060286801288	0.824212271973466	0.824212271973466	0.288557213930348	0.338308457711443	0.824212271973466	False	False	CT: AC - PCG
full_cohort	92	CT_DLPFC__PCGBA23	CT	228	1736	0.932030546831452	-0.101550855630059	Higher in Control	0.656716417910448	0.945273631840796	0.894385216773277	1.0	1.0	0.348258706467662	0.0597014925373134	1.0	0.18971807628524	1.0	0.348258706467662	0.0597014925373134	1.0	False	False	CT: DLPFC - PCG
full_cohort	93	TS_AC	TS	398	1176	0.695693393847221	-0.52347647363479	Higher in Control	1.0	1.0	1.0	1.0	1.0	0.0049751243781094	0.0049751243781094	0.0267182605491063	0.0313649145576465	0.0313649145576465	0.0049751243781094	0.0049751243781094	0.0313649145576465	True	True	TS: AC
full_cohort	93	TS_DLPFC	TS	398	43956	0.801347741869372	-0.319499664235358	Higher in Control	0.0049751243781094	1.0	0.0086442786069651	1.0	1.0	1.0	0.0049751243781094	1.0	0.0160823788036561	1.0	1.0	0.0049751243781094	1.0	False	False	TS: DLPFC
full_cohort	93	TS_PCGBA23	TS	398	1326	0.866139221470319	-0.207329155407064	Higher in Control	1.0	0.975124378109453	1.0	1.0	1.0	0.0049751243781094	0.0298507462686567	0.0119740281642634	0.0985768830267268	0.0985768830267268	0.0049751243781094	0.0298507462686567	0.0985768830267268	False	True	TS: PCG
full_cohort	93	CT_AC__DLPFC	CT	398	14553	0.700655865976199	-0.513222070559041	Higher in Control	1.0	1.0	1.0	1.0	1.0	0.0049751243781094	0.0049751243781094	0.0177860696517413	0.0245325098644707	0.0245325098644707	0.0049751243781094	0.0049751243781094	0.0245325098644707	True	True	CT: AC - DLPFC
full_cohort	93	CT_AC__PCGBA23	CT	398	2548	0.709127268185808	-0.495883521437763	Higher in Control	1.0	1.0	1.0	1.0	1.0	0.0049751243781094	0.0049751243781094	0.0130827344757693	0.0321121664405246	0.0321121664405246	0.0049751243781094	0.0049751243781094	0.0321121664405246	True	True	CT: AC - PCG
full_cohort	93	CT_DLPFC__PCGBA23	CT	398	15444	0.664163229964218	-0.590390241689461	Higher in Control	1.0	1.0	1.0	1.0	1.0	0.0049751243781094	0.0049751243781094	0.027363184079602	0.0197622996130459	0.027363184079602	0.0049751243781094	0.0049751243781094	0.027363184079602	True	True	CT: DLPFC - PCG
full_cohort	144	TS_AC	TS	339	0			Not available														False	False	TS: AC
full_cohort	144	TS_DLPFC	TS	339	105	1.22960651246616	0.298196711226021	Higher in AD	0.0149253731343284	0.238805970149254	0.0241235682054842	0.809610484164543	0.809610484164543	0.990049751243781	0.766169154228856	1.0	1.0	1.0	0.0149253731343284	0.238805970149254	0.809610484164543	False	False	TS: DLPFC
full_cohort	144	TS_PCGBA23	TS	339	52003	0.921423666714811	-0.118063440928745	Higher in Control	1.0	1.0	1.0	1.0	1.0	0.0049751243781094	0.0049751243781094	0.0119740281642634	0.0252309879175551	0.0252309879175551	0.0049751243781094	0.0049751243781094	0.0252309879175551	True	True	TS: PCG
full_cohort	144	CT_AC__DLPFC	CT	339	15	0.845367509098419	-0.242349430074088	Higher in Control	0.492537313432836	0.577114427860697	0.926747839748625	1.0	1.0	0.512437810945274	0.427860696517413	1.0	0.849778883360973	1.0	0.512437810945274	0.427860696517413	1.0	False	False	CT: AC - DLPFC
full_cohort	144	CT_AC__PCGBA23	CT	339	323	1.07451772355983	0.103689279397619	Higher in AD	0.572139303482587	0.328358208955224	1.0	0.666098081023454	1.0	0.432835820895522	0.676616915422886	0.698439620081411	1.0	1.0	0.572139303482587	0.328358208955224	1.0	False	False	CT: AC - PCG
full_cohort	144	CT_DLPFC__PCGBA23	CT	339	4845	1.27527758603033	0.350811308575436	Higher in AD	0.0049751243781094	0.0597014925373134	0.0111162935323383	0.213432835820896	0.213432835820896	1.0	0.945273631840796	1.0	1.0	1.0	0.0049751243781094	0.0597014925373134	0.213432835820896	False	False	CT: DLPFC - PCG
full_cohort	154	TS_AC	TS	345	28	0.574431127772214	-0.799794165597861	Higher in Control	0.845771144278607	0.940298507462687	1.0	1.0	1.0	0.159203980099502	0.0646766169154229	0.53685063056809	0.302519659765688	0.53685063056809	0.159203980099502	0.0646766169154229	0.53685063056809	False	False	TS: AC
full_cohort	154	TS_DLPFC	TS	345	153	0.703785603651196	-0.506792091674254	Higher in Control	0.417910447761194	1.0	0.457398049124456	1.0	1.0	0.587064676616915	0.0049751243781094	1.0	0.0160823788036561	1.0	0.587064676616915	0.0049751243781094	1.0	False	False	TS: DLPFC
full_cohort	154	TS_PCGBA23	TS	345	50721	0.862418649348782	-0.213539718939692	Higher in Control	1.0	1.0	1.0	1.0	1.0	0.0049751243781094	0.0049751243781094	0.0119740281642634	0.0252309879175551	0.0252309879175551	0.0049751243781094	0.0049751243781094	0.0252309879175551	True	True	TS: PCG
full_cohort	154	CT_AC__DLPFC	CT	345	144	0.503811587141775	-0.989043791950299	Higher in Control	1.0	1.0	1.0	1.0	1.0	0.0049751243781094	0.0049751243781094	0.0177860696517413	0.0245325098644707	0.0245325098644707	0.0049751243781094	0.0049751243781094	0.0245325098644707	True	True	CT: AC - DLPFC
full_cohort	154	CT_AC__PCGBA23	CT	345	2552	0.482189413056512	-1.05232811938977	Higher in Control	1.0	1.0	1.0	1.0	1.0	0.0049751243781094	0.0049751243781094	0.0130827344757693	0.0321121664405246	0.0321121664405246	0.0049751243781094	0.0049751243781094	0.0321121664405246	True	True	CT: AC - PCG
full_cohort	154	CT_DLPFC__PCGBA23	CT	345	5742	0.593936696436865	-0.751618922452947	Higher in Control	1.0	1.0	1.0	1.0	1.0	0.0049751243781094	0.0049751243781094	0.027363184079602	0.0197622996130459	0.027363184079602	0.0049751243781094	0.0049751243781094	0.027363184079602	True	True	CT: DLPFC - PCG
full_cohort	158	TS_AC	TS	110	0			Not available														False	False	TS: AC
full_cohort	158	TS_DLPFC	TS	110	21	0.667653397833525	-0.582828751168128	Higher in Control	0.477611940298507	0.915422885572139	0.514636121716996	1.0	1.0	0.527363184079602	0.0895522388059701	1.0	0.200770341839191	1.0	0.527363184079602	0.0895522388059701	1.0	False	False	TS: DLPFC
full_cohort	158	TS_PCGBA23	TS	110	5151	0.796654159544087	-0.327974532019771	Higher in Control	1.0	1.0	1.0	1.0	1.0	0.0049751243781094	0.0049751243781094	0.0119740281642634	0.0252309879175551	0.0252309879175551	0.0049751243781094	0.0049751243781094	0.0252309879175551	True	True	TS: PCG
full_cohort	158	CT_AC__DLPFC	CT	110	7	1.19606146009012	0.258291524894765	Higher in AD	0.383084577114428	0.333333333333333	0.782587064676617	0.882716049382716	0.882716049382716	0.621890547263682	0.671641791044776	1.0	1.0	1.0	0.383084577114428	0.333333333333333	0.882716049382716	False	False	CT: AC - DLPFC
full_cohort	158	CT_AC__PCGBA23	CT	110	102	1.37574345960607	0.460211469996501	Higher in AD	0.104477611940299	0.164179104477612	0.380405663987753	0.382187423538047	0.382187423538047	0.900497512437811	0.840796019900497	1.0	1.0	1.0	0.104477611940299	0.164179104477612	0.382187423538047	False	False	CT: AC - PCG
full_cohort	158	CT_DLPFC__PCGBA23	CT	110	714	0.757265167881353	-0.401129524662284	Higher in Control	0.995024875621891	1.0	1.0	1.0	1.0	0.0099502487562189	0.0049751243781094	0.050817341862118	0.0197622996130459	0.050817341862118	0.0099502487562189	0.0049751243781094	0.050817341862118	False	True	CT: DLPFC - PCG
full_cohort	187	TS_AC	TS	227	276	1.28539715127246	0.36221418015587	Higher in AD	0.0746268656716418	0.054726368159204	0.216417910447761	0.168836667725204	0.216417910447761	0.930348258706468	0.950248756218905	1.0	1.0	1.0	0.0746268656716418	0.054726368159204	0.216417910447761	False	False	TS: AC
full_cohort	187	TS_DLPFC	TS	227	105	1.59604570585017	0.674501966509641	Higher in AD	0.0049751243781094	0.0248756218905473	0.0086442786069651	0.181984812778214	0.181984812778214	1.0	0.980099502487562	1.0	1.0	1.0	0.0049751243781094	0.0248756218905473	0.181984812778214	False	False	TS: DLPFC
full_cohort	187	TS_PCGBA23	TS	227	17578	0.96359010400315	-0.0535085176028964	Higher in Control	1.0	0.985074626865672	1.0	1.0	1.0	0.0049751243781094	0.0199004975124378	0.0119740281642634	0.0724582217119531	0.0724582217119531	0.0049751243781094	0.0199004975124378	0.0724582217119531	False	True	TS: PCG
full_cohort	187	CT_AC__DLPFC	CT	227	360	1.2299115975882	0.298554622634015	Higher in AD	0.0049751243781094	0.0049751243781094	0.0161691542288557	0.0309322950465066	0.0309322950465066	1.0	1.0	1.0	1.0	1.0	0.0049751243781094	0.0049751243781094	0.0309322950465066	True	True	CT: AC - DLPFC
full_cohort	187	CT_AC__PCGBA23	CT	227	4512	1.2452452380386	0.316429893988828	Higher in AD	0.0049751243781094	0.0049751243781094	0.0227892794094046	0.0201847903340441	0.0227892794094046	1.0	1.0	1.0	1.0	1.0	0.0049751243781094	0.0049751243781094	0.0227892794094046	True	True	CT: AC - PCG
full_cohort	187	CT_DLPFC__PCGBA23	CT	227	2820	0.774284730215638	-0.369063904057323	Higher in Control	1.0	1.0	1.0	1.0	1.0	0.0049751243781094	0.0049751243781094	0.027363184079602	0.0197622996130459	0.027363184079602	0.0049751243781094	0.0049751243781094	0.027363184079602	True	True	CT: DLPFC - PCG
full_cohort	188	TS_AC	TS	27	10	1.20645215655664	0.270770704723105	Higher in AD	0.402985074626866	0.323383084577114	0.859306409130816	0.689566871524729	0.859306409130816	0.601990049751244	0.681592039800995	1.0	1.0	1.0	0.402985074626866	0.323383084577114	0.859306409130816	False	False	TS: AC
full_cohort	188	TS_DLPFC	TS	27	28	0.806800101469749	-0.309716829491403	Higher in Control	0.333333333333333	0.850746268656716	0.379232867918472	1.0	1.0	0.671641791044776	0.154228855721393	1.0	0.310692912250342	1.0	0.671641791044776	0.154228855721393	1.0	False	False	TS: DLPFC
full_cohort	188	TS_PCGBA23	TS	27	91	0.695699430654356	-0.5234639548528	Higher in Control	0.975124378109453	0.975124378109453	1.0	1.0	1.0	0.0298507462686567	0.0298507462686567	0.0614319705818732	0.0985768830267268	0.0985768830267268	0.0298507462686567	0.0298507462686567	0.0985768830267268	False	True	TS: PCG
full_cohort	188	CT_AC__DLPFC	CT	27	40	0.946360565904957	-0.0795381359166065	Higher in Control	0.422885572139304	0.427860696517413	0.826811886513379	1.0	1.0	0.582089552238806	0.577114427860697	1.0	0.982468609334281	1.0	0.582089552238806	0.577114427860697	1.0	False	False	CT: AC - DLPFC
full_cohort	188	CT_AC__PCGBA23	CT	27	70	0.784341376310009	-0.350446386062383	Higher in Control	0.90547263681592	0.771144278606965	1.0	1.0	1.0	0.0995024875621891	0.233830845771144	0.19355278402508	0.651058433323578	0.651058433323578	0.0995024875621891	0.233830845771144	0.651058433323578	False	False	CT: AC - PCG
full_cohort	188	CT_DLPFC__PCGBA23	CT	27	112	0.889572684321944	-0.168815606284471	Higher in Control	0.587064676616915	0.865671641791045	0.823041654472734	1.0	1.0	0.417910447761194	0.139303482587065	1.0	0.406538734896944	1.0	0.417910447761194	0.139303482587065	1.0	False	False	CT: DLPFC - PCG
full_cohort	189	TS_AC	TS	260	10	1.13125400586179	0.177922900904528	Higher in AD	0.442786069651741	0.373134328358209	0.879506576705513	0.711901021209741	0.879506576705513	0.562189054726368	0.631840796019901	1.0	1.0	1.0	0.442786069651741	0.373134328358209	0.879506576705513	False	False	TS: AC
full_cohort	189	TS_DLPFC	TS	260	29646	1.07948442066774	0.110342422251032	Higher in AD	0.0049751243781094	0.63681592039801	0.0086442786069651	1.0	1.0	1.0	0.368159203980099	1.0	0.616555775340167	1.0	0.0049751243781094	0.63681592039801	1.0	False	False	TS: DLPFC
full_cohort	189	TS_PCGBA23	TS	260	55	0.905419816861151	-0.14334121178909	Higher in Control	0.771144278606965	0.706467661691542	1.0	1.0	1.0	0.233830845771144	0.298507462686567	0.353233830845771	0.632657607484963	0.632657607484963	0.233830845771144	0.298507462686567	0.632657607484963	False	False	TS: PCG
full_cohort	189	CT_AC__DLPFC	CT	260	1220	0.850330178897129	-0.233904953679528	Higher in Control	0.631840796019901	0.706467661691542	1.0	1.0	1.0	0.373134328358209	0.298507462686567	0.883566040763922	0.677564558161573	0.883566040763922	0.373134328358209	0.298507462686567	0.883566040763922	False	False	CT: AC - DLPFC
full_cohort	189	CT_AC__PCGBA23	CT	260	55	0.763407032694574	-0.389475617808804	Higher in Control	0.900497512437811	0.791044776119403	1.0	1.0	1.0	0.104477611940299	0.213930348258706	0.197810945273632	0.607562189054726	0.607562189054726	0.104477611940299	0.213930348258706	0.607562189054726	False	False	CT: AC - PCG
full_cohort	189	CT_DLPFC__PCGBA23	CT	260	2684	1.06137186081932	0.0859302055160521	Higher in AD	0.0049751243781094	0.54228855721393	0.0111162935323383	1.0	1.0	1.0	0.462686567164179	1.0	0.973002633889377	1.0	0.0049751243781094	0.54228855721393	1.0	False	False	CT: DLPFC - PCG
full_cohort	190	TS_AC	TS	30	435	1.24630610214152	0.317658448623171	Higher in AD	0.0348258706467662	0.0398009950248756	0.10744151582513	0.13116236996834	0.13116236996834	0.970149253731343	0.965174129353234	1.0	1.0	1.0	0.0348258706467662	0.0398009950248756	0.13116236996834	False	False	TS: AC
full_cohort	190	TS_DLPFC	TS	30	0			Not available														False	False	TS: DLPFC
full_cohort	190	TS_PCGBA23	TS	30	0			Not available														False	False	TS: PCG
full_cohort	190	CT_AC__DLPFC	CT	30	0			Not available														False	False	CT: AC - DLPFC
full_cohort	190	CT_AC__PCGBA23	CT	30	0			Not available														False	False	CT: AC - PCG
full_cohort	190	CT_DLPFC__PCGBA23	CT	30	0			Not available														False	False	CT: DLPFC - PCG
full_cohort	191	TS_AC	TS	272	1326	1.0064750509878	0.0093114104487255	Higher in AD	0.422885572139304	0.308457711442786	0.871683250414594	0.667557733719462	0.871683250414594	0.582089552238806	0.696517412935323	1.0	1.0	1.0	0.422885572139304	0.308457711442786	0.871683250414594	False	False	TS: AC
full_cohort	191	TS_DLPFC	TS	272	5151	1.5197640443307	0.603847350972506	Higher in AD	0.0049751243781094	0.0049751243781094	0.0086442786069651	0.0461028192371476	0.0461028192371476	1.0	1.0	1.0	1.0	1.0	0.0049751243781094	0.0049751243781094	0.0461028192371476	True	True	TS: DLPFC
full_cohort	191	TS_PCGBA23	TS	272	6903	1.58530504815727	0.664760473878425	Higher in AD	0.0049751243781094	0.0049751243781094	0.0706467661691542	0.0415569212759731	0.0706467661691542	1.0	1.0	1.0	1.0	1.0	0.0049751243781094	0.0049751243781094	0.0706467661691542	False	True	TS: PCG
full_cohort	191	CT_AC__DLPFC	CT	272	5304	1.10088931642577	0.138669427421234	Higher in AD	0.0049751243781094	0.0049751243781094	0.0161691542288557	0.0309322950465066	0.0309322950465066	1.0	1.0	1.0	1.0	1.0	0.0049751243781094	0.0049751243781094	0.0309322950465066	True	True	CT: AC - DLPFC
full_cohort	191	CT_AC__PCGBA23	CT	272	6136	1.35300683678621	0.436169129316399	Higher in AD	0.0049751243781094	0.0049751243781094	0.0227892794094046	0.0201847903340441	0.0227892794094046	1.0	1.0	1.0	1.0	1.0	0.0049751243781094	0.0049751243781094	0.0227892794094046	True	True	CT: AC - PCG
full_cohort	191	CT_DLPFC__PCGBA23	CT	272	12036	1.8289993282257	0.871054545198368	Higher in AD	0.0049751243781094	0.0049751243781094	0.0111162935323383	0.0323383084577114	0.0323383084577114	1.0	1.0	1.0	1.0	1.0	0.0049751243781094	0.0049751243781094	0.0323383084577114	True	True	CT: DLPFC - PCG
full_cohort	192	TS_AC	TS	228	21	1.28471989569443	0.361453846467874	Higher in AD	0.343283582089552	0.238805970149254	0.787983161117489	0.558497833413577	0.787983161117489	0.661691542288557	0.766169154228856	1.0	1.0	1.0	0.343283582089552	0.238805970149254	0.787983161117489	False	False	TS: AC
full_cohort	192	TS_DLPFC	TS	228	16471	1.11851046686758	0.161578757002578	Higher in AD	0.0049751243781094	0.308457711442786	0.0086442786069651	0.952791597567717	0.952791597567717	1.0	0.696517412935323	1.0	1.0	1.0	0.0049751243781094	0.308457711442786	0.952791597567717	False	False	TS: DLPFC
full_cohort	192	TS_PCGBA23	TS	228	741	0.926722807485527	-0.109790216735391	Higher in Control	0.995024875621891	0.900497512437811	1.0	1.0	1.0	0.0099502487562189	0.104477611940299	0.0220771144278607	0.274737423991155	0.274737423991155	0.0099502487562189	0.104477611940299	0.274737423991155	False	False	TS: PCG
full_cohort	192	CT_AC__DLPFC	CT	228	1274	0.956779251240898	-0.063741991363505	Higher in Control	0.0348258706467662	0.383084577114428	0.0922240648608808	0.952609832194957	0.952609832194957	0.970149253731343	0.621890547263682	1.0	1.0	1.0	0.970149253731343	0.621890547263682	1.0	False	False	CT: AC - DLPFC
full_cohort	192	CT_AC__PCGBA23	CT	228	273	0.884077311930577	-0.17775555710124	Higher in Control	0.965174129353234	0.661691542288557	1.0	1.0	1.0	0.0398009950248756	0.343283582089552	0.0831138425519461	0.824212271973466	0.824212271973466	0.0398009950248756	0.343283582089552	0.824212271973466	False	False	CT: AC - PCG
full_cohort	192	CT_DLPFC__PCGBA23	CT	228	7098	1.04559835946051	0.0643287826652266	Higher in AD	0.0049751243781094	0.805970149253731	0.0111162935323383	1.0	1.0	1.0	0.199004975124378	1.0	0.517412935323383	1.0	0.0049751243781094	0.805970149253731	1.0	False	False	CT: DLPFC - PCG
full_cohort	193	TS_AC	TS	253	3003	1.31499057789699	0.39505246243014	Higher in AD	0.0049751243781094	0.0049751243781094	0.0167765822052528	0.0240464344941957	0.0240464344941957	1.0	1.0	1.0	1.0	1.0	0.0049751243781094	0.0049751243781094	0.0240464344941957	True	True	TS: AC
full_cohort	193	TS_DLPFC	TS	253	4753	1.41363609106293	0.499410778429469	Higher in AD	0.0049751243781094	0.0049751243781094	0.0086442786069651	0.0461028192371476	0.0461028192371476	1.0	1.0	1.0	1.0	1.0	0.0049751243781094	0.0049751243781094	0.0461028192371476	True	True	TS: DLPFC
full_cohort	193	TS_PCGBA23	TS	253	2926	0.91666265220757	-0.125537200250673	Higher in Control	1.0	0.960199004975124	1.0	1.0	1.0	0.0049751243781094	0.0447761194029851	0.0119740281642634	0.141293532338308	0.141293532338308	0.0049751243781094	0.0447761194029851	0.141293532338308	False	False	TS: PCG
full_cohort	193	CT_AC__DLPFC	CT	253	7644	1.06288785022459	0.0879893800670275	Higher in AD	0.0049751243781094	0.0099502487562189	0.0161691542288557	0.0592868988391376	0.0592868988391376	1.0	0.995024875621891	1.0	1.0	1.0	0.0049751243781094	0.0099502487562189	0.0592868988391376	False	True	CT: AC - DLPFC
full_cohort	193	CT_AC__PCGBA23	CT	253	6006	1.01434901271752	0.0205541338822403	Higher in AD	0.990049751243781	0.0796019900497512	1.0	0.201847903340441	1.0	0.0149253731343284	0.925373134328358	0.0347443112307316	1.0	1.0	0.990049751243781	0.0796019900497512	1.0	False	False	CT: AC - PCG
full_cohort	193	CT_DLPFC__PCGBA23	CT	253	7546	0.917782843069574	-0.123775257465787	Higher in Control	0.940298507462687	1.0	1.0	1.0	1.0	0.0646766169154229	0.0049751243781094	0.298346974803402	0.0197622996130459	0.298346974803402	0.0646766169154229	0.0049751243781094	0.298346974803402	False	False	CT: DLPFC - PCG
full_cohort	228	TS_AC	TS	66	0			Not available														False	False	TS: AC
full_cohort	228	TS_DLPFC	TS	66	2016	0.800520681455646	-0.320989419631057	Higher in Control	0.0099502487562189	1.0	0.0168668850867613	1.0	1.0	0.995024875621891	0.0049751243781094	1.0	0.0160823788036561	1.0	0.995024875621891	0.0049751243781094	1.0	False	False	TS: DLPFC
full_cohort	228	TS_PCGBA23	TS	66	1	4.02207926575075	2.00794151405964	Higher in AD	0.404040404040404	0.373134328358209	1.0	0.898052112319757	1.0	0.601010101010101	0.631840796019901	0.768859768859769	1.0	1.0	0.404040404040404	0.373134328358209	1.0	False	False	TS: PCG
full_cohort	228	CT_AC__DLPFC	CT	66	0			Not available														False	False	CT: AC - DLPFC
full_cohort	228	CT_AC__PCGBA23	CT	66	0			Not available														False	False	CT: AC - PCG
full_cohort	228	CT_DLPFC__PCGBA23	CT	66	128	1.47192060518557	0.557699855094525	Higher in AD	0.0049751243781094	0.194029850746269	0.0111162935323383	0.52699465634789	0.52699465634789	1.0	0.810945273631841	1.0	1.0	1.0	0.0049751243781094	0.194029850746269	0.52699465634789	False	False	CT: DLPFC - PCG
full_cohort	229	TS_AC	TS	70	0			Not available														False	False	TS: AC
full_cohort	229	TS_DLPFC	TS	70	1	0.617110490223935	-0.696399275809088	Higher in Control	0.492537313432836	0.656716417910448	0.52261592799362	1.0	1.0	0.512437810945274	0.348258706467662	1.0	0.590340978036646	1.0	0.512437810945274	0.348258706467662	1.0	False	False	TS: DLPFC
full_cohort	229	TS_PCGBA23	TS	70	2278	1.01081763751013	0.0155227428484335	Higher in AD	1.0	0.800995024875622	1.0	1.0	1.0	0.0049751243781094	0.203980099502488	0.0119740281642634	0.478574867597496	0.478574867597496	1.0	0.800995024875622	1.0	False	False	TS: PCG
full_cohort	229	CT_AC__DLPFC	CT	70	0			Not available														False	False	CT: AC - DLPFC
full_cohort	229	CT_AC__PCGBA23	CT	70	0			Not available														False	False	CT: AC - PCG
full_cohort	229	CT_DLPFC__PCGBA23	CT	70	136	1.72974016435919	0.790555337431717	Higher in AD	0.0049751243781094	0.054726368159204	0.0111162935323383	0.200663349917081	0.200663349917081	1.0	0.950248756218905	1.0	1.0	1.0	0.0049751243781094	0.054726368159204	0.200663349917081	False	False	CT: DLPFC - PCG
full_cohort	263	TS_AC	TS	170	10011	1.07133665313408	0.0994118988450449	Higher in AD	0.0049751243781094	0.0497512437810945	0.0167765822052528	0.156824572788233	0.156824572788233	1.0	0.955223880597015	1.0	1.0	1.0	0.0049751243781094	0.0497512437810945	0.156824572788233	False	False	TS: AC
full_cohort	263	TS_DLPFC	TS	170	0			Not available														False	False	TS: DLPFC
full_cohort	263	TS_PCGBA23	TS	170	351	1.15886654708412	0.212714437832472	Higher in AD	0.696517412935323	0.348258706467662	1.0	0.867591865235227	1.0	0.308457711442786	0.656716417910448	0.446948928825261	1.0	1.0	0.696517412935323	0.348258706467662	1.0	False	False	TS: PCG
full_cohort	263	CT_AC__DLPFC	CT	170	142	1.13840974041541	0.187019910958843	Higher in AD	0.054726368159204	0.328358208955224	0.134928804254589	0.882716049382716	0.882716049382716	0.950248756218905	0.676616915422886	1.0	1.0	1.0	0.054726368159204	0.328358208955224	0.882716049382716	False	False	CT: AC - DLPFC
full_cohort	263	CT_AC__PCGBA23	CT	170	3834	0.96050289841535	-0.0581381275107269	Higher in Control	1.0	0.333333333333333	1.0	0.666666666666667	1.0	0.0049751243781094	0.671641791044776	0.0130827344757693	1.0	1.0	0.0049751243781094	0.671641791044776	1.0	False	False	CT: AC - PCG
full_cohort	263	CT_DLPFC__PCGBA23	CT	170	27	1.52515048638127	0.60895160021305	Higher in AD	0.129353233830846	0.218905472636816	0.215087353928034	0.558990760483298	0.558990760483298	0.875621890547264	0.786069651741294	1.0	1.0	1.0	0.129353233830846	0.218905472636816	0.558990760483298	False	False	CT: DLPFC - PCG
full_cohort	374	TS_AC	TS	185	5778	1.28134169404198	0.357655248954672	Higher in AD	0.0049751243781094	0.0049751243781094	0.0167765822052528	0.0240464344941957	0.0240464344941957	1.0	1.0	1.0	1.0	1.0	0.0049751243781094	0.0049751243781094	0.0240464344941957	True	True	TS: AC
full_cohort	374	TS_DLPFC	TS	185	378	1.00422226816238	0.006078621565585	Higher in AD	0.0049751243781094	0.761194029850746	0.0086442786069651	1.0	1.0	1.0	0.243781094527363	1.0	0.457913137017615	1.0	0.0049751243781094	0.761194029850746	1.0	False	False	TS: DLPFC
full_cohort	374	TS_PCGBA23	TS	185	1176	1.10024704696833	0.137827499585349	Higher in AD	0.950248756218905	0.417910447761194	1.0	0.957149735194993	1.0	0.054726368159204	0.587064676616915	0.103615257048093	1.0	1.0	0.950248756218905	0.417910447761194	1.0	False	False	TS: PCG
full_cohort	374	CT_AC__DLPFC	CT	185	3024	0.973028398658487	-0.0394461829890124	Higher in Control	0.0049751243781094	0.243781094527363	0.0161691542288557	0.741716947178999	0.741716947178999	1.0	0.761194029850746	1.0	1.0	1.0	1.0	0.761194029850746	1.0	False	False	CT: AC - DLPFC
full_cohort	374	CT_AC__PCGBA23	CT	185	5292	1.0484958181267	0.0683211073287306	Higher in AD	0.845771144278607	0.0298507462686567	1.0	0.0963364993215739	1.0	0.159203980099502	0.975124378109453	0.293596950313368	1.0	1.0	0.845771144278607	0.0298507462686567	1.0	False	False	CT: AC - PCG
full_cohort	374	CT_DLPFC__PCGBA23	CT	185	1372	1.17426138982088	0.231753587173224	Higher in AD	0.0049751243781094	0.27363184079602	0.0111162935323383	0.641464807111981	0.641464807111981	1.0	0.73134328358209	1.0	1.0	1.0	0.0049751243781094	0.27363184079602	0.641464807111981	False	False	CT: DLPFC - PCG
full_cohort	376	TS_AC	TS	33	28	1.17365854736355	0.231012746032128	Higher in AD	0.432835820895522	0.278606965174129	0.871683250414594	0.621507845388442	0.871683250414594	0.572139303482587	0.72636815920398	1.0	1.0	1.0	0.432835820895522	0.278606965174129	0.871683250414594	False	False	TS: AC
full_cohort	376	TS_DLPFC	TS	33	15	0.945508718469859	-0.0808373336607782	Higher in Control	0.323383084577114	0.701492537313433	0.374585406301824	1.0	1.0	0.681592039800995	0.303482587064677	1.0	0.533975691164431	1.0	0.681592039800995	0.303482587064677	1.0	False	False	TS: DLPFC
full_cohort	376	TS_PCGBA23	TS	33	171	1.16603788929211	0.221614668303177	Higher in AD	0.587064676616915	0.398009950248756	1.0	0.938096403229753	1.0	0.417910447761194	0.606965174129353	0.593432835820895	1.0	1.0	0.587064676616915	0.398009950248756	1.0	False	False	TS: PCG
full_cohort	376	CT_AC__DLPFC	CT	33	48	0.81106897103729	-0.302103492476176	Higher in Control	0.651741293532338	0.686567164179104	1.0	1.0	1.0	0.353233830845771	0.318407960199005	0.856143013744835	0.689883913764511	0.856143013744835	0.353233830845771	0.318407960199005	0.856143013744835	False	False	CT: AC - DLPFC
full_cohort	376	CT_AC__PCGBA23	CT	33	152	0.826498121912621	-0.274916553664299	Higher in Control	0.935323383084577	0.741293532338308	1.0	1.0	1.0	0.0696517412935323	0.263681592039801	0.139303482587065	0.706467661691542	0.706467661691542	0.0696517412935323	0.263681592039801	0.706467661691542	False	False	CT: AC - PCG
full_cohort	376	CT_DLPFC__PCGBA23	CT	33	114	0.612652333756999	-0.706859485333998	Higher in Control	0.990049751243781	1.0	1.0	1.0	1.0	0.0149253731343284	0.0049751243781094	0.0735975295934123	0.0197622996130459	0.0735975295934123	0.0149253731343284	0.0049751243781094	0.0735975295934123	False	True	CT: DLPFC - PCG
full_cohort	396	TS_AC	TS	302	5356	1.03860148341385	0.0546421911124642	Higher in AD	0.119402985074627	0.149253731343284	0.332950631458094	0.386460554371002	0.386460554371002	0.885572139303483	0.855721393034826	1.0	1.0	1.0	0.119402985074627	0.149253731343284	0.386460554371002	False	False	TS: AC
full_cohort	396	TS_DLPFC	TS	302	5671	0.80623128583762	-0.310734326772765	Higher in Control	0.0049751243781094	1.0	0.0086442786069651	1.0	1.0	1.0	0.0049751243781094	1.0	0.0160823788036561	1.0	1.0	0.0049751243781094	1.0	False	False	TS: DLPFC
full_cohort	396	TS_PCGBA23	TS	302	4095	1.02475140139937	0.0352739629324759	Higher in AD	1.0	0.756218905472637	1.0	1.0	1.0	0.0049751243781094	0.248756218905473	0.0119740281642634	0.543436662839648	0.543436662839648	1.0	0.756218905472637	1.0	False	False	TS: PCG
full_cohort	396	CT_AC__DLPFC	CT	302	11128	0.835183946868785	-0.259834112859081	Higher in Control	0.975124378109453	0.985074626865672	1.0	1.0	1.0	0.0298507462686567	0.0199004975124378	0.0927968851395198	0.0748887143231212	0.0927968851395198	0.0298507462686567	0.0199004975124378	0.0927968851395198	False	True	CT: AC - DLPFC
full_cohort	396	CT_AC__PCGBA23	CT	302	9464	1.05730229005918	0.0803879122168817	Higher in AD	0.855721393034826	0.0199004975124378	1.0	0.0672826344468136	1.0	0.149253731343284	0.985074626865672	0.278868813825609	1.0	1.0	0.855721393034826	0.0199004975124378	1.0	False	False	CT: AC - PCG
full_cohort	396	CT_DLPFC__PCGBA23	CT	302	9737	0.789829769638777	-0.340386349144265	Higher in Control	1.0	1.0	1.0	1.0	1.0	0.0049751243781094	0.0049751243781094	0.027363184079602	0.0197622996130459	0.027363184079602	0.0049751243781094	0.0049751243781094	0.027363184079602	True	True	CT: DLPFC - PCG
full_cohort	417	TS_AC	TS	226	13861	1.04438679297575	0.0626561189594224	Higher in AD	0.0049751243781094	0.0796019900497512	0.0167765822052528	0.230845771144279	0.230845771144279	1.0	0.925373134328358	1.0	1.0	1.0	0.0049751243781094	0.0796019900497512	0.230845771144279	False	False	TS: AC
full_cohort	417	TS_DLPFC	TS	226	666	0.779767039607686	-0.358884920915495	Higher in Control	0.0995024875621891	1.0	0.136939067041032	1.0	1.0	0.90547263681592	0.0049751243781094	1.0	0.0160823788036561	1.0	0.90547263681592	0.0049751243781094	1.0	False	False	TS: DLPFC
full_cohort	417	TS_PCGBA23	TS	226	231	1.07636925049109	0.106173082046304	Higher in AD	0.776119402985075	0.45273631840796	1.0	0.97007499814361	1.0	0.228855721393035	0.552238805970149	0.34943561761087	1.0	1.0	0.776119402985075	0.45273631840796	1.0	False	False	TS: PCG
full_cohort	417	CT_AC__DLPFC	CT	226	6179	0.864928221151198	-0.20934768385593	Higher in Control	0.54228855721393	0.810945273631841	0.98161093267838	1.0	1.0	0.462686567164179	0.194029850746269	1.0	0.504477611940298	1.0	0.462686567164179	0.194029850746269	1.0	False	False	CT: AC - DLPFC
full_cohort	417	CT_AC__PCGBA23	CT	226	3674	0.989662631992414	-0.0149912889894477	Higher in Control	1.0	0.263681592039801	1.0	0.558847553278384	1.0	0.0049751243781094	0.741293532338308	0.0130827344757693	1.0	1.0	0.0049751243781094	0.741293532338308	1.0	False	False	CT: AC - PCG
full_cohort	417	CT_DLPFC__PCGBA23	CT	226	814	0.703651420172856	-0.507067181551925	Higher in Control	1.0	1.0	1.0	1.0	1.0	0.0049751243781094	0.0049751243781094	0.027363184079602	0.0197622996130459	0.027363184079602	0.0049751243781094	0.0049751243781094	0.027363184079602	True	True	CT: DLPFC - PCG
full_cohort	520	TS_AC	TS	364	6670	0.809738798209151	-0.304471489730301	Higher in Control	1.0	0.985074626865672	1.0	1.0	1.0	0.0049751243781094	0.0199004975124378	0.0267182605491063	0.115422885572139	0.115422885572139	0.0049751243781094	0.0199004975124378	0.115422885572139	False	False	TS: AC
full_cohort	520	TS_DLPFC	TS	364	12090	0.921045490325505	-0.118655682277274	Higher in Control	0.0049751243781094	1.0	0.0086442786069651	1.0	1.0	1.0	0.0049751243781094	1.0	0.0160823788036561	1.0	1.0	0.0049751243781094	1.0	False	False	TS: DLPFC
full_cohort	520	TS_PCGBA23	TS	364	4186	1.12574880712946	0.170884948966167	Higher in AD	1.0	0.343283582089552	1.0	0.867591865235227	1.0	0.0049751243781094	0.661691542288557	0.0119740281642634	1.0	1.0	1.0	0.343283582089552	1.0	False	False	TS: PCG
full_cohort	520	CT_AC__DLPFC	CT	364	18096	0.841729286431701	-0.248571780741126	Higher in Control	0.980099502487562	0.980099502487562	1.0	1.0	1.0	0.0248756218905473	0.0248756218905473	0.0790491984521835	0.0889303482587065	0.0889303482587065	0.0248756218905473	0.0248756218905473	0.0889303482587065	False	True	CT: AC - DLPFC
full_cohort	520	CT_AC__PCGBA23	CT	364	10672	0.832166794170551	-0.265055373004635	Higher in Control	1.0	0.990049751243781	1.0	1.0	1.0	0.0049751243781094	0.0149253731343284	0.0130827344757693	0.0784964068546158	0.0784964068546158	0.0049751243781094	0.0149253731343284	0.0784964068546158	False	True	CT: AC - PCG
full_cohort	520	CT_DLPFC__PCGBA23	CT	364	14352	0.990839079491408	-0.0132773241264529	Higher in Control	0.0099502487562189	0.995024875621891	0.0203269367448472	1.0	1.0	0.995024875621891	0.0099502487562189	1.0	0.0374443571615606	1.0	0.995024875621891	0.0099502487562189	1.0	False	False	CT: DLPFC - PCG
full_cohort	541	TS_AC	TS	55	153	0.783572138618402	-0.351861994106349	Higher in Control	0.781094527363184	0.860696517412935	1.0	1.0	1.0	0.223880597014925	0.144278606965174	0.650668227490001	0.536420461793596	0.650668227490001	0.223880597014925	0.144278606965174	0.650668227490001	False	False	TS: AC
full_cohort	541	TS_DLPFC	TS	55	153	0.921306004436712	-0.118247679331156	Higher in Control	0.119402985074627	0.850746268656716	0.161136067236632	1.0	1.0	0.885572139303483	0.154228855721393	1.0	0.310692912250342	1.0	0.885572139303483	0.154228855721393	1.0	False	False	TS: DLPFC
full_cohort	541	TS_PCGBA23	TS	55	171	1.0985729833191	0.135630717894935	Higher in AD	0.786069651741294	0.45273631840796	1.0	0.97007499814361	1.0	0.218905472636816	0.552238805970149	0.341588759499207	1.0	1.0	0.786069651741294	0.45273631840796	1.0	False	False	TS: PCG
full_cohort	541	CT_AC__DLPFC	CT	55	324	0.840181239283298	-0.251227523172823	Higher in Control	0.626865671641791	0.786069651741294	1.0	1.0	1.0	0.378109452736318	0.218905472636816	0.883566040763922	0.549183905036222	0.883566040763922	0.378109452736318	0.218905472636816	0.883566040763922	False	False	CT: AC - DLPFC
full_cohort	541	CT_AC__PCGBA23	CT	55	342	1.65700648773014	0.728579251200146	Higher in AD	0.0049751243781094	0.0049751243781094	0.0227892794094046	0.0201847903340441	0.0227892794094046	1.0	1.0	1.0	1.0	1.0	0.0049751243781094	0.0049751243781094	0.0227892794094046	True	True	CT: AC - PCG
full_cohort	541	CT_DLPFC__PCGBA23	CT	55	342	1.09143901823223	0.126231525150787	Higher in AD	0.0796019900497512	0.512437810945274	0.137145597314632	0.990251445475326	0.990251445475326	0.925373134328358	0.492537313432836	1.0	1.0	1.0	0.0796019900497512	0.512437810945274	0.990251445475326	False	False	CT: DLPFC - PCG
full_cohort	584	TS_AC	TS	1203	86736	1.2791691076347	0.355207002779868	Higher in AD	0.0049751243781094	0.0049751243781094	0.0167765822052528	0.0240464344941957	0.0240464344941957	1.0	1.0	1.0	1.0	1.0	0.0049751243781094	0.0049751243781094	0.0240464344941957	True	True	TS: AC
full_cohort	584	TS_DLPFC	TS	1203	82621	1.04360018425296	0.0615691039832245	Higher in AD	0.0049751243781094	0.965174129353234	0.0086442786069651	1.0	1.0	1.0	0.0398009950248756	1.0	0.0970585668150476	1.0	0.0049751243781094	0.965174129353234	1.0	False	False	TS: DLPFC
full_cohort	584	TS_PCGBA23	TS	1203	71631	1.23695236556606	0.306789943899711	Higher in AD	1.0	0.0049751243781094	1.0	0.0415569212759731	1.0	0.0049751243781094	1.0	0.0119740281642634	1.0	1.0	1.0	0.0049751243781094	1.0	False	False	TS: PCG
full_cohort	584	CT_AC__DLPFC	CT	1203	169719	1.15787767562058	0.211482847371	Higher in AD	0.0049751243781094	0.0049751243781094	0.0161691542288557	0.0309322950465066	0.0309322950465066	1.0	1.0	1.0	1.0	1.0	0.0049751243781094	0.0049751243781094	0.0309322950465066	True	True	CT: AC - DLPFC
full_cohort	584	CT_AC__PCGBA23	CT	1203	158043	1.11942379723347	0.162756322656621	Higher in AD	0.0049751243781094	0.0049751243781094	0.0227892794094046	0.0201847903340441	0.0227892794094046	1.0	1.0	1.0	1.0	1.0	0.0049751243781094	0.0049751243781094	0.0227892794094046	True	True	CT: AC - PCG
full_cohort	584	CT_DLPFC__PCGBA23	CT	1203	154253	1.15613614533021	0.209311298035312	Higher in AD	0.0049751243781094	0.0796019900497512	0.0111162935323383	0.264722897142196	0.264722897142196	1.0	0.925373134328358	1.0	1.0	1.0	0.0049751243781094	0.0796019900497512	0.264722897142196	False	False	CT: DLPFC - PCG
full_cohort	589	TS_AC	TS	1802	198765	0.888012039038382	-0.171348859141672	Higher in Control	1.0	1.0	1.0	1.0	1.0	0.0049751243781094	0.0049751243781094	0.0267182605491063	0.0313649145576465	0.0313649145576465	0.0049751243781094	0.0049751243781094	0.0313649145576465	True	True	TS: AC
full_cohort	589	TS_DLPFC	TS	1802	141778	1.00364574606905	0.0052501352487726	Higher in AD	0.0049751243781094	1.0	0.0086442786069651	1.0	1.0	1.0	0.0049751243781094	1.0	0.0160823788036561	1.0	0.0049751243781094	1.0	1.0	False	False	TS: DLPFC
full_cohort	589	TS_PCGBA23	TS	1802	203203	1.16116346684308	0.21557108693474	Higher in AD	1.0	0.0149253731343284	1.0	0.10092395167022	1.0	0.0049751243781094	0.990049751243781	0.0119740281642634	1.0	1.0	1.0	0.0149253731343284	1.0	False	False	TS: PCG
full_cohort	589	CT_AC__DLPFC	CT	1802	336323	0.948192886894921	-0.0767475245185977	Higher in Control	0.0049751243781094	0.0945273631840796	0.0161691542288557	0.346600331674959	0.346600331674959	1.0	0.91044776119403	1.0	1.0	1.0	1.0	0.91044776119403	1.0	False	False	CT: AC - DLPFC
full_cohort	589	CT_AC__PCGBA23	CT	1802	402578	0.930244479700384	-0.104318170818239	Higher in Control	1.0	0.671641791044776	1.0	1.0	1.0	0.0049751243781094	0.333333333333333	0.0130827344757693	0.824212271973466	0.824212271973466	0.0049751243781094	0.333333333333333	0.824212271973466	False	False	CT: AC - PCG
full_cohort	589	CT_DLPFC__PCGBA23	CT	1802	340054	1.03489894273053	0.0494898962853141	Higher in AD	0.0049751243781094	1.0	0.0111162935323383	1.0	1.0	1.0	0.0049751243781094	1.0	0.0197622996130459	1.0	0.0049751243781094	1.0	1.0	False	False	CT: DLPFC - PCG
full_cohort	590	TS_AC	TS	289	4465	0.912330653556193	-0.132371303621724	Higher in Control	0.965174129353234	0.701492537313433	1.0	1.0	1.0	0.0398009950248756	0.303482587064677	0.186165944471192	0.830282549516568	0.830282549516568	0.0398009950248756	0.303482587064677	0.830282549516568	False	False	TS: AC
full_cohort	590	TS_DLPFC	TS	289	5356	1.32474590940789	0.405715672588977	Higher in AD	0.0049751243781094	0.0049751243781094	0.0086442786069651	0.0461028192371476	0.0461028192371476	1.0	1.0	1.0	1.0	1.0	0.0049751243781094	0.0049751243781094	0.0461028192371476	True	True	TS: DLPFC
full_cohort	590	TS_PCGBA23	TS	289	4005	0.909822557420665	-0.136342890774945	Higher in Control	1.0	0.990049751243781	1.0	1.0	1.0	0.0049751243781094	0.0149253731343284	0.0119740281642634	0.0605543710021322	0.0605543710021322	0.0049751243781094	0.0149253731343284	0.0605543710021322	False	True	TS: PCG
full_cohort	590	CT_AC__DLPFC	CT	289	9880	0.883763505151786	-0.178267738383559	Higher in Control	0.228855721393035	0.686567164179104	0.495854063018242	1.0	1.0	0.776119402985075	0.318407960199005	1.0	0.689883913764511	1.0	0.776119402985075	0.318407960199005	1.0	False	False	CT: AC - DLPFC
full_cohort	590	CT_AC__PCGBA23	CT	289	8550	0.846641737186922	-0.240176483447692	Higher in Control	1.0	0.960199004975124	1.0	1.0	1.0	0.0049751243781094	0.0447761194029851	0.0130827344757693	0.192672998643148	0.192672998643148	0.0049751243781094	0.0447761194029851	0.192672998643148	False	False	CT: AC - PCG
full_cohort	590	CT_DLPFC__PCGBA23	CT	289	9360	0.979998044940449	-0.0291492237794478	Higher in Control	0.0646766169154229	0.985074626865672	0.112789709986652	1.0	1.0	0.940298507462687	0.0199004975124378	1.0	0.0694090522994782	1.0	0.940298507462687	0.0199004975124378	1.0	False	False	CT: DLPFC - PCG
full_cohort	635	TS_AC	TS	196	1770	1.32984056038295	0.411253285926893	Higher in AD	0.0049751243781094	0.0049751243781094	0.0167765822052528	0.0240464344941957	0.0240464344941957	1.0	1.0	1.0	1.0	1.0	0.0049751243781094	0.0049751243781094	0.0240464344941957	True	True	TS: AC
full_cohort	635	TS_DLPFC	TS	196	3081	1.0297452562952	0.0422874801900028	Higher in AD	0.0049751243781094	0.82089552238806	0.0086442786069651	1.0	1.0	1.0	0.18407960199005	1.0	0.365529495380242	1.0	0.0049751243781094	0.82089552238806	1.0	False	False	TS: DLPFC
full_cohort	635	TS_PCGBA23	TS	196	1596	1.27458267999493	0.350024961551386	Higher in AD	0.54726368159204	0.0945273631840796	1.0	0.373684210526316	1.0	0.45771144278607	0.91044776119403	0.637206126231587	1.0	1.0	0.54726368159204	0.0945273631840796	1.0	False	False	TS: PCG
full_cohort	635	CT_AC__DLPFC	CT	196	4740	0.888674554803519	-0.170272914451722	Higher in Control	0.203980099502488	0.701492537313433	0.455768034825871	1.0	1.0	0.800995024875622	0.303482587064677	1.0	0.678093905472637	1.0	0.800995024875622	0.303482587064677	1.0	False	False	CT: AC - DLPFC
full_cohort	635	CT_AC__PCGBA23	CT	196	3420	1.16995338552675	0.226451049629957	Higher in AD	0.0099502487562189	0.0049751243781094	0.0415569212759731	0.0201847903340441	0.0415569212759731	0.995024875621891	1.0	1.0	1.0	1.0	0.0099502487562189	0.0049751243781094	0.0415569212759731	True	True	CT: AC - PCG
full_cohort	635	CT_DLPFC__PCGBA23	CT	196	4503	1.13415401761279	0.181616570931054	Higher in AD	0.0049751243781094	0.437810945273632	0.0111162935323383	0.9045486851457	0.9045486851457	1.0	0.567164179104478	1.0	1.0	1.0	0.0049751243781094	0.437810945273632	0.9045486851457	False	False	CT: DLPFC - PCG
full_cohort	637	TS_AC	TS	660	19701	1.04301750342993	0.0607633686915035	Higher in AD	0.0049751243781094	0.0199004975124378	0.0167765822052528	0.0739890292129098	0.0739890292129098	1.0	0.985074626865672	1.0	1.0	1.0	0.0049751243781094	0.0199004975124378	0.0739890292129098	False	True	TS: AC
full_cohort	637	TS_DLPFC	TS	660	33153	1.36299007840695	0.446775060393163	Higher in AD	0.0049751243781094	0.0049751243781094	0.0086442786069651	0.0461028192371476	0.0461028192371476	1.0	1.0	1.0	1.0	1.0	0.0049751243781094	0.0049751243781094	0.0461028192371476	True	True	TS: DLPFC
full_cohort	637	TS_PCGBA23	TS	660	20503	1.72445510102006	0.786140566387077	Higher in AD	0.0049751243781094	0.0049751243781094	0.0706467661691542	0.0415569212759731	0.0706467661691542	1.0	1.0	1.0	1.0	1.0	0.0049751243781094	0.0049751243781094	0.0706467661691542	False	True	TS: PCG
full_cohort	637	CT_AC__DLPFC	CT	660	51342	1.23539718600256	0.304974949625575	Higher in AD	0.0049751243781094	0.0049751243781094	0.0161691542288557	0.0309322950465066	0.0309322950465066	1.0	1.0	1.0	1.0	1.0	0.0049751243781094	0.0049751243781094	0.0309322950465066	True	True	CT: AC - DLPFC
full_cohort	637	CT_AC__PCGBA23	CT	660	40397	1.3545270710876	0.437789227008776	Higher in AD	0.0049751243781094	0.0049751243781094	0.0227892794094046	0.0201847903340441	0.0227892794094046	1.0	1.0	1.0	1.0	1.0	0.0049751243781094	0.0049751243781094	0.0227892794094046	True	True	CT: AC - PCG
full_cohort	637	CT_DLPFC__PCGBA23	CT	660	52374	1.65699812242325	0.728571967814527	Higher in AD	0.0049751243781094	0.0049751243781094	0.0111162935323383	0.0323383084577114	0.0323383084577114	1.0	1.0	1.0	1.0	1.0	0.0049751243781094	0.0049751243781094	0.0323383084577114	True	True	CT: DLPFC - PCG
full_cohort	644	TS_AC	TS	538	19503	1.21163984285734	0.276960924767544	Higher in AD	0.0049751243781094	0.0049751243781094	0.0167765822052528	0.0240464344941957	0.0240464344941957	1.0	1.0	1.0	1.0	1.0	0.0049751243781094	0.0049751243781094	0.0240464344941957	True	True	TS: AC
full_cohort	644	TS_DLPFC	TS	538	10440	1.25353818152939	0.326005939900763	Higher in AD	0.0049751243781094	0.0049751243781094	0.0086442786069651	0.0461028192371476	0.0461028192371476	1.0	1.0	1.0	1.0	1.0	0.0049751243781094	0.0049751243781094	0.0461028192371476	True	True	TS: DLPFC
full_cohort	644	TS_PCGBA23	TS	538	18915	1.21563565291177	0.281710892842805	Higher in AD	0.995024875621891	0.0199004975124378	1.0	0.122863941163746	1.0	0.0099502487562189	0.985074626865672	0.0220771144278607	1.0	1.0	0.995024875621891	0.0199004975124378	1.0	False	False	TS: PCG
full_cohort	644	CT_AC__DLPFC	CT	538	28710	1.42553769257966	0.511506186016543	Higher in AD	0.0049751243781094	0.0049751243781094	0.0161691542288557	0.0309322950465066	0.0309322950465066	1.0	1.0	1.0	1.0	1.0	0.0049751243781094	0.0049751243781094	0.0309322950465066	True	True	CT: AC - DLPFC
full_cohort	644	CT_AC__PCGBA23	CT	538	38610	1.41325492454595	0.499021724133357	Higher in AD	0.0049751243781094	0.0049751243781094	0.0227892794094046	0.0201847903340441	0.0227892794094046	1.0	1.0	1.0	1.0	1.0	0.0049751243781094	0.0049751243781094	0.0227892794094046	True	True	CT: AC - PCG
full_cohort	644	CT_DLPFC__PCGBA23	CT	538	28275	1.38837031604469	0.473392425167611	Higher in AD	0.0049751243781094	0.0049751243781094	0.0111162935323383	0.0323383084577114	0.0323383084577114	1.0	1.0	1.0	1.0	1.0	0.0049751243781094	0.0049751243781094	0.0323383084577114	True	True	CT: DLPFC - PCG
full_cohort	660	TS_AC	TS	644	21115	1.46844160074059	0.554285891473279	Higher in AD	0.0049751243781094	0.0049751243781094	0.0167765822052528	0.0240464344941957	0.0240464344941957	1.0	1.0	1.0	1.0	1.0	0.0049751243781094	0.0049751243781094	0.0240464344941957	True	True	TS: AC
full_cohort	660	TS_DLPFC	TS	644	24976	1.26745259058377	0.341931783829101	Higher in AD	0.0049751243781094	0.0049751243781094	0.0086442786069651	0.0461028192371476	0.0461028192371476	1.0	1.0	1.0	1.0	1.0	0.0049751243781094	0.0049751243781094	0.0461028192371476	True	True	TS: DLPFC
full_cohort	660	TS_PCGBA23	TS	644	22791	2.07771125185164	1.05499517086052	Higher in AD	0.0049751243781094	0.0049751243781094	0.0706467661691542	0.0415569212759731	0.0706467661691542	1.0	1.0	1.0	1.0	1.0	0.0049751243781094	0.0049751243781094	0.0706467661691542	False	True	TS: PCG
full_cohort	660	CT_AC__DLPFC	CT	644	46144	1.3877455020442	0.472743017049023	Higher in AD	0.0049751243781094	0.0049751243781094	0.0161691542288557	0.0309322950465066	0.0309322950465066	1.0	1.0	1.0	1.0	1.0	0.0049751243781094	0.0049751243781094	0.0309322950465066	True	True	CT: AC - DLPFC
full_cohort	660	CT_AC__PCGBA23	CT	644	44084	1.53484294708153	0.618091039270622	Higher in AD	0.0049751243781094	0.0049751243781094	0.0227892794094046	0.0201847903340441	0.0227892794094046	1.0	1.0	1.0	1.0	1.0	0.0049751243781094	0.0049751243781094	0.0227892794094046	True	True	CT: AC - PCG
full_cohort	660	CT_DLPFC__PCGBA23	CT	644	47936	1.67764977434797	0.746441570636146	Higher in AD	0.0049751243781094	0.0049751243781094	0.0111162935323383	0.0323383084577114	0.0323383084577114	1.0	1.0	1.0	1.0	1.0	0.0049751243781094	0.0049751243781094	0.0323383084577114	True	True	CT: DLPFC - PCG
full_cohort	661	TS_AC	TS	863	43365	1.3242354323053	0.40515963787336	Higher in AD	0.0049751243781094	0.0049751243781094	0.0167765822052528	0.0240464344941957	0.0240464344941957	1.0	1.0	1.0	1.0	1.0	0.0049751243781094	0.0049751243781094	0.0240464344941957	True	True	TS: AC
full_cohort	661	TS_DLPFC	TS	863	51360	1.32563446337309	0.406683014831885	Higher in AD	0.0049751243781094	0.0049751243781094	0.0086442786069651	0.0461028192371476	0.0461028192371476	1.0	1.0	1.0	1.0	1.0	0.0049751243781094	0.0049751243781094	0.0461028192371476	True	True	TS: DLPFC
full_cohort	661	TS_PCGBA23	TS	863	30381	1.82812804820603	0.870367125123536	Higher in AD	0.0049751243781094	0.0049751243781094	0.0706467661691542	0.0415569212759731	0.0706467661691542	1.0	1.0	1.0	1.0	1.0	0.0049751243781094	0.0049751243781094	0.0706467661691542	False	True	TS: PCG
full_cohort	661	CT_AC__DLPFC	CT	863	94695	1.43388445581704	0.519928774572713	Higher in AD	0.0049751243781094	0.0049751243781094	0.0161691542288557	0.0309322950465066	0.0309322950465066	1.0	1.0	1.0	1.0	1.0	0.0049751243781094	0.0049751243781094	0.0309322950465066	True	True	CT: AC - DLPFC
full_cohort	661	CT_AC__PCGBA23	CT	863	72865	1.38078817164952	0.465492011014451	Higher in AD	0.0049751243781094	0.0049751243781094	0.0227892794094046	0.0201847903340441	0.0227892794094046	1.0	1.0	1.0	1.0	1.0	0.0049751243781094	0.0049751243781094	0.0227892794094046	True	True	CT: AC - PCG
full_cohort	661	CT_DLPFC__PCGBA23	CT	863	79287	1.53089580766274	0.614376096760994	Higher in AD	0.0049751243781094	0.0049751243781094	0.0111162935323383	0.0323383084577114	0.0323383084577114	1.0	1.0	1.0	1.0	1.0	0.0049751243781094	0.0049751243781094	0.0323383084577114	True	True	CT: DLPFC - PCG
full_cohort	736	TS_AC	TS	125	2701	1.03481114460862	0.0493674966159665	Higher in AD	0.223880597014925	0.17910447761194	0.569520816967793	0.440172021249684	0.569520816967793	0.781094527363184	0.825870646766169	1.0	1.0	1.0	0.223880597014925	0.17910447761194	0.569520816967793	False	False	TS: AC
full_cohort	736	TS_DLPFC	TS	125	10	2.63303276346688	1.39672547330084	Higher in AD	0.0646766169154229	0.0398009950248756	0.0936463515754561	0.251469923111714	0.251469923111714	0.940298507462687	0.965174129353234	1.0	1.0	1.0	0.0646766169154229	0.0398009950248756	0.251469923111714	False	False	TS: DLPFC
full_cohort	736	TS_PCGBA23	TS	125	1035	0.95680235489397	-0.0637071545678241	Higher in Control	1.0	0.860696517412935	1.0	1.0	1.0	0.0049751243781094	0.144278606965174	0.0119740281642634	0.365849324804549	0.365849324804549	0.0049751243781094	0.144278606965174	0.365849324804549	False	False	TS: PCG
full_cohort	736	CT_AC__DLPFC	CT	125	370	1.07828810462888	0.108742699042763	Higher in AD	0.0348258706467662	0.164179104477612	0.0922240648608808	0.545990975355779	0.545990975355779	0.970149253731343	0.840796019900497	1.0	1.0	1.0	0.0348258706467662	0.164179104477612	0.545990975355779	False	False	CT: AC - DLPFC
full_cohort	736	CT_AC__PCGBA23	CT	125	3404	1.04577360223289	0.064570558766165	Higher in AD	0.840796019900497	0.0696517412935323	1.0	0.18315828266077	1.0	0.164179104477612	0.935323383084577	0.298890164561806	1.0	1.0	0.840796019900497	0.0696517412935323	1.0	False	False	CT: AC - PCG
full_cohort	736	CT_DLPFC__PCGBA23	CT	125	230	0.932434869821922	-0.100925137633681	Higher in Control	0.532338308457711	0.800995024875622	0.768933112216694	1.0	1.0	0.472636815920398	0.203980099502488	1.0	0.520877754086709	1.0	0.472636815920398	0.203980099502488	1.0	False	False	CT: DLPFC - PCG
full_cohort	737	TS_AC	TS	103	406	1.11717413906	0.159854082846398	Higher in AD	0.233830845771144	0.174129353233831	0.574669027742643	0.440172021249684	0.574669027742643	0.771144278606965	0.830845771144279	1.0	1.0	1.0	0.233830845771144	0.174129353233831	0.574669027742643	False	False	TS: AC
full_cohort	737	TS_DLPFC	TS	103	861	1.41964305397466	0.505528233254701	Higher in AD	0.0049751243781094	0.0049751243781094	0.0086442786069651	0.0461028192371476	0.0461028192371476	1.0	1.0	1.0	1.0	1.0	0.0049751243781094	0.0049751243781094	0.0461028192371476	True	True	TS: DLPFC
full_cohort	737	TS_PCGBA23	TS	103	496	1.02515316342854	0.0358394722781045	Higher in AD	0.940298507462687	0.616915422885572	1.0	1.0	1.0	0.0646766169154229	0.388059701492537	0.120843152657764	0.798615617564352	0.798615617564352	0.940298507462687	0.616915422885572	1.0	False	False	TS: PCG
full_cohort	737	CT_AC__DLPFC	CT	103	1218	0.942758823834999	-0.0850393464247768	Higher in Control	0.0796019900497512	0.393034825870647	0.18971807628524	0.952609832194957	0.952609832194957	0.925373134328358	0.611940298507463	1.0	1.0	1.0	0.925373134328358	0.611940298507463	1.0	False	False	CT: AC - DLPFC
full_cohort	737	CT_AC__PCGBA23	CT	103	928	0.973547294455636	-0.0386770288136419	Higher in Control	0.920398009950249	0.358208955223881	1.0	0.696790022490288	1.0	0.0845771144278607	0.646766169154229	0.166804864566059	1.0	1.0	0.0845771144278607	0.646766169154229	1.0	False	False	CT: AC - PCG
full_cohort	737	CT_DLPFC__PCGBA23	CT	103	1344	1.05152694213587	0.0724858151556153	Higher in AD	0.0298507462686567	0.706467661691542	0.0569154228855721	1.0	1.0	0.975124378109453	0.298507462686567	1.0	0.699779789576707	1.0	0.0298507462686567	0.706467661691542	1.0	False	False	CT: DLPFC - PCG
full_cohort	742	TS_AC	TS	67	465	1.77435284069628	0.827292926722636	Higher in AD	0.0049751243781094	0.0049751243781094	0.0167765822052528	0.0240464344941957	0.0240464344941957	1.0	1.0	1.0	1.0	1.0	0.0049751243781094	0.0049751243781094	0.0240464344941957	True	True	TS: AC
full_cohort	742	TS_DLPFC	TS	67	120	1.57306262500722	0.653576106855882	Higher in AD	0.0049751243781094	0.0199004975124378	0.0086442786069651	0.153676064123825	0.153676064123825	1.0	0.985074626865672	1.0	1.0	1.0	0.0049751243781094	0.0199004975124378	0.153676064123825	False	False	TS: DLPFC
full_cohort	742	TS_PCGBA23	TS	67	190	1.11690564708107	0.159507316315688	Higher in AD	0.701492537313433	0.402985074626866	1.0	0.938096403229753	1.0	0.303482587064677	0.601990049751244	0.44427347797097	1.0	1.0	0.701492537313433	0.402985074626866	1.0	False	False	TS: PCG
full_cohort	742	CT_AC__DLPFC	CT	67	496	1.51835347684886	0.602507693212114	Higher in AD	0.0049751243781094	0.0049751243781094	0.0161691542288557	0.0309322950465066	0.0309322950465066	1.0	1.0	1.0	1.0	1.0	0.0049751243781094	0.0049751243781094	0.0309322950465066	True	True	CT: AC - DLPFC
full_cohort	742	CT_AC__PCGBA23	CT	67	620	1.30124075409988	0.37988791256474	Higher in AD	0.0099502487562189	0.0049751243781094	0.0415569212759731	0.0201847903340441	0.0415569212759731	0.995024875621891	1.0	1.0	1.0	1.0	0.0099502487562189	0.0049751243781094	0.0415569212759731	True	True	CT: AC - PCG
full_cohort	742	CT_DLPFC__PCGBA23	CT	67	320	1.31747982520452	0.397780869793996	Higher in AD	0.0049751243781094	0.104477611940299	0.0111162935323383	0.33955223880597	0.33955223880597	1.0	0.900497512437811	1.0	1.0	1.0	0.0049751243781094	0.104477611940299	0.33955223880597	False	False	CT: DLPFC - PCG
full_cohort	744	TS_AC	TS	46	300	1.0046250955656	0.0066572191387353	Higher in AD	0.467661691542289	0.368159203980099	0.916364125319349	0.711901021209741	0.916364125319349	0.537313432835821	0.63681592039801	1.0	1.0	1.0	0.467661691542289	0.368159203980099	0.916364125319349	False	False	TS: AC
full_cohort	744	TS_DLPFC	TS	46	10	0.932466765730239	-0.100875788040243	Higher in Control	0.328358208955224	0.681592039800995	0.377204884667571	1.0	1.0	0.676616915422886	0.323383084577114	1.0	0.561878109452736	1.0	0.676616915422886	0.323383084577114	1.0	False	False	TS: DLPFC
full_cohort	744	TS_PCGBA23	TS	46	120	1.09028101550118	0.124700031715811	Higher in AD	0.716417910447761	0.512437810945274	1.0	1.0	1.0	0.288557213930348	0.492537313432836	0.426824212271974	0.958086280924146	0.958086280924146	0.716417910447761	0.512437810945274	1.0	False	False	TS: PCG
full_cohort	744	CT_AC__DLPFC	CT	46	125	2.8861872279728	1.52916489099561	Higher in AD	0.0049751243781094	0.0049751243781094	0.0161691542288557	0.0309322950465066	0.0309322950465066	1.0	1.0	1.0	1.0	1.0	0.0049751243781094	0.0049751243781094	0.0309322950465066	True	True	CT: AC - DLPFC
full_cohort	744	CT_AC__PCGBA23	CT	46	400	1.03467533737626	0.0491781468206184	Higher in AD	0.72636815920398	0.238805970149254	1.0	0.521699196326062	1.0	0.278606965174129	0.766169154228856	0.476652880177426	1.0	1.0	0.72636815920398	0.238805970149254	1.0	False	False	CT: AC - PCG
full_cohort	744	CT_DLPFC__PCGBA23	CT	46	80	1.13471403046535	0.182328756712262	Higher in AD	0.203980099502488	0.472636815920398	0.327743305942199	0.951930488403055	0.951930488403055	0.800995024875622	0.532338308457711	1.0	1.0	1.0	0.203980099502488	0.472636815920398	0.951930488403055	False	False	CT: DLPFC - PCG
full_cohort	796	TS_AC	TS	180	9453	1.113617397473	0.155253654959448	Higher in AD	0.0049751243781094	0.0099502487562189	0.0167765822052528	0.0424348844015218	0.0424348844015218	1.0	0.995024875621891	1.0	1.0	1.0	0.0049751243781094	0.0099502487562189	0.0424348844015218	True	True	TS: AC
full_cohort	796	TS_DLPFC	TS	180	15	0.96636914334442	-0.0493537054713667	Higher in Control	0.313432835820896	0.597014925373134	0.366110623353819	1.0	1.0	0.691542288557214	0.407960199004975	1.0	0.651798478870018	1.0	0.691542288557214	0.407960199004975	1.0	False	False	TS: DLPFC
full_cohort	796	TS_PCGBA23	TS	180	630	1.08400801977025	0.116375430160387	Higher in AD	0.885572139303483	0.497512437810945	1.0	1.0	1.0	0.119402985074627	0.507462686567164	0.199473222124671	0.973779749899153	0.973779749899153	0.885572139303483	0.497512437810945	1.0	False	False	TS: PCG
full_cohort	796	CT_AC__DLPFC	CT	180	828	1.16206421442786	0.216689792732921	Higher in AD	0.0049751243781094	0.0746268656716418	0.0161691542288557	0.288422751109318	0.288422751109318	1.0	0.930348258706468	1.0	1.0	1.0	0.0049751243781094	0.0746268656716418	0.288422751109318	False	False	CT: AC - DLPFC
full_cohort	796	CT_AC__PCGBA23	CT	180	4968	0.919071620197644	-0.121750804561373	Higher in Control	1.0	0.562189054726368	1.0	0.985565997174621	1.0	0.0049751243781094	0.442786069651741	0.0130827344757693	1.0	1.0	0.0049751243781094	0.442786069651741	1.0	False	False	CT: AC - PCG
full_cohort	796	CT_DLPFC__PCGBA23	CT	180	216	1.24288123717024	0.313688447049006	Higher in AD	0.0348258706467662	0.258706467661692	0.0655276250327311	0.616583747927032	0.616583747927032	0.970149253731343	0.746268656716418	1.0	1.0	1.0	0.0348258706467662	0.258706467661692	0.616583747927032	False	False	CT: DLPFC - PCG
full_cohort	883	TS_AC	TS	212	4095	1.22727445908352	0.295457919319056	Higher in AD	0.0049751243781094	0.0049751243781094	0.0167765822052528	0.0240464344941957	0.0240464344941957	1.0	1.0	1.0	1.0	1.0	0.0049751243781094	0.0049751243781094	0.0240464344941957	True	True	TS: AC
full_cohort	883	TS_DLPFC	TS	212	2016	1.30033093115131	0.378878832463701	Higher in AD	0.0049751243781094	0.0049751243781094	0.0086442786069651	0.0461028192371476	0.0461028192371476	1.0	1.0	1.0	1.0	1.0	0.0049751243781094	0.0049751243781094	0.0461028192371476	True	True	TS: DLPFC
full_cohort	883	TS_PCGBA23	TS	212	1596	2.34484811967258	1.22949447963134	Higher in AD	0.0049751243781094	0.0049751243781094	0.0706467661691542	0.0415569212759731	0.0706467661691542	1.0	1.0	1.0	1.0	1.0	0.0049751243781094	0.0049751243781094	0.0706467661691542	False	True	TS: PCG
full_cohort	883	CT_AC__DLPFC	CT	212	5824	1.34117039812191	0.423492545898662	Higher in AD	0.0049751243781094	0.0049751243781094	0.0161691542288557	0.0309322950465066	0.0309322950465066	1.0	1.0	1.0	1.0	1.0	0.0049751243781094	0.0049751243781094	0.0309322950465066	True	True	CT: AC - DLPFC
full_cohort	883	CT_AC__PCGBA23	CT	212	5187	1.29616129191043	0.374245255692171	Higher in AD	0.0049751243781094	0.0049751243781094	0.0227892794094046	0.0201847903340441	0.0227892794094046	1.0	1.0	1.0	1.0	1.0	0.0049751243781094	0.0049751243781094	0.0227892794094046	True	True	CT: AC - PCG
full_cohort	883	CT_DLPFC__PCGBA23	CT	212	3648	1.82447702836388	0.867482986343522	Higher in AD	0.0049751243781094	0.0049751243781094	0.0111162935323383	0.0323383084577114	0.0323383084577114	1.0	1.0	1.0	1.0	1.0	0.0049751243781094	0.0049751243781094	0.0323383084577114	True	True	CT: DLPFC - PCG
full_cohort	917	TS_AC	TS	44	231	1.80665409834594	0.853320314520137	Higher in AD	0.0099502487562189	0.0049751243781094	0.032790592492085	0.0240464344941957	0.032790592492085	0.995024875621891	1.0	1.0	1.0	1.0	0.0099502487562189	0.0049751243781094	0.032790592492085	True	True	TS: AC
full_cohort	917	TS_DLPFC	TS	44	6	0.789406887391301	-0.341158988423095	Higher in Control	0.45273631840796	0.751243781094527	0.491643345771144	1.0	1.0	0.552238805970149	0.253731343283582	1.0	0.461028192371476	1.0	0.552238805970149	0.253731343283582	1.0	False	False	TS: DLPFC
full_cohort	917	TS_PCGBA23	TS	44	153	1.65564140249172	0.727390231491077	Higher in AD	0.104477611940299	0.0597014925373134	0.927238805970149	0.29233144621719	0.927238805970149	0.900497512437811	0.945273631840796	0.998989427860697	1.0	1.0	0.104477611940299	0.0597014925373134	0.927238805970149	False	False	TS: PCG
full_cohort	917	CT_AC__DLPFC	CT	44	88	0.991179918108318	-0.0127811369680038	Higher in Control	0.258706467661692	0.427860696517413	0.552164550382416	1.0	1.0	0.746268656716418	0.577114427860697	1.0	0.982468609334281	1.0	0.746268656716418	0.577114427860697	1.0	False	False	CT: AC - DLPFC
full_cohort	917	CT_AC__PCGBA23	CT	44	396	1.47641984207963	0.562103031667665	Higher in AD	0.0049751243781094	0.0049751243781094	0.0227892794094046	0.0201847903340441	0.0227892794094046	1.0	1.0	1.0	1.0	1.0	0.0049751243781094	0.0049751243781094	0.0227892794094046	True	True	CT: AC - PCG
full_cohort	917	CT_DLPFC__PCGBA23	CT	44	72	1.43436381380449	0.520410997401939	Higher in AD	0.054726368159204	0.169154228855721	0.0966156869971132	0.483781094527363	0.483781094527363	0.950248756218905	0.835820895522388	1.0	1.0	1.0	0.054726368159204	0.169154228855721	0.483781094527363	False	False	CT: DLPFC - PCG
full_cohort	933	TS_AC	TS	95	4465	0.981030646741819	-0.0276298889098942	Higher in Control	0.621890547263682	0.358208955223881	1.0	0.711901021209741	1.0	0.383084577114428	0.646766169154229	0.895923607767614	1.0	1.0	0.383084577114428	0.646766169154229	1.0	False	False	TS: AC
full_cohort	933	TS_DLPFC	TS	95	0			Not available														False	False	TS: DLPFC
full_cohort	933	TS_PCGBA23	TS	95	0			Not available														False	False	TS: PCG
full_cohort	933	CT_AC__DLPFC	CT	95	0			Not available														False	False	CT: AC - DLPFC
full_cohort	933	CT_AC__PCGBA23	CT	95	0			Not available														False	False	CT: AC - PCG
full_cohort	933	CT_DLPFC__PCGBA23	CT	95	0			Not available														False	False	CT: DLPFC - PCG
full_cohort	934	TS_AC	TS	140	8001	0.966684487697556	-0.0488830038507071	Higher in Control	0.716417910447761	0.472636815920398	1.0	0.8460782507217	1.0	0.288557213930348	0.532338308457711	0.760039090262971	1.0	1.0	0.288557213930348	0.532338308457711	1.0	False	False	TS: AC
full_cohort	934	TS_DLPFC	TS	140	15	0.280020033045021	-1.8363980514998	Higher in Control	0.850746268656716	0.995024875621891	0.86951273046532	1.0	1.0	0.154228855721393	0.0099502487562189	1.0	0.0276616915422886	1.0	0.154228855721393	0.0099502487562189	1.0	False	False	TS: DLPFC
full_cohort	934	TS_PCGBA23	TS	140	21	0.411232742441775	-1.28197295808466	Higher in Control	0.970149253731343	0.985074626865672	1.0	1.0	1.0	0.0348258706467662	0.0199004975124378	0.0686843559977888	0.0724582217119531	0.0724582217119531	0.0348258706467662	0.0199004975124378	0.0724582217119531	False	True	TS: PCG
full_cohort	934	CT_AC__DLPFC	CT	140	762	0.879042617163364	-0.18599498403539	Higher in Control	0.427860696517413	0.63681592039801	0.826811886513379	1.0	1.0	0.577114427860697	0.368159203980099	1.0	0.741503748861327	1.0	0.577114427860697	0.368159203980099	1.0	False	False	CT: AC - DLPFC
full_cohort	934	CT_AC__PCGBA23	CT	140	889	1.09609883669762	0.132377893904738	Higher in AD	0.422885572139304	0.149253731343284	1.0	0.353233830845771	1.0	0.582089552238806	0.855721393034826	0.888781896966779	1.0	1.0	0.422885572139304	0.149253731343284	1.0	False	False	CT: AC - PCG
full_cohort	934	CT_DLPFC__PCGBA23	CT	140	42	0.617580568364701	-0.695300734711598	Higher in Control	0.940298507462687	0.985074626865672	1.0	1.0	1.0	0.0646766169154229	0.0199004975124378	0.298346974803402	0.0694090522994782	0.298346974803402	0.0646766169154229	0.0199004975124378	0.298346974803402	False	False	CT: DLPFC - PCG
full_cohort	935	TS_AC	TS	58	1378	1.00090140377571	0.001299864993418	Higher in AD	0.348258706467662	0.373134328358209	0.787983161117489	0.711901021209741	0.787983161117489	0.656716417910448	0.631840796019901	1.0	1.0	1.0	0.348258706467662	0.373134328358209	0.787983161117489	False	False	TS: AC
full_cohort	935	TS_DLPFC	TS	58	10	2.9039624546877	1.53802280085914	Higher in AD	0.0945273631840796	0.0348258706467662	0.131393034825871	0.230514096185738	0.230514096185738	0.91044776119403	0.970149253731343	1.0	1.0	1.0	0.0945273631840796	0.0348258706467662	0.230514096185738	False	False	TS: DLPFC
full_cohort	935	TS_PCGBA23	TS	58	0			Not available														False	False	TS: PCG
full_cohort	935	CT_AC__DLPFC	CT	58	265	0.496110990947842	-1.01126517553159	Higher in Control	1.0	1.0	1.0	1.0	1.0	0.0049751243781094	0.0049751243781094	0.0177860696517413	0.0245325098644707	0.0245325098644707	0.0049751243781094	0.0049751243781094	0.0245325098644707	True	True	CT: AC - DLPFC
full_cohort	935	CT_AC__PCGBA23	CT	58	0			Not available														False	False	CT: AC - PCG
full_cohort	935	CT_DLPFC__PCGBA23	CT	58	0			Not available														False	False	CT: DLPFC - PCG
full_cohort	936	TS_AC	TS	162	11935	0.956603850869642	-0.0640064958908109	Higher in Control	0.855721393034826	0.557213930348259	1.0	0.934531886024423	1.0	0.149253731343284	0.447761194029851	0.52784856206771	1.0	1.0	0.149253731343284	0.447761194029851	1.0	False	False	TS: AC
full_cohort	936	TS_DLPFC	TS	162	0			Not available														False	False	TS: DLPFC
full_cohort	936	TS_PCGBA23	TS	162	15	0.243216759688025	-2.03968544881265	Higher in Control	0.970149253731343	0.995024875621891	1.0	1.0	1.0	0.0348258706467662	0.0099502487562189	0.0686843559977888	0.0441542288557214	0.0686843559977888	0.0348258706467662	0.0099502487562189	0.0686843559977888	False	True	TS: PCG
full_cohort	936	CT_AC__DLPFC	CT	162	155	0.725351086114631	-0.463248634110684	Higher in Control	0.885572139303483	0.73134328358209	1.0	1.0	1.0	0.119402985074627	0.27363184079602	0.334796605209248	0.641464807111981	0.641464807111981	0.119402985074627	0.27363184079602	0.641464807111981	False	False	CT: AC - DLPFC
full_cohort	936	CT_AC__PCGBA23	CT	162	930	1.10390170618685	0.142611717125106	Higher in AD	0.298507462686567	0.139303482587065	0.901873610670054	0.347036746094091	0.901873610670054	0.706467661691542	0.865671641791045	1.0	1.0	1.0	0.298507462686567	0.139303482587065	0.901873610670054	False	False	CT: AC - PCG
full_cohort	936	CT_DLPFC__PCGBA23	CT	162	6	0.323675360525884	-1.62738054892657	Higher in Control	0.900497512437811	0.945273631840796	1.0	1.0	1.0	0.104477611940299	0.0597014925373134	0.45273631840796	0.18971807628524	0.45273631840796	0.104477611940299	0.0597014925373134	0.45273631840796	False	False	CT: DLPFC - PCG
full_cohort	1012	TS_AC	TS	152	11325	1.07920525407917	0.109969277134466	Higher in AD	0.0049751243781094	0.0199004975124378	0.0167765822052528	0.0739890292129098	0.0739890292129098	1.0	0.985074626865672	1.0	1.0	1.0	0.0049751243781094	0.0199004975124378	0.0739890292129098	False	True	TS: AC
full_cohort	1012	TS_DLPFC	TS	152	0			Not available														False	False	TS: DLPFC
full_cohort	1012	TS_PCGBA23	TS	152	0			Not available														False	False	TS: PCG
full_cohort	1012	CT_AC__DLPFC	CT	152	0			Not available														False	False	CT: AC - DLPFC
full_cohort	1012	CT_AC__PCGBA23	CT	152	151	0.934943071063733	-0.0970495733036403	Higher in Control	0.810945273631841	0.497512437810945	1.0	0.894262862900686	1.0	0.194029850746269	0.507462686567164	0.348762516531268	1.0	1.0	0.194029850746269	0.507462686567164	1.0	False	False	CT: AC - PCG
full_cohort	1012	CT_DLPFC__PCGBA23	CT	152	0			Not available														False	False	CT: DLPFC - PCG
full_cohort	1014	TS_AC	TS	113	6216	0.788370575847683	-0.343054162837263	Higher in Control	1.0	1.0	1.0	1.0	1.0	0.0049751243781094	0.0049751243781094	0.0267182605491063	0.0313649145576465	0.0313649145576465	0.0049751243781094	0.0049751243781094	0.0313649145576465	True	True	TS: AC
full_cohort	1014	TS_DLPFC	TS	113	0			Not available														False	False	TS: DLPFC
full_cohort	1014	TS_PCGBA23	TS	113	0			Not available														False	False	TS: PCG
full_cohort	1014	CT_AC__DLPFC	CT	113	112	2.33357718980937	1.22254318939907	Higher in AD	0.0049751243781094	0.0149253731343284	0.0161691542288557	0.0853731343283582	0.0853731343283582	1.0	0.990049751243781	1.0	1.0	1.0	0.0049751243781094	0.0149253731343284	0.0853731343283582	False	True	CT: AC - DLPFC
full_cohort	1014	CT_AC__PCGBA23	CT	113	0			Not available														False	False	CT: AC - PCG
full_cohort	1014	CT_DLPFC__PCGBA23	CT	113	0			Not available														False	False	CT: DLPFC - PCG
full_cohort	1024	TS_AC	TS	221	24310	0.94490508922849	-0.0817586694435673	Higher in Control	0.965174129353234	0.577114427860697	1.0	0.940242607188775	1.0	0.0398009950248756	0.427860696517413	0.186165944471192	1.0	1.0	0.0398009950248756	0.427860696517413	1.0	False	False	TS: AC
full_cohort	1024	TS_DLPFC	TS	221	0			Not available														False	False	TS: DLPFC
full_cohort	1024	TS_PCGBA23	TS	221	0			Not available														False	False	TS: PCG
full_cohort	1024	CT_AC__DLPFC	CT	221	0			Not available														False	False	CT: AC - DLPFC
full_cohort	1024	CT_AC__PCGBA23	CT	221	0			Not available														False	False	CT: AC - PCG
full_cohort	1024	CT_DLPFC__PCGBA23	CT	221	0			Not available														False	False	CT: DLPFC - PCG
full_cohort	1046	TS_AC	TS	64	2016	0.97169548878438	-0.0414238239064334	Higher in Control	0.572139303482587	0.417910447761194	1.0	0.776884806735553	1.0	0.432835820895522	0.587064676616915	0.950927182270466	1.0	1.0	0.432835820895522	0.587064676616915	1.0	False	False	TS: AC
full_cohort	1046	TS_DLPFC	TS	64	0			Not available														False	False	TS: DLPFC
full_cohort	1046	TS_PCGBA23	TS	64	0			Not available														False	False	TS: PCG
full_cohort	1046	CT_AC__DLPFC	CT	64	0			Not available														False	False	CT: AC - DLPFC
full_cohort	1046	CT_AC__PCGBA23	CT	64	0			Not available														False	False	CT: AC - PCG
full_cohort	1046	CT_DLPFC__PCGBA23	CT	64	0			Not available														False	False	CT: DLPFC - PCG
full_cohort	1115	TS_AC	TS	227	23871	0.962970177050269	-0.0544369760376491	Higher in Control	0.592039800995025	0.442786069651741	1.0	0.812708608854462	1.0	0.412935323383085	0.562189054726368	0.921163413700727	1.0	1.0	0.412935323383085	0.562189054726368	1.0	False	False	TS: AC
full_cohort	1115	TS_DLPFC	TS	227	6	0.427734487543797	-1.2252125608026	Higher in Control	0.631840796019901	0.950248756218905	0.660344892080949	1.0	1.0	0.373134328358209	0.054726368159204	1.0	0.128931613120836	1.0	0.373134328358209	0.054726368159204	1.0	False	False	TS: DLPFC
full_cohort	1115	TS_PCGBA23	TS	227	6	1.70070017041465	0.766128819552998	Higher in AD	0.407960199004975	0.293532338308458	1.0	0.771881334070389	1.0	0.597014925373134	0.711442786069652	0.768859768859769	1.0	1.0	0.407960199004975	0.293532338308458	1.0	False	False	TS: PCG
full_cohort	1115	CT_AC__DLPFC	CT	227	876	0.810344356902932	-0.303392981429768	Higher in Control	0.845771144278607	0.786069651741294	1.0	1.0	1.0	0.159203980099502	0.218905472636816	0.421595725078312	0.549183905036222	0.549183905036222	0.159203980099502	0.218905472636816	0.549183905036222	False	False	CT: AC - DLPFC
full_cohort	1115	CT_AC__PCGBA23	CT	227	876	0.567616803853865	-0.817010794992438	Higher in Control	1.0	0.990049751243781	1.0	1.0	1.0	0.0049751243781094	0.0149253731343284	0.0130827344757693	0.0784964068546158	0.0784964068546158	0.0049751243781094	0.0149253731343284	0.0784964068546158	False	True	CT: AC - PCG
full_cohort	1115	CT_DLPFC__PCGBA23	CT	227	16	0.959885013158466	-0.0590665024721947	Higher in Control	0.54228855721393	0.641791044776119	0.77547263681592	1.0	1.0	0.462686567164179	0.36318407960199	1.0	0.786898839137645	1.0	0.462686567164179	0.36318407960199	1.0	False	False	CT: DLPFC - PCG
full_cohort	1139	TS_AC	TS	368	48205	1.03066169606061	0.043570860825563	Higher in AD	0.0049751243781094	0.0497512437810945	0.0167765822052528	0.156824572788233	0.156824572788233	1.0	0.955223880597015	1.0	1.0	1.0	0.0049751243781094	0.0497512437810945	0.156824572788233	False	False	TS: AC
full_cohort	1139	TS_DLPFC	TS	368	595	1.05307462113554	0.0746076697234117	Higher in AD	0.0049751243781094	0.597014925373134	0.0086442786069651	1.0	1.0	1.0	0.407960199004975	1.0	0.651798478870018	1.0	0.0049751243781094	0.597014925373134	1.0	False	False	TS: DLPFC
full_cohort	1139	TS_PCGBA23	TS	368	231	1.38199181435485	0.466749070556393	Higher in AD	0.348258706467662	0.149253731343284	1.0	0.492884415133634	1.0	0.656716417910448	0.855721393034826	0.810902011680727	1.0	1.0	0.348258706467662	0.149253731343284	1.0	False	False	TS: PCG
full_cohort	1139	CT_AC__DLPFC	CT	368	10885	1.0318346068332	0.0452117391486535	Higher in AD	0.0049751243781094	0.0597014925373134	0.0161691542288557	0.243923240938166	0.243923240938166	1.0	0.945273631840796	1.0	1.0	1.0	0.0049751243781094	0.0597014925373134	0.243923240938166	False	False	CT: AC - DLPFC
full_cohort	1139	CT_AC__PCGBA23	CT	368	6842	0.788208241210477	-0.343351261053167	Higher in Control	1.0	0.985074626865672	1.0	1.0	1.0	0.0049751243781094	0.0199004975124378	0.0130827344757693	0.094195688225539	0.094195688225539	0.0049751243781094	0.0199004975124378	0.094195688225539	False	True	CT: AC - PCG
full_cohort	1139	CT_DLPFC__PCGBA23	CT	368	770	1.80045608721014	0.848362412892963	Higher in AD	0.0049751243781094	0.0049751243781094	0.0111162935323383	0.0323383084577114	0.0323383084577114	1.0	1.0	1.0	1.0	1.0	0.0049751243781094	0.0049751243781094	0.0323383084577114	True	True	CT: DLPFC - PCG
full_cohort	1144	TS_AC	TS	344	55611	0.746205577790985	-0.422354950731976	Higher in Control	1.0	1.0	1.0	1.0	1.0	0.0049751243781094	0.0049751243781094	0.0267182605491063	0.0313649145576465	0.0313649145576465	0.0049751243781094	0.0049751243781094	0.0313649145576465	True	True	TS: AC
full_cohort	1144	TS_DLPFC	TS	344	6	3.15472916525067	1.65751615458294	Higher in AD	0.119402985074627	0.0447761194029851	0.161136067236632	0.27060350421804	0.27060350421804	0.885572139303483	0.960199004975124	1.0	1.0	1.0	0.119402985074627	0.0447761194029851	0.27060350421804	False	False	TS: DLPFC
full_cohort	1144	TS_PCGBA23	TS	344	15	1.57679829872948	0.656998124913704	Higher in AD	0.437810945273632	0.223880597014925	1.0	0.635820895522388	1.0	0.567164179104478	0.781094527363184	0.738874435163631	1.0	1.0	0.437810945273632	0.223880597014925	1.0	False	False	TS: PCG
full_cohort	1144	CT_AC__DLPFC	CT	344	1336	0.5485524537932	-0.866298513987038	Higher in Control	1.0	1.0	1.0	1.0	1.0	0.0049751243781094	0.0049751243781094	0.0177860696517413	0.0245325098644707	0.0245325098644707	0.0049751243781094	0.0049751243781094	0.0245325098644707	True	True	CT: AC - DLPFC
full_cohort	1144	CT_AC__PCGBA23	CT	344	2004	0.496120719199169	-1.01123688597019	Higher in Control	1.0	1.0	1.0	1.0	1.0	0.0049751243781094	0.0049751243781094	0.0130827344757693	0.0321121664405246	0.0321121664405246	0.0049751243781094	0.0049751243781094	0.0321121664405246	True	True	CT: AC - PCG
full_cohort	1144	CT_DLPFC__PCGBA23	CT	344	24	1.419815362498	0.505703329076486	Higher in AD	0.154228855721393	0.243781094527363	0.250621890547264	0.590859263006999	0.590859263006999	0.850746268656716	0.761194029850746	1.0	1.0	1.0	0.154228855721393	0.243781094527363	0.590859263006999	False	False	CT: DLPFC - PCG
full_cohort	1158	TS_AC	TS	35	561	0.878049785664004	-0.187625351602511	Higher in Control	0.666666666666667	0.791044776119403	1.0	1.0	1.0	0.338308457711443	0.213930348258706	0.845771144278607	0.646247927031509	0.845771144278607	0.338308457711443	0.213930348258706	0.845771144278607	False	False	TS: AC
full_cohort	1158	TS_DLPFC	TS	35	0			Not available														False	False	TS: DLPFC
full_cohort	1158	TS_PCGBA23	TS	35	0			Not available														False	False	TS: PCG
full_cohort	1158	CT_AC__DLPFC	CT	35	34	0.486122444317166	-1.04060834986278	Higher in Control	0.945273631840796	0.915422885572139	1.0	1.0	1.0	0.0597014925373134	0.0895522388059701	0.177860696517413	0.278390655418559	0.278390655418559	0.0597014925373134	0.0895522388059701	0.278390655418559	False	False	CT: AC - DLPFC
full_cohort	1158	CT_AC__PCGBA23	CT	35	0			Not available														False	False	CT: AC - PCG
full_cohort	1158	CT_DLPFC__PCGBA23	CT	35	0			Not available														False	False	CT: DLPFC - PCG
full_cohort	1175	TS_AC	TS	325	48516	0.84239677875358	-0.247428175243961	Higher in Control	1.0	1.0	1.0	1.0	1.0	0.0049751243781094	0.0049751243781094	0.0267182605491063	0.0313649145576465	0.0313649145576465	0.0049751243781094	0.0049751243781094	0.0313649145576465	True	True	TS: AC
full_cohort	1175	TS_DLPFC	TS	325	15	2.57171910025272	1.36273307081371	Higher in AD	0.054726368159204	0.0199004975124378	0.0800733176224143	0.153676064123825	0.153676064123825	0.950248756218905	0.985074626865672	1.0	1.0	1.0	0.054726368159204	0.0199004975124378	0.153676064123825	False	False	TS: DLPFC
full_cohort	1175	TS_PCGBA23	TS	325	21	1.84073385060653	0.880281044304442	Higher in AD	0.308457711442786	0.0895522388059701	1.0	0.373684210526316	1.0	0.696517412935323	0.915422885572139	0.83818197149844	1.0	1.0	0.308457711442786	0.0895522388059701	1.0	False	False	TS: PCG
full_cohort	1175	CT_AC__DLPFC	CT	325	1872	0.819162415231127	-0.287778571692496	Higher in Control	0.91044776119403	0.850746268656716	1.0	1.0	1.0	0.0945273631840796	0.154228855721393	0.270348258706468	0.441094527363184	0.441094527363184	0.0945273631840796	0.154228855721393	0.441094527363184	False	False	CT: AC - DLPFC
full_cohort	1175	CT_AC__PCGBA23	CT	325	2184	1.30696274207665	0.386218014440609	Higher in AD	0.0049751243781094	0.0199004975124378	0.0227892794094046	0.0672826344468136	0.0672826344468136	1.0	0.985074626865672	1.0	1.0	1.0	0.0049751243781094	0.0199004975124378	0.0672826344468136	False	True	CT: AC - PCG
full_cohort	1175	CT_DLPFC__PCGBA23	CT	325	42	1.45062421862303	0.536673840464038	Higher in AD	0.0845771144278607	0.17910447761194	0.143982468609334	0.502194907813872	0.502194907813872	0.920398009950249	0.825870646766169	1.0	1.0	1.0	0.0845771144278607	0.17910447761194	0.502194907813872	False	False	CT: DLPFC - PCG
full_cohort	1179	TS_AC	TS	88	3240	0.898589605572257	-0.154265721292304	Higher in Control	0.920398009950249	0.805970149253731	1.0	1.0	1.0	0.0845771144278607	0.199004975124378	0.331450853838914	0.641238253178552	0.641238253178552	0.0845771144278607	0.199004975124378	0.641238253178552	False	False	TS: AC
full_cohort	1179	TS_DLPFC	TS	88	10	1.40747408208474	0.493108356058902	Higher in AD	0.228855721393035	0.238805970149254	0.284026297085999	0.809610484164543	0.809610484164543	0.776119402985075	0.766169154228856	1.0	1.0	1.0	0.228855721393035	0.238805970149254	0.809610484164543	False	False	TS: DLPFC
full_cohort	1179	TS_PCGBA23	TS	88	1	1.77774324604697	0.830046975234831	Higher in AD	0.447761194029851	0.427860696517413	1.0	0.964384427070994	1.0	0.557213930348259	0.577114427860697	0.738874435163631	1.0	1.0	0.447761194029851	0.427860696517413	1.0	False	False	TS: PCG
full_cohort	1179	CT_AC__DLPFC	CT	88	405	0.673893404157851	-0.569407689615266	Higher in Control	1.0	0.960199004975124	1.0	1.0	1.0	0.0049751243781094	0.0447761194029851	0.0177860696517413	0.145522388059701	0.145522388059701	0.0049751243781094	0.0447761194029851	0.145522388059701	False	False	CT: AC - DLPFC
full_cohort	1179	CT_AC__PCGBA23	CT	88	162	1.14110282535359	0.190428799465111	Higher in AD	0.328358208955224	0.293532338308458	0.971393034825871	0.612964588820603	0.971393034825871	0.676616915422886	0.711442786069652	1.0	1.0	1.0	0.328358208955224	0.293532338308458	0.971393034825871	False	False	CT: AC - PCG
full_cohort	1179	CT_DLPFC__PCGBA23	CT	88	10	0.635448647597021	-0.654152553214295	Higher in Control	0.746268656716418	0.830845771144279	0.985576703637774	1.0	1.0	0.258706467661692	0.174129353233831	1.0	0.478855721393035	1.0	0.258706467661692	0.174129353233831	1.0	False	False	CT: DLPFC - PCG
full_cohort	1180	TS_AC	TS	453	74305	1.02146211490673	0.0306356968271287	Higher in AD	0.0049751243781094	0.0348258706467662	0.0167765822052528	0.11743607543677	0.11743607543677	1.0	0.970149253731343	1.0	1.0	1.0	0.0049751243781094	0.0348258706467662	0.11743607543677	False	False	TS: AC
full_cohort	1180	TS_DLPFC	TS	453	406	0.983016501585598	-0.0247124600550882	Higher in Control	0.0149253731343284	0.870646766169154	0.0241235682054842	1.0	1.0	0.990049751243781	0.134328358208955	1.0	0.282903663500678	1.0	0.990049751243781	0.134328358208955	1.0	False	False	TS: DLPFC
full_cohort	1180	TS_PCGBA23	TS	453	703	0.694661954821123	-0.525617008775445	Higher in Control	1.0	1.0	1.0	1.0	1.0	0.0049751243781094	0.0049751243781094	0.0119740281642634	0.0252309879175551	0.0252309879175551	0.0049751243781094	0.0049751243781094	0.0252309879175551	True	True	TS: PCG
full_cohort	1180	CT_AC__DLPFC	CT	453	11194	0.787920192773635	-0.343878586170884	Higher in Control	1.0	0.985074626865672	1.0	1.0	1.0	0.0049751243781094	0.0199004975124378	0.0177860696517413	0.0748887143231212	0.0748887143231212	0.0049751243781094	0.0199004975124378	0.0748887143231212	False	True	CT: AC - DLPFC
full_cohort	1180	CT_AC__PCGBA23	CT	453	14668	0.474676291700933	-1.0749841005227	Higher in Control	1.0	1.0	1.0	1.0	1.0	0.0049751243781094	0.0049751243781094	0.0130827344757693	0.0321121664405246	0.0321121664405246	0.0049751243781094	0.0049751243781094	0.0321121664405246	True	True	CT: AC - PCG
full_cohort	1180	CT_DLPFC__PCGBA23	CT	453	1102	0.772732369270516	-0.371959262084892	Higher in Control	1.0	1.0	1.0	1.0	1.0	0.0049751243781094	0.0049751243781094	0.027363184079602	0.0197622996130459	0.027363184079602	0.0049751243781094	0.0049751243781094	0.027363184079602	True	True	CT: DLPFC - PCG
full_cohort	1181	TS_AC	TS	405	57291	1.02654542387387	0.0377974670448252	Higher in AD	0.0049751243781094	0.0696517412935323	0.0167765822052528	0.206112295664534	0.206112295664534	1.0	0.935323383084577	1.0	1.0	1.0	0.0049751243781094	0.0696517412935323	0.206112295664534	False	False	TS: AC
full_cohort	1181	TS_DLPFC	TS	405	210	1.06462964318239	0.0903516418408587	Higher in AD	0.0348258706467662	0.621890547263682	0.0526173480423967	1.0	1.0	0.970149253731343	0.383084577114428	1.0	0.633913764510779	1.0	0.0348258706467662	0.621890547263682	1.0	False	False	TS: DLPFC
full_cohort	1181	TS_PCGBA23	TS	405	990	0.938820983443341	-0.0910780072110506	Higher in Control	1.0	0.91044776119403	1.0	1.0	1.0	0.0049751243781094	0.0945273631840796	0.0119740281642634	0.253261991927157	0.253261991927157	0.0049751243781094	0.0945273631840796	0.253261991927157	False	False	TS: PCG
full_cohort	1181	CT_AC__DLPFC	CT	405	7119	1.0112274257922	0.0161074969087385	Higher in AD	0.0049751243781094	0.134328358208955	0.0161691542288557	0.457356076759062	0.457356076759062	1.0	0.870646766169154	1.0	1.0	1.0	0.0049751243781094	0.134328358208955	0.457356076759062	False	False	CT: AC - DLPFC
full_cohort	1181	CT_AC__PCGBA23	CT	405	15255	0.902348630990187	-0.148243154727272	Higher in Control	1.0	0.73134328358209	1.0	1.0	1.0	0.0049751243781094	0.27363184079602	0.0130827344757693	0.706467661691542	0.706467661691542	0.0049751243781094	0.27363184079602	0.706467661691542	False	False	CT: AC - PCG
full_cohort	1181	CT_DLPFC__PCGBA23	CT	405	945	1.22985719573554	0.298490807463031	Higher in AD	0.0049751243781094	0.144278606965174	0.0111162935323383	0.448518278174346	0.448518278174346	1.0	0.860696517412935	1.0	1.0	1.0	0.0049751243781094	0.144278606965174	0.448518278174346	False	False	CT: DLPFC - PCG
full_cohort	1196	TS_AC	TS	64	1770	0.941184295489798	-0.0874508467943524	Higher in Control	0.651741293532338	0.527363184079602	1.0	0.899619549312262	1.0	0.353233830845771	0.477611940298507	0.848092923634566	1.0	1.0	0.353233830845771	0.477611940298507	1.0	False	False	TS: AC
full_cohort	1196	TS_DLPFC	TS	64	3	4.70489683062457	2.23416308776185	Higher in AD	0.129353233830846	0.0646766169154229	0.171239042880834	0.345771144278607	0.345771144278607	0.875621890547264	0.940298507462687	1.0	1.0	1.0	0.129353233830846	0.0646766169154229	0.345771144278607	False	False	TS: DLPFC
full_cohort	1196	TS_PCGBA23	TS	64	0			Not available														False	False	TS: PCG
full_cohort	1196	CT_AC__DLPFC	CT	64	180	1.02906822667272	0.0413386353119362	Higher in AD	0.149253731343284	0.333333333333333	0.344246509388541	0.882716049382716	0.882716049382716	0.855721393034826	0.671641791044776	1.0	1.0	1.0	0.149253731343284	0.333333333333333	0.882716049382716	False	False	CT: AC - DLPFC
full_cohort	1196	CT_AC__PCGBA23	CT	64	60	0.723672649949649	-0.466590846600892	Higher in Control	0.955223880597015	0.741293532338308	1.0	1.0	1.0	0.0497512437810945	0.263681592039801	0.102386617636455	0.706467661691542	0.706467661691542	0.0497512437810945	0.263681592039801	0.706467661691542	False	False	CT: AC - PCG
full_cohort	1196	CT_DLPFC__PCGBA23	CT	64	3	0.416882978691073	-1.26228562669715	Higher in Control	0.751243781094527	0.845771144278607	0.985576703637774	1.0	1.0	0.253731343283582	0.159203980099502	1.0	0.44639547361233	1.0	0.253731343283582	0.159203980099502	1.0	False	False	CT: DLPFC - PCG
full_cohort	1198	TS_AC	TS	32	190	0.886229244175683	-0.174248160603431	Higher in Control	0.681592039800995	0.656716417910448	1.0	1.0	1.0	0.323383084577114	0.348258706467662	0.822641180064589	0.931252826775215	0.931252826775215	0.323383084577114	0.348258706467662	0.931252826775215	False	False	TS: AC
full_cohort	1198	TS_DLPFC	TS	32	28	1.00036931675571	0.0005327130880961	Higher in AD	0.208955223880597	0.582089552238806	0.2640434192673	1.0	1.0	0.796019900497512	0.422885572139304	1.0	0.667966983265491	1.0	0.208955223880597	0.582089552238806	1.0	False	False	TS: DLPFC
full_cohort	1198	TS_PCGBA23	TS	32	6	1.03215510474627	0.0456597847478445	Higher in AD	0.577114427860697	0.517412935323383	1.0	1.0	1.0	0.427860696517413	0.487562189054726	0.601546721836363	0.958086280924146	0.958086280924146	0.577114427860697	0.517412935323383	1.0	False	False	TS: PCG
full_cohort	1198	CT_AC__DLPFC	CT	32	160	0.655629549858213	-0.609047215323132	Higher in Control	0.945273631840796	0.970149253731343	1.0	1.0	1.0	0.0597014925373134	0.0348258706467662	0.177860696517413	0.115816267499711	0.177860696517413	0.0597014925373134	0.0348258706467662	0.177860696517413	False	False	CT: AC - DLPFC
full_cohort	1198	CT_AC__PCGBA23	CT	32	80	1.40056078071402	0.486004594002892	Higher in AD	0.124378109452736	0.0746268656716418	0.420516465292585	0.192672998643148	0.420516465292585	0.880597014925373	0.930348258706468	1.0	1.0	1.0	0.124378109452736	0.0746268656716418	0.420516465292585	False	False	CT: AC - PCG
full_cohort	1198	CT_DLPFC__PCGBA23	CT	32	32	2.00259059424117	1.00186750950345	Higher in AD	0.0099502487562189	0.0447761194029851	0.0203269367448472	0.177860696517413	0.177860696517413	0.995024875621891	0.960199004975124	1.0	1.0	1.0	0.0099502487562189	0.0447761194029851	0.177860696517413	False	False	CT: DLPFC - PCG
full_cohort	1203	TS_AC	TS	73	561	0.824962692087698	-0.277599218143583	Higher in Control	0.945273631840796	0.855721393034826	1.0	1.0	1.0	0.0597014925373134	0.149253731343284	0.254609306409131	0.541044776119403	0.541044776119403	0.0597014925373134	0.149253731343284	0.541044776119403	False	False	TS: AC
full_cohort	1203	TS_DLPFC	TS	73	231	0.809873435689781	-0.304231628827791	Higher in Control	0.169154228855721	0.975124378109453	0.217707757508753	1.0	1.0	0.835820895522388	0.0298507462686567	1.0	0.0740938166311301	1.0	0.835820895522388	0.0298507462686567	1.0	False	False	TS: DLPFC
full_cohort	1203	TS_PCGBA23	TS	73	136	0.42679467372858	-1.22838592302051	Higher in Control	1.0	1.0	1.0	1.0	1.0	0.0049751243781094	0.0049751243781094	0.0119740281642634	0.0252309879175551	0.0252309879175551	0.0049751243781094	0.0049751243781094	0.0252309879175551	True	True	TS: PCG
full_cohort	1203	CT_AC__DLPFC	CT	73	748	0.590261230256849	-0.760574509586793	Higher in Control	1.0	1.0	1.0	1.0	1.0	0.0049751243781094	0.0049751243781094	0.0177860696517413	0.0245325098644707	0.0245325098644707	0.0049751243781094	0.0049751243781094	0.0245325098644707	True	True	CT: AC - DLPFC
full_cohort	1203	CT_AC__PCGBA23	CT	73	578	0.590273511910085	-0.76054449152873	Higher in Control	1.0	1.0	1.0	1.0	1.0	0.0049751243781094	0.0049751243781094	0.0130827344757693	0.0321121664405246	0.0321121664405246	0.0049751243781094	0.0049751243781094	0.0321121664405246	True	True	CT: AC - PCG
full_cohort	1203	CT_DLPFC__PCGBA23	CT	73	374	0.738580681148845	-0.437172568026565	Higher in Control	0.995024875621891	0.995024875621891	1.0	1.0	1.0	0.0099502487562189	0.0099502487562189	0.050817341862118	0.0374443571615606	0.050817341862118	0.0099502487562189	0.0099502487562189	0.050817341862118	False	True	CT: DLPFC - PCG
full_cohort	1205	TS_AC	TS	117	1225	0.921134015524897	-0.118517026010772	Higher in Control	0.776119402985075	0.701492537313433	1.0	1.0	1.0	0.228855721393035	0.303482587064677	0.650668227490001	0.830282549516568	0.830282549516568	0.228855721393035	0.303482587064677	0.830282549516568	False	False	TS: AC
full_cohort	1205	TS_DLPFC	TS	117	903	1.01461142040499	0.0209273045615057	Higher in AD	0.0049751243781094	0.805970149253731	0.0086442786069651	1.0	1.0	1.0	0.199004975124378	1.0	0.384190160309563	1.0	0.0049751243781094	0.805970149253731	1.0	False	False	TS: DLPFC
full_cohort	1205	TS_PCGBA23	TS	117	276	1.16220518801102	0.216864799889449	Higher in AD	0.676616915422886	0.358208955223881	1.0	0.87699433865157	1.0	0.328358208955224	0.646766169154229	0.470978441127695	1.0	1.0	0.676616915422886	0.358208955223881	1.0	False	False	TS: PCG
full_cohort	1205	CT_AC__DLPFC	CT	117	2150	0.761445750778995	-0.393186839356737	Higher in Control	1.0	0.980099502487562	1.0	1.0	1.0	0.0049751243781094	0.0248756218905473	0.0177860696517413	0.0889303482587065	0.0889303482587065	0.0049751243781094	0.0248756218905473	0.0889303482587065	False	True	CT: AC - DLPFC
full_cohort	1205	CT_AC__PCGBA23	CT	117	1200	0.90189850543439	-0.14896300502659	Higher in Control	1.0	0.656716417910448	1.0	1.0	1.0	0.0049751243781094	0.348258706467662	0.0130827344757693	0.824212271973466	0.824212271973466	0.0049751243781094	0.348258706467662	0.824212271973466	False	False	CT: AC - PCG
full_cohort	1205	CT_DLPFC__PCGBA23	CT	117	1032	1.06677913744119	0.0932615160865444	Higher in AD	0.0497512437810945	0.616915422885572	0.0889303482587065	1.0	1.0	0.955223880597015	0.388059701492537	1.0	0.828246825573625	1.0	0.0497512437810945	0.616915422885572	1.0	False	False	CT: DLPFC - PCG
full_cohort	1206	TS_AC	TS	75	2556	0.970175815495983	-0.0436818783508047	Higher in Control	0.487562189054726	0.482587064676617	0.934868421052632	0.850213219616205	0.934868421052632	0.517412935323383	0.522388059701492	1.0	1.0	1.0	0.517412935323383	0.522388059701492	1.0	False	False	TS: AC
full_cohort	1206	TS_DLPFC	TS	75	0			Not available														False	False	TS: DLPFC
full_cohort	1206	TS_PCGBA23	TS	75	1	0.0061166137154976	-7.35305111670036	Higher in Control	0.893401015228426	0.940298507462687	1.0	1.0	1.0	0.111675126903553	0.0646766169154229	0.191058650847043	0.180079992195883	0.191058650847043	0.111675126903553	0.0646766169154229	0.191058650847043	False	False	TS: PCG
full_cohort	1206	CT_AC__DLPFC	CT	75	72	0.776467782779055	-0.3650020293722	Higher in Control	0.661691542288557	0.656716417910448	1.0	1.0	1.0	0.343283582089552	0.348258706467662	0.846371590324241	0.721606254442075	0.846371590324241	0.343283582089552	0.348258706467662	0.846371590324241	False	False	CT: AC - DLPFC
full_cohort	1206	CT_AC__PCGBA23	CT	75	144	2.20503106406709	1.14079898034509	Higher in AD	0.0049751243781094	0.0099502487562189	0.0227892794094046	0.0371825085100812	0.0371825085100812	1.0	0.995024875621891	1.0	1.0	1.0	0.0049751243781094	0.0099502487562189	0.0371825085100812	True	True	CT: AC - PCG
full_cohort	1206	CT_DLPFC__PCGBA23	CT	75	2	2.30780323763177	1.20652022563254	Higher in AD	0.318407960199005	0.283582089552239	0.479287771667976	0.654068367838228	0.654068367838228	0.686567164179104	0.721393034825871	1.0	1.0	1.0	0.318407960199005	0.283582089552239	0.654068367838228	False	False	CT: DLPFC - PCG
full_cohort	1209	TS_AC	TS	75	2080	1.2367346231974	0.306535962019467	Higher in AD	0.0049751243781094	0.0149253731343284	0.0167765822052528	0.0584913271480436	0.0584913271480436	1.0	0.990049751243781	1.0	1.0	1.0	0.0049751243781094	0.0149253731343284	0.0584913271480436	False	True	TS: AC
full_cohort	1209	TS_DLPFC	TS	75	21	1.43589569827039	0.52195095734125	Higher in AD	0.124378109452736	0.17910447761194	0.166236127057023	0.672851956434046	0.672851956434046	0.880597014925373	0.825870646766169	1.0	1.0	1.0	0.124378109452736	0.17910447761194	0.672851956434046	False	False	TS: DLPFC
full_cohort	1209	TS_PCGBA23	TS	75	3	5.15640591393232	2.36636583758763	Higher in AD	0.194029850746269	0.0895522388059701	1.0	0.373684210526316	1.0	0.810945273631841	0.915422885572139	0.936213242729442	1.0	1.0	0.194029850746269	0.0895522388059701	1.0	False	False	TS: PCG
full_cohort	1209	CT_AC__DLPFC	CT	75	455	2.30420014847405	1.20426603825144	Higher in AD	0.0049751243781094	0.0049751243781094	0.0161691542288557	0.0309322950465066	0.0309322950465066	1.0	1.0	1.0	1.0	1.0	0.0049751243781094	0.0049751243781094	0.0309322950465066	True	True	CT: AC - DLPFC
full_cohort	1209	CT_AC__PCGBA23	CT	75	195	0.772690721998489	-0.372037019837022	Higher in Control	0.995024875621891	0.805970149253731	1.0	1.0	1.0	0.0099502487562189	0.199004975124378	0.0239480563285269	0.601249073780036	0.601249073780036	0.0099502487562189	0.199004975124378	0.601249073780036	False	False	CT: AC - PCG
full_cohort	1209	CT_DLPFC__PCGBA23	CT	75	21	2.21958222935733	1.15028815749766	Higher in AD	0.0398009950248756	0.0497512437810945	0.0739161336176262	0.187221785807803	0.187221785807803	0.965174129353234	0.955223880597015	1.0	1.0	1.0	0.0398009950248756	0.0497512437810945	0.187221785807803	False	False	CT: DLPFC - PCG
full_cohort	1210	TS_AC	TS	58	1128	1.51584721479549	0.600124348782816	Higher in AD	0.0049751243781094	0.0049751243781094	0.0167765822052528	0.0240464344941957	0.0240464344941957	1.0	1.0	1.0	1.0	1.0	0.0049751243781094	0.0049751243781094	0.0240464344941957	True	True	TS: AC
full_cohort	1210	TS_DLPFC	TS	58	15	3.23527003796866	1.69388613452973	Higher in AD	0.0248756218905473	0.0149253731343284	0.0397438096871962	0.129664179104478	0.129664179104478	0.980099502487562	0.990049751243781	1.0	1.0	1.0	0.0248756218905473	0.0149253731343284	0.129664179104478	False	False	TS: DLPFC
full_cohort	1210	TS_PCGBA23	TS	58	6	5.99329909329456	2.58335037284806	Higher in AD	0.104477611940299	0.0248756218905473	0.927238805970149	0.147180762852405	0.927238805970149	0.900497512437811	0.980099502487562	0.998989427860697	1.0	1.0	0.104477611940299	0.0248756218905473	0.927238805970149	False	False	TS: PCG
full_cohort	1210	CT_AC__DLPFC	CT	58	288	1.22414999727548	0.291780344849991	Higher in AD	0.0049751243781094	0.0646766169154229	0.0161691542288557	0.256909894969596	0.256909894969596	1.0	0.940298507462687	1.0	1.0	1.0	0.0049751243781094	0.0646766169154229	0.256909894969596	False	False	CT: AC - DLPFC
full_cohort	1210	CT_AC__PCGBA23	CT	58	192	1.04296411870388	0.0606895253951443	Higher in AD	0.567164179104478	0.338308457711443	1.0	0.667219458264234	1.0	0.437810945273632	0.666666666666667	0.698529822796132	1.0	1.0	0.567164179104478	0.338308457711443	1.0	False	False	CT: AC - PCG
full_cohort	1210	CT_DLPFC__PCGBA23	CT	58	24	1.30297942921863	0.381814307544933	Higher in AD	0.213930348258706	0.353233830845771	0.339911553344389	0.78925684079602	0.78925684079602	0.791044776119403	0.651741293532338	1.0	1.0	1.0	0.213930348258706	0.353233830845771	0.78925684079602	False	False	CT: DLPFC - PCG
full_cohort	1211	TS_AC	TS	69	2080	1.29156064429082	0.369115385742832	Higher in AD	0.0049751243781094	0.0099502487562189	0.0167765822052528	0.0424348844015218	0.0424348844015218	1.0	0.995024875621891	1.0	1.0	1.0	0.0049751243781094	0.0099502487562189	0.0424348844015218	True	True	TS: AC
full_cohort	1211	TS_DLPFC	TS	69	1	0.0007870274853522	-10.3112983597139	Higher in Control	0.935	0.980099502487562	0.941775362318841	1.0	1.0	0.07	0.0248756218905473	1.0	0.0652398385431334	1.0	0.07	0.0248756218905473	1.0	False	False	TS: DLPFC
full_cohort	1211	TS_PCGBA23	TS	69	1	46.5099170477379	5.53946646164896	Higher in AD	0.208955223880597	0.1	1.0	0.373684210526316	1.0	0.796019900497512	0.905	0.926514966152842	1.0	1.0	0.208955223880597	0.1	1.0	False	False	TS: PCG
full_cohort	1211	CT_AC__DLPFC	CT	69	130	0.559327130709818	-0.838235783531864	Higher in Control	0.990049751243781	0.985074626865672	1.0	1.0	1.0	0.0149253731343284	0.0199004975124378	0.0485074626865672	0.0748887143231212	0.0748887143231212	0.0149253731343284	0.0199004975124378	0.0748887143231212	False	True	CT: AC - DLPFC
full_cohort	1211	CT_AC__PCGBA23	CT	69	130	1.00130748926189	0.0018850761840871	Higher in AD	0.716417910447761	0.402985074626866	1.0	0.733639494833525	1.0	0.288557213930348	0.601990049751244	0.482060286801288	1.0	1.0	0.716417910447761	0.402985074626866	1.0	False	False	CT: AC - PCG
full_cohort	1211	CT_DLPFC__PCGBA23	CT	69	4	0.754297089767001	-0.406795235165764	Higher in Control	0.616915422885572	0.691542288557214	0.848258706467662	1.0	1.0	0.388059701492537	0.313432835820896	1.0	0.700326492537313	1.0	0.388059701492537	0.313432835820896	1.0	False	False	CT: DLPFC - PCG
full_cohort	1263	TS_AC	TS	463	3	2.05570912896674	1.03963614591116	Higher in AD	0.348258706467662	0.278606965174129	0.787983161117489	0.621507845388442	0.787983161117489	0.656716417910448	0.72636815920398	1.0	1.0	1.0	0.348258706467662	0.278606965174129	0.787983161117489	False	False	TS: AC
full_cohort	1263	TS_DLPFC	TS	463	97461	1.26808358544411	0.342649843530433	Higher in AD	0.0049751243781094	0.0049751243781094	0.0086442786069651	0.0461028192371476	0.0461028192371476	1.0	1.0	1.0	1.0	1.0	0.0049751243781094	0.0049751243781094	0.0461028192371476	True	True	TS: DLPFC
full_cohort	1263	TS_PCGBA23	TS	463	153	0.742815981945031	-0.428923239192923	Higher in Control	0.990049751243781	0.955223880597015	1.0	1.0	1.0	0.0149253731343284	0.0497512437810945	0.0324349017816354	0.150312268445009	0.150312268445009	0.0149253731343284	0.0497512437810945	0.150312268445009	False	False	TS: PCG
full_cohort	1263	CT_AC__DLPFC	CT	463	1326	0.762444770790794	-0.391295258035314	Higher in Control	0.990049751243781	0.81592039800995	1.0	1.0	1.0	0.0149253731343284	0.189054726368159	0.0485074626865672	0.500644923530496	0.500644923530496	0.0149253731343284	0.189054726368159	0.500644923530496	False	False	CT: AC - DLPFC
full_cohort	1263	CT_AC__PCGBA23	CT	463	54	0.663923808007819	-0.590910407707263	Higher in Control	0.980099502487562	0.870646766169154	1.0	1.0	1.0	0.0248756218905473	0.134328358208955	0.0535202774008744	0.443595973620271	0.443595973620271	0.0248756218905473	0.134328358208955	0.443595973620271	False	False	CT: AC - PCG
full_cohort	1263	CT_DLPFC__PCGBA23	CT	463	7956	0.82441132388925	-0.278563773408223	Higher in Control	1.0	1.0	1.0	1.0	1.0	0.0049751243781094	0.0049751243781094	0.027363184079602	0.0197622996130459	0.027363184079602	0.0049751243781094	0.0049751243781094	0.027363184079602	True	True	CT: DLPFC - PCG
full_cohort	1267	TS_AC	TS	230	0			Not available														False	False	TS: AC
full_cohort	1267	TS_DLPFC	TS	230	25878	1.14122782384633	0.190586826266217	Higher in AD	0.0049751243781094	0.0995024875621891	0.0086442786069651	0.446156315198203	0.446156315198203	1.0	0.90547263681592	1.0	1.0	1.0	0.0049751243781094	0.0995024875621891	0.446156315198203	False	False	TS: DLPFC
full_cohort	1267	TS_PCGBA23	TS	230	0			Not available														False	False	TS: PCG
full_cohort	1267	CT_AC__DLPFC	CT	230	228	0.652772302347617	-0.615348250987079	Higher in Control	1.0	0.81592039800995	1.0	1.0	1.0	0.0049751243781094	0.189054726368159	0.0177860696517413	0.500644923530496	0.500644923530496	0.0049751243781094	0.189054726368159	0.500644923530496	False	False	CT: AC - DLPFC
full_cohort	1267	CT_AC__PCGBA23	CT	230	1	0.188172753602091	-2.40987034614513	Higher in Control	0.756218905472637	0.791044776119403	1.0	1.0	1.0	0.248756218905473	0.213930348258706	0.430772964446062	0.607562189054726	0.607562189054726	0.248756218905473	0.213930348258706	0.607562189054726	False	False	CT: AC - PCG
full_cohort	1267	CT_DLPFC__PCGBA23	CT	230	228	2.14468436702831	1.1007653420702	Higher in AD	0.0049751243781094	0.0348258706467662	0.0111162935323383	0.160648371047986	0.160648371047986	1.0	0.970149253731343	1.0	1.0	1.0	0.0049751243781094	0.0348258706467662	0.160648371047986	False	False	CT: DLPFC - PCG
full_cohort	1269	TS_AC	TS	461	1	0.0484625126366694	-4.36698698361343	Higher in Control	0.776119402985075	0.88	1.0	1.0	1.0	0.228855721393035	0.125	0.650668227490001	0.503472222222222	0.650668227490001	0.228855721393035	0.125	0.650668227490001	False	False	TS: AC
full_cohort	1269	TS_DLPFC	TS	461	98346	1.24637782777557	0.317741474164696	Higher in AD	0.0049751243781094	0.0049751243781094	0.0086442786069651	0.0461028192371476	0.0461028192371476	1.0	1.0	1.0	1.0	1.0	0.0049751243781094	0.0049751243781094	0.0461028192371476	True	True	TS: DLPFC
full_cohort	1269	TS_PCGBA23	TS	461	105	1.35008531265075	0.433050574868206	Higher in AD	0.437810945273632	0.174129353233831	1.0	0.526092939557532	1.0	0.567164179104478	0.830845771144279	0.738874435163631	1.0	1.0	0.437810945273632	0.174129353233831	1.0	False	False	TS: PCG
full_cohort	1269	CT_AC__DLPFC	CT	461	888	0.195369108560739	-2.3557257260942	Higher in Control	1.0	1.0	1.0	1.0	1.0	0.0049751243781094	0.0049751243781094	0.0177860696517413	0.0245325098644707	0.0245325098644707	0.0049751243781094	0.0049751243781094	0.0245325098644707	True	True	CT: AC - DLPFC
full_cohort	1269	CT_AC__PCGBA23	CT	461	30	0.352826088083492	-1.50297085667562	Higher in Control	1.0	0.995024875621891	1.0	1.0	1.0	0.0049751243781094	0.0099502487562189	0.0130827344757693	0.0588723051409619	0.0588723051409619	0.0049751243781094	0.0099502487562189	0.0588723051409619	False	True	CT: AC - PCG
full_cohort	1269	CT_DLPFC__PCGBA23	CT	461	6660	1.57137658442249	0.652028967629186	Higher in AD	0.0049751243781094	0.0049751243781094	0.0111162935323383	0.0323383084577114	0.0323383084577114	1.0	1.0	1.0	1.0	1.0	0.0049751243781094	0.0049751243781094	0.0323383084577114	True	True	CT: DLPFC - PCG
full_cohort	1304	TS_AC	TS	132	0			Not available														False	False	TS: AC
full_cohort	1304	TS_DLPFC	TS	132	7626	1.18269739100165	0.242080988007414	Higher in AD	0.0049751243781094	0.0597014925373134	0.0086442786069651	0.331940298507463	0.331940298507463	1.0	0.945273631840796	1.0	1.0	1.0	0.0049751243781094	0.0597014925373134	0.331940298507463	False	False	TS: DLPFC
full_cohort	1304	TS_PCGBA23	TS	132	21	1.94650302003948	0.960884583057966	Higher in AD	0.313432835820896	0.0995024875621891	1.0	0.373684210526316	1.0	0.691542288557214	0.90547263681592	0.83818197149844	1.0	1.0	0.313432835820896	0.0995024875621891	1.0	False	False	TS: PCG
full_cohort	1304	CT_AC__DLPFC	CT	132	124	0.838889661581197	-0.253447028152988	Higher in Control	0.532338308457711	0.54726368159204	0.98161093267838	1.0	1.0	0.472636815920398	0.45771144278607	1.0	0.875621890547264	1.0	0.472636815920398	0.45771144278607	1.0	False	False	CT: AC - DLPFC
full_cohort	1304	CT_AC__PCGBA23	CT	132	7	1.71539777189639	0.778543151909765	Higher in AD	0.283582089552239	0.233830845771144	0.875405580791694	0.518812189054726	0.875405580791694	0.721393034825871	0.771144278606965	1.0	1.0	1.0	0.283582089552239	0.233830845771144	0.875405580791694	False	False	CT: AC - PCG
full_cohort	1304	CT_DLPFC__PCGBA23	CT	132	868	2.02291072454869	1.01643265203021	Higher in AD	0.0049751243781094	0.0049751243781094	0.0111162935323383	0.0323383084577114	0.0323383084577114	1.0	1.0	1.0	1.0	1.0	0.0049751243781094	0.0049751243781094	0.0323383084577114	True	True	CT: DLPFC - PCG
full_cohort	1307	TS_AC	TS	134	10	1.30105812696515	0.379685418328612	Higher in AD	0.348258706467662	0.27363184079602	0.787983161117489	0.621507845388442	0.787983161117489	0.656716417910448	0.73134328358209	1.0	1.0	1.0	0.348258706467662	0.27363184079602	0.787983161117489	False	False	TS: AC
full_cohort	1307	TS_DLPFC	TS	134	6786	1.12602881680315	0.171243748667719	Higher in AD	0.0049751243781094	0.278606965174129	0.0086442786069651	0.880144730891	0.880144730891	1.0	0.72636815920398	1.0	1.0	1.0	0.0049751243781094	0.278606965174129	0.880144730891	False	False	TS: DLPFC
full_cohort	1307	TS_PCGBA23	TS	134	66	1.4750840051583	0.560797117440084	Higher in AD	0.383084577114428	0.119402985074627	1.0	0.41354204586822	1.0	0.621890547263682	0.885572139303483	0.787029763463385	1.0	1.0	0.383084577114428	0.119402985074627	1.0	False	False	TS: PCG
full_cohort	1307	CT_AC__DLPFC	CT	134	585	1.40661431470939	0.492226804385726	Higher in AD	0.0049751243781094	0.0049751243781094	0.0161691542288557	0.0309322950465066	0.0309322950465066	1.0	1.0	1.0	1.0	1.0	0.0049751243781094	0.0049751243781094	0.0309322950465066	True	True	CT: AC - DLPFC
full_cohort	1307	CT_AC__PCGBA23	CT	134	60	0.849581432422435	-0.235175858459033	Higher in Control	0.791044776119403	0.626865671641791	1.0	1.0	1.0	0.213930348258706	0.378109452736318	0.379726368159204	0.8801892178452	0.8801892178452	0.213930348258706	0.378109452736318	0.8801892178452	False	False	CT: AC - PCG
full_cohort	1307	CT_DLPFC__PCGBA23	CT	134	1404	1.49227885242448	0.577517147805012	Higher in AD	0.0049751243781094	0.0099502487562189	0.0111162935323383	0.0592868988391376	0.0592868988391376	1.0	0.995024875621891	1.0	1.0	1.0	0.0049751243781094	0.0099502487562189	0.0592868988391376	False	True	CT: DLPFC - PCG
full_cohort	1308	TS_AC	TS	184	21	0.44420317241108	-1.17070839852343	Higher in Control	0.850746268656716	0.965174129353234	1.0	1.0	1.0	0.154228855721393	0.0398009950248756	0.532456763800047	0.206112295664534	0.532456763800047	0.154228855721393	0.0398009950248756	0.532456763800047	False	False	TS: AC
full_cohort	1308	TS_DLPFC	TS	184	14535	1.06969908524245	0.0972050122483211	Higher in AD	0.0049751243781094	0.746268656716418	0.0086442786069651	1.0	1.0	1.0	0.258706467661692	1.0	0.461028192371476	1.0	0.0049751243781094	0.746268656716418	1.0	False	False	TS: DLPFC
full_cohort	1308	TS_PCGBA23	TS	184	15	2.11868116438011	1.08316649607402	Higher in AD	0.243781094527363	0.0895522388059701	1.0	0.373684210526316	1.0	0.761194029850746	0.915422885572139	0.893302084618231	1.0	1.0	0.243781094527363	0.0895522388059701	1.0	False	False	TS: PCG
full_cohort	1308	CT_AC__DLPFC	CT	184	1197	0.822058178967957	-0.282687594486042	Higher in Control	0.81592039800995	0.761194029850746	1.0	1.0	1.0	0.189054726368159	0.243781094527363	0.491542288557214	0.590859263006999	0.590859263006999	0.189054726368159	0.243781094527363	0.590859263006999	False	False	CT: AC - DLPFC
full_cohort	1308	CT_AC__PCGBA23	CT	184	42	1.87785034418834	0.909082091585668	Higher in AD	0.0597014925373134	0.0248756218905473	0.229124647035095	0.0821474025222724	0.229124647035095	0.945273631840796	0.980099502487562	1.0	1.0	1.0	0.0597014925373134	0.0248756218905473	0.229124647035095	False	False	CT: AC - PCG
full_cohort	1308	CT_DLPFC__PCGBA23	CT	184	1026	1.24123713241417	0.311778761783067	Higher in AD	0.0049751243781094	0.199004975124378	0.0111162935323383	0.52699465634789	0.52699465634789	1.0	0.805970149253731	1.0	1.0	1.0	0.0049751243781094	0.199004975124378	0.52699465634789	False	False	CT: DLPFC - PCG
full_cohort	1309	TS_AC	TS	174	10	1.10036566417231	0.137983027590105	Higher in AD	0.417910447761194	0.338308457711443	0.871683250414594	0.710938063306655	0.871683250414594	0.587064676616915	0.666666666666667	1.0	1.0	1.0	0.417910447761194	0.338308457711443	0.871683250414594	False	False	TS: AC
full_cohort	1309	TS_DLPFC	TS	174	13366	1.02374714694476	0.0338594312612665	Higher in AD	0.0049751243781094	0.920398009950249	0.0086442786069651	1.0	1.0	1.0	0.0845771144278607	1.0	0.192724900089715	1.0	0.0049751243781094	0.920398009950249	1.0	False	False	TS: DLPFC
full_cohort	1309	TS_PCGBA23	TS	174	10	1.59072311171078	0.669682735652573	Higher in AD	0.373134328358209	0.248756218905473	1.0	0.666478926124096	1.0	0.631840796019901	0.756218905472637	0.787029763463385	1.0	1.0	0.373134328358209	0.248756218905473	1.0	False	False	TS: PCG
full_cohort	1309	CT_AC__DLPFC	CT	174	820	1.01259584981933	0.0180584764062453	Higher in AD	0.0099502487562189	0.26865671641791	0.0296434494195688	0.800373134328358	0.800373134328358	0.995024875621891	0.736318407960199	1.0	1.0	1.0	0.0099502487562189	0.26865671641791	0.800373134328358	False	False	CT: AC - DLPFC
full_cohort	1309	CT_AC__PCGBA23	CT	174	25	1.27194359588747	0.347034695985736	Higher in AD	0.368159203980099	0.174129353233831	1.0	0.39881238966458	1.0	0.63681592039801	0.830845771144279	0.961998518048058	1.0	1.0	0.368159203980099	0.174129353233831	1.0	False	False	CT: AC - PCG
full_cohort	1309	CT_DLPFC__PCGBA23	CT	174	820	1.29229790721532	0.369938685914005	Higher in AD	0.0049751243781094	0.169154228855721	0.0111162935323383	0.483781094527363	0.483781094527363	1.0	0.835820895522388	1.0	1.0	1.0	0.0049751243781094	0.169154228855721	0.483781094527363	False	False	CT: DLPFC - PCG
full_cohort	1312	TS_AC	TS	717	4278	0.753795944586323	-0.407754061547256	Higher in Control	1.0	1.0	1.0	1.0	1.0	0.0049751243781094	0.0049751243781094	0.0267182605491063	0.0313649145576465	0.0313649145576465	0.0049751243781094	0.0049751243781094	0.0313649145576465	True	True	TS: AC
full_cohort	1312	TS_DLPFC	TS	717	85078	0.96548738866565	-0.0506706802773132	Higher in Control	0.0049751243781094	1.0	0.0086442786069651	1.0	1.0	1.0	0.0049751243781094	1.0	0.0160823788036561	1.0	1.0	0.0049751243781094	1.0	False	False	TS: DLPFC
full_cohort	1312	TS_PCGBA23	TS	717	22155	0.776123786893912	-0.365641323279751	Higher in Control	1.0	1.0	1.0	1.0	1.0	0.0049751243781094	0.0049751243781094	0.0119740281642634	0.0252309879175551	0.0252309879175551	0.0049751243781094	0.0049751243781094	0.0252309879175551	True	True	TS: PCG
full_cohort	1312	CT_AC__DLPFC	CT	717	38409	0.844661491189335	-0.243554816011601	Higher in Control	1.0	0.975124378109453	1.0	1.0	1.0	0.0049751243781094	0.0298507462686567	0.0177860696517413	0.104113578449217	0.104113578449217	0.0049751243781094	0.0298507462686567	0.104113578449217	False	False	CT: AC - DLPFC
full_cohort	1312	CT_AC__PCGBA23	CT	717	19623	0.746648856150243	-0.421498181987628	Higher in Control	1.0	1.0	1.0	1.0	1.0	0.0049751243781094	0.0049751243781094	0.0130827344757693	0.0321121664405246	0.0321121664405246	0.0049751243781094	0.0049751243781094	0.0321121664405246	True	True	CT: AC - PCG
full_cohort	1312	CT_DLPFC__PCGBA23	CT	717	87143	0.95685391888422	-0.0636294069450577	Higher in Control	0.0945273631840796	1.0	0.159028387474393	1.0	1.0	0.91044776119403	0.0049751243781094	1.0	0.0197622996130459	1.0	0.91044776119403	0.0049751243781094	1.0	False	False	CT: DLPFC - PCG
full_cohort	1313	TS_AC	TS	739	8128	1.10457112679254	0.143486321334184	Higher in AD	0.0049751243781094	0.0149253731343284	0.0167765822052528	0.0584913271480436	0.0584913271480436	1.0	0.990049751243781	1.0	1.0	1.0	0.0049751243781094	0.0149253731343284	0.0584913271480436	False	True	TS: AC
full_cohort	1313	TS_DLPFC	TS	739	48516	1.22620777792764	0.294203460910877	Higher in AD	0.0049751243781094	0.0049751243781094	0.0086442786069651	0.0461028192371476	0.0461028192371476	1.0	1.0	1.0	1.0	1.0	0.0049751243781094	0.0049751243781094	0.0461028192371476	True	True	TS: DLPFC
full_cohort	1313	TS_PCGBA23	TS	739	44551	1.04310177190419	0.060879923589788	Higher in AD	1.0	0.800995024875622	1.0	1.0	1.0	0.0049751243781094	0.203980099502488	0.0119740281642634	0.478574867597496	0.478574867597496	1.0	0.800995024875622	1.0	False	False	TS: PCG
full_cohort	1313	CT_AC__DLPFC	CT	739	39936	1.07267558630799	0.101213821861765	Higher in AD	0.0049751243781094	0.0049751243781094	0.0161691542288557	0.0309322950465066	0.0309322950465066	1.0	1.0	1.0	1.0	1.0	0.0049751243781094	0.0049751243781094	0.0309322950465066	True	True	CT: AC - DLPFC
full_cohort	1313	CT_AC__PCGBA23	CT	739	38272	0.921234710447412	-0.118359324608819	Higher in Control	1.0	0.686567164179104	1.0	1.0	1.0	0.0049751243781094	0.318407960199005	0.0130827344757693	0.807391613361763	0.807391613361763	0.0049751243781094	0.318407960199005	0.807391613361763	False	False	CT: AC - PCG
full_cohort	1313	CT_DLPFC__PCGBA23	CT	739	93288	1.11771613377261	0.160553833620664	Higher in AD	0.0049751243781094	0.417910447761194	0.0111162935323383	0.878841088674276	0.878841088674276	1.0	0.587064676616915	1.0	1.0	1.0	0.0049751243781094	0.417910447761194	0.878841088674276	False	False	CT: DLPFC - PCG
full_cohort	1314	TS_AC	TS	571	10296	0.730948887226544	-0.452157567947584	Higher in Control	1.0	1.0	1.0	1.0	1.0	0.0049751243781094	0.0049751243781094	0.0267182605491063	0.0313649145576465	0.0313649145576465	0.0049751243781094	0.0049751243781094	0.0313649145576465	True	True	TS: AC
full_cohort	1314	TS_DLPFC	TS	571	34716	0.861750900030133	-0.214657194514044	Higher in Control	0.0049751243781094	1.0	0.0086442786069651	1.0	1.0	1.0	0.0049751243781094	1.0	0.0160823788036561	1.0	1.0	0.0049751243781094	1.0	False	False	TS: DLPFC
full_cohort	1314	TS_PCGBA23	TS	571	13203	0.92101765111214	-0.118699289354757	Higher in Control	1.0	1.0	1.0	1.0	1.0	0.0049751243781094	0.0049751243781094	0.0119740281642634	0.0252309879175551	0.0252309879175551	0.0049751243781094	0.0049751243781094	0.0252309879175551	True	True	TS: PCG
full_cohort	1314	CT_AC__DLPFC	CT	571	38016	0.693897818524332	-0.527204863729033	Higher in Control	1.0	1.0	1.0	1.0	1.0	0.0049751243781094	0.0049751243781094	0.0177860696517413	0.0245325098644707	0.0245325098644707	0.0049751243781094	0.0049751243781094	0.0245325098644707	True	True	CT: AC - DLPFC
full_cohort	1314	CT_AC__PCGBA23	CT	571	23472	0.795142048015784	-0.33071548145662	Higher in Control	1.0	1.0	1.0	1.0	1.0	0.0049751243781094	0.0049751243781094	0.0130827344757693	0.0321121664405246	0.0321121664405246	0.0049751243781094	0.0049751243781094	0.0321121664405246	True	True	CT: AC - PCG
full_cohort	1314	CT_DLPFC__PCGBA23	CT	571	43032	0.939945745025295	-0.0893506100565879	Higher in Control	0.840796019900497	1.0	1.0	1.0	1.0	0.164179104477612	0.0049751243781094	0.690517998244074	0.0197622996130459	0.690517998244074	0.164179104477612	0.0049751243781094	0.690517998244074	False	False	CT: DLPFC - PCG
full_cohort	1317	TS_AC	TS	416	2278	0.529618319157002	-0.916975069985672	Higher in Control	1.0	1.0	1.0	1.0	1.0	0.0049751243781094	0.0049751243781094	0.0267182605491063	0.0313649145576465	0.0313649145576465	0.0049751243781094	0.0049751243781094	0.0313649145576465	True	True	TS: AC
full_cohort	1317	TS_DLPFC	TS	416	19701	0.979953792490462	-0.0292143710845337	Higher in Control	0.0049751243781094	0.995024875621891	0.0086442786069651	1.0	1.0	1.0	0.0099502487562189	1.0	0.0276616915422886	1.0	1.0	0.0099502487562189	1.0	False	False	TS: DLPFC
full_cohort	1317	TS_PCGBA23	TS	416	11026	0.656265740047436	-0.607647974834864	Higher in Control	1.0	1.0	1.0	1.0	1.0	0.0049751243781094	0.0049751243781094	0.0119740281642634	0.0252309879175551	0.0252309879175551	0.0049751243781094	0.0049751243781094	0.0252309879175551	True	True	TS: PCG
full_cohort	1317	CT_AC__DLPFC	CT	416	13532	0.579368326068821	-0.787447279924377	Higher in Control	1.0	1.0	1.0	1.0	1.0	0.0049751243781094	0.0049751243781094	0.0177860696517413	0.0245325098644707	0.0245325098644707	0.0049751243781094	0.0049751243781094	0.0245325098644707	True	True	CT: AC - DLPFC
full_cohort	1317	CT_AC__PCGBA23	CT	416	10132	0.570253741779656	-0.810324086924272	Higher in Control	1.0	1.0	1.0	1.0	1.0	0.0049751243781094	0.0049751243781094	0.0130827344757693	0.0321121664405246	0.0321121664405246	0.0049751243781094	0.0049751243781094	0.0321121664405246	True	True	CT: AC - PCG
full_cohort	1317	CT_DLPFC__PCGBA23	CT	416	29651	0.596382041910668	-0.74569127864174	Higher in Control	1.0	1.0	1.0	1.0	1.0	0.0049751243781094	0.0049751243781094	0.027363184079602	0.0197622996130459	0.027363184079602	0.0049751243781094	0.0049751243781094	0.027363184079602	True	True	CT: DLPFC - PCG
full_cohort	1396	TS_AC	TS	326	1	2.50314286035432	1.32374063143503	Higher in AD	0.353233830845771	0.388059701492537	0.787983161117489	0.730761775537895	0.787983161117489	0.651741293532338	0.616915422885572	1.0	1.0	1.0	0.353233830845771	0.388059701492537	0.787983161117489	False	False	TS: AC
full_cohort	1396	TS_DLPFC	TS	326	15	0.847757278727214	-0.238276828802595	Higher in Control	0.373134328358209	0.756218905472637	0.411632314617389	1.0	1.0	0.631840796019901	0.248756218905473	1.0	0.461028192371476	1.0	0.631840796019901	0.248756218905473	1.0	False	False	TS: DLPFC
full_cohort	1396	TS_PCGBA23	TS	326	50403	1.33826914463361	0.420368291300703	Higher in AD	0.0049751243781094	0.0049751243781094	0.0706467661691542	0.0415569212759731	0.0706467661691542	1.0	1.0	1.0	1.0	1.0	0.0049751243781094	0.0049751243781094	0.0706467661691542	False	True	TS: PCG
full_cohort	1396	CT_AC__DLPFC	CT	326	12	2.56374284434927	1.35825156001133	Higher in AD	0.054726368159204	0.0447761194029851	0.134928804254589	0.194029850746269	0.194029850746269	0.950248756218905	0.960199004975124	1.0	1.0	1.0	0.054726368159204	0.0447761194029851	0.194029850746269	False	False	CT: AC - DLPFC
full_cohort	1396	CT_AC__PCGBA23	CT	326	636	3.06319940492977	1.61503928503662	Higher in AD	0.0049751243781094	0.0049751243781094	0.0227892794094046	0.0201847903340441	0.0227892794094046	1.0	1.0	1.0	1.0	1.0	0.0049751243781094	0.0049751243781094	0.0227892794094046	True	True	CT: AC - PCG
full_cohort	1396	CT_DLPFC__PCGBA23	CT	326	1908	1.40392860745136	0.48946957360924	Higher in AD	0.0049751243781094	0.0398009950248756	0.0111162935323383	0.167398302604624	0.167398302604624	1.0	0.965174129353234	1.0	1.0	1.0	0.0049751243781094	0.0398009950248756	0.167398302604624	False	False	CT: DLPFC - PCG
full_cohort	1402	TS_AC	TS	222	21	0.805475317957275	-0.312087713536161	Higher in Control	0.597014925373134	0.716417910447761	1.0	1.0	1.0	0.407960199004975	0.288557213930348	0.921163413700727	0.830282549516568	0.921163413700727	0.407960199004975	0.288557213930348	0.921163413700727	False	False	TS: AC
full_cohort	1402	TS_DLPFC	TS	222	120	1.11454686427259	0.156457280063069	Higher in AD	0.054726368159204	0.467661691542289	0.0800733176224143	1.0	1.0	0.950248756218905	0.537313432835821	1.0	0.811810512654121	1.0	0.054726368159204	0.467661691542289	1.0	False	False	TS: DLPFC
full_cohort	1402	TS_PCGBA23	TS	222	19701	1.29408624282752	0.371933767217206	Higher in AD	0.17910447761194	0.0049751243781094	1.0	0.0415569212759731	1.0	0.825870646766169	1.0	0.945755095490291	1.0	1.0	0.17910447761194	0.0049751243781094	1.0	False	False	TS: PCG
full_cohort	1402	CT_AC__DLPFC	CT	222	112	0.552956958068102	-0.854760908818727	Higher in Control	0.995024875621891	0.990049751243781	1.0	1.0	1.0	0.0099502487562189	0.0149253731343284	0.0347045261497391	0.0666977611940299	0.0666977611940299	0.0099502487562189	0.0149253731343284	0.0666977611940299	False	True	CT: AC - DLPFC
full_cohort	1402	CT_AC__PCGBA23	CT	222	1393	0.675608250197153	-0.565741149155044	Higher in Control	1.0	0.985074626865672	1.0	1.0	1.0	0.0049751243781094	0.0199004975124378	0.0130827344757693	0.094195688225539	0.094195688225539	0.0049751243781094	0.0199004975124378	0.094195688225539	False	True	CT: AC - PCG
full_cohort	1402	CT_DLPFC__PCGBA23	CT	222	3184	1.41069862188557	0.496409807104382	Higher in AD	0.0049751243781094	0.0149253731343284	0.0111162935323383	0.076226012793177	0.076226012793177	1.0	0.990049751243781	1.0	1.0	1.0	0.0049751243781094	0.0149253731343284	0.076226012793177	False	True	CT: DLPFC - PCG
full_cohort	1403	TS_AC	TS	302	3	0.725559480506533	-0.462834205317168	Higher in Control	0.537313432835821	0.567164179104478	0.986208199508785	0.934531886024423	0.986208199508785	0.467661691542289	0.437810945273632	0.997219783435762	1.0	1.0	0.467661691542289	0.437810945273632	1.0	False	False	TS: AC
full_cohort	1403	TS_DLPFC	TS	302	36	0.968791518821336	-0.0457418597146974	Higher in Control	0.233830845771144	0.666666666666667	0.285109540019202	1.0	1.0	0.771144278606965	0.338308457711443	1.0	0.58055402002334	1.0	0.771144278606965	0.338308457711443	1.0	False	False	TS: DLPFC
full_cohort	1403	TS_PCGBA23	TS	302	41905	1.19017302742211	0.25117132786736	Higher in AD	1.0	0.0298507462686567	1.0	0.16955223880597	1.0	0.0049751243781094	0.975124378109453	0.0119740281642634	1.0	1.0	1.0	0.0298507462686567	1.0	False	False	TS: PCG
full_cohort	1403	CT_AC__DLPFC	CT	302	27	0.260857242633291	-1.93866760491417	Higher in Control	1.0	1.0	1.0	1.0	1.0	0.0049751243781094	0.0049751243781094	0.0177860696517413	0.0245325098644707	0.0245325098644707	0.0049751243781094	0.0049751243781094	0.0245325098644707	True	True	CT: AC - DLPFC
full_cohort	1403	CT_AC__PCGBA23	CT	302	870	0.661216278165552	-0.596805852804568	Higher in Control	1.0	0.950248756218905	1.0	1.0	1.0	0.0049751243781094	0.054726368159204	0.0130827344757693	0.228563067017852	0.228563067017852	0.0049751243781094	0.054726368159204	0.228563067017852	False	False	CT: AC - PCG
full_cohort	1403	CT_DLPFC__PCGBA23	CT	302	2610	1.54249851326986	0.625269098840344	Higher in AD	0.0049751243781094	0.0149253731343284	0.0111162935323383	0.076226012793177	0.076226012793177	1.0	0.990049751243781	1.0	1.0	1.0	0.0049751243781094	0.0149253731343284	0.076226012793177	False	True	CT: DLPFC - PCG
full_cohort	1405	TS_AC	TS	73	1	0.267193832104067	-1.90404138982832	Higher in Control	0.648241206030151	0.71	1.0	1.0	1.0	0.35678391959799	0.295	0.848092923634566	0.830282549516568	0.848092923634566	0.35678391959799	0.295	0.848092923634566	False	False	TS: AC
full_cohort	1405	TS_DLPFC	TS	73	0			Not available														False	False	TS: DLPFC
full_cohort	1405	TS_PCGBA23	TS	73	2415	1.16819651962338	0.224282991715685	Higher in AD	0.915422885572139	0.243781094527363	1.0	0.665709911978569	1.0	0.0895522388059701	0.761194029850746	0.156992813709232	1.0	1.0	0.915422885572139	0.243781094527363	1.0	False	False	TS: PCG
full_cohort	1405	CT_AC__DLPFC	CT	73	2	0.860610673538797	-0.216567361775203	Higher in Control	0.552238805970149	0.527363184079602	0.987126865671642	1.0	1.0	0.45273631840796	0.477611940298507	1.0	0.875621890547264	1.0	0.45273631840796	0.477611940298507	1.0	False	False	CT: AC - DLPFC
full_cohort	1405	CT_AC__PCGBA23	CT	73	140	0.636882410739526	-0.650901066366579	Higher in Control	1.0	0.915422885572139	1.0	1.0	1.0	0.0049751243781094	0.0895522388059701	0.0130827344757693	0.334642576590731	0.334642576590731	0.0049751243781094	0.0895522388059701	0.334642576590731	False	False	CT: AC - PCG
full_cohort	1405	CT_DLPFC__PCGBA23	CT	73	70	1.50306218470092	0.587904697679958	Higher in AD	0.0298507462686567	0.199004975124378	0.0569154228855721	0.52699465634789	0.52699465634789	0.975124378109453	0.805970149253731	1.0	1.0	1.0	0.0298507462686567	0.199004975124378	0.52699465634789	False	False	CT: DLPFC - PCG
full_cohort	1460	TS_AC	TS	295	0			Not available														False	False	TS: AC
full_cohort	1460	TS_DLPFC	TS	295	0			Not available														False	False	TS: DLPFC
full_cohort	1460	TS_PCGBA23	TS	295	43071	0.933607698057883	-0.0991116380578836	Higher in Control	1.0	1.0	1.0	1.0	1.0	0.0049751243781094	0.0049751243781094	0.0119740281642634	0.0252309879175551	0.0252309879175551	0.0049751243781094	0.0049751243781094	0.0252309879175551	True	True	TS: PCG
full_cohort	1460	CT_AC__DLPFC	CT	295	0			Not available														False	False	CT: AC - DLPFC
full_cohort	1460	CT_AC__PCGBA23	CT	295	0			Not available														False	False	CT: AC - PCG
full_cohort	1460	CT_DLPFC__PCGBA23	CT	295	294	0.909880111132594	-0.136251631410162	Higher in Control	0.616915422885572	0.696517412935323	0.848258706467662	1.0	1.0	0.388059701492537	0.308457711442786	1.0	0.700326492537313	1.0	0.388059701492537	0.308457711442786	1.0	False	False	CT: DLPFC - PCG
full_cohort	1464	TS_AC	TS	368	1	1.14042415819576	0.189570506068673	Higher in AD	0.49	0.492537313432836	0.934868421052632	0.850213219616205	0.934868421052632	0.515	0.512437810945274	1.0	1.0	1.0	0.49	0.492537313432836	0.934868421052632	False	False	TS: AC
full_cohort	1464	TS_DLPFC	TS	368	3	4.17679648528455	2.06239684979142	Higher in AD	0.218905472636816	0.0945273631840796	0.274124871139797	0.446156315198203	0.446156315198203	0.786069651741294	0.91044776119403	1.0	1.0	1.0	0.218905472636816	0.0945273631840796	0.446156315198203	False	False	TS: DLPFC
full_cohort	1464	TS_PCGBA23	TS	368	65703	1.0785453183487	0.109086796974338	Higher in AD	1.0	0.572139303482587	1.0	1.0	1.0	0.0049751243781094	0.432835820895522	0.0119740281642634	0.878038379530917	0.878038379530917	1.0	0.572139303482587	1.0	False	False	TS: PCG
full_cohort	1464	CT_AC__DLPFC	CT	368	6	0.673218335124737	-0.570853625834891	Higher in Control	0.621890547263682	0.671641791044776	1.0	1.0	1.0	0.383084577114428	0.333333333333333	0.883566040763922	0.700980392156863	0.883566040763922	0.383084577114428	0.333333333333333	0.883566040763922	False	False	CT: AC - DLPFC
full_cohort	1464	CT_AC__PCGBA23	CT	368	726	0.918241842706474	-0.123053920199626	Higher in Control	0.985074626865672	0.54228855721393	1.0	0.962562189054726	1.0	0.0199004975124378	0.462686567164179	0.0434749330271718	1.0	1.0	0.0199004975124378	0.462686567164179	1.0	False	False	CT: AC - PCG
full_cohort	1464	CT_DLPFC__PCGBA23	CT	368	1089	1.53660070203399	0.619742317900195	Higher in AD	0.0049751243781094	0.0398009950248756	0.0111162935323383	0.167398302604624	0.167398302604624	1.0	0.965174129353234	1.0	1.0	1.0	0.0049751243781094	0.0398009950248756	0.167398302604624	False	False	CT: DLPFC - PCG
full_cohort	1477	TS_AC	TS	267	136	0.770126308778116	-0.376833012581663	Higher in Control	0.776119402985075	0.82089552238806	1.0	1.0	1.0	0.228855721393035	0.18407960199005	0.650668227490001	0.620733541594354	0.650668227490001	0.228855721393035	0.18407960199005	0.650668227490001	False	False	TS: AC
full_cohort	1477	TS_DLPFC	TS	267	231	0.754953153216807	-0.40554097060684	Higher in Control	0.253731343283582	1.0	0.306683971447112	1.0	1.0	0.751243781094527	0.0049751243781094	1.0	0.0160823788036561	1.0	0.751243781094527	0.0049751243781094	1.0	False	False	TS: DLPFC
full_cohort	1477	TS_PCGBA23	TS	267	25878	0.908605306510066	-0.13827436372405	Higher in Control	1.0	1.0	1.0	1.0	1.0	0.0049751243781094	0.0049751243781094	0.0119740281642634	0.0252309879175551	0.0252309879175551	0.0049751243781094	0.0049751243781094	0.0252309879175551	True	True	TS: PCG
full_cohort	1477	CT_AC__DLPFC	CT	267	374	0.71693496841237	-0.480085833706324	Higher in Control	0.990049751243781	0.970149253731343	1.0	1.0	1.0	0.0149253731343284	0.0348258706467662	0.0485074626865672	0.115816267499711	0.115816267499711	0.0149253731343284	0.0348258706467662	0.115816267499711	False	False	CT: AC - DLPFC
full_cohort	1477	CT_AC__PCGBA23	CT	267	3876	1.07630600611314	0.106088310922393	Higher in AD	0.512437810945274	0.0597014925373134	1.0	0.159954942269783	1.0	0.492537313432836	0.945273631840796	0.777114427860697	1.0	1.0	0.512437810945274	0.0597014925373134	1.0	False	False	CT: AC - PCG
full_cohort	1477	CT_DLPFC__PCGBA23	CT	267	5016	1.27339359644844	0.348678414429949	Higher in AD	0.0049751243781094	0.0398009950248756	0.0111162935323383	0.167398302604624	0.167398302604624	1.0	0.965174129353234	1.0	1.0	1.0	0.0049751243781094	0.0398009950248756	0.167398302604624	False	False	CT: DLPFC - PCG
full_cohort	1505	TS_AC	TS	110	1	1.24164570430454	0.312253568436594	Higher in AD	0.51	0.358208955223881	0.96038961038961	0.711901021209741	0.96038961038961	0.495	0.646766169154229	1.0	1.0	1.0	0.51	0.358208955223881	0.96038961038961	False	False	TS: AC
full_cohort	1505	TS_DLPFC	TS	110	6	1.39312358206245	0.478323243093815	Higher in AD	0.233830845771144	0.323383084577114	0.285109540019202	0.977179320787368	0.977179320787368	0.771144278606965	0.681592039800995	1.0	1.0	1.0	0.233830845771144	0.323383084577114	0.977179320787368	False	False	TS: DLPFC
full_cohort	1505	TS_PCGBA23	TS	110	5356	1.184996577816	0.244882892731121	Higher in AD	0.980099502487562	0.134328358208955	1.0	0.454157782515991	1.0	0.0248756218905473	0.870646766169154	0.0519461515949663	1.0	1.0	0.980099502487562	0.134328358208955	1.0	False	False	TS: PCG
full_cohort	1505	CT_AC__DLPFC	CT	110	8	0.485779213157025	-1.04162733755437	Higher in Control	0.771144278606965	0.880597014925373	1.0	1.0	1.0	0.233830845771144	0.124378109452736	0.597103766879886	0.37054311774461	0.597103766879886	0.233830845771144	0.124378109452736	0.597103766879886	False	False	CT: AC - DLPFC
full_cohort	1505	CT_AC__PCGBA23	CT	110	208	1.9785753022947	0.984461973665321	Higher in AD	0.0049751243781094	0.0049751243781094	0.0227892794094046	0.0201847903340441	0.0227892794094046	1.0	1.0	1.0	1.0	1.0	0.0049751243781094	0.0049751243781094	0.0227892794094046	True	True	CT: AC - PCG
full_cohort	1505	CT_DLPFC__PCGBA23	CT	110	416	1.24621363826606	0.317551410614608	Higher in AD	0.0049751243781094	0.238805970149254	0.0111162935323383	0.588780236747298	0.588780236747298	1.0	0.766169154228856	1.0	1.0	1.0	0.0049751243781094	0.238805970149254	0.588780236747298	False	False	CT: DLPFC - PCG
full_cohort	1506	TS_AC	TS	116	91	0.693574424426602	-0.527877394760722	Higher in Control	0.840796019900497	0.91044776119403	1.0	1.0	1.0	0.164179104477612	0.0945273631840796	0.541044776119403	0.415347504899744	0.541044776119403	0.164179104477612	0.0945273631840796	0.541044776119403	False	False	TS: AC
full_cohort	1506	TS_DLPFC	TS	116	78	0.647366664809205	-0.627345016879128	Higher in Control	0.537313432835821	1.0	0.565807327001357	1.0	1.0	0.467661691542289	0.0049751243781094	1.0	0.0160823788036561	1.0	0.467661691542289	0.0049751243781094	1.0	False	False	TS: DLPFC
full_cohort	1506	TS_PCGBA23	TS	116	3916	1.08427431635026	0.116729797994242	Higher in AD	0.995024875621891	0.562189054726368	1.0	1.0	1.0	0.0099502487562189	0.442786069651741	0.0220771144278607	0.885572139303483	0.885572139303483	0.995024875621891	0.562189054726368	1.0	False	False	TS: PCG
full_cohort	1506	CT_AC__DLPFC	CT	116	182	0.922332158802972	-0.116641693950961	Higher in Control	0.318407960199005	0.497512437810945	0.669593210418496	1.0	1.0	0.686567164179104	0.507462686567164	1.0	0.918571698469677	1.0	0.686567164179104	0.507462686567164	1.0	False	False	CT: AC - DLPFC
full_cohort	1506	CT_AC__PCGBA23	CT	116	1246	0.965518024705155	-0.0506249026094052	Higher in Control	0.965174129353234	0.383084577114428	1.0	0.715763288819063	1.0	0.0398009950248756	0.621890547263682	0.0831138425519461	1.0	1.0	0.0398009950248756	0.621890547263682	1.0	False	False	CT: AC - PCG
full_cohort	1506	CT_DLPFC__PCGBA23	CT	116	1157	0.96544254201911	-0.0507376946557716	Higher in Control	0.422885572139304	0.91044776119403	0.623429245524953	1.0	1.0	0.582089552238806	0.0945273631840796	1.0	0.287604530538795	1.0	0.582089552238806	0.0945273631840796	1.0	False	False	CT: DLPFC - PCG
full_cohort	1508	TS_AC	TS	64	0			Not available														False	False	TS: AC
full_cohort	1508	TS_DLPFC	TS	64	0			Not available														False	False	TS: DLPFC
full_cohort	1508	TS_PCGBA23	TS	64	2016	0.891535620401262	-0.165635654468796	Higher in Control	1.0	0.985074626865672	1.0	1.0	1.0	0.0049751243781094	0.0199004975124378	0.0119740281642634	0.0724582217119531	0.0724582217119531	0.0049751243781094	0.0199004975124378	0.0724582217119531	False	True	TS: PCG
full_cohort	1508	CT_AC__DLPFC	CT	64	0			Not available														False	False	CT: AC - DLPFC
full_cohort	1508	CT_AC__PCGBA23	CT	64	0			Not available														False	False	CT: AC - PCG
full_cohort	1508	CT_DLPFC__PCGBA23	CT	64	0			Not available														False	False	CT: DLPFC - PCG
full_cohort	1509	TS_AC	TS	80	1	15.8482470725439	3.98625137187022	Higher in AD	0.228855721393035	0.134328358208955	0.572139303482587	0.360696517412935	0.572139303482587	0.776119402985075	0.870646766169154	1.0	1.0	1.0	0.228855721393035	0.134328358208955	0.572139303482587	False	False	TS: AC
full_cohort	1509	TS_DLPFC	TS	80	15	2.14109524999668	1.09834897771371	Higher in AD	0.0746268656716418	0.0298507462686567	0.105848309473043	0.207462686567164	0.207462686567164	0.930348258706468	0.975124378109453	1.0	1.0	1.0	0.0746268656716418	0.0298507462686567	0.207462686567164	False	False	TS: DLPFC
full_cohort	1509	TS_PCGBA23	TS	80	2556	0.921877334643177	-0.117353297025827	Higher in Control	1.0	0.955223880597015	1.0	1.0	1.0	0.0049751243781094	0.0497512437810945	0.0119740281642634	0.150312268445009	0.150312268445009	0.0049751243781094	0.0497512437810945	0.150312268445009	False	False	TS: PCG
full_cohort	1509	CT_AC__DLPFC	CT	80	12	0.747304866490543	-0.420231177647121	Higher in Control	0.606965174129353	0.651741293532338	1.0	1.0	1.0	0.398009950248756	0.353233830845771	0.903419410882097	0.721606254442075	0.903419410882097	0.398009950248756	0.353233830845771	0.903419410882097	False	False	CT: AC - DLPFC
full_cohort	1509	CT_AC__PCGBA23	CT	80	144	1.24382066456008	0.314778491094993	Higher in AD	0.223880597014925	0.144278606965174	0.722523744911805	0.347246816763639	0.722523744911805	0.781094527363184	0.860696517412935	1.0	1.0	1.0	0.223880597014925	0.144278606965174	0.722523744911805	False	False	CT: AC - PCG
full_cohort	1509	CT_DLPFC__PCGBA23	CT	80	432	1.17261316775036	0.229727162547587	Higher in AD	0.0298507462686567	0.383084577114428	0.0569154228855721	0.830016583747927	0.830016583747927	0.975124378109453	0.621890547263682	1.0	1.0	1.0	0.0298507462686567	0.383084577114428	0.830016583747927	False	False	CT: DLPFC - PCG
full_cohort	1510	TS_AC	TS	74	3	0.363243412080072	-1.46099146205498	Higher in Control	0.756218905472637	0.800995024875622	1.0	1.0	1.0	0.248756218905473	0.203980099502488	0.693647148871029	0.642980748431754	0.693647148871029	0.248756218905473	0.203980099502488	0.693647148871029	False	False	TS: AC
full_cohort	1510	TS_DLPFC	TS	74	21	0.53301231450386	-0.90775923006723	Higher in Control	0.646766169154229	0.975124378109453	0.670899235167446	1.0	1.0	0.358208955223881	0.0298507462686567	1.0	0.0740938166311301	1.0	0.358208955223881	0.0298507462686567	1.0	False	False	TS: DLPFC
full_cohort	1510	TS_PCGBA23	TS	74	2016	1.09662851872605	0.133074897705637	Higher in AD	0.970149253731343	0.487562189054726	1.0	1.0	1.0	0.0348258706467662	0.517412935323383	0.0686843559977888	0.979635157545605	0.979635157545605	0.970149253731343	0.487562189054726	1.0	False	False	TS: PCG
full_cohort	1510	CT_AC__DLPFC	CT	74	21	1.19407679578228	0.255895624987483	Higher in AD	0.223880597014925	0.238805970149254	0.492537313432836	0.741716947178999	0.741716947178999	0.781094527363184	0.766169154228856	1.0	1.0	1.0	0.223880597014925	0.238805970149254	0.741716947178999	False	False	CT: AC - DLPFC
full_cohort	1510	CT_AC__PCGBA23	CT	74	192	0.723372415119545	-0.467189511172113	Higher in Control	0.995024875621891	0.870646766169154	1.0	1.0	1.0	0.0099502487562189	0.134328358208955	0.0239480563285269	0.443595973620271	0.443595973620271	0.0099502487562189	0.134328358208955	0.443595973620271	False	False	CT: AC - PCG
full_cohort	1510	CT_DLPFC__PCGBA23	CT	74	448	2.28576413656461	1.19267654241315	Higher in AD	0.0049751243781094	0.0049751243781094	0.0111162935323383	0.0323383084577114	0.0323383084577114	1.0	1.0	1.0	1.0	1.0	0.0049751243781094	0.0049751243781094	0.0323383084577114	True	True	CT: DLPFC - PCG
full_cohort	1533	TS_AC	TS	574	5050	1.23556032960839	0.305165455913073	Higher in AD	0.0049751243781094	0.0049751243781094	0.0167765822052528	0.0240464344941957	0.0240464344941957	1.0	1.0	1.0	1.0	1.0	0.0049751243781094	0.0049751243781094	0.0240464344941957	True	True	TS: AC
full_cohort	1533	TS_DLPFC	TS	574	41041	1.0455254180752	0.0642281361362738	Higher in AD	0.0049751243781094	0.925373134328358	0.0086442786069651	1.0	1.0	1.0	0.0796019900497512	1.0	0.18441127694859	1.0	0.0049751243781094	0.925373134328358	1.0	False	False	TS: DLPFC
full_cohort	1533	TS_PCGBA23	TS	574	17205	1.28732579142029	0.36437721143451	Higher in AD	0.313432835820896	0.0049751243781094	1.0	0.0415569212759731	1.0	0.691542288557214	1.0	0.83818197149844	1.0	1.0	0.313432835820896	0.0049751243781094	1.0	False	False	TS: PCG
full_cohort	1533	CT_AC__DLPFC	CT	574	28987	0.878851575051237	-0.18630855866357	Higher in Control	0.124378109452736	0.830845771144279	0.291574912323628	1.0	1.0	0.880597014925373	0.174129353233831	1.0	0.488245049263486	1.0	0.880597014925373	0.174129353233831	1.0	False	False	CT: AC - DLPFC
full_cohort	1533	CT_AC__PCGBA23	CT	574	18786	1.00806651608625	0.0115908365181119	Higher in AD	1.0	0.0398009950248756	1.0	0.122863941163746	1.0	0.0049751243781094	0.965174129353234	0.0130827344757693	1.0	1.0	1.0	0.0398009950248756	1.0	False	False	CT: AC - PCG
full_cohort	1533	CT_DLPFC__PCGBA23	CT	574	53382	1.21990462965139	0.286768364421642	Higher in AD	0.0049751243781094	0.0149253731343284	0.0111162935323383	0.076226012793177	0.076226012793177	1.0	0.990049751243781	1.0	1.0	1.0	0.0049751243781094	0.0149253731343284	0.076226012793177	False	True	CT: DLPFC - PCG
full_cohort	1535	TS_AC	TS	678	21945	1.47334687469815	0.559097128603755	Higher in AD	0.0049751243781094	0.0049751243781094	0.0167765822052528	0.0240464344941957	0.0240464344941957	1.0	1.0	1.0	1.0	1.0	0.0049751243781094	0.0049751243781094	0.0240464344941957	True	True	TS: AC
full_cohort	1535	TS_DLPFC	TS	678	29161	1.15331275666577	0.205783797729516	Higher in AD	0.0049751243781094	0.0746268656716418	0.0086442786069651	0.384190160309563	0.384190160309563	1.0	0.930348258706468	1.0	1.0	1.0	0.0049751243781094	0.0746268656716418	0.384190160309563	False	False	TS: DLPFC
full_cohort	1535	TS_PCGBA23	TS	678	25425	1.03290442054154	0.0467067610854242	Higher in AD	1.0	0.796019900497512	1.0	1.0	1.0	0.0049751243781094	0.208955223880597	0.0119740281642634	0.478574867597496	0.478574867597496	1.0	0.796019900497512	1.0	False	False	TS: PCG
full_cohort	1535	CT_AC__DLPFC	CT	678	50820	0.928338126215388	-0.107277724700565	Higher in Control	0.0049751243781094	0.388059701492537	0.0161691542288557	0.952609832194957	0.952609832194957	1.0	0.616915422885572	1.0	1.0	1.0	1.0	0.616915422885572	1.0	False	False	CT: AC - DLPFC
full_cohort	1535	CT_AC__PCGBA23	CT	678	47460	0.986180091117721	-0.0200769667042359	Higher in Control	1.0	0.054726368159204	1.0	0.149445082280903	1.0	0.0049751243781094	0.950248756218905	0.0130827344757693	1.0	1.0	0.0049751243781094	0.950248756218905	1.0	False	False	CT: AC - PCG
full_cohort	1535	CT_DLPFC__PCGBA23	CT	678	54692	1.17346237871511	0.230771589699878	Higher in AD	0.0049751243781094	0.0497512437810945	0.0111162935323383	0.187221785807803	0.187221785807803	1.0	0.955223880597015	1.0	1.0	1.0	0.0049751243781094	0.0497512437810945	0.187221785807803	False	False	CT: DLPFC - PCG
full_cohort	1537	TS_AC	TS	667	18528	1.40734373528324	0.492974741241568	Higher in AD	0.0049751243781094	0.0049751243781094	0.0167765822052528	0.0240464344941957	0.0240464344941957	1.0	1.0	1.0	1.0	1.0	0.0049751243781094	0.0049751243781094	0.0240464344941957	True	True	TS: AC
full_cohort	1537	TS_DLPFC	TS	667	25651	0.936673934441221	-0.0943811761735713	Higher in Control	0.0049751243781094	1.0	0.0086442786069651	1.0	1.0	1.0	0.0049751243781094	1.0	0.0160823788036561	1.0	1.0	0.0049751243781094	1.0	False	False	TS: DLPFC
full_cohort	1537	TS_PCGBA23	TS	667	30381	1.13958577137284	0.188509513701396	Higher in AD	1.0	0.169154228855721	1.0	0.522171749945923	1.0	0.0049751243781094	0.835820895522388	0.0119740281642634	1.0	1.0	1.0	0.169154228855721	1.0	False	False	TS: PCG
full_cohort	1537	CT_AC__DLPFC	CT	667	43811	1.03389222670385	0.0480858064425344	Higher in AD	0.0049751243781094	0.0049751243781094	0.0161691542288557	0.0309322950465066	0.0309322950465066	1.0	1.0	1.0	1.0	1.0	0.0049751243781094	0.0049751243781094	0.0309322950465066	True	True	CT: AC - DLPFC
full_cohort	1537	CT_AC__PCGBA23	CT	667	47671	1.09289298361979	0.128152138832486	Higher in AD	0.124378109452736	0.0049751243781094	0.420516465292585	0.0201847903340441	0.420516465292585	0.880597014925373	1.0	1.0	1.0	1.0	0.124378109452736	0.0049751243781094	0.420516465292585	False	False	CT: AC - PCG
full_cohort	1537	CT_DLPFC__PCGBA23	CT	667	56069	1.18966738809253	0.250558275530329	Higher in AD	0.0049751243781094	0.0447761194029851	0.0111162935323383	0.177860696517413	0.177860696517413	1.0	0.960199004975124	1.0	1.0	1.0	0.0049751243781094	0.0447761194029851	0.177860696517413	False	False	CT: DLPFC - PCG
full_cohort	1541	TS_AC	TS	636	5253	1.04748265222268	0.0669263510754107	Higher in AD	0.0746268656716418	0.109452736318408	0.216417910447761	0.305204745503253	0.305204745503253	0.930348258706468	0.895522388059702	1.0	1.0	1.0	0.0746268656716418	0.109452736318408	0.305204745503253	False	False	TS: AC
full_cohort	1541	TS_DLPFC	TS	636	25651	0.819670796709508	-0.286883496518374	Higher in Control	0.0049751243781094	1.0	0.0086442786069651	1.0	1.0	1.0	0.0049751243781094	1.0	0.0160823788036561	1.0	1.0	0.0049751243781094	1.0	False	False	TS: DLPFC
full_cohort	1541	TS_PCGBA23	TS	636	46665	0.79973272171374	-0.322410176745762	Higher in Control	1.0	1.0	1.0	1.0	1.0	0.0049751243781094	0.0049751243781094	0.0119740281642634	0.0252309879175551	0.0252309879175551	0.0049751243781094	0.0049751243781094	0.0252309879175551	True	True	TS: PCG
full_cohort	1541	CT_AC__DLPFC	CT	636	23381	0.635512453621904	-0.654007698055995	Higher in Control	1.0	1.0	1.0	1.0	1.0	0.0049751243781094	0.0049751243781094	0.0177860696517413	0.0245325098644707	0.0245325098644707	0.0049751243781094	0.0049751243781094	0.0245325098644707	True	True	CT: AC - DLPFC
full_cohort	1541	CT_AC__PCGBA23	CT	636	31518	0.73260243874633	-0.448897591272803	Higher in Control	1.0	1.0	1.0	1.0	1.0	0.0049751243781094	0.0049751243781094	0.0130827344757693	0.0321121664405246	0.0321121664405246	0.0049751243781094	0.0049751243781094	0.0321121664405246	True	True	CT: AC - PCG
full_cohort	1541	CT_DLPFC__PCGBA23	CT	636	69462	0.795685627248992	-0.329729555568111	Higher in Control	1.0	1.0	1.0	1.0	1.0	0.0049751243781094	0.0049751243781094	0.027363184079602	0.0197622996130459	0.027363184079602	0.0049751243781094	0.0049751243781094	0.027363184079602	True	True	CT: DLPFC - PCG
full_cohort	1543	TS_AC	TS	707	24090	0.838666964634624	-0.253830065932232	Higher in Control	1.0	1.0	1.0	1.0	1.0	0.0049751243781094	0.0049751243781094	0.0267182605491063	0.0313649145576465	0.0313649145576465	0.0049751243781094	0.0049751243781094	0.0313649145576465	True	True	TS: AC
full_cohort	1543	TS_DLPFC	TS	707	35245	0.972396713550039	-0.0403830774494258	Higher in Control	0.0049751243781094	1.0	0.0086442786069651	1.0	1.0	1.0	0.0049751243781094	1.0	0.0160823788036561	1.0	1.0	0.0049751243781094	1.0	False	False	TS: DLPFC
full_cohort	1543	TS_PCGBA23	TS	707	24310	0.807994235063368	-0.307583095320144	Higher in Control	1.0	1.0	1.0	1.0	1.0	0.0049751243781094	0.0049751243781094	0.0119740281642634	0.0252309879175551	0.0252309879175551	0.0049751243781094	0.0049751243781094	0.0252309879175551	True	True	TS: PCG
full_cohort	1543	CT_AC__DLPFC	CT	707	58520	0.656049846271261	-0.608122660781299	Higher in Control	1.0	1.0	1.0	1.0	1.0	0.0049751243781094	0.0049751243781094	0.0177860696517413	0.0245325098644707	0.0245325098644707	0.0049751243781094	0.0049751243781094	0.0245325098644707	True	True	CT: AC - DLPFC
full_cohort	1543	CT_AC__PCGBA23	CT	707	48620	0.745160499524146	-0.424376894911391	Higher in Control	1.0	1.0	1.0	1.0	1.0	0.0049751243781094	0.0049751243781094	0.0130827344757693	0.0321121664405246	0.0321121664405246	0.0049751243781094	0.0049751243781094	0.0321121664405246	True	True	CT: AC - PCG
full_cohort	1543	CT_DLPFC__PCGBA23	CT	707	58786	0.960033603828934	-0.0588431898568195	Higher in Control	0.0497512437810945	1.0	0.0889303482587065	1.0	1.0	0.955223880597015	0.0049751243781094	1.0	0.0197622996130459	1.0	0.955223880597015	0.0049751243781094	1.0	False	False	CT: DLPFC - PCG
full_cohort	1547	TS_AC	TS	844	38781	1.30345219186925	0.382337668552005	Higher in AD	0.0049751243781094	0.0049751243781094	0.0167765822052528	0.0240464344941957	0.0240464344941957	1.0	1.0	1.0	1.0	1.0	0.0049751243781094	0.0049751243781094	0.0240464344941957	True	True	TS: AC
full_cohort	1547	TS_DLPFC	TS	844	40755	1.22494874832025	0.292721388337216	Higher in AD	0.0049751243781094	0.0049751243781094	0.0086442786069651	0.0461028192371476	0.0461028192371476	1.0	1.0	1.0	1.0	1.0	0.0049751243781094	0.0049751243781094	0.0461028192371476	True	True	TS: DLPFC
full_cohort	1547	TS_PCGBA23	TS	844	38781	1.26274253193666	0.336560509462801	Higher in AD	0.776119402985075	0.0049751243781094	1.0	0.0415569212759731	1.0	0.228855721393035	1.0	0.34943561761087	1.0	1.0	0.776119402985075	0.0049751243781094	1.0	False	False	TS: PCG
full_cohort	1547	CT_AC__DLPFC	CT	844	79794	1.08109787367827	0.112497138686298	Higher in AD	0.0049751243781094	0.0049751243781094	0.0161691542288557	0.0309322950465066	0.0309322950465066	1.0	1.0	1.0	1.0	1.0	0.0049751243781094	0.0049751243781094	0.0309322950465066	True	True	CT: AC - DLPFC
full_cohort	1547	CT_AC__PCGBA23	CT	844	77841	1.20403507672889	0.267877422235231	Higher in AD	0.0049751243781094	0.0049751243781094	0.0227892794094046	0.0201847903340441	0.0227892794094046	1.0	1.0	1.0	1.0	1.0	0.0049751243781094	0.0049751243781094	0.0227892794094046	True	True	CT: AC - PCG
full_cohort	1547	CT_DLPFC__PCGBA23	CT	844	79794	1.35176064227468	0.434839714656621	Higher in AD	0.0049751243781094	0.0049751243781094	0.0111162935323383	0.0323383084577114	0.0323383084577114	1.0	1.0	1.0	1.0	1.0	0.0049751243781094	0.0049751243781094	0.0323383084577114	True	True	CT: DLPFC - PCG
full_cohort	1548	TS_AC	TS	507	14706	1.20033198210609	0.263433474749879	Higher in AD	0.0049751243781094	0.0049751243781094	0.0167765822052528	0.0240464344941957	0.0240464344941957	1.0	1.0	1.0	1.0	1.0	0.0049751243781094	0.0049751243781094	0.0240464344941957	True	True	TS: AC
full_cohort	1548	TS_DLPFC	TS	507	15931	0.957286605960539	-0.0629771711224594	Higher in Control	0.0049751243781094	1.0	0.0086442786069651	1.0	1.0	1.0	0.0049751243781094	1.0	0.0160823788036561	1.0	1.0	0.0049751243781094	1.0	False	False	TS: DLPFC
full_cohort	1548	TS_PCGBA23	TS	507	12090	0.921742477377464	-0.117564357796111	Higher in Control	1.0	0.995024875621891	1.0	1.0	1.0	0.0049751243781094	0.0099502487562189	0.0119740281642634	0.0441542288557214	0.0441542288557214	0.0049751243781094	0.0099502487562189	0.0441542288557214	True	True	TS: PCG
full_cohort	1548	CT_AC__DLPFC	CT	507	30788	0.933499775072226	-0.0992784200547643	Higher in Control	0.0049751243781094	0.313432835820896	0.0161691542288557	0.878841088674276	0.878841088674276	1.0	0.691542288557214	1.0	1.0	1.0	1.0	0.691542288557214	1.0	False	False	CT: AC - DLPFC
full_cohort	1548	CT_AC__PCGBA23	CT	507	26832	1.16629618615445	0.221934213953013	Higher in AD	0.0049751243781094	0.0049751243781094	0.0227892794094046	0.0201847903340441	0.0227892794094046	1.0	1.0	1.0	1.0	1.0	0.0049751243781094	0.0049751243781094	0.0227892794094046	True	True	CT: AC - PCG
full_cohort	1548	CT_DLPFC__PCGBA23	CT	507	27924	1.04279351913186	0.0604535217937632	Higher in AD	0.0049751243781094	0.930348258706468	0.0111162935323383	1.0	1.0	1.0	0.0746268656716418	1.0	0.231992212848799	1.0	0.0049751243781094	0.930348258706468	1.0	False	False	CT: DLPFC - PCG
full_cohort	1556	TS_AC	TS	190	7381	1.21988349528133	0.286743370078427	Higher in AD	0.0049751243781094	0.0049751243781094	0.0167765822052528	0.0240464344941957	0.0240464344941957	1.0	1.0	1.0	1.0	1.0	0.0049751243781094	0.0049751243781094	0.0240464344941957	True	True	TS: AC
full_cohort	1556	TS_DLPFC	TS	190	153	0.940077901196732	-0.0891477816997725	Higher in Control	0.0845771144278607	0.805970149253731	0.118749685913865	1.0	1.0	0.920398009950249	0.199004975124378	1.0	0.384190160309563	1.0	0.920398009950249	0.199004975124378	1.0	False	False	TS: DLPFC
full_cohort	1556	TS_PCGBA23	TS	190	1225	1.0239471302503	0.0341412261828073	Higher in AD	1.0	0.696517412935323	1.0	1.0	1.0	0.0049751243781094	0.308457711442786	0.0119740281642634	0.644132279777583	0.644132279777583	1.0	0.696517412935323	1.0	False	False	TS: PCG
full_cohort	1556	CT_AC__DLPFC	CT	190	2196	0.904599869650528	-0.144648306805006	Higher in Control	0.189054726368159	0.532338308457711	0.429124220168996	1.0	1.0	0.81592039800995	0.472636815920398	1.0	0.875621890547264	1.0	0.81592039800995	0.472636815920398	1.0	False	False	CT: AC - DLPFC
full_cohort	1556	CT_AC__PCGBA23	CT	190	6100	1.07024762565894	0.0979446349238811	Higher in AD	0.587064676616915	0.0348258706467662	1.0	0.109894969596462	1.0	0.417910447761194	0.970149253731343	0.68210670784011	1.0	1.0	0.587064676616915	0.0348258706467662	1.0	False	False	CT: AC - PCG
full_cohort	1556	CT_DLPFC__PCGBA23	CT	190	900	1.45901058501001	0.544990349935756	Higher in AD	0.0049751243781094	0.0099502487562189	0.0111162935323383	0.0592868988391376	0.0592868988391376	1.0	0.995024875621891	1.0	1.0	1.0	0.0049751243781094	0.0099502487562189	0.0592868988391376	False	True	CT: DLPFC - PCG
full_cohort	1557	TS_AC	TS	190	1770	0.816228566631471	-0.292954891499928	Higher in Control	0.995024875621891	0.965174129353234	1.0	1.0	1.0	0.0099502487562189	0.0398009950248756	0.0515280739161336	0.206112295664534	0.206112295664534	0.0099502487562189	0.0398009950248756	0.206112295664534	False	False	TS: AC
full_cohort	1557	TS_DLPFC	TS	190	3003	0.689438163113676	-0.536506935127659	Higher in Control	0.263681592039801	1.0	0.313262746098567	1.0	1.0	0.741293532338308	0.0049751243781094	1.0	0.0160823788036561	1.0	0.741293532338308	0.0049751243781094	1.0	False	False	TS: DLPFC
full_cohort	1557	TS_PCGBA23	TS	190	1326	1.20074095449154	0.263924940401813	Higher in AD	0.72636815920398	0.199004975124378	1.0	0.588723051409619	1.0	0.278606965174129	0.805970149253731	0.416444095312909	1.0	1.0	0.72636815920398	0.199004975124378	1.0	False	False	TS: PCG
full_cohort	1557	CT_AC__DLPFC	CT	190	4680	0.631161307786768	-0.663919328660074	Higher in Control	1.0	1.0	1.0	1.0	1.0	0.0049751243781094	0.0049751243781094	0.0177860696517413	0.0245325098644707	0.0245325098644707	0.0049751243781094	0.0049751243781094	0.0245325098644707	True	True	CT: AC - DLPFC
full_cohort	1557	CT_AC__PCGBA23	CT	190	3120	1.0667286953972	0.0931932974602982	Higher in AD	0.616915422885572	0.0497512437810945	1.0	0.141293532338308	1.0	0.388059701492537	0.955223880597015	0.640749739673724	1.0	1.0	0.616915422885572	0.0497512437810945	1.0	False	False	CT: AC - PCG
full_cohort	1557	CT_DLPFC__PCGBA23	CT	190	4056	1.10713970432418	0.146837279950381	Higher in AD	0.0049751243781094	0.532338308457711	0.0111162935323383	1.0	1.0	1.0	0.472636815920398	1.0	0.979522676472709	1.0	0.0049751243781094	0.532338308457711	1.0	False	False	CT: DLPFC - PCG
full_cohort	1563	TS_AC	TS	85	1275	1.59654220721981	0.674950693429027	Higher in AD	0.0049751243781094	0.0049751243781094	0.0167765822052528	0.0240464344941957	0.0240464344941957	1.0	1.0	1.0	1.0	1.0	0.0049751243781094	0.0049751243781094	0.0240464344941957	True	True	TS: AC
full_cohort	1563	TS_DLPFC	TS	85	210	0.956961294314113	-0.0634675208869733	Higher in Control	0.0696517412935323	0.860696517412935	0.0998102272144433	1.0	1.0	0.935323383084577	0.144278606965174	1.0	0.29932427415163	1.0	0.935323383084577	0.144278606965174	1.0	False	False	TS: DLPFC
full_cohort	1563	TS_PCGBA23	TS	85	78	1.65535160124365	0.727137681984613	Higher in AD	0.26865671641791	0.0746268656716418	1.0	0.341839191141069	1.0	0.736318407960199	0.930348258706468	0.871310116086235	1.0	1.0	0.26865671641791	0.0746268656716418	1.0	False	False	TS: PCG
full_cohort	1563	CT_AC__DLPFC	CT	85	1071	1.19636443034356	0.258656922783375	Higher in AD	0.0049751243781094	0.0049751243781094	0.0161691542288557	0.0309322950465066	0.0309322950465066	1.0	1.0	1.0	1.0	1.0	0.0049751243781094	0.0049751243781094	0.0309322950465066	True	True	CT: AC - DLPFC
full_cohort	1563	CT_AC__PCGBA23	CT	85	663	1.38325509104327	0.468067233601346	Higher in AD	0.0049751243781094	0.0049751243781094	0.0227892794094046	0.0201847903340441	0.0227892794094046	1.0	1.0	1.0	1.0	1.0	0.0049751243781094	0.0049751243781094	0.0227892794094046	True	True	CT: AC - PCG
full_cohort	1563	CT_DLPFC__PCGBA23	CT	85	273	1.58122965980175	0.661046921772551	Higher in AD	0.0049751243781094	0.0049751243781094	0.0111162935323383	0.0323383084577114	0.0323383084577114	1.0	1.0	1.0	1.0	1.0	0.0049751243781094	0.0049751243781094	0.0323383084577114	True	True	CT: DLPFC - PCG
full_cohort	1564	TS_AC	TS	132	2556	1.22628063490735	0.294289178260491	Higher in AD	0.0049751243781094	0.0099502487562189	0.0167765822052528	0.0424348844015218	0.0424348844015218	1.0	0.995024875621891	1.0	1.0	1.0	0.0049751243781094	0.0099502487562189	0.0424348844015218	True	True	TS: AC
full_cohort	1564	TS_DLPFC	TS	132	435	1.20449607667855	0.268429694393632	Higher in AD	0.0049751243781094	0.174129353233831	0.0086442786069651	0.672332780541736	0.672332780541736	1.0	0.830845771144279	1.0	1.0	1.0	0.0049751243781094	0.174129353233831	0.672332780541736	False	False	TS: DLPFC
full_cohort	1564	TS_PCGBA23	TS	132	435	1.09682971608969	0.133339563277986	Higher in AD	0.835820895522388	0.45771144278607	1.0	0.97007499814361	1.0	0.169154228855721	0.54726368159204	0.276090810316235	1.0	1.0	0.835820895522388	0.45771144278607	1.0	False	False	TS: PCG
full_cohort	1564	CT_AC__DLPFC	CT	132	2160	1.05000315549385	0.0703936635185301	Higher in AD	0.0049751243781094	0.0597014925373134	0.0161691542288557	0.243923240938166	0.243923240938166	1.0	0.945273631840796	1.0	1.0	1.0	0.0049751243781094	0.0597014925373134	0.243923240938166	False	False	CT: AC - DLPFC
full_cohort	1564	CT_AC__PCGBA23	CT	132	2160	1.20725395631412	0.271729191400737	Higher in AD	0.0049751243781094	0.0049751243781094	0.0227892794094046	0.0201847903340441	0.0227892794094046	1.0	1.0	1.0	1.0	1.0	0.0049751243781094	0.0049751243781094	0.0227892794094046	True	True	CT: AC - PCG
full_cohort	1564	CT_DLPFC__PCGBA23	CT	132	900	1.14823994612205	0.199424151515874	Higher in AD	0.0099502487562189	0.402985074626866	0.0203269367448472	0.860102472711072	0.860102472711072	0.995024875621891	0.601990049751244	1.0	1.0	1.0	0.0099502487562189	0.402985074626866	0.860102472711072	False	False	CT: DLPFC - PCG
full_cohort	1567	TS_AC	TS	1041	26335	1.59014741067316	0.669160513175907	Higher in AD	0.0049751243781094	0.0049751243781094	0.0167765822052528	0.0240464344941957	0.0240464344941957	1.0	1.0	1.0	1.0	1.0	0.0049751243781094	0.0049751243781094	0.0240464344941957	True	True	TS: AC
full_cohort	1567	TS_DLPFC	TS	1041	89253	0.926410466291136	-0.1102765423579	Higher in Control	0.0049751243781094	1.0	0.0086442786069651	1.0	1.0	1.0	0.0049751243781094	1.0	0.0160823788036561	1.0	1.0	0.0049751243781094	1.0	False	False	TS: DLPFC
full_cohort	1567	TS_PCGBA23	TS	1041	75078	0.981237462334231	-0.0273257797728443	Higher in Control	1.0	1.0	1.0	1.0	1.0	0.0049751243781094	0.0049751243781094	0.0119740281642634	0.0252309879175551	0.0252309879175551	0.0049751243781094	0.0049751243781094	0.0252309879175551	True	True	TS: PCG
full_cohort	1567	CT_AC__DLPFC	CT	1041	97290	0.95023793310317	-0.0736392952029113	Higher in Control	0.0049751243781094	0.0845771144278607	0.0161691542288557	0.318277035873265	0.318277035873265	1.0	0.920398009950249	1.0	1.0	1.0	1.0	0.920398009950249	1.0	False	False	CT: AC - DLPFC
full_cohort	1567	CT_AC__PCGBA23	CT	1041	89240	1.00868765942765	0.012479512448506	Higher in AD	1.0	0.0099502487562189	1.0	0.0371825085100812	1.0	0.0049751243781094	0.995024875621891	0.0130827344757693	1.0	1.0	1.0	0.0099502487562189	1.0	False	False	CT: AC - PCG
full_cohort	1567	CT_DLPFC__PCGBA23	CT	1041	164124	0.825600927104016	-0.276483504058831	Higher in Control	1.0	1.0	1.0	1.0	1.0	0.0049751243781094	0.0049751243781094	0.027363184079602	0.0197622996130459	0.027363184079602	0.0049751243781094	0.0049751243781094	0.027363184079602	True	True	CT: DLPFC - PCG
full_cohort	1572	TS_AC	TS	1353	77028	1.10365552143971	0.14228994108155	Higher in AD	0.0049751243781094	0.0049751243781094	0.0167765822052528	0.0240464344941957	0.0240464344941957	1.0	1.0	1.0	1.0	1.0	0.0049751243781094	0.0049751243781094	0.0240464344941957	True	True	TS: AC
full_cohort	1572	TS_DLPFC	TS	1353	129286	0.810560173798809	-0.303008803384283	Higher in Control	0.0049751243781094	1.0	0.0086442786069651	1.0	1.0	1.0	0.0049751243781094	1.0	0.0160823788036561	1.0	1.0	0.0049751243781094	1.0	False	False	TS: DLPFC
full_cohort	1572	TS_PCGBA23	TS	1353	101475	0.897254569299488	-0.156410729853615	Higher in Control	1.0	1.0	1.0	1.0	1.0	0.0049751243781094	0.0049751243781094	0.0119740281642634	0.0252309879175551	0.0252309879175551	0.0049751243781094	0.0049751243781094	0.0252309879175551	True	True	TS: PCG
full_cohort	1572	CT_AC__DLPFC	CT	1353	200037	0.699138420695389	-0.516349975365983	Higher in Control	1.0	1.0	1.0	1.0	1.0	0.0049751243781094	0.0049751243781094	0.0177860696517413	0.0245325098644707	0.0245325098644707	0.0049751243781094	0.0049751243781094	0.0245325098644707	True	True	CT: AC - DLPFC
full_cohort	1572	CT_AC__PCGBA23	CT	1353	177243	0.771566683859411	-0.374137245523823	Higher in Control	1.0	1.0	1.0	1.0	1.0	0.0049751243781094	0.0049751243781094	0.0130827344757693	0.0321121664405246	0.0321121664405246	0.0049751243781094	0.0049751243781094	0.0321121664405246	True	True	CT: AC - PCG
full_cohort	1572	CT_DLPFC__PCGBA23	CT	1353	229559	0.830687011904421	-0.267623097350214	Higher in Control	1.0	1.0	1.0	1.0	1.0	0.0049751243781094	0.0049751243781094	0.027363184079602	0.0197622996130459	0.027363184079602	0.0049751243781094	0.0049751243781094	0.027363184079602	True	True	CT: DLPFC - PCG
full_cohort	1579	TS_AC	TS	99	4371	1.09076035843316	0.125334174369182	Higher in AD	0.0149253731343284	0.0348258706467662	0.0480928689883914	0.11743607543677	0.11743607543677	0.990049751243781	0.970149253731343	1.0	1.0	1.0	0.0149253731343284	0.0348258706467662	0.11743607543677	False	False	TS: AC
full_cohort	1579	TS_DLPFC	TS	99	3	0.0156386278253568	-5.9987422574619	Higher in Control	0.970149253731343	0.995024875621891	0.970149253731343	1.0	1.0	0.0348258706467662	0.0099502487562189	1.0	0.0276616915422886	1.0	0.0348258706467662	0.0099502487562189	1.0	False	False	TS: DLPFC
full_cohort	1579	TS_PCGBA23	TS	99	1	1.34520792768578e-05	-16.1818112882301	Higher in Control	0.989949748743719	0.990049751243781	1.0	1.0	1.0	0.0150753768844221	0.0149253731343284	0.0324349017816354	0.0605543710021322	0.0605543710021322	0.0150753768844221	0.0149253731343284	0.0605543710021322	False	True	TS: PCG
full_cohort	1579	CT_AC__DLPFC	CT	99	282	0.4707503059737	-1.08696606233868	Higher in Control	1.0	1.0	1.0	1.0	1.0	0.0049751243781094	0.0049751243781094	0.0177860696517413	0.0245325098644707	0.0245325098644707	0.0049751243781094	0.0049751243781094	0.0245325098644707	True	True	CT: AC - DLPFC
full_cohort	1579	CT_AC__PCGBA23	CT	99	188	0.326632632461861	-1.61425916332913	Higher in Control	1.0	1.0	1.0	1.0	1.0	0.0049751243781094	0.0049751243781094	0.0130827344757693	0.0321121664405246	0.0321121664405246	0.0049751243781094	0.0049751243781094	0.0321121664405246	True	True	CT: AC - PCG
full_cohort	1579	CT_DLPFC__PCGBA23	CT	99	6	0.231058039822715	-2.11367280494768	Higher in Control	0.930348258706468	0.980099502487562	1.0	1.0	1.0	0.0746268656716418	0.0248756218905473	0.333488805970149	0.0846955697701966	0.333488805970149	0.0746268656716418	0.0248756218905473	0.333488805970149	False	False	CT: DLPFC - PCG
full_cohort	1580	TS_AC	TS	108	4656	1.40854425321521	0.494204890579155	Higher in AD	0.0049751243781094	0.0049751243781094	0.0167765822052528	0.0240464344941957	0.0240464344941957	1.0	1.0	1.0	1.0	1.0	0.0049751243781094	0.0049751243781094	0.0240464344941957	True	True	TS: AC
full_cohort	1580	TS_DLPFC	TS	108	15	1.13554770005394	0.18338830946698	Higher in AD	0.258706467661692	0.477611940298507	0.31000171556013	1.0	1.0	0.746268656716418	0.527363184079602	1.0	0.805532775682029	1.0	0.258706467661692	0.477611940298507	1.0	False	False	TS: DLPFC
full_cohort	1580	TS_PCGBA23	TS	108	10	6.20872121493308	2.63429615301028	Higher in AD	0.0597014925373134	0.0049751243781094	0.652123995407577	0.0415569212759731	0.652123995407577	0.945273631840796	1.0	1.0	1.0	1.0	0.0597014925373134	0.0049751243781094	0.652123995407577	False	False	TS: PCG
full_cohort	1580	CT_AC__DLPFC	CT	108	582	1.01324404882002	0.0189817018954306	Higher in AD	0.0447761194029851	0.238805970149254	0.114339019189765	0.741716947178999	0.741716947178999	0.960199004975124	0.766169154228856	1.0	1.0	1.0	0.0447761194029851	0.238805970149254	0.741716947178999	False	False	CT: AC - DLPFC
full_cohort	1580	CT_AC__PCGBA23	CT	108	485	3.88059652254096	1.95627843951622	Higher in AD	0.0049751243781094	0.0049751243781094	0.0227892794094046	0.0201847903340441	0.0227892794094046	1.0	1.0	1.0	1.0	1.0	0.0049751243781094	0.0049751243781094	0.0227892794094046	True	True	CT: AC - PCG
full_cohort	1580	CT_DLPFC__PCGBA23	CT	108	30	1.05411351799945	0.0760302398747567	Higher in AD	0.398009950248756	0.502487562189055	0.592868988391376	0.984324950589518	0.984324950589518	0.606965174129353	0.502487562189055	1.0	1.0	1.0	0.398009950248756	0.502487562189055	0.984324950589518	False	False	CT: DLPFC - PCG
full_cohort	1581	TS_AC	TS	103	5253	1.12862051171693	0.17456047468727	Higher in AD	0.0049751243781094	0.0298507462686567	0.0167765822052528	0.108208955223881	0.108208955223881	1.0	0.975124378109453	1.0	1.0	1.0	0.0049751243781094	0.0298507462686567	0.108208955223881	False	False	TS: AC
full_cohort	1581	TS_DLPFC	TS	103	0			Not available														False	False	TS: DLPFC
full_cohort	1581	TS_PCGBA23	TS	103	0			Not available														False	False	TS: PCG
full_cohort	1581	CT_AC__DLPFC	CT	103	0			Not available														False	False	CT: AC - DLPFC
full_cohort	1581	CT_AC__PCGBA23	CT	103	0			Not available														False	False	CT: AC - PCG
full_cohort	1581	CT_DLPFC__PCGBA23	CT	103	0			Not available														False	False	CT: DLPFC - PCG
full_cohort	1582	TS_AC	TS	106	5151	1.27175603651903	0.346821942115147	Higher in AD	0.0049751243781094	0.0049751243781094	0.0167765822052528	0.0240464344941957	0.0240464344941957	1.0	1.0	1.0	1.0	1.0	0.0049751243781094	0.0049751243781094	0.0240464344941957	True	True	TS: AC
full_cohort	1582	TS_DLPFC	TS	106	3	3.28218390214917	1.7146560759283	Higher in AD	0.164179104477612	0.119402985074627	0.213279397405496	0.51865671641791	0.51865671641791	0.840796019900497	0.885572139303483	1.0	1.0	1.0	0.164179104477612	0.119402985074627	0.51865671641791	False	False	TS: DLPFC
full_cohort	1582	TS_PCGBA23	TS	106	0			Not available														False	False	TS: PCG
full_cohort	1582	CT_AC__DLPFC	CT	106	306	0.729046466181	-0.455917326435908	Higher in Control	0.940298507462687	0.81592039800995	1.0	1.0	1.0	0.0646766169154229	0.189054726368159	0.188750126916438	0.500644923530496	0.500644923530496	0.0646766169154229	0.189054726368159	0.500644923530496	False	False	CT: AC - DLPFC
full_cohort	1582	CT_AC__PCGBA23	CT	106	102	2.69566607162329	1.4306417922724	Higher in AD	0.0049751243781094	0.0099502487562189	0.0227892794094046	0.0371825085100812	0.0371825085100812	1.0	0.995024875621891	1.0	1.0	1.0	0.0049751243781094	0.0099502487562189	0.0371825085100812	True	True	CT: AC - PCG
full_cohort	1582	CT_DLPFC__PCGBA23	CT	106	3	0.439126621423978	-1.18729109644623	Higher in Control	0.711442786069652	0.82089552238806	0.950806714093086	1.0	1.0	0.293532338308458	0.18407960199005	1.0	0.487470057121798	1.0	0.293532338308458	0.18407960199005	1.0	False	False	CT: DLPFC - PCG
full_cohort	1590	TS_AC	TS	119	6	6.12864941004434	2.61556917764967	Higher in AD	0.109452736318408	0.0099502487562189	0.311189152277827	0.0424348844015218	0.311189152277827	0.895522388059702	0.995024875621891	1.0	1.0	1.0	0.109452736318408	0.0099502487562189	0.311189152277827	False	False	TS: AC
full_cohort	1590	TS_DLPFC	TS	119	21	1.34292983946234	0.425383934025368	Higher in AD	0.149253731343284	0.263681592039801	0.1957195156294	0.872660506988865	0.872660506988865	0.855721393034826	0.741293532338308	1.0	1.0	1.0	0.149253731343284	0.263681592039801	0.872660506988865	False	False	TS: DLPFC
full_cohort	1590	TS_PCGBA23	TS	119	5778	1.19690220872736	0.259305283653662	Higher in AD	0.960199004975124	0.119402985074627	1.0	0.41354204586822	1.0	0.0447761194029851	0.885572139303483	0.087098752811286	1.0	1.0	0.960199004975124	0.119402985074627	1.0	False	False	TS: PCG
full_cohort	1590	CT_AC__DLPFC	CT	119	28	0.929887956746857	-0.10487120015447	Higher in Control	0.427860696517413	0.487562189054726	0.826811886513379	1.0	1.0	0.577114427860697	0.517412935323383	1.0	0.924875621890547	1.0	0.577114427860697	0.517412935323383	1.0	False	False	CT: AC - DLPFC
full_cohort	1590	CT_AC__PCGBA23	CT	119	432	2.51801137595837	1.33228480092891	Higher in AD	0.0049751243781094	0.0049751243781094	0.0227892794094046	0.0201847903340441	0.0227892794094046	1.0	1.0	1.0	1.0	1.0	0.0049751243781094	0.0049751243781094	0.0227892794094046	True	True	CT: AC - PCG
full_cohort	1590	CT_DLPFC__PCGBA23	CT	119	756	1.36953385638451	0.45368493149366	Higher in AD	0.0049751243781094	0.0796019900497512	0.0111162935323383	0.264722897142196	0.264722897142196	1.0	0.925373134328358	1.0	1.0	1.0	0.0049751243781094	0.0796019900497512	0.264722897142196	False	False	CT: DLPFC - PCG
full_cohort	1591	TS_AC	TS	122	6	1.99020861330698	0.992919661728383	Higher in AD	0.258706467661692	0.139303482587065	0.625207296849088	0.367254635911352	0.625207296849088	0.746268656716418	0.865671641791045	1.0	1.0	1.0	0.258706467661692	0.139303482587065	0.625207296849088	False	False	TS: AC
full_cohort	1591	TS_DLPFC	TS	122	4851	1.08898951429575	0.12299006264403	Higher in AD	0.0049751243781094	0.487562189054726	0.0086442786069651	1.0	1.0	1.0	0.517412935323383	1.0	0.799115533443892	1.0	0.0049751243781094	0.487562189054726	1.0	False	False	TS: DLPFC
full_cohort	1591	TS_PCGBA23	TS	122	171	1.83416067017352	0.875120022744118	Higher in AD	0.0597014925373134	0.0049751243781094	0.652123995407577	0.0415569212759731	0.652123995407577	0.945273631840796	1.0	1.0	1.0	1.0	0.0597014925373134	0.0049751243781094	0.652123995407577	False	False	TS: PCG
full_cohort	1591	CT_AC__DLPFC	CT	122	396	0.892184209889736	-0.164586479745341	Higher in Control	0.383084577114428	0.527363184079602	0.782587064676617	1.0	1.0	0.621890547263682	0.477611940298507	1.0	0.875621890547264	1.0	0.621890547263682	0.477611940298507	1.0	False	False	CT: AC - DLPFC
full_cohort	1591	CT_AC__PCGBA23	CT	122	76	0.572615815826726	-0.804360576314557	Higher in Control	0.995024875621891	0.960199004975124	1.0	1.0	1.0	0.0099502487562189	0.0447761194029851	0.0239480563285269	0.192672998643148	0.192672998643148	0.0099502487562189	0.0447761194029851	0.192672998643148	False	False	CT: AC - PCG
full_cohort	1591	CT_DLPFC__PCGBA23	CT	122	1881	2.11508679538245	1.080716867458	Higher in AD	0.0049751243781094	0.0049751243781094	0.0111162935323383	0.0323383084577114	0.0323383084577114	1.0	1.0	1.0	1.0	1.0	0.0049751243781094	0.0049751243781094	0.0323383084577114	True	True	CT: DLPFC - PCG
full_cohort	1592	TS_AC	TS	157	1431	1.89107928245538	0.919209848749073	Higher in AD	0.0049751243781094	0.0049751243781094	0.0167765822052528	0.0240464344941957	0.0240464344941957	1.0	1.0	1.0	1.0	1.0	0.0049751243781094	0.0049751243781094	0.0240464344941957	True	True	TS: AC
full_cohort	1592	TS_DLPFC	TS	157	1326	1.16288811113996	0.217712292624588	Higher in AD	0.0049751243781094	0.194029850746269	0.0086442786069651	0.691542288557214	0.691542288557214	1.0	0.810945273631841	1.0	1.0	1.0	0.0049751243781094	0.194029850746269	0.691542288557214	False	False	TS: DLPFC
full_cohort	1592	TS_PCGBA23	TS	157	1275	1.31619704612033	0.396375489210055	Higher in AD	0.378109452736318	0.0646766169154229	1.0	0.306135986733002	1.0	0.626865671641791	0.940298507462687	0.787029763463385	1.0	1.0	0.378109452736318	0.0646766169154229	1.0	False	False	TS: PCG
full_cohort	1592	CT_AC__DLPFC	CT	157	2808	1.18297094913389	0.242414645059703	Higher in AD	0.0049751243781094	0.0049751243781094	0.0161691542288557	0.0309322950465066	0.0309322950465066	1.0	1.0	1.0	1.0	1.0	0.0049751243781094	0.0049751243781094	0.0309322950465066	True	True	CT: AC - DLPFC
full_cohort	1592	CT_AC__PCGBA23	CT	157	2754	1.86721478169467	0.900887887212518	Higher in AD	0.0049751243781094	0.0049751243781094	0.0227892794094046	0.0201847903340441	0.0227892794094046	1.0	1.0	1.0	1.0	1.0	0.0049751243781094	0.0049751243781094	0.0227892794094046	True	True	CT: AC - PCG
full_cohort	1592	CT_DLPFC__PCGBA23	CT	157	2652	1.33146801795205	0.413017775228127	Higher in AD	0.0049751243781094	0.0298507462686567	0.0111162935323383	0.14228855721393	0.14228855721393	1.0	0.975124378109453	1.0	1.0	1.0	0.0049751243781094	0.0298507462686567	0.14228855721393	False	False	CT: DLPFC - PCG
full_cohort	1598	TS_AC	TS	149	1225	1.06157841480398	0.0862109416347471	Higher in AD	0.174129353233831	0.17910447761194	0.467569559609361	0.440172021249684	0.467569559609361	0.830845771144279	0.825870646766169	1.0	1.0	1.0	0.174129353233831	0.17910447761194	0.467569559609361	False	False	TS: AC
full_cohort	1598	TS_DLPFC	TS	149	1378	1.23283406543174	0.301978631785609	Higher in AD	0.0049751243781094	0.054726368159204	0.0086442786069651	0.31695688225539	0.31695688225539	1.0	0.950248756218905	1.0	1.0	1.0	0.0049751243781094	0.054726368159204	0.31695688225539	False	False	TS: DLPFC
full_cohort	1598	TS_PCGBA23	TS	149	1035	1.30398627793108	0.382928687924093	Higher in AD	0.45273631840796	0.109452736318408	1.0	0.398520219415742	1.0	0.552238805970149	0.895522388059702	0.738874435163631	1.0	1.0	0.45273631840796	0.109452736318408	1.0	False	False	TS: PCG
full_cohort	1598	CT_AC__DLPFC	CT	149	2650	0.919310147609322	-0.121376429312551	Higher in Control	0.0746268656716418	0.462686567164179	0.180875284593979	1.0	1.0	0.930348258706468	0.54228855721393	1.0	0.945698337580391	1.0	0.930348258706468	0.54228855721393	1.0	False	False	CT: AC - DLPFC
full_cohort	1598	CT_AC__PCGBA23	CT	149	2300	1.08880785363271	0.122749378233114	Higher in AD	0.447761194029851	0.0497512437810945	1.0	0.141293532338308	1.0	0.557213930348259	0.955223880597015	0.860047588146225	1.0	1.0	0.447761194029851	0.0497512437810945	1.0	False	False	CT: AC - PCG
full_cohort	1598	CT_DLPFC__PCGBA23	CT	149	2438	1.18024023526413	0.239080546831507	Higher in AD	0.0049751243781094	0.228855721393035	0.0111162935323383	0.574146809810596	0.574146809810596	1.0	0.776119402985075	1.0	1.0	1.0	0.0049751243781094	0.228855721393035	0.574146809810596	False	False	CT: DLPFC - PCG
full_cohort	1599	TS_AC	TS	59	325	1.05263541829789	0.0740058434955353	Higher in AD	0.378109452736318	0.228855721393035	0.829063637038687	0.544001304950657	0.829063637038687	0.626865671641791	0.776119402985075	1.0	1.0	1.0	0.378109452736318	0.228855721393035	0.829063637038687	False	False	TS: AC
full_cohort	1599	TS_DLPFC	TS	59	190	1.06457569547592	0.0902785346705895	Higher in AD	0.0298507462686567	0.572139303482587	0.0466208284420594	1.0	1.0	0.975124378109453	0.432835820895522	1.0	0.676002012409861	1.0	0.0298507462686567	0.572139303482587	1.0	False	False	TS: DLPFC
full_cohort	1599	TS_PCGBA23	TS	59	78	1.40943958235521	0.495121636046187	Higher in AD	0.437810945273632	0.169154228855721	1.0	0.522171749945923	1.0	0.567164179104478	0.835820895522388	0.738874435163631	1.0	1.0	0.437810945273632	0.169154228855721	1.0	False	False	TS: PCG
full_cohort	1599	CT_AC__DLPFC	CT	59	520	1.05594260346998	0.0785314180868343	Higher in AD	0.0348258706467662	0.104477611940299	0.0922240648608808	0.373507462686567	0.373507462686567	0.970149253731343	0.900497512437811	1.0	1.0	1.0	0.0348258706467662	0.104477611940299	0.373507462686567	False	False	CT: AC - DLPFC
full_cohort	1599	CT_AC__PCGBA23	CT	59	338	1.59590033757846	0.674370559473315	Higher in AD	0.0049751243781094	0.0049751243781094	0.0227892794094046	0.0201847903340441	0.0227892794094046	1.0	1.0	1.0	1.0	1.0	0.0049751243781094	0.0049751243781094	0.0227892794094046	True	True	CT: AC - PCG
full_cohort	1599	CT_DLPFC__PCGBA23	CT	59	260	1.09455199338746	0.130340487018301	Higher in AD	0.144278606965174	0.487562189054726	0.237147595356551	0.968352681039248	0.968352681039248	0.860696517412935	0.517412935323383	1.0	1.0	1.0	0.144278606965174	0.487562189054726	0.968352681039248	False	False	CT: DLPFC - PCG
full_cohort	1600	TS_AC	TS	58	253	1.22835928634938	0.296732600465129	Higher in AD	0.0746268656716418	0.0696517412935323	0.216417910447761	0.206112295664534	0.216417910447761	0.930348258706468	0.935323383084577	1.0	1.0	1.0	0.0746268656716418	0.0696517412935323	0.216417910447761	False	False	TS: AC
full_cohort	1600	TS_DLPFC	TS	58	231	1.29522432428937	0.373201984794287	Higher in AD	0.0099502487562189	0.0796019900497512	0.0168668850867613	0.395167022032694	0.395167022032694	0.995024875621891	0.925373134328358	1.0	1.0	1.0	0.0099502487562189	0.0796019900497512	0.395167022032694	False	False	TS: DLPFC
full_cohort	1600	TS_PCGBA23	TS	58	78	0.80260962175018	-0.317229643518937	Higher in Control	0.920398009950249	0.865671641791045	1.0	1.0	1.0	0.0845771144278607	0.139303482587065	0.152024686693117	0.359656264133876	0.359656264133876	0.0845771144278607	0.139303482587065	0.359656264133876	False	False	TS: PCG
full_cohort	1600	CT_AC__DLPFC	CT	58	506	1.1519380580589	0.204063142358507	Higher in AD	0.0049751243781094	0.0447761194029851	0.0161691542288557	0.194029850746269	0.194029850746269	1.0	0.960199004975124	1.0	1.0	1.0	0.0049751243781094	0.0447761194029851	0.194029850746269	False	False	CT: AC - DLPFC
full_cohort	1600	CT_AC__PCGBA23	CT	58	299	1.47115822149257	0.556952415244956	Higher in AD	0.0049751243781094	0.0049751243781094	0.0227892794094046	0.0201847903340441	0.0227892794094046	1.0	1.0	1.0	1.0	1.0	0.0049751243781094	0.0049751243781094	0.0227892794094046	True	True	CT: AC - PCG
full_cohort	1600	CT_DLPFC__PCGBA23	CT	58	286	1.38084459596768	0.465550963881003	Higher in AD	0.0049751243781094	0.0746268656716418	0.0111162935323383	0.260283946123043	0.260283946123043	1.0	0.930348258706468	1.0	1.0	1.0	0.0049751243781094	0.0746268656716418	0.260283946123043	False	False	CT: DLPFC - PCG
full_cohort	1603	TS_AC	TS	157	1596	1.2183639705068	0.284945184150807	Higher in AD	0.0049751243781094	0.0049751243781094	0.0167765822052528	0.0240464344941957	0.0240464344941957	1.0	1.0	1.0	1.0	1.0	0.0049751243781094	0.0049751243781094	0.0240464344941957	True	True	TS: AC
full_cohort	1603	TS_DLPFC	TS	157	1431	1.47429634946431	0.560026550843687	Higher in AD	0.0049751243781094	0.0049751243781094	0.0086442786069651	0.0461028192371476	0.0461028192371476	1.0	1.0	1.0	1.0	1.0	0.0049751243781094	0.0049751243781094	0.0461028192371476	True	True	TS: DLPFC
full_cohort	1603	TS_PCGBA23	TS	157	1035	0.925661984510471	-0.11144262094352	Higher in Control	0.995024875621891	0.950248756218905	1.0	1.0	1.0	0.0099502487562189	0.054726368159204	0.0220771144278607	0.161898839137645	0.161898839137645	0.0099502487562189	0.054726368159204	0.161898839137645	False	False	TS: PCG
full_cohort	1603	CT_AC__DLPFC	CT	157	3078	1.07143396669479	0.0995429383415241	Higher in AD	0.0049751243781094	0.0248756218905473	0.0161691542288557	0.127043354655295	0.127043354655295	1.0	0.980099502487562	1.0	1.0	1.0	0.0049751243781094	0.0248756218905473	0.127043354655295	False	False	CT: AC - DLPFC
full_cohort	1603	CT_AC__PCGBA23	CT	157	2622	1.05850400627279	0.0820267297318499	Higher in AD	0.786069651741294	0.0447761194029851	1.0	0.135281041600508	1.0	0.218905472636816	0.960199004975124	0.383760211289233	1.0	1.0	0.786069651741294	0.0447761194029851	1.0	False	False	CT: AC - PCG
full_cohort	1603	CT_DLPFC__PCGBA23	CT	157	2484	1.07234569862488	0.100770071180541	Higher in AD	0.0049751243781094	0.711442786069652	0.0111162935323383	1.0	1.0	1.0	0.293532338308458	1.0	0.699585406301824	1.0	0.0049751243781094	0.711442786069652	1.0	False	False	CT: DLPFC - PCG
full_cohort	1604	TS_AC	TS	173	2145	1.26977655262674	0.344574642840228	Higher in AD	0.0049751243781094	0.0049751243781094	0.0167765822052528	0.0240464344941957	0.0240464344941957	1.0	1.0	1.0	1.0	1.0	0.0049751243781094	0.0049751243781094	0.0240464344941957	True	True	TS: AC
full_cohort	1604	TS_DLPFC	TS	173	1326	1.4780651231875	0.56370983567476	Higher in AD	0.0049751243781094	0.0049751243781094	0.0086442786069651	0.0461028192371476	0.0461028192371476	1.0	1.0	1.0	1.0	1.0	0.0049751243781094	0.0049751243781094	0.0461028192371476	True	True	TS: DLPFC
full_cohort	1604	TS_PCGBA23	TS	173	1485	1.16387605417667	0.218937428052268	Higher in AD	0.855721393034826	0.233830845771144	1.0	0.651058433323578	1.0	0.149253731343284	0.771144278606965	0.246442207566817	1.0	1.0	0.855721393034826	0.233830845771144	1.0	False	False	TS: PCG
full_cohort	1604	CT_AC__DLPFC	CT	173	3432	1.03007591207313	0.0427506616180608	Higher in AD	0.0049751243781094	0.0447761194029851	0.0161691542288557	0.194029850746269	0.194029850746269	1.0	0.960199004975124	1.0	1.0	1.0	0.0049751243781094	0.0447761194029851	0.194029850746269	False	False	CT: AC - DLPFC
full_cohort	1604	CT_AC__PCGBA23	CT	173	3630	1.67587757423154	0.744916761507323	Higher in AD	0.0049751243781094	0.0049751243781094	0.0227892794094046	0.0201847903340441	0.0227892794094046	1.0	1.0	1.0	1.0	1.0	0.0049751243781094	0.0049751243781094	0.0227892794094046	True	True	CT: AC - PCG
full_cohort	1604	CT_DLPFC__PCGBA23	CT	173	2860	1.21505510506179	0.281021744280938	Higher in AD	0.0049751243781094	0.129353233830846	0.0111162935323383	0.411055831951354	0.411055831951354	1.0	0.875621890547264	1.0	1.0	1.0	0.0049751243781094	0.129353233830846	0.411055831951354	False	False	CT: DLPFC - PCG
full_cohort	1630	TS_AC	TS	356	4005	0.704591939360747	-0.505140124611392	Higher in Control	1.0	1.0	1.0	1.0	1.0	0.0049751243781094	0.0049751243781094	0.0267182605491063	0.0313649145576465	0.0313649145576465	0.0049751243781094	0.0049751243781094	0.0313649145576465	True	True	TS: AC
full_cohort	1630	TS_DLPFC	TS	356	15931	0.905610954289674	-0.143036685741631	Higher in Control	0.0049751243781094	1.0	0.0086442786069651	1.0	1.0	1.0	0.0049751243781094	1.0	0.0160823788036561	1.0	1.0	0.0049751243781094	1.0	False	False	TS: DLPFC
full_cohort	1630	TS_PCGBA23	TS	356	3741	0.854829745424725	-0.226290984701873	Higher in Control	1.0	1.0	1.0	1.0	1.0	0.0049751243781094	0.0049751243781094	0.0119740281642634	0.0252309879175551	0.0252309879175551	0.0049751243781094	0.0049751243781094	0.0252309879175551	True	True	TS: PCG
full_cohort	1630	CT_AC__DLPFC	CT	356	16110	0.817995407430384	-0.28983535159321	Higher in Control	1.0	0.995024875621891	1.0	1.0	1.0	0.0049751243781094	0.0099502487562189	0.0177860696517413	0.0474295190713101	0.0474295190713101	0.0049751243781094	0.0099502487562189	0.0474295190713101	True	True	CT: AC - DLPFC
full_cohort	1630	CT_AC__PCGBA23	CT	356	7830	0.772041345767025	-0.373249983487537	Higher in Control	1.0	0.995024875621891	1.0	1.0	1.0	0.0049751243781094	0.0099502487562189	0.0130827344757693	0.0588723051409619	0.0588723051409619	0.0049751243781094	0.0099502487562189	0.0588723051409619	False	True	CT: AC - PCG
full_cohort	1630	CT_DLPFC__PCGBA23	CT	356	15573	0.940301214343871	-0.0888051138103084	Higher in Control	0.711442786069652	1.0	0.950806714093086	1.0	1.0	0.293532338308458	0.0049751243781094	1.0	0.0197622996130459	1.0	0.293532338308458	0.0049751243781094	1.0	False	False	CT: DLPFC - PCG
full_cohort	1632	TS_AC	TS	574	15225	0.799247565643795	-0.323285650049816	Higher in Control	1.0	1.0	1.0	1.0	1.0	0.0049751243781094	0.0049751243781094	0.0267182605491063	0.0313649145576465	0.0313649145576465	0.0049751243781094	0.0049751243781094	0.0313649145576465	True	True	TS: AC
full_cohort	1632	TS_DLPFC	TS	574	20100	0.982161301421191	-0.0259681155099327	Higher in Control	0.0049751243781094	1.0	0.0086442786069651	1.0	1.0	1.0	0.0049751243781094	1.0	0.0160823788036561	1.0	1.0	0.0049751243781094	1.0	False	False	TS: DLPFC
full_cohort	1632	TS_PCGBA23	TS	574	19503	1.18915720906722	0.249939454990192	Higher in AD	1.0	0.0497512437810945	1.0	0.261654689515386	1.0	0.0049751243781094	0.955223880597015	0.0119740281642634	1.0	1.0	1.0	0.0497512437810945	1.0	False	False	TS: PCG
full_cohort	1632	CT_AC__DLPFC	CT	574	35175	0.888356892860761	-0.170788706465397	Higher in Control	0.0248756218905473	0.781094527363184	0.0697492927519266	1.0	1.0	0.980099502487562	0.223880597014925	1.0	0.551981471950592	1.0	0.980099502487562	0.223880597014925	1.0	False	False	CT: AC - DLPFC
full_cohort	1632	CT_AC__PCGBA23	CT	574	34650	0.959462330578698	-0.059701928960839	Higher in Control	1.0	0.223880597014925	1.0	0.504619758351102	1.0	0.0049751243781094	0.781094527363184	0.0130827344757693	1.0	1.0	0.0049751243781094	0.781094527363184	1.0	False	False	CT: AC - PCG
full_cohort	1632	CT_DLPFC__PCGBA23	CT	574	39798	1.1976870812914	0.26025102562381	Higher in AD	0.0049751243781094	0.0248756218905473	0.0111162935323383	0.122662549322354	0.122662549322354	1.0	0.980099502487562	1.0	1.0	1.0	0.0049751243781094	0.0248756218905473	0.122662549322354	False	False	CT: DLPFC - PCG
full_cohort	1634	TS_AC	TS	350	8128	0.445976959985589	-1.16495891517481	Higher in Control	1.0	1.0	1.0	1.0	1.0	0.0049751243781094	0.0049751243781094	0.0267182605491063	0.0313649145576465	0.0313649145576465	0.0049751243781094	0.0049751243781094	0.0313649145576465	True	True	TS: AC
full_cohort	1634	TS_DLPFC	TS	350	6903	0.728877665115668	-0.456251402065376	Higher in Control	0.0149253731343284	1.0	0.0241235682054842	1.0	1.0	0.990049751243781	0.0049751243781094	1.0	0.0160823788036561	1.0	0.990049751243781	0.0049751243781094	1.0	False	False	TS: DLPFC
full_cohort	1634	TS_PCGBA23	TS	350	5356	0.738931778432408	-0.436486920584318	Higher in Control	1.0	1.0	1.0	1.0	1.0	0.0049751243781094	0.0049751243781094	0.0119740281642634	0.0252309879175551	0.0252309879175551	0.0049751243781094	0.0049751243781094	0.0252309879175551	True	True	TS: PCG
full_cohort	1634	CT_AC__DLPFC	CT	350	15104	0.504201926382446	-0.987926464637971	Higher in Control	1.0	1.0	1.0	1.0	1.0	0.0049751243781094	0.0049751243781094	0.0177860696517413	0.0245325098644707	0.0245325098644707	0.0049751243781094	0.0049751243781094	0.0245325098644707	True	True	CT: AC - DLPFC
full_cohort	1634	CT_AC__PCGBA23	CT	350	13312	0.471011095329606	-1.0861670499358	Higher in Control	1.0	1.0	1.0	1.0	1.0	0.0049751243781094	0.0049751243781094	0.0130827344757693	0.0321121664405246	0.0321121664405246	0.0049751243781094	0.0049751243781094	0.0321121664405246	True	True	CT: AC - PCG
full_cohort	1634	CT_DLPFC__PCGBA23	CT	350	12272	0.711632780444619	-0.490795126868508	Higher in Control	1.0	1.0	1.0	1.0	1.0	0.0049751243781094	0.0049751243781094	0.027363184079602	0.0197622996130459	0.027363184079602	0.0049751243781094	0.0049751243781094	0.027363184079602	True	True	CT: DLPFC - PCG
full_cohort	1639	TS_AC	TS	713	8515	1.10079534123002	0.138546269412672	Higher in AD	0.0049751243781094	0.0348258706467662	0.0167765822052528	0.11743607543677	0.11743607543677	1.0	0.970149253731343	1.0	1.0	1.0	0.0049751243781094	0.0348258706467662	0.11743607543677	False	False	TS: AC
full_cohort	1639	TS_DLPFC	TS	713	57291	1.02929600621864	0.0416579339252741	Higher in AD	0.0049751243781094	0.985074626865672	0.0086442786069651	1.0	1.0	1.0	0.0199004975124378	1.0	0.0531955606582472	1.0	0.0049751243781094	0.985074626865672	1.0	False	False	TS: DLPFC
full_cohort	1639	TS_PCGBA23	TS	713	29403	1.46071853835756	0.546678216173699	Higher in AD	0.0049751243781094	0.0049751243781094	0.0706467661691542	0.0415569212759731	0.0706467661691542	1.0	1.0	1.0	1.0	1.0	0.0049751243781094	0.0049751243781094	0.0706467661691542	False	True	TS: PCG
full_cohort	1639	CT_AC__DLPFC	CT	713	44409	1.12103335112224	0.164829199448358	Higher in AD	0.0049751243781094	0.0049751243781094	0.0161691542288557	0.0309322950465066	0.0309322950465066	1.0	1.0	1.0	1.0	1.0	0.0049751243781094	0.0049751243781094	0.0309322950465066	True	True	CT: AC - DLPFC
full_cohort	1639	CT_AC__PCGBA23	CT	713	31833	1.24074562650547	0.311207369299561	Higher in AD	0.0049751243781094	0.0049751243781094	0.0227892794094046	0.0201847903340441	0.0227892794094046	1.0	1.0	1.0	1.0	1.0	0.0049751243781094	0.0049751243781094	0.0227892794094046	True	True	CT: AC - PCG
full_cohort	1639	CT_DLPFC__PCGBA23	CT	713	82377	1.48000573434277	0.565602765646012	Higher in AD	0.0049751243781094	0.0049751243781094	0.0111162935323383	0.0323383084577114	0.0323383084577114	1.0	1.0	1.0	1.0	1.0	0.0049751243781094	0.0049751243781094	0.0323383084577114	True	True	CT: DLPFC - PCG
full_cohort	1640	TS_AC	TS	63	703	0.89538996875996	-0.159411939367958	Higher in Control	0.791044776119403	0.766169154228856	1.0	1.0	1.0	0.213930348258706	0.238805970149254	0.650668227490001	0.70667072799269	0.70667072799269	0.213930348258706	0.238805970149254	0.70667072799269	False	False	TS: AC
full_cohort	1640	TS_DLPFC	TS	63	105	0.763515885974221	-0.389269920343558	Higher in Control	0.288557213930348	0.995024875621891	0.339910616409478	1.0	1.0	0.716417910447761	0.0099502487562189	1.0	0.0276616915422886	1.0	0.716417910447761	0.0099502487562189	1.0	False	False	TS: DLPFC
full_cohort	1640	TS_PCGBA23	TS	63	45	2.36087076150003	1.23931906789173	Higher in AD	0.159203980099502	0.0199004975124378	1.0	0.122863941163746	1.0	0.845771144278607	0.985074626865672	0.958777540867093	1.0	1.0	0.159203980099502	0.0199004975124378	1.0	False	False	TS: PCG
full_cohort	1640	CT_AC__DLPFC	CT	63	570	0.83094043949114	-0.267183024306028	Higher in Control	0.72636815920398	0.73134328358209	1.0	1.0	1.0	0.278606965174129	0.27363184079602	0.698961333682465	0.641464807111981	0.698961333682465	0.278606965174129	0.27363184079602	0.698961333682465	False	False	CT: AC - DLPFC
full_cohort	1640	CT_AC__PCGBA23	CT	63	380	0.723489081420495	-0.466956850486088	Higher in Control	1.0	0.945273631840796	1.0	1.0	1.0	0.0049751243781094	0.0597014925373134	0.0130827344757693	0.229124647035095	0.229124647035095	0.0049751243781094	0.0597014925373134	0.229124647035095	False	False	CT: AC - PCG
full_cohort	1640	CT_DLPFC__PCGBA23	CT	63	150	1.8259648100975	0.868658962043373	Higher in AD	0.0049751243781094	0.0049751243781094	0.0111162935323383	0.0323383084577114	0.0323383084577114	1.0	1.0	1.0	1.0	1.0	0.0049751243781094	0.0049751243781094	0.0323383084577114	True	True	CT: DLPFC - PCG
full_cohort	1643	TS_AC	TS	1036	41328	1.05744924874809	0.0805884242563785	Higher in AD	0.0049751243781094	0.0049751243781094	0.0167765822052528	0.0240464344941957	0.0240464344941957	1.0	1.0	1.0	1.0	1.0	0.0049751243781094	0.0049751243781094	0.0240464344941957	True	True	TS: AC
full_cohort	1643	TS_DLPFC	TS	1036	77815	0.929012765213398	-0.106229674615776	Higher in Control	0.0049751243781094	1.0	0.0086442786069651	1.0	1.0	1.0	0.0049751243781094	1.0	0.0160823788036561	1.0	1.0	0.0049751243781094	1.0	False	False	TS: DLPFC
full_cohort	1643	TS_PCGBA23	TS	1036	62128	1.25684506711388	0.32980681787078	Higher in AD	0.915422885572139	0.0099502487562189	1.0	0.0743650170201623	1.0	0.0895522388059701	0.995024875621891	0.156992813709232	1.0	1.0	0.915422885572139	0.0099502487562189	1.0	False	False	TS: PCG
full_cohort	1643	CT_AC__DLPFC	CT	1036	113760	1.06700654637692	0.0935690275180546	Higher in AD	0.0049751243781094	0.0049751243781094	0.0161691542288557	0.0309322950465066	0.0309322950465066	1.0	1.0	1.0	1.0	1.0	0.0049751243781094	0.0049751243781094	0.0309322950465066	True	True	CT: AC - DLPFC
full_cohort	1643	CT_AC__PCGBA23	CT	1036	101664	1.09786065992939	0.134694959638787	Higher in AD	0.0049751243781094	0.0049751243781094	0.0227892794094046	0.0201847903340441	0.0227892794094046	1.0	1.0	1.0	1.0	1.0	0.0049751243781094	0.0049751243781094	0.0227892794094046	True	True	CT: AC - PCG
full_cohort	1643	CT_DLPFC__PCGBA23	CT	1036	139435	1.25433161046892	0.326918807098421	Higher in AD	0.0049751243781094	0.0049751243781094	0.0111162935323383	0.0323383084577114	0.0323383084577114	1.0	1.0	1.0	1.0	1.0	0.0049751243781094	0.0049751243781094	0.0323383084577114	True	True	CT: DLPFC - PCG
full_cohort	1644	TS_AC	TS	186	666	0.857369305076064	-0.222011327146093	Higher in Control	0.925373134328358	0.81592039800995	1.0	1.0	1.0	0.0796019900497512	0.189054726368159	0.329779673063255	0.623021257349616	0.623021257349616	0.0796019900497512	0.189054726368159	0.623021257349616	False	False	TS: AC
full_cohort	1644	TS_DLPFC	TS	186	4656	1.12754661352968	0.173187076689547	Higher in AD	0.0049751243781094	0.278606965174129	0.0086442786069651	0.880144730891	0.880144730891	1.0	0.72636815920398	1.0	1.0	1.0	0.0049751243781094	0.278606965174129	0.880144730891	False	False	TS: DLPFC
full_cohort	1644	TS_PCGBA23	TS	186	1326	1.80557124861372	0.852455350773169	Higher in AD	0.0049751243781094	0.0049751243781094	0.0706467661691542	0.0415569212759731	0.0706467661691542	1.0	1.0	1.0	1.0	1.0	0.0049751243781094	0.0049751243781094	0.0706467661691542	False	True	TS: PCG
full_cohort	1644	CT_AC__DLPFC	CT	186	3589	1.04291883582695	0.0606268858478539	Higher in AD	0.0049751243781094	0.0348258706467662	0.0161691542288557	0.166003316749585	0.166003316749585	1.0	0.970149253731343	1.0	1.0	1.0	0.0049751243781094	0.0348258706467662	0.166003316749585	False	False	CT: AC - DLPFC
full_cohort	1644	CT_AC__PCGBA23	CT	186	1924	1.25075377965807	0.322797812023372	Higher in AD	0.0099502487562189	0.0049751243781094	0.0415569212759731	0.0201847903340441	0.0415569212759731	0.995024875621891	1.0	1.0	1.0	1.0	0.0099502487562189	0.0049751243781094	0.0415569212759731	True	True	CT: AC - PCG
full_cohort	1644	CT_DLPFC__PCGBA23	CT	186	5044	1.68605797981953	0.753654148237216	Higher in AD	0.0049751243781094	0.0049751243781094	0.0111162935323383	0.0323383084577114	0.0323383084577114	1.0	1.0	1.0	1.0	1.0	0.0049751243781094	0.0049751243781094	0.0323383084577114	True	True	CT: DLPFC - PCG
full_cohort	1649	TS_AC	TS	309	14706	0.807482220922007	-0.308497599873404	Higher in Control	1.0	1.0	1.0	1.0	1.0	0.0049751243781094	0.0049751243781094	0.0267182605491063	0.0313649145576465	0.0313649145576465	0.0049751243781094	0.0049751243781094	0.0313649145576465	True	True	TS: AC
full_cohort	1649	TS_DLPFC	TS	309	1035	0.794644032725021	-0.331619356792398	Higher in Control	0.0348258706467662	1.0	0.0526173480423967	1.0	1.0	0.970149253731343	0.0049751243781094	1.0	0.0160823788036561	1.0	0.970149253731343	0.0049751243781094	1.0	False	False	TS: DLPFC
full_cohort	1649	TS_PCGBA23	TS	309	4095	0.75666469249325	-0.402273967258597	Higher in Control	1.0	1.0	1.0	1.0	1.0	0.0049751243781094	0.0049751243781094	0.0119740281642634	0.0252309879175551	0.0252309879175551	0.0049751243781094	0.0049751243781094	0.0252309879175551	True	True	TS: PCG
full_cohort	1649	CT_AC__DLPFC	CT	309	7912	0.69596060290919	-0.522922454899932	Higher in Control	1.0	1.0	1.0	1.0	1.0	0.0049751243781094	0.0049751243781094	0.0177860696517413	0.0245325098644707	0.0245325098644707	0.0049751243781094	0.0049751243781094	0.0245325098644707	True	True	CT: AC - DLPFC
full_cohort	1649	CT_AC__PCGBA23	CT	309	15652	0.537561898581303	-0.895497208771807	Higher in Control	1.0	1.0	1.0	1.0	1.0	0.0049751243781094	0.0049751243781094	0.0130827344757693	0.0321121664405246	0.0321121664405246	0.0049751243781094	0.0049751243781094	0.0321121664405246	True	True	CT: AC - PCG
full_cohort	1649	CT_DLPFC__PCGBA23	CT	309	4186	0.794510115107137	-0.331862507884983	Higher in Control	1.0	1.0	1.0	1.0	1.0	0.0049751243781094	0.0049751243781094	0.027363184079602	0.0197622996130459	0.027363184079602	0.0049751243781094	0.0049751243781094	0.027363184079602	True	True	CT: DLPFC - PCG
full_cohort	1650	TS_AC	TS	288	15225	0.824190741309974	-0.278949837943558	Higher in Control	1.0	1.0	1.0	1.0	1.0	0.0049751243781094	0.0049751243781094	0.0267182605491063	0.0313649145576465	0.0313649145576465	0.0049751243781094	0.0049751243781094	0.0313649145576465	True	True	TS: AC
full_cohort	1650	TS_DLPFC	TS	288	496	0.899724932511314	-0.152444092508582	Higher in Control	0.0149253731343284	0.975124378109453	0.0241235682054842	1.0	1.0	0.990049751243781	0.0298507462686567	1.0	0.0740938166311301	1.0	0.990049751243781	0.0298507462686567	1.0	False	False	TS: DLPFC
full_cohort	1650	TS_PCGBA23	TS	288	3240	0.864127073647099	-0.210684612313193	Higher in Control	1.0	1.0	1.0	1.0	1.0	0.0049751243781094	0.0049751243781094	0.0119740281642634	0.0252309879175551	0.0252309879175551	0.0049751243781094	0.0049751243781094	0.0252309879175551	True	True	TS: PCG
full_cohort	1650	CT_AC__DLPFC	CT	288	5600	0.635571719382741	-0.653873163426215	Higher in Control	1.0	1.0	1.0	1.0	1.0	0.0049751243781094	0.0049751243781094	0.0177860696517413	0.0245325098644707	0.0245325098644707	0.0049751243781094	0.0049751243781094	0.0245325098644707	True	True	CT: AC - DLPFC
full_cohort	1650	CT_AC__PCGBA23	CT	288	14175	0.609622344261023	-0.714012312522339	Higher in Control	1.0	1.0	1.0	1.0	1.0	0.0049751243781094	0.0049751243781094	0.0130827344757693	0.0321121664405246	0.0321121664405246	0.0049751243781094	0.0049751243781094	0.0321121664405246	True	True	CT: AC - PCG
full_cohort	1650	CT_DLPFC__PCGBA23	CT	288	2592	0.835627024213966	-0.259068944908103	Higher in Control	1.0	1.0	1.0	1.0	1.0	0.0049751243781094	0.0049751243781094	0.027363184079602	0.0197622996130459	0.027363184079602	0.0049751243781094	0.0049751243781094	0.027363184079602	True	True	CT: DLPFC - PCG
full_cohort	1653	TS_AC	TS	206	7626	0.655285454531555	-0.609804586519741	Higher in Control	1.0	1.0	1.0	1.0	1.0	0.0049751243781094	0.0049751243781094	0.0267182605491063	0.0313649145576465	0.0313649145576465	0.0049751243781094	0.0049751243781094	0.0313649145576465	True	True	TS: AC
full_cohort	1653	TS_DLPFC	TS	206	300	0.624031123110647	-0.680310110611277	Higher in Control	0.676616915422886	1.0	0.696664824028008	1.0	1.0	0.328358208955224	0.0049751243781094	1.0	0.0160823788036561	1.0	0.328358208955224	0.0049751243781094	1.0	False	False	TS: DLPFC
full_cohort	1653	TS_PCGBA23	TS	206	1596	0.512467341337177	-0.964468027815019	Higher in Control	1.0	1.0	1.0	1.0	1.0	0.0049751243781094	0.0049751243781094	0.0119740281642634	0.0252309879175551	0.0252309879175551	0.0049751243781094	0.0049751243781094	0.0252309879175551	True	True	TS: PCG
full_cohort	1653	CT_AC__DLPFC	CT	206	3100	0.636335010211517	-0.652141596165814	Higher in Control	1.0	1.0	1.0	1.0	1.0	0.0049751243781094	0.0049751243781094	0.0177860696517413	0.0245325098644707	0.0245325098644707	0.0049751243781094	0.0049751243781094	0.0245325098644707	True	True	CT: AC - DLPFC
full_cohort	1653	CT_AC__PCGBA23	CT	206	7068	0.364476482355808	-1.45610236643459	Higher in Control	1.0	1.0	1.0	1.0	1.0	0.0049751243781094	0.0049751243781094	0.0130827344757693	0.0321121664405246	0.0321121664405246	0.0049751243781094	0.0049751243781094	0.0321121664405246	True	True	CT: AC - PCG
full_cohort	1653	CT_DLPFC__PCGBA23	CT	206	1425	0.614476066923098	-0.702571274368783	Higher in Control	1.0	1.0	1.0	1.0	1.0	0.0049751243781094	0.0049751243781094	0.027363184079602	0.0197622996130459	0.027363184079602	0.0049751243781094	0.0049751243781094	0.027363184079602	True	True	CT: DLPFC - PCG
full_cohort	1654	TS_AC	TS	189	5356	0.954552177379933	-0.0671040350372135	Higher in Control	0.751243781094527	0.462686567164179	1.0	0.838619402985075	1.0	0.253731343283582	0.54228855721393	0.694170656153196	1.0	1.0	0.253731343283582	0.54228855721393	1.0	False	False	TS: AC
full_cohort	1654	TS_DLPFC	TS	189	105	0.764344017534755	-0.387705979291316	Higher in Control	0.338308457711443	0.990049751243781	0.379232867918472	1.0	1.0	0.666666666666667	0.0149253731343284	1.0	0.0406789581504243	1.0	0.666666666666667	0.0149253731343284	1.0	False	False	TS: DLPFC
full_cohort	1654	TS_PCGBA23	TS	189	2415	0.945712876403782	-0.0805258549416565	Higher in Control	1.0	0.940298507462687	1.0	1.0	1.0	0.0049751243781094	0.0646766169154229	0.0119740281642634	0.180079992195883	0.180079992195883	0.0049751243781094	0.0646766169154229	0.180079992195883	False	False	TS: PCG
full_cohort	1654	CT_AC__DLPFC	CT	189	1560	0.476225411605087	-1.07028348935998	Higher in Control	1.0	1.0	1.0	1.0	1.0	0.0049751243781094	0.0049751243781094	0.0177860696517413	0.0245325098644707	0.0245325098644707	0.0049751243781094	0.0049751243781094	0.0245325098644707	True	True	CT: AC - DLPFC
full_cohort	1654	CT_AC__PCGBA23	CT	189	7280	0.489308326850759	-1.03118426070811	Higher in Control	1.0	1.0	1.0	1.0	1.0	0.0049751243781094	0.0049751243781094	0.0130827344757693	0.0321121664405246	0.0321121664405246	0.0049751243781094	0.0049751243781094	0.0321121664405246	True	True	CT: AC - PCG
full_cohort	1654	CT_DLPFC__PCGBA23	CT	189	1050	0.996860892537711	-0.0045358978346158	Higher in Control	0.263681592039801	0.82089552238806	0.409852909366212	1.0	1.0	0.741293532338308	0.18407960199005	1.0	0.487470057121798	1.0	0.741293532338308	0.18407960199005	1.0	False	False	CT: DLPFC - PCG
full_cohort	1671	TS_AC	TS	662	25425	0.956917216521447	-0.0635339731853245	Higher in Control	0.955223880597015	0.492537313432836	1.0	0.850213219616205	1.0	0.0497512437810945	0.512437810945274	0.225435323383085	1.0	1.0	0.0497512437810945	0.512437810945274	1.0	False	False	TS: AC
full_cohort	1671	TS_DLPFC	TS	662	26796	0.776463066011503	-0.365010793261669	Higher in Control	0.0049751243781094	1.0	0.0086442786069651	1.0	1.0	1.0	0.0049751243781094	1.0	0.0160823788036561	1.0	1.0	0.0049751243781094	1.0	False	False	TS: DLPFC
full_cohort	1671	TS_PCGBA23	TS	662	20706	0.963887855582807	-0.0530627903470602	Higher in Control	1.0	0.990049751243781	1.0	1.0	1.0	0.0049751243781094	0.0149253731343284	0.0119740281642634	0.0605543710021322	0.0605543710021322	0.0049751243781094	0.0149253731343284	0.0605543710021322	False	True	TS: PCG
full_cohort	1671	CT_AC__DLPFC	CT	662	52432	0.92802972796994	-0.10775707433207	Higher in Control	0.0049751243781094	0.293532338308458	0.0161691542288557	0.839502487562189	0.839502487562189	1.0	0.711442786069652	1.0	1.0	1.0	1.0	0.711442786069652	1.0	False	False	CT: AC - DLPFC
full_cohort	1671	CT_AC__PCGBA23	CT	662	46104	0.847913706160416	-0.238010648529664	Higher in Control	1.0	1.0	1.0	1.0	1.0	0.0049751243781094	0.0049751243781094	0.0130827344757693	0.0321121664405246	0.0321121664405246	0.0049751243781094	0.0049751243781094	0.0321121664405246	True	True	CT: AC - PCG
full_cohort	1671	CT_DLPFC__PCGBA23	CT	662	47328	0.970324237324727	-0.0434611853017165	Higher in Control	0.0099502487562189	1.0	0.0203269367448472	1.0	1.0	0.995024875621891	0.0049751243781094	1.0	0.0197622996130459	1.0	0.995024875621891	0.0049751243781094	1.0	False	False	CT: DLPFC - PCG
full_cohort	1710	TS_AC	TS	93	253	0.781968205285611	-0.354818145934401	Higher in Control	0.885572139303483	0.865671641791045	1.0	1.0	1.0	0.119402985074627	0.139303482587065	0.443934175277459	0.531552762503273	0.531552762503273	0.119402985074627	0.139303482587065	0.531552762503273	False	False	TS: AC
full_cohort	1710	TS_DLPFC	TS	93	630	0.847390715262238	-0.238900773500296	Higher in Control	0.0348258706467662	1.0	0.0526173480423967	1.0	1.0	0.970149253731343	0.0049751243781094	1.0	0.0160823788036561	1.0	0.970149253731343	0.0049751243781094	1.0	False	False	TS: DLPFC
full_cohort	1710	TS_PCGBA23	TS	93	561	0.954122018841621	-0.0677543163704597	Higher in Control	0.995024875621891	0.81592039800995	1.0	1.0	1.0	0.0099502487562189	0.189054726368159	0.0220771144278607	0.462858123177217	0.462858123177217	0.0099502487562189	0.189054726368159	0.462858123177217	False	False	TS: PCG
full_cohort	1710	CT_AC__DLPFC	CT	93	828	0.713608084443917	-0.486796135289067	Higher in Control	1.0	0.985074626865672	1.0	1.0	1.0	0.0049751243781094	0.0199004975124378	0.0177860696517413	0.0748887143231212	0.0748887143231212	0.0049751243781094	0.0199004975124378	0.0748887143231212	False	True	CT: AC - DLPFC
full_cohort	1710	CT_AC__PCGBA23	CT	93	782	0.828444891872628	-0.271522362276269	Higher in Control	1.0	0.870646766169154	1.0	1.0	1.0	0.0049751243781094	0.134328358208955	0.0130827344757693	0.443595973620271	0.443595973620271	0.0049751243781094	0.134328358208955	0.443595973620271	False	False	CT: AC - PCG
full_cohort	1710	CT_DLPFC__PCGBA23	CT	93	1224	1.06060740249998	0.0848907229037075	Higher in AD	0.0248756218905473	0.686567164179104	0.0494057490326147	1.0	1.0	0.980099502487562	0.318407960199005	1.0	0.700497512437811	1.0	0.0248756218905473	0.686567164179104	1.0	False	False	CT: DLPFC - PCG
full_cohort	1726	TS_AC	TS	35	36	0.719398680481835	-0.475136581597081	Higher in Control	0.716417910447761	0.796019900497512	1.0	1.0	1.0	0.288557213930348	0.208955223880597	0.760039090262971	0.644649094950778	0.760039090262971	0.288557213930348	0.208955223880597	0.760039090262971	False	False	TS: AC
full_cohort	1726	TS_DLPFC	TS	35	136	1.177262264518	0.235435752467243	Higher in AD	0.0298507462686567	0.343283582089552	0.0466208284420594	1.0	1.0	0.975124378109453	0.661691542288557	1.0	0.988979832022682	1.0	0.0298507462686567	0.343283582089552	1.0	False	False	TS: DLPFC
full_cohort	1726	TS_PCGBA23	TS	35	36	0.574453107552309	-0.79973896400527	Higher in Control	0.950248756218905	0.985074626865672	1.0	1.0	1.0	0.054726368159204	0.0199004975124378	0.103615257048093	0.0724582217119531	0.103615257048093	0.054726368159204	0.0199004975124378	0.103615257048093	False	False	TS: PCG
full_cohort	1726	CT_AC__DLPFC	CT	35	153	0.89943309717965	-0.152912121867308	Higher in Control	0.45273631840796	0.532338308457711	0.863217247097844	1.0	1.0	0.552238805970149	0.472636815920398	1.0	0.875621890547264	1.0	0.552238805970149	0.472636815920398	1.0	False	False	CT: AC - DLPFC
full_cohort	1726	CT_AC__PCGBA23	CT	35	81	0.680355479748732	-0.555639356071766	Higher in Control	0.985074626865672	0.91044776119403	1.0	1.0	1.0	0.0199004975124378	0.0945273631840796	0.0434749330271718	0.344176553131777	0.344176553131777	0.0199004975124378	0.0945273631840796	0.344176553131777	False	False	CT: AC - PCG
full_cohort	1726	CT_DLPFC__PCGBA23	CT	35	153	0.952720266912599	-0.0698754156726382	Higher in Control	0.512437810945274	0.766169154228856	0.747740887399736	1.0	1.0	0.492537313432836	0.238805970149254	1.0	0.59910971458497	1.0	0.492537313432836	0.238805970149254	1.0	False	False	CT: DLPFC - PCG
full_cohort	1730	TS_AC	TS	125	1225	0.846188568625724	-0.240948898791745	Higher in Control	0.980099502487562	0.890547263681592	1.0	1.0	1.0	0.0248756218905473	0.114427860696517	0.124378109452736	0.474058280028429	0.474058280028429	0.0248756218905473	0.114427860696517	0.474058280028429	False	False	TS: AC
full_cohort	1730	TS_DLPFC	TS	125	820	0.829914288011269	-0.268965749567993	Higher in Control	0.0398009950248756	1.0	0.0594875086930937	1.0	1.0	0.965174129353234	0.0049751243781094	1.0	0.0160823788036561	1.0	0.965174129353234	0.0049751243781094	1.0	False	False	TS: DLPFC
full_cohort	1730	TS_PCGBA23	TS	125	561	1.55227144963009	0.634380867313363	Higher in AD	0.0646766169154229	0.0149253731343284	0.656005685856432	0.10092395167022	0.656005685856432	0.940298507462687	0.990049751243781	1.0	1.0	1.0	0.0646766169154229	0.0149253731343284	0.656005685856432	False	False	TS: PCG
full_cohort	1730	CT_AC__DLPFC	CT	125	2050	0.965145745030865	-0.051181277111271	Higher in Control	0.0149253731343284	0.238805970149254	0.0426865671641791	0.741716947178999	0.741716947178999	0.990049751243781	0.766169154228856	1.0	1.0	1.0	0.990049751243781	0.766169154228856	1.0	False	False	CT: AC - DLPFC
full_cohort	1730	CT_AC__PCGBA23	CT	125	1700	0.969681102154864	-0.0444177269516703	Higher in Control	0.985074626865672	0.36318407960199	1.0	0.696920801398413	1.0	0.0199004975124378	0.641791044776119	0.0434749330271718	1.0	1.0	0.0199004975124378	0.641791044776119	1.0	False	False	CT: AC - PCG
full_cohort	1730	CT_DLPFC__PCGBA23	CT	125	1394	1.12489351483405	0.169788438871735	Higher in AD	0.0049751243781094	0.378109452736318	0.0111162935323383	0.830016583747927	0.830016583747927	1.0	0.626865671641791	1.0	1.0	1.0	0.0049751243781094	0.378109452736318	0.830016583747927	False	False	CT: DLPFC - PCG
full_cohort	1757	TS_AC	TS	855	53628	0.687267231054656	-0.541056921675192	Higher in Control	1.0	1.0	1.0	1.0	1.0	0.0049751243781094	0.0049751243781094	0.0267182605491063	0.0313649145576465	0.0313649145576465	0.0049751243781094	0.0049751243781094	0.0313649145576465	True	True	TS: AC
full_cohort	1757	TS_DLPFC	TS	855	37675	0.780942768976754	-0.356711269873228	Higher in Control	0.0049751243781094	1.0	0.0086442786069651	1.0	1.0	1.0	0.0049751243781094	1.0	0.0160823788036561	1.0	1.0	0.0049751243781094	1.0	False	False	TS: DLPFC
full_cohort	1757	TS_PCGBA23	TS	855	31626	0.679440701941129	-0.557580449337663	Higher in Control	1.0	1.0	1.0	1.0	1.0	0.0049751243781094	0.0049751243781094	0.0119740281642634	0.0252309879175551	0.0252309879175551	0.0049751243781094	0.0049751243781094	0.0252309879175551	True	True	TS: PCG
full_cohort	1757	CT_AC__DLPFC	CT	855	90200	0.703004714675439	-0.508393730175515	Higher in Control	1.0	1.0	1.0	1.0	1.0	0.0049751243781094	0.0049751243781094	0.0177860696517413	0.0245325098644707	0.0245325098644707	0.0049751243781094	0.0049751243781094	0.0245325098644707	True	True	CT: AC - DLPFC
full_cohort	1757	CT_AC__PCGBA23	CT	855	82656	0.66604243154205	-0.5863140049402	Higher in Control	1.0	1.0	1.0	1.0	1.0	0.0049751243781094	0.0049751243781094	0.0130827344757693	0.0321121664405246	0.0321121664405246	0.0049751243781094	0.0049751243781094	0.0321121664405246	True	True	CT: AC - PCG
full_cohort	1757	CT_DLPFC__PCGBA23	CT	855	69300	0.761241136573779	-0.393574569629309	Higher in Control	1.0	1.0	1.0	1.0	1.0	0.0049751243781094	0.0049751243781094	0.027363184079602	0.0197622996130459	0.027363184079602	0.0049751243781094	0.0049751243781094	0.027363184079602	True	True	CT: DLPFC - PCG
full_cohort	1806	TS_AC	TS	382	36	1.49365034051758	0.578842456666576	Higher in AD	0.194029850746269	0.0945273631840796	0.502398720682303	0.268754267876305	0.502398720682303	0.810945273631841	0.91044776119403	1.0	1.0	1.0	0.194029850746269	0.0945273631840796	0.502398720682303	False	False	TS: AC
full_cohort	1806	TS_DLPFC	TS	382	2211	0.873166201172941	-0.195671807829285	Higher in Control	0.0049751243781094	0.995024875621891	0.0086442786069651	1.0	1.0	1.0	0.0099502487562189	1.0	0.0276616915422886	1.0	1.0	0.0099502487562189	1.0	False	False	TS: DLPFC
full_cohort	1806	TS_PCGBA23	TS	382	46665	0.930373889041138	-0.104117486768692	Higher in Control	1.0	1.0	1.0	1.0	1.0	0.0049751243781094	0.0049751243781094	0.0119740281642634	0.0252309879175551	0.0252309879175551	0.0049751243781094	0.0049751243781094	0.0252309879175551	True	True	TS: PCG
full_cohort	1806	CT_AC__DLPFC	CT	382	603	0.889290583142798	-0.169273186114286	Higher in Control	0.412935323383085	0.54726368159204	0.826811886513379	1.0	1.0	0.592039800995025	0.45771144278607	1.0	0.875621890547264	1.0	0.592039800995025	0.45771144278607	1.0	False	False	CT: AC - DLPFC
full_cohort	1806	CT_AC__PCGBA23	CT	382	2754	0.84105147101676	-0.24973400105572	Higher in Control	1.0	0.800995024875622	1.0	1.0	1.0	0.0049751243781094	0.203980099502488	0.0130827344757693	0.603441127694859	0.603441127694859	0.0049751243781094	0.203980099502488	0.603441127694859	False	False	CT: AC - PCG
full_cohort	1806	CT_DLPFC__PCGBA23	CT	382	20502	0.744111671675033	-0.426408946561967	Higher in Control	1.0	1.0	1.0	1.0	1.0	0.0049751243781094	0.0049751243781094	0.027363184079602	0.0197622996130459	0.027363184079602	0.0049751243781094	0.0049751243781094	0.027363184079602	True	True	CT: DLPFC - PCG
full_cohort	1823	TS_AC	TS	262	630	0.915602158479931	-0.127207230918379	Higher in Control	0.711442786069652	0.567164179104478	1.0	0.934531886024423	1.0	0.293532338308458	0.437810945273632	0.760039090262971	1.0	1.0	0.293532338308458	0.437810945273632	1.0	False	False	TS: AC
full_cohort	1823	TS_DLPFC	TS	262	13041	0.828633063117896	-0.271194708742849	Higher in Control	0.0049751243781094	1.0	0.0086442786069651	1.0	1.0	1.0	0.0049751243781094	1.0	0.0160823788036561	1.0	1.0	0.0049751243781094	1.0	False	False	TS: DLPFC
full_cohort	1823	TS_PCGBA23	TS	262	2016	0.949914046774083	-0.0741311181836612	Higher in Control	1.0	0.925373134328358	1.0	1.0	1.0	0.0049751243781094	0.0796019900497512	0.0119740281642634	0.217374665135859	0.217374665135859	0.0049751243781094	0.0796019900497512	0.217374665135859	False	False	TS: PCG
full_cohort	1823	CT_AC__DLPFC	CT	262	5832	0.799711412839667	-0.322448617859507	Higher in Control	1.0	0.985074626865672	1.0	1.0	1.0	0.0049751243781094	0.0199004975124378	0.0177860696517413	0.0748887143231212	0.0748887143231212	0.0049751243781094	0.0199004975124378	0.0748887143231212	False	True	CT: AC - DLPFC
full_cohort	1823	CT_AC__PCGBA23	CT	262	2304	0.700328400676875	-0.513896500077268	Higher in Control	1.0	1.0	1.0	1.0	1.0	0.0049751243781094	0.0049751243781094	0.0130827344757693	0.0321121664405246	0.0321121664405246	0.0049751243781094	0.0049751243781094	0.0321121664405246	True	True	CT: AC - PCG
full_cohort	1823	CT_DLPFC__PCGBA23	CT	262	10368	0.777631603285073	-0.362841243001075	Higher in Control	1.0	1.0	1.0	1.0	1.0	0.0049751243781094	0.0049751243781094	0.027363184079602	0.0197622996130459	0.027363184079602	0.0049751243781094	0.0049751243781094	0.027363184079602	True	True	CT: DLPFC - PCG
full_cohort	1831	TS_AC	TS	604	31626	1.12324592479359	0.167673827683085	Higher in AD	0.0049751243781094	0.0049751243781094	0.0167765822052528	0.0240464344941957	0.0240464344941957	1.0	1.0	1.0	1.0	1.0	0.0049751243781094	0.0049751243781094	0.0240464344941957	True	True	TS: AC
full_cohort	1831	TS_DLPFC	TS	604	15400	0.786254887628855	-0.346931014582566	Higher in Control	0.0049751243781094	1.0	0.0086442786069651	1.0	1.0	1.0	0.0049751243781094	1.0	0.0160823788036561	1.0	1.0	0.0049751243781094	1.0	False	False	TS: DLPFC
full_cohort	1831	TS_PCGBA23	TS	604	15400	1.03103662183567	0.0440955773252048	Higher in AD	1.0	0.830845771144279	1.0	1.0	1.0	0.0049751243781094	0.174129353233831	0.0119740281642634	0.433795932617614	0.433795932617614	1.0	0.830845771144279	1.0	False	False	TS: PCG
full_cohort	1831	CT_AC__DLPFC	CT	604	44352	0.828478518816136	-0.271463803836775	Higher in Control	1.0	1.0	1.0	1.0	1.0	0.0049751243781094	0.0049751243781094	0.0177860696517413	0.0245325098644707	0.0245325098644707	0.0049751243781094	0.0049751243781094	0.0245325098644707	True	True	CT: AC - DLPFC
full_cohort	1831	CT_AC__PCGBA23	CT	604	44352	1.18515716082227	0.245078384106527	Higher in AD	0.0049751243781094	0.0049751243781094	0.0227892794094046	0.0201847903340441	0.0227892794094046	1.0	1.0	1.0	1.0	1.0	0.0049751243781094	0.0049751243781094	0.0227892794094046	True	True	CT: AC - PCG
full_cohort	1831	CT_DLPFC__PCGBA23	CT	604	30976	0.86205708227095	-0.214144692414488	Higher in Control	1.0	1.0	1.0	1.0	1.0	0.0049751243781094	0.0049751243781094	0.027363184079602	0.0197622996130459	0.027363184079602	0.0049751243781094	0.0049751243781094	0.027363184079602	True	True	CT: DLPFC - PCG
full_cohort	1849	TS_AC	TS	92	253	1.50985794760454	0.59441282244651	Higher in AD	0.0248756218905473	0.0149253731343284	0.0784122863941164	0.0584913271480436	0.0784122863941164	0.980099502487562	0.990049751243781	1.0	1.0	1.0	0.0248756218905473	0.0149253731343284	0.0784122863941164	False	True	TS: AC
full_cohort	1849	TS_DLPFC	TS	92	406	1.06581027272535	0.0919506435760318	Higher in AD	0.0049751243781094	0.611940298507463	0.0086442786069651	1.0	1.0	1.0	0.393034825870647	1.0	0.642727538776705	1.0	0.0049751243781094	0.611940298507463	1.0	False	False	TS: DLPFC
full_cohort	1849	TS_PCGBA23	TS	92	780	1.11640566913896	0.158861355580664	Higher in AD	0.91044776119403	0.343283582089552	1.0	0.867591865235227	1.0	0.0945273631840796	0.661691542288557	0.163693726489504	1.0	1.0	0.91044776119403	0.343283582089552	1.0	False	False	TS: PCG
full_cohort	1849	CT_AC__DLPFC	CT	92	667	0.857892150459748	-0.22113180354563	Higher in Control	0.54228855721393	0.716417910447761	0.98161093267838	1.0	1.0	0.462686567164179	0.288557213930348	1.0	0.665543251484513	1.0	0.462686567164179	0.288557213930348	1.0	False	False	CT: AC - DLPFC
full_cohort	1849	CT_AC__PCGBA23	CT	92	920	1.18972690874272	0.250630453686762	Higher in AD	0.0845771144278607	0.0149253731343284	0.31605132233569	0.0529850746268657	0.31605132233569	0.920398009950249	0.990049751243781	1.0	1.0	1.0	0.0845771144278607	0.0149253731343284	0.31605132233569	False	False	CT: AC - PCG
full_cohort	1849	CT_DLPFC__PCGBA23	CT	92	1160	0.975399413239086	-0.0359349903804218	Higher in Control	0.293532338308458	0.855721393034826	0.451345423420532	1.0	1.0	0.711442786069652	0.149253731343284	1.0	0.426865671641791	1.0	0.711442786069652	0.149253731343284	1.0	False	False	CT: DLPFC - PCG
full_cohort	1861	TS_AC	TS	111	465	0.81463382377497	-0.295776378288043	Higher in Control	0.90547263681592	0.90547263681592	1.0	1.0	1.0	0.0995024875621891	0.0995024875621891	0.379680544645195	0.424348844015218	0.424348844015218	0.0995024875621891	0.0995024875621891	0.424348844015218	False	False	TS: AC
full_cohort	1861	TS_DLPFC	TS	111	703	0.708000909250902	-0.498176881795297	Higher in Control	0.338308457711443	1.0	0.379232867918472	1.0	1.0	0.666666666666667	0.0049751243781094	1.0	0.0160823788036561	1.0	0.666666666666667	0.0049751243781094	1.0	False	False	TS: DLPFC
full_cohort	1861	TS_PCGBA23	TS	111	861	0.818623623455764	-0.288727794890238	Higher in Control	1.0	0.995024875621891	1.0	1.0	1.0	0.0049751243781094	0.0099502487562189	0.0119740281642634	0.0441542288557214	0.0441542288557214	0.0049751243781094	0.0099502487562189	0.0441542288557214	True	True	TS: PCG
full_cohort	1861	CT_AC__DLPFC	CT	111	1178	0.73064344996532	-0.452760544327894	Higher in Control	1.0	0.990049751243781	1.0	1.0	1.0	0.0049751243781094	0.0149253731343284	0.0177860696517413	0.0666977611940299	0.0666977611940299	0.0049751243781094	0.0149253731343284	0.0666977611940299	False	True	CT: AC - DLPFC
full_cohort	1861	CT_AC__PCGBA23	CT	111	1302	0.889233547724266	-0.169365717572332	Higher in Control	1.0	0.736318407960199	1.0	1.0	1.0	0.0049751243781094	0.26865671641791	0.0130827344757693	0.706467661691542	0.706467661691542	0.0049751243781094	0.26865671641791	0.706467661691542	False	False	CT: AC - PCG
full_cohort	1861	CT_DLPFC__PCGBA23	CT	111	1596	0.623535794263531	-0.681455714103869	Higher in Control	1.0	1.0	1.0	1.0	1.0	0.0049751243781094	0.0049751243781094	0.027363184079602	0.0197622996130459	0.027363184079602	0.0049751243781094	0.0049751243781094	0.027363184079602	True	True	CT: DLPFC - PCG
full_cohort	1901	TS_AC	TS	235	190	0.913772603083481	-0.130092906869477	Higher in Control	0.656716417910448	0.626865671641791	1.0	1.0	1.0	0.348258706467662	0.378109452736318	0.848092923634566	0.979033404406539	0.979033404406539	0.348258706467662	0.378109452736318	0.979033404406539	False	False	TS: AC
full_cohort	1901	TS_DLPFC	TS	235	9591	1.15040372878527	0.202140257081869	Higher in AD	0.0049751243781094	0.124378109452736	0.0086442786069651	0.523895673149404	0.523895673149404	1.0	0.880597014925373	1.0	1.0	1.0	0.0049751243781094	0.124378109452736	0.523895673149404	False	False	TS: DLPFC
full_cohort	1901	TS_PCGBA23	TS	235	2850	1.27927514921999	0.355326595511976	Higher in AD	0.507462686567164	0.0398009950248756	1.0	0.217374665135859	1.0	0.497512437810945	0.965174129353234	0.685890933681109	1.0	1.0	0.507462686567164	0.0398009950248756	1.0	False	False	TS: PCG
full_cohort	1901	CT_AC__DLPFC	CT	235	2780	1.10211952160535	0.140280688407289	Higher in AD	0.0049751243781094	0.0199004975124378	0.0161691542288557	0.109452736318408	0.109452736318408	1.0	0.985074626865672	1.0	1.0	1.0	0.0049751243781094	0.0199004975124378	0.109452736318408	False	False	CT: AC - DLPFC
full_cohort	1901	CT_AC__PCGBA23	CT	235	1520	1.11550367696128	0.157695269050509	Higher in AD	0.243781094527363	0.054726368159204	0.769264787175235	0.149445082280903	0.769264787175235	0.761194029850746	0.950248756218905	1.0	1.0	1.0	0.243781094527363	0.054726368159204	0.769264787175235	False	False	CT: AC - PCG
full_cohort	1901	CT_DLPFC__PCGBA23	CT	235	10564	1.58986847633665	0.668907421871112	Higher in AD	0.0049751243781094	0.0049751243781094	0.0111162935323383	0.0323383084577114	0.0323383084577114	1.0	1.0	1.0	1.0	1.0	0.0049751243781094	0.0049751243781094	0.0323383084577114	True	True	CT: DLPFC - PCG
full_cohort	1903	TS_AC	TS	136	528	1.12853386652628	0.174449713466746	Higher in AD	0.149253731343284	0.114427860696517	0.408335680090115	0.313057354735755	0.408335680090115	0.855721393034826	0.890547263681592	1.0	1.0	1.0	0.149253731343284	0.114427860696517	0.408335680090115	False	False	TS: AC
full_cohort	1903	TS_DLPFC	TS	136	946	1.1856056659415	0.245624247329736	Higher in AD	0.0049751243781094	0.189054726368159	0.0086442786069651	0.691542288557214	0.691542288557214	1.0	0.81592039800995	1.0	1.0	1.0	0.0049751243781094	0.189054726368159	0.691542288557214	False	False	TS: DLPFC
full_cohort	1903	TS_PCGBA23	TS	136	1711	1.43750599976004	0.52356797748727	Higher in AD	0.0497512437810945	0.0099502487562189	0.642243328810493	0.0743650170201623	0.642243328810493	0.955223880597015	0.995024875621891	1.0	1.0	1.0	0.0497512437810945	0.0099502487562189	0.642243328810493	False	False	TS: PCG
full_cohort	1903	CT_AC__DLPFC	CT	136	1452	0.96767328847983	-0.0474080563235886	Higher in Control	0.0099502487562189	0.283582089552239	0.0296434494195688	0.827596710325921	0.827596710325921	0.995024875621891	0.721393034825871	1.0	1.0	1.0	0.995024875621891	0.721393034825871	1.0	False	False	CT: AC - DLPFC
full_cohort	1903	CT_AC__PCGBA23	CT	136	1947	1.12981112057055	0.1760816060984	Higher in AD	0.109452736318408	0.0149253731343284	0.388557213930348	0.0529850746268657	0.388557213930348	0.895522388059702	0.990049751243781	1.0	1.0	1.0	0.109452736318408	0.0149253731343284	0.388557213930348	False	False	CT: AC - PCG
full_cohort	1903	CT_DLPFC__PCGBA23	CT	136	2596	1.35956553660817	0.443145696828463	Higher in AD	0.0049751243781094	0.0149253731343284	0.0111162935323383	0.076226012793177	0.076226012793177	1.0	0.990049751243781	1.0	1.0	1.0	0.0049751243781094	0.0149253731343284	0.076226012793177	False	True	CT: DLPFC - PCG
full_cohort	1904	TS_AC	TS	477	8778	0.980213575503225	-0.0288319673443894	Higher in Control	0.537313432835821	0.308457711442786	0.986208199508785	0.667557733719462	0.986208199508785	0.467661691542289	0.696517412935323	0.997219783435762	1.0	1.0	0.467661691542289	0.696517412935323	1.0	False	False	TS: AC
full_cohort	1904	TS_DLPFC	TS	477	19503	0.976854215423499	-0.0337848227437844	Higher in Control	0.0049751243781094	1.0	0.0086442786069651	1.0	1.0	1.0	0.0049751243781094	1.0	0.0160823788036561	1.0	1.0	0.0049751243781094	1.0	False	False	TS: DLPFC
full_cohort	1904	TS_PCGBA23	TS	477	10585	0.918582492864898	-0.122518807189249	Higher in Control	1.0	1.0	1.0	1.0	1.0	0.0049751243781094	0.0049751243781094	0.0119740281642634	0.0252309879175551	0.0252309879175551	0.0049751243781094	0.0049751243781094	0.0252309879175551	True	True	TS: PCG
full_cohort	1904	CT_AC__DLPFC	CT	477	26334	0.84154109752584	-0.248894366114163	Higher in Control	1.0	0.985074626865672	1.0	1.0	1.0	0.0049751243781094	0.0199004975124378	0.0177860696517413	0.0748887143231212	0.0748887143231212	0.0049751243781094	0.0199004975124378	0.0748887143231212	False	True	CT: AC - DLPFC
full_cohort	1904	CT_AC__PCGBA23	CT	477	19418	0.833496417473586	-0.262752096640517	Higher in Control	1.0	0.990049751243781	1.0	1.0	1.0	0.0049751243781094	0.0149253731343284	0.0130827344757693	0.0784964068546158	0.0784964068546158	0.0049751243781094	0.0149253731343284	0.0784964068546158	False	True	CT: AC - PCG
full_cohort	1904	CT_DLPFC__PCGBA23	CT	477	28908	0.742841703440761	-0.42887328384358	Higher in Control	1.0	1.0	1.0	1.0	1.0	0.0049751243781094	0.0049751243781094	0.027363184079602	0.0197622996130459	0.027363184079602	0.0049751243781094	0.0049751243781094	0.027363184079602	True	True	CT: DLPFC - PCG
full_cohort	1905	TS_AC	TS	466	10296	1.26732094454953	0.341781928168794	Higher in AD	0.0049751243781094	0.0049751243781094	0.0167765822052528	0.0240464344941957	0.0240464344941957	1.0	1.0	1.0	1.0	1.0	0.0049751243781094	0.0049751243781094	0.0240464344941957	True	True	TS: AC
full_cohort	1905	TS_DLPFC	TS	466	14028	0.943461125310438	-0.0839650211287216	Higher in Control	0.0049751243781094	1.0	0.0086442786069651	1.0	1.0	1.0	0.0049751243781094	1.0	0.0160823788036561	1.0	1.0	0.0049751243781094	1.0	False	False	TS: DLPFC
full_cohort	1905	TS_PCGBA23	TS	466	11781	1.20012072875675	0.263179544181806	Higher in AD	0.980099502487562	0.0597014925373134	1.0	0.29233144621719	1.0	0.0248756218905473	0.945273631840796	0.0519461515949663	1.0	1.0	0.980099502487562	0.0597014925373134	1.0	False	False	TS: PCG
full_cohort	1905	CT_AC__DLPFC	CT	466	24192	1.07358462931537	0.102435921500552	Higher in AD	0.0049751243781094	0.0049751243781094	0.0161691542288557	0.0309322950465066	0.0309322950465066	1.0	1.0	1.0	1.0	1.0	0.0049751243781094	0.0049751243781094	0.0309322950465066	True	True	CT: AC - DLPFC
full_cohort	1905	CT_AC__PCGBA23	CT	466	22176	1.10688049475981	0.14649946880039	Higher in AD	0.0248756218905473	0.0049751243781094	0.0981205085682698	0.0201847903340441	0.0981205085682698	0.980099502487562	1.0	1.0	1.0	1.0	0.0248756218905473	0.0049751243781094	0.0981205085682698	False	True	CT: AC - PCG
full_cohort	1905	CT_DLPFC__PCGBA23	CT	466	25872	1.16138872479459	0.21585093298664	Higher in AD	0.0049751243781094	0.164179104477612	0.0111162935323383	0.483781094527363	0.483781094527363	1.0	0.840796019900497	1.0	1.0	1.0	0.0049751243781094	0.164179104477612	0.483781094527363	False	False	CT: DLPFC - PCG
full_cohort	1907	TS_AC	TS	404	10878	1.37973679168419	0.464393074576232	Higher in AD	0.0049751243781094	0.0049751243781094	0.0167765822052528	0.0240464344941957	0.0240464344941957	1.0	1.0	1.0	1.0	1.0	0.0049751243781094	0.0049751243781094	0.0240464344941957	True	True	TS: AC
full_cohort	1907	TS_DLPFC	TS	404	7381	0.984398302866829	-0.0226859243400903	Higher in Control	0.0049751243781094	0.995024875621891	0.0086442786069651	1.0	1.0	1.0	0.0099502487562189	1.0	0.0276616915422886	1.0	1.0	0.0099502487562189	1.0	False	False	TS: DLPFC
full_cohort	1907	TS_PCGBA23	TS	404	8911	1.16302451651556	0.217881509091968	Higher in AD	1.0	0.169154228855721	1.0	0.522171749945923	1.0	0.0049751243781094	0.835820895522388	0.0119740281642634	1.0	1.0	1.0	0.169154228855721	1.0	False	False	TS: PCG
full_cohort	1907	CT_AC__DLPFC	CT	404	18056	1.11110177742337	0.151990974295637	Higher in AD	0.0049751243781094	0.0049751243781094	0.0161691542288557	0.0309322950465066	0.0309322950465066	1.0	1.0	1.0	1.0	1.0	0.0049751243781094	0.0049751243781094	0.0309322950465066	True	True	CT: AC - DLPFC
full_cohort	1907	CT_AC__PCGBA23	CT	404	19832	1.18194698157176	0.24116532219987	Higher in AD	0.0049751243781094	0.0049751243781094	0.0227892794094046	0.0201847903340441	0.0227892794094046	1.0	1.0	1.0	1.0	1.0	0.0049751243781094	0.0049751243781094	0.0227892794094046	True	True	CT: AC - PCG
full_cohort	1907	CT_DLPFC__PCGBA23	CT	404	16348	1.16700778815291	0.222814189059045	Higher in AD	0.0049751243781094	0.203980099502488	0.0111162935323383	0.530348258706468	0.530348258706468	1.0	0.800995024875622	1.0	1.0	1.0	0.0049751243781094	0.203980099502488	0.530348258706468	False	False	CT: DLPFC - PCG
full_cohort	1918	TS_AC	TS	542	20706	0.999300413692468	-0.0010096429039191	Higher in Control	0.194029850746269	0.208955223880597	0.502398720682303	0.504975124378109	0.504975124378109	0.810945273631841	0.796019900497512	1.0	1.0	1.0	0.810945273631841	0.796019900497512	1.0	False	False	TS: AC
full_cohort	1918	TS_DLPFC	TS	542	12561	1.06089178088942	0.0852774977823855	Higher in AD	0.0049751243781094	0.746268656716418	0.0086442786069651	1.0	1.0	1.0	0.258706467661692	1.0	0.461028192371476	1.0	0.0049751243781094	0.746268656716418	1.0	False	False	TS: DLPFC
full_cohort	1918	TS_PCGBA23	TS	542	15931	1.37507704530689	0.459512454832336	Higher in AD	0.0049751243781094	0.0049751243781094	0.0706467661691542	0.0415569212759731	0.0706467661691542	1.0	1.0	1.0	1.0	1.0	0.0049751243781094	0.0049751243781094	0.0706467661691542	False	True	TS: PCG
full_cohort	1918	CT_AC__DLPFC	CT	542	32436	1.14425968043373	0.194414497186253	Higher in AD	0.0049751243781094	0.0049751243781094	0.0161691542288557	0.0309322950465066	0.0309322950465066	1.0	1.0	1.0	1.0	1.0	0.0049751243781094	0.0049751243781094	0.0309322950465066	True	True	CT: AC - DLPFC
full_cohort	1918	CT_AC__PCGBA23	CT	542	36516	1.37537750934376	0.459827659442386	Higher in AD	0.0049751243781094	0.0049751243781094	0.0227892794094046	0.0201847903340441	0.0227892794094046	1.0	1.0	1.0	1.0	1.0	0.0049751243781094	0.0049751243781094	0.0227892794094046	True	True	CT: AC - PCG
full_cohort	1918	CT_DLPFC__PCGBA23	CT	542	28461	1.3217859774248	0.40248859567739	Higher in AD	0.0049751243781094	0.0049751243781094	0.0111162935323383	0.0323383084577114	0.0323383084577114	1.0	1.0	1.0	1.0	1.0	0.0049751243781094	0.0049751243781094	0.0323383084577114	True	True	CT: DLPFC - PCG
full_cohort	1969	TS_AC	TS	639	24531	0.765046578209607	-0.386380509034537	Higher in Control	1.0	1.0	1.0	1.0	1.0	0.0049751243781094	0.0049751243781094	0.0267182605491063	0.0313649145576465	0.0313649145576465	0.0049751243781094	0.0049751243781094	0.0313649145576465	True	True	TS: AC
full_cohort	1969	TS_DLPFC	TS	639	16836	0.953123957685121	-0.0692642401350323	Higher in Control	0.0049751243781094	1.0	0.0086442786069651	1.0	1.0	1.0	0.0049751243781094	1.0	0.0160823788036561	1.0	1.0	0.0049751243781094	1.0	False	False	TS: DLPFC
full_cohort	1969	TS_PCGBA23	TS	639	27028	1.04081875701428	0.0577188667913741	Higher in AD	1.0	0.746268656716418	1.0	1.0	1.0	0.0049751243781094	0.258706467661692	0.0119740281642634	0.556610884969094	0.556610884969094	1.0	0.746268656716418	1.0	False	False	TS: PCG
full_cohort	1969	CT_AC__DLPFC	CT	639	40848	0.926273146576982	-0.110490405609685	Higher in Control	0.0049751243781094	0.472636815920398	0.0161691542288557	1.0	1.0	1.0	0.532338308457711	1.0	0.939807137153738	1.0	1.0	0.532338308457711	1.0	False	False	CT: AC - DLPFC
full_cohort	1969	CT_AC__PCGBA23	CT	639	51726	0.860288729593065	-0.217107157347826	Higher in Control	1.0	0.980099502487562	1.0	1.0	1.0	0.0049751243781094	0.0248756218905473	0.0130827344757693	0.113946397047023	0.113946397047023	0.0049751243781094	0.0248756218905473	0.113946397047023	False	False	CT: AC - PCG
full_cohort	1969	CT_DLPFC__PCGBA23	CT	639	42872	1.01199501652946	0.0172021856390119	Higher in AD	0.0049751243781094	1.0	0.0111162935323383	1.0	1.0	1.0	0.0049751243781094	1.0	0.0197622996130459	1.0	0.0049751243781094	1.0	1.0	False	False	CT: DLPFC - PCG
full_cohort	1982	TS_AC	TS	698	21115	1.38223623507437	0.467004204759899	Higher in AD	0.0049751243781094	0.0049751243781094	0.0167765822052528	0.0240464344941957	0.0240464344941957	1.0	1.0	1.0	1.0	1.0	0.0049751243781094	0.0049751243781094	0.0240464344941957	True	True	TS: AC
full_cohort	1982	TS_DLPFC	TS	698	31125	1.1382632637748	0.186834270664507	Higher in AD	0.0049751243781094	0.0995024875621891	0.0086442786069651	0.446156315198203	0.446156315198203	1.0	0.90547263681592	1.0	1.0	1.0	0.0049751243781094	0.0995024875621891	0.446156315198203	False	False	TS: DLPFC
full_cohort	1982	TS_PCGBA23	TS	698	29161	1.4098705422729	0.495562696953593	Higher in AD	0.0049751243781094	0.0049751243781094	0.0706467661691542	0.0415569212759731	0.0706467661691542	1.0	1.0	1.0	1.0	1.0	0.0049751243781094	0.0049751243781094	0.0706467661691542	False	True	TS: PCG
full_cohort	1982	CT_AC__DLPFC	CT	698	51500	1.38208353265603	0.466844814356188	Higher in AD	0.0049751243781094	0.0049751243781094	0.0161691542288557	0.0309322950465066	0.0309322950465066	1.0	1.0	1.0	1.0	1.0	0.0049751243781094	0.0049751243781094	0.0309322950465066	True	True	CT: AC - DLPFC
full_cohort	1982	CT_AC__PCGBA23	CT	698	49852	1.44538787865732	0.531456700700966	Higher in AD	0.0049751243781094	0.0049751243781094	0.0227892794094046	0.0201847903340441	0.0227892794094046	1.0	1.0	1.0	1.0	1.0	0.0049751243781094	0.0049751243781094	0.0227892794094046	True	True	CT: AC - PCG
full_cohort	1982	CT_DLPFC__PCGBA23	CT	698	60500	1.35360721285221	0.436809161157959	Higher in AD	0.0049751243781094	0.0049751243781094	0.0111162935323383	0.0323383084577114	0.0323383084577114	1.0	1.0	1.0	1.0	1.0	0.0049751243781094	0.0049751243781094	0.0323383084577114	True	True	CT: DLPFC - PCG
full_cohort	1996	TS_AC	TS	30	231	1.00887014636832	0.0127404943190475	Higher in AD	0.432835820895522	0.368159203980099	0.871683250414594	0.711901021209741	0.871683250414594	0.572139303482587	0.63681592039801	1.0	1.0	1.0	0.432835820895522	0.368159203980099	0.871683250414594	False	False	TS: AC
full_cohort	1996	TS_DLPFC	TS	30	1	0.0036046736079339	-8.11591565086395	Higher in Control	0.879396984924623	0.955	0.892234897113304	1.0	1.0	0.125628140703518	0.05	1.0	0.119827586206897	1.0	0.125628140703518	0.05	1.0	False	False	TS: DLPFC
full_cohort	1996	TS_PCGBA23	TS	30	15	0.489531967825246	-1.03052501990611	Higher in Control	0.885572139303483	0.940298507462687	1.0	1.0	1.0	0.119402985074627	0.0646766169154229	0.199473222124671	0.180079992195883	0.199473222124671	0.119402985074627	0.0646766169154229	0.199473222124671	False	False	TS: PCG
full_cohort	1996	CT_AC__DLPFC	CT	30	44	1.73418924018898	0.794261338574429	Higher in AD	0.0149253731343284	0.0298507462686567	0.0426865671641791	0.147195059186825	0.147195059186825	0.990049751243781	0.975124378109453	1.0	1.0	1.0	0.0149253731343284	0.0298507462686567	0.147195059186825	False	False	CT: AC - DLPFC
full_cohort	1996	CT_AC__PCGBA23	CT	30	132	0.731710193924032	-0.450655736782139	Higher in Control	0.985074626865672	0.890547263681592	1.0	1.0	1.0	0.0199004975124378	0.114427860696517	0.0434749330271718	0.406218905472637	0.406218905472637	0.0199004975124378	0.114427860696517	0.406218905472637	False	False	CT: AC - PCG
full_cohort	1996	CT_DLPFC__PCGBA23	CT	30	12	1.27535392374861	0.350897665265706	Higher in AD	0.303482587064677	0.323383084577114	0.46168095691754	0.734028271341704	0.734028271341704	0.701492537313433	0.681592039800995	1.0	1.0	1.0	0.303482587064677	0.323383084577114	0.734028271341704	False	False	CT: DLPFC - PCG
full_cohort	2198	TS_AC	TS	42	105	1.06061369955235	0.0848992884664547	Higher in AD	0.383084577114428	0.348258706467662	0.829063637038687	0.711901021209741	0.829063637038687	0.621890547263682	0.656716417910448	1.0	1.0	1.0	0.383084577114428	0.348258706467662	0.829063637038687	False	False	TS: AC
full_cohort	2198	TS_DLPFC	TS	42	15	0.699978220168295	-0.514618061606943	Higher in Control	0.482587064676617	0.900497512437811	0.515996938384998	1.0	1.0	0.522388059701492	0.104477611940299	1.0	0.230514096185738	1.0	0.522388059701492	0.104477611940299	1.0	False	False	TS: DLPFC
full_cohort	2198	TS_PCGBA23	TS	42	210	1.27537471273774	0.350921181817868	Higher in AD	0.477611940298507	0.223880597014925	1.0	0.635820895522388	1.0	0.527363184079602	0.781094527363184	0.720053578262534	1.0	1.0	0.477611940298507	0.223880597014925	1.0	False	False	TS: PCG
full_cohort	2198	CT_AC__DLPFC	CT	42	90	1.42084240519357	0.506746544831019	Higher in AD	0.0099502487562189	0.0248756218905473	0.0296434494195688	0.127043354655295	0.127043354655295	0.995024875621891	0.980099502487562	1.0	1.0	1.0	0.0099502487562189	0.0248756218905473	0.127043354655295	False	False	CT: AC - DLPFC
full_cohort	2198	CT_AC__PCGBA23	CT	42	315	1.20721374211609	0.271681133748846	Higher in AD	0.154228855721393	0.0497512437810945	0.509313895638089	0.141293532338308	0.509313895638089	0.850746268656716	0.955223880597015	1.0	1.0	1.0	0.154228855721393	0.0497512437810945	0.509313895638089	False	False	CT: AC - PCG
full_cohort	2198	CT_DLPFC__PCGBA23	CT	42	126	1.3631966092254	0.446993652164219	Higher in AD	0.0248756218905473	0.154228855721393	0.0494057490326147	0.469249497194877	0.469249497194877	0.980099502487562	0.850746268656716	1.0	1.0	1.0	0.0248756218905473	0.154228855721393	0.469249497194877	False	False	CT: DLPFC - PCG
full_cohort	2394	TS_AC	TS	30	0			Not available														False	False	TS: AC
full_cohort	2394	TS_DLPFC	TS	30	0			Not available														False	False	TS: DLPFC
full_cohort	2394	TS_PCGBA23	TS	30	406	1.39495510448679	0.480218690816794	Higher in AD	0.278606965174129	0.0995024875621891	1.0	0.373684210526316	1.0	0.72636815920398	0.90547263681592	0.86675864375601	1.0	1.0	0.278606965174129	0.0995024875621891	1.0	False	False	TS: PCG
full_cohort	2394	CT_AC__DLPFC	CT	30	0			Not available														False	False	CT: AC - DLPFC
full_cohort	2394	CT_AC__PCGBA23	CT	30	29	1.08395040832185	0.116298753643118	Higher in AD	0.497512437810945	0.303482587064677	1.0	0.624558367582378	1.0	0.507462686567164	0.701492537313433	0.791864851566344	1.0	1.0	0.497512437810945	0.303482587064677	1.0	False	False	CT: AC - PCG
full_cohort	2394	CT_DLPFC__PCGBA23	CT	30	0			Not available														False	False	CT: DLPFC - PCG
