module_definition	module	component	component_class	n_features	n_edges	mdc	log2_mdc	direction	p_loss_sample	p_loss_gene	q_loss_sample	q_loss_gene	q_loss_max	p_gain_sample	p_gain_gene	q_gain_sample	q_gain_gene	q_gain_max	directional_p_sample	directional_p_gene	directional_fdr	significant_fdr_05	significant_fdr_10	component_label
control_derived	10	TS_AC	TS	424	351	0.836447105656943	-0.257653783337646	Higher in Control	0.81592039800995	0.800995024875622	1.0	1.0	1.0	0.189054726368159	0.203980099502488	0.277483549991976	0.301824212271973	0.301824212271973	0.189054726368159	0.203980099502488	0.301824212271973	False	False	TS: AC
control_derived	10	TS_DLPFC	TS	424	13530	0.858444558814317	-0.220203131663364	Higher in Control	0.0049751243781094	1.0	0.008401389280015	1.0	1.0	1.0	0.0049751243781094	1.0	0.0117177271537052	1.0	1.0	0.0049751243781094	1.0	False	False	TS: DLPFC
control_derived	10	TS_PCGBA23	TS	424	26796	0.726258330898188	-0.461445287142564	Higher in Control	1.0	1.0	1.0	1.0	1.0	0.0049751243781094	0.0049751243781094	0.0078241272271123	0.0130774697938877	0.0130774697938877	0.0049751243781094	0.0049751243781094	0.0130774697938877	True	True	TS: PCG
control_derived	10	CT_AC__DLPFC	CT	424	4455	0.573681654978662	-0.801677710232795	Higher in Control	1.0	1.0	1.0	1.0	1.0	0.0049751243781094	0.0049751243781094	0.0061258334179442	0.0064321250888415	0.0064321250888415	0.0049751243781094	0.0049751243781094	0.0064321250888415	True	True	CT: AC - DLPFC
control_derived	10	CT_AC__PCGBA23	CT	424	6264	0.729622211170778	-0.454778446171183	Higher in Control	1.0	1.0	1.0	1.0	1.0	0.0049751243781094	0.0049751243781094	0.0053555750658472	0.0061516740621218	0.0061516740621218	0.0049751243781094	0.0049751243781094	0.0061516740621218	True	True	CT: AC - PCG
control_derived	10	CT_DLPFC__PCGBA23	CT	424	38280	0.797606433191443	-0.326251048872463	Higher in Control	1.0	1.0	1.0	1.0	1.0	0.0049751243781094	0.0049751243781094	0.0078304131516331	0.0075041459369817	0.0078304131516331	0.0049751243781094	0.0049751243781094	0.0078304131516331	True	True	CT: DLPFC - PCG
control_derived	11	TS_AC	TS	465	67528	0.821546639975765	-0.283585614232126	Higher in Control	1.0	1.0	1.0	1.0	1.0	0.0049751243781094	0.0049751243781094	0.0109093088773002	0.0146043973679987	0.0146043973679987	0.0049751243781094	0.0049751243781094	0.0146043973679987	True	True	TS: AC
control_derived	11	TS_DLPFC	TS	465	820	0.916938384453608	-0.125103302648068	Higher in Control	0.0049751243781094	0.970149253731343	0.008401389280015	1.0	1.0	1.0	0.0348258706467662	1.0	0.0649357379767828	1.0	1.0	0.0348258706467662	1.0	False	False	TS: DLPFC
control_derived	11	TS_PCGBA23	TS	465	1540	0.762503281406039	-0.391184548723777	Higher in Control	1.0	1.0	1.0	1.0	1.0	0.0049751243781094	0.0049751243781094	0.0078241272271123	0.0130774697938877	0.0130774697938877	0.0049751243781094	0.0049751243781094	0.0130774697938877	True	True	TS: PCG
control_derived	11	CT_AC__DLPFC	CT	465	15088	0.636711653204198	-0.651287925975716	Higher in Control	1.0	1.0	1.0	1.0	1.0	0.0049751243781094	0.0049751243781094	0.0061258334179442	0.0064321250888415	0.0064321250888415	0.0049751243781094	0.0049751243781094	0.0064321250888415	True	True	CT: AC - DLPFC
control_derived	11	CT_AC__PCGBA23	CT	465	20608	0.666400950394896	-0.585537636667356	Higher in Control	1.0	1.0	1.0	1.0	1.0	0.0049751243781094	0.0049751243781094	0.0053555750658472	0.0061516740621218	0.0061516740621218	0.0049751243781094	0.0049751243781094	0.0061516740621218	True	True	CT: AC - PCG
control_derived	11	CT_DLPFC__PCGBA23	CT	465	2296	0.922380478697054	-0.11656611483889	Higher in Control	0.736318407960199	0.995024875621891	1.0	1.0	1.0	0.26865671641791	0.0099502487562189	0.354940625340451	0.014407960199005	0.354940625340451	0.26865671641791	0.0099502487562189	0.354940625340451	False	False	CT: DLPFC - PCG
control_derived	18	TS_AC	TS	177	253	0.670510542903742	-0.576668078081454	Higher in Control	0.990049751243781	0.990049751243781	1.0	1.0	1.0	0.0149253731343284	0.0149253731343284	0.0292087947359974	0.0352781546811398	0.0352781546811398	0.0149253731343284	0.0149253731343284	0.0352781546811398	True	True	TS: AC
control_derived	18	TS_DLPFC	TS	177	4656	0.829243806410728	-0.270131763266163	Higher in Control	0.0049751243781094	1.0	0.008401389280015	1.0	1.0	1.0	0.0049751243781094	1.0	0.0117177271537052	1.0	1.0	0.0049751243781094	1.0	False	False	TS: DLPFC
control_derived	18	TS_PCGBA23	TS	177	1596	0.767023630507039	-0.382657069844727	Higher in Control	1.0	1.0	1.0	1.0	1.0	0.0049751243781094	0.0049751243781094	0.0078241272271123	0.0130774697938877	0.0130774697938877	0.0049751243781094	0.0049751243781094	0.0130774697938877	True	True	TS: PCG
control_derived	18	CT_AC__DLPFC	CT	177	2231	0.644831641556249	-0.633005556982589	Higher in Control	1.0	1.0	1.0	1.0	1.0	0.0049751243781094	0.0049751243781094	0.0061258334179442	0.0064321250888415	0.0064321250888415	0.0049751243781094	0.0049751243781094	0.0064321250888415	True	True	CT: AC - DLPFC
control_derived	18	CT_AC__PCGBA23	CT	177	1311	0.784935110028373	-0.349354702424196	Higher in Control	1.0	0.950248756218905	1.0	1.0	1.0	0.0049751243781094	0.054726368159204	0.0053555750658472	0.0622045054231946	0.0622045054231946	0.0049751243781094	0.054726368159204	0.0622045054231946	False	True	CT: AC - PCG
control_derived	18	CT_DLPFC__PCGBA23	CT	177	5529	0.867498648513868	-0.205066584785927	Higher in Control	1.0	1.0	1.0	1.0	1.0	0.0049751243781094	0.0049751243781094	0.0078304131516331	0.0075041459369817	0.0078304131516331	0.0049751243781094	0.0049751243781094	0.0078304131516331	True	True	CT: DLPFC - PCG
control_derived	21	TS_AC	TS	296	780	0.546226522296114	-0.872428728319666	Higher in Control	1.0	1.0	1.0	1.0	1.0	0.0049751243781094	0.0049751243781094	0.0109093088773002	0.0146043973679987	0.0146043973679987	0.0049751243781094	0.0049751243781094	0.0146043973679987	True	True	TS: AC
control_derived	21	TS_DLPFC	TS	296	9316	1.13490706523898	0.18257416358818	Higher in AD	0.0049751243781094	0.213930348258706	0.008401389280015	1.0	1.0	1.0	0.791044776119403	1.0	0.901891814811294	1.0	0.0049751243781094	0.213930348258706	1.0	False	False	TS: DLPFC
control_derived	21	TS_PCGBA23	TS	296	7021	0.941313650358512	-0.0872525787130367	Higher in Control	1.0	0.975124378109453	1.0	1.0	1.0	0.0049751243781094	0.0298507462686567	0.0078241272271123	0.0603575528948663	0.0603575528948663	0.0049751243781094	0.0298507462686567	0.0603575528948663	False	True	TS: PCG
control_derived	21	CT_AC__DLPFC	CT	296	5480	0.624370657540169	-0.679525355803407	Higher in Control	1.0	1.0	1.0	1.0	1.0	0.0049751243781094	0.0049751243781094	0.0061258334179442	0.0064321250888415	0.0064321250888415	0.0049751243781094	0.0049751243781094	0.0064321250888415	True	True	CT: AC - DLPFC
control_derived	21	CT_AC__PCGBA23	CT	296	4760	0.613210687479673	-0.705545253338229	Higher in Control	1.0	1.0	1.0	1.0	1.0	0.0049751243781094	0.0049751243781094	0.0053555750658472	0.0061516740621218	0.0061516740621218	0.0049751243781094	0.0049751243781094	0.0061516740621218	True	True	CT: AC - PCG
control_derived	21	CT_DLPFC__PCGBA23	CT	296	16303	1.22169707621445	0.288886608544702	Higher in AD	0.0049751243781094	0.0447761194029851	0.0643212508884151	1.0	1.0	1.0	0.960199004975124	1.0	0.987477385798281	1.0	0.0049751243781094	0.0447761194029851	1.0	False	False	CT: DLPFC - PCG
control_derived	28	TS_AC	TS	543	22578	0.688631314452589	-0.538196308144127	Higher in Control	1.0	1.0	1.0	1.0	1.0	0.0049751243781094	0.0049751243781094	0.0109093088773002	0.0146043973679987	0.0146043973679987	0.0049751243781094	0.0049751243781094	0.0146043973679987	True	True	TS: AC
control_derived	28	TS_DLPFC	TS	543	12246	0.900324086419035	-0.151483678215161	Higher in Control	0.0049751243781094	1.0	0.008401389280015	1.0	1.0	1.0	0.0049751243781094	1.0	0.0117177271537052	1.0	1.0	0.0049751243781094	1.0	False	False	TS: DLPFC
control_derived	28	TS_PCGBA23	TS	543	14878	0.903654217547652	-0.146157262579813	Higher in Control	1.0	1.0	1.0	1.0	1.0	0.0049751243781094	0.0049751243781094	0.0078241272271123	0.0130774697938877	0.0130774697938877	0.0049751243781094	0.0049751243781094	0.0130774697938877	True	True	TS: PCG
control_derived	28	CT_AC__DLPFC	CT	543	33441	0.683189537791201	-0.549642212862686	Higher in Control	1.0	1.0	1.0	1.0	1.0	0.0049751243781094	0.0049751243781094	0.0061258334179442	0.0064321250888415	0.0064321250888415	0.0049751243781094	0.0049751243781094	0.0064321250888415	True	True	CT: AC - DLPFC
control_derived	28	CT_AC__PCGBA23	CT	543	36849	0.659335608992344	-0.600915095236413	Higher in Control	1.0	1.0	1.0	1.0	1.0	0.0049751243781094	0.0049751243781094	0.0053555750658472	0.0061516740621218	0.0061516740621218	0.0049751243781094	0.0049751243781094	0.0061516740621218	True	True	CT: AC - PCG
control_derived	28	CT_DLPFC__PCGBA23	CT	543	27161	0.875375933880118	-0.192025373406484	Higher in Control	1.0	1.0	1.0	1.0	1.0	0.0049751243781094	0.0049751243781094	0.0078304131516331	0.0075041459369817	0.0078304131516331	0.0049751243781094	0.0049751243781094	0.0078304131516331	True	True	CT: DLPFC - PCG
control_derived	31	TS_AC	TS	614	22578	0.287600830299814	-1.79786025406254	Higher in Control	1.0	1.0	1.0	1.0	1.0	0.0049751243781094	0.0049751243781094	0.0109093088773002	0.0146043973679987	0.0146043973679987	0.0049751243781094	0.0049751243781094	0.0146043973679987	True	True	TS: AC
control_derived	31	TS_DLPFC	TS	614	20100	0.660949014666784	-0.597389107760093	Higher in Control	0.621890547263682	1.0	0.6397609652885	1.0	1.0	0.383084577114428	0.0049751243781094	1.0	0.0117177271537052	1.0	0.383084577114428	0.0049751243781094	1.0	False	False	TS: DLPFC
control_derived	31	TS_PCGBA23	TS	614	19900	0.555955454522964	-0.846958802070516	Higher in Control	1.0	1.0	1.0	1.0	1.0	0.0049751243781094	0.0049751243781094	0.0078241272271123	0.0130774697938877	0.0130774697938877	0.0049751243781094	0.0049751243781094	0.0130774697938877	True	True	TS: PCG
control_derived	31	CT_AC__DLPFC	CT	614	42813	0.303461194124572	-1.72041605492535	Higher in Control	1.0	1.0	1.0	1.0	1.0	0.0049751243781094	0.0049751243781094	0.0061258334179442	0.0064321250888415	0.0064321250888415	0.0049751243781094	0.0049751243781094	0.0064321250888415	True	True	CT: AC - DLPFC
control_derived	31	CT_AC__PCGBA23	CT	614	42600	0.411323513830294	-1.28165454720004	Higher in Control	1.0	1.0	1.0	1.0	1.0	0.0049751243781094	0.0049751243781094	0.0053555750658472	0.0061516740621218	0.0061516740621218	0.0049751243781094	0.0049751243781094	0.0061516740621218	True	True	CT: AC - PCG
control_derived	31	CT_DLPFC__PCGBA23	CT	614	40200	0.508612218844178	-0.975361973295537	Higher in Control	1.0	1.0	1.0	1.0	1.0	0.0049751243781094	0.0049751243781094	0.0078304131516331	0.0075041459369817	0.0078304131516331	0.0049751243781094	0.0049751243781094	0.0078304131516331	True	True	CT: DLPFC - PCG
control_derived	34	TS_AC	TS	549	17020	0.531163627510148	-0.912771736243448	Higher in Control	1.0	1.0	1.0	1.0	1.0	0.0049751243781094	0.0049751243781094	0.0109093088773002	0.0146043973679987	0.0146043973679987	0.0049751243781094	0.0049751243781094	0.0146043973679987	True	True	TS: AC
control_derived	34	TS_DLPFC	TS	549	14535	1.07537202407985	0.104835845345833	Higher in AD	0.0049751243781094	0.646766169154229	0.008401389280015	1.0	1.0	1.0	0.358208955223881	1.0	0.471466198419666	1.0	0.0049751243781094	0.646766169154229	1.0	False	False	TS: DLPFC
control_derived	34	TS_PCGBA23	TS	549	18528	1.20996444056665	0.274964649010629	Higher in AD	0.995024875621891	0.0497512437810945	1.0	0.991708126036484	1.0	0.0099502487562189	0.955223880597015	0.0150069325503629	0.998643147896879	0.998643147896879	0.995024875621891	0.0497512437810945	1.0	False	False	TS: PCG
control_derived	34	CT_AC__DLPFC	CT	549	31635	0.422308891697558	-1.24362947153947	Higher in Control	1.0	1.0	1.0	1.0	1.0	0.0049751243781094	0.0049751243781094	0.0061258334179442	0.0064321250888415	0.0064321250888415	0.0049751243781094	0.0049751243781094	0.0064321250888415	True	True	CT: AC - DLPFC
control_derived	34	CT_AC__PCGBA23	CT	549	35705	0.503183594626365	-0.990843208316043	Higher in Control	1.0	1.0	1.0	1.0	1.0	0.0049751243781094	0.0049751243781094	0.0053555750658472	0.0061516740621218	0.0061516740621218	0.0049751243781094	0.0049751243781094	0.0061516740621218	True	True	CT: AC - PCG
control_derived	34	CT_DLPFC__PCGBA23	CT	549	33003	0.902717140351681	-0.147654094046853	Higher in Control	1.0	1.0	1.0	1.0	1.0	0.0049751243781094	0.0049751243781094	0.0078304131516331	0.0075041459369817	0.0078304131516331	0.0049751243781094	0.0049751243781094	0.0078304131516331	True	True	CT: DLPFC - PCG
control_derived	35	TS_AC	TS	458	10011	0.635791511470666	-0.653374339878799	Higher in Control	1.0	1.0	1.0	1.0	1.0	0.0049751243781094	0.0049751243781094	0.0109093088773002	0.0146043973679987	0.0146043973679987	0.0049751243781094	0.0049751243781094	0.0146043973679987	True	True	TS: AC
control_derived	35	TS_DLPFC	TS	458	14028	1.07422082344975	0.103290593089519	Higher in AD	0.0049751243781094	0.721393034825871	0.008401389280015	1.0	1.0	1.0	0.283582089552239	1.0	0.396571828358209	1.0	0.0049751243781094	0.721393034825871	1.0	False	False	TS: DLPFC
control_derived	35	TS_PCGBA23	TS	458	10878	1.08220013940438	0.113967332274807	Higher in AD	1.0	0.482587064676617	1.0	1.0	1.0	0.0049751243781094	0.522388059701492	0.0078241272271123	0.64509666432936	0.64509666432936	1.0	0.482587064676617	1.0	False	False	TS: PCG
control_derived	35	CT_AC__DLPFC	CT	458	23856	0.707501005044828	-0.499195897512228	Higher in Control	1.0	1.0	1.0	1.0	1.0	0.0049751243781094	0.0049751243781094	0.0061258334179442	0.0064321250888415	0.0064321250888415	0.0049751243781094	0.0049751243781094	0.0064321250888415	True	True	CT: AC - DLPFC
control_derived	35	CT_AC__PCGBA23	CT	458	21016	0.734219227431613	-0.445717199249929	Higher in Control	1.0	1.0	1.0	1.0	1.0	0.0049751243781094	0.0049751243781094	0.0053555750658472	0.0061516740621218	0.0061516740621218	0.0049751243781094	0.0049751243781094	0.0061516740621218	True	True	CT: AC - PCG
control_derived	35	CT_DLPFC__PCGBA23	CT	458	24864	1.01460643983046	0.0209202225716214	Higher in AD	0.0049751243781094	0.965174129353234	0.0643212508884151	1.0	1.0	1.0	0.0398009950248756	1.0	0.0500276395798784	1.0	0.0049751243781094	0.965174129353234	1.0	False	False	CT: DLPFC - PCG
control_derived	54	TS_AC	TS	376	10731	0.763361849173615	-0.389561008652711	Higher in Control	1.0	1.0	1.0	1.0	1.0	0.0049751243781094	0.0049751243781094	0.0109093088773002	0.0146043973679987	0.0146043973679987	0.0049751243781094	0.0049751243781094	0.0146043973679987	True	True	TS: AC
control_derived	54	TS_DLPFC	TS	376	4465	1.05537077036682	0.0777499321998654	Higher in AD	0.0049751243781094	0.696517412935323	0.008401389280015	1.0	1.0	1.0	0.308457711442786	1.0	0.415142333445554	1.0	0.0049751243781094	0.696517412935323	1.0	False	False	TS: DLPFC
control_derived	54	TS_PCGBA23	TS	376	8911	1.22101928659945	0.288085988582177	Higher in AD	0.930348258706468	0.054726368159204	1.0	0.991708126036484	1.0	0.0746268656716418	0.950248756218905	0.0953565505804312	0.998643147896879	0.998643147896879	0.930348258706468	0.054726368159204	1.0	False	False	TS: PCG
control_derived	54	CT_AC__DLPFC	CT	376	13965	0.673556345709524	-0.570129456882775	Higher in Control	1.0	1.0	1.0	1.0	1.0	0.0049751243781094	0.0049751243781094	0.0061258334179442	0.0064321250888415	0.0064321250888415	0.0049751243781094	0.0049751243781094	0.0064321250888415	True	True	CT: AC - DLPFC
control_derived	54	CT_AC__PCGBA23	CT	376	19698	0.748251855164139	-0.418404144240786	Higher in Control	1.0	1.0	1.0	1.0	1.0	0.0049751243781094	0.0049751243781094	0.0053555750658472	0.0061516740621218	0.0061516740621218	0.0049751243781094	0.0049751243781094	0.0061516740621218	True	True	CT: AC - PCG
control_derived	54	CT_DLPFC__PCGBA23	CT	376	12730	1.27160581040878	0.346651513778507	Higher in AD	0.0049751243781094	0.0049751243781094	0.0643212508884151	0.225124378109453	0.225124378109453	1.0	1.0	1.0	1.0	1.0	0.0049751243781094	0.0049751243781094	0.225124378109453	False	False	CT: DLPFC - PCG
control_derived	56	TS_AC	TS	114	666	0.754042976862696	-0.407281342295641	Higher in Control	0.975124378109453	0.980099502487562	1.0	1.0	1.0	0.0298507462686567	0.0248756218905473	0.0543283582089552	0.0532630962832894	0.0543283582089552	0.0298507462686567	0.0248756218905473	0.0543283582089552	False	True	TS: AC
control_derived	56	TS_DLPFC	TS	114	946	0.801455502391009	-0.319305672151851	Higher in Control	0.0298507462686567	1.0	0.0434413299356874	1.0	1.0	0.975124378109453	0.0049751243781094	1.0	0.0117177271537052	1.0	0.975124378109453	0.0049751243781094	1.0	False	False	TS: DLPFC
control_derived	56	TS_PCGBA23	TS	114	528	1.01991805058546	0.0284532377226632	Higher in AD	0.975124378109453	0.701492537313433	1.0	1.0	1.0	0.0298507462686567	0.303482587064677	0.0422502870264064	0.416722358357466	0.416722358357466	0.975124378109453	0.701492537313433	1.0	False	False	TS: PCG
control_derived	56	CT_AC__DLPFC	CT	114	1628	0.669415670602819	-0.579025770877628	Higher in Control	1.0	1.0	1.0	1.0	1.0	0.0049751243781094	0.0049751243781094	0.0061258334179442	0.0064321250888415	0.0064321250888415	0.0049751243781094	0.0049751243781094	0.0064321250888415	True	True	CT: AC - DLPFC
control_derived	56	CT_AC__PCGBA23	CT	114	1221	0.854498213772139	-0.226850618766837	Higher in Control	1.0	0.825870646766169	1.0	1.0	1.0	0.0049751243781094	0.17910447761194	0.0053555750658472	0.193941534928906	0.193941534928906	0.0049751243781094	0.17910447761194	0.193941534928906	False	False	CT: AC - PCG
control_derived	56	CT_DLPFC__PCGBA23	CT	114	1452	1.00419835468573	0.0060442663575311	Higher in AD	0.139303482587065	0.835820895522388	0.869445874077886	1.0	1.0	0.865671641791045	0.169154228855721	1.0	0.198811139109647	1.0	0.139303482587065	0.835820895522388	1.0	False	False	CT: DLPFC - PCG
control_derived	60	TS_AC	TS	378	11781	0.644765070379762	-0.633154505728161	Higher in Control	1.0	1.0	1.0	1.0	1.0	0.0049751243781094	0.0049751243781094	0.0109093088773002	0.0146043973679987	0.0146043973679987	0.0049751243781094	0.0049751243781094	0.0146043973679987	True	True	TS: AC
control_derived	60	TS_DLPFC	TS	378	7021	0.820163346292793	-0.286016824891126	Higher in Control	0.0049751243781094	1.0	0.008401389280015	1.0	1.0	1.0	0.0049751243781094	1.0	0.0117177271537052	1.0	1.0	0.0049751243781094	1.0	False	False	TS: DLPFC
control_derived	60	TS_PCGBA23	TS	378	5460	0.842491936507411	-0.247265216564902	Higher in Control	1.0	0.995024875621891	1.0	1.0	1.0	0.0049751243781094	0.0099502487562189	0.0078241272271123	0.0234723816813369	0.0234723816813369	0.0049751243781094	0.0099502487562189	0.0234723816813369	True	True	TS: PCG
control_derived	60	CT_AC__DLPFC	CT	378	18326	0.615701695229527	-0.699696554114345	Higher in Control	1.0	1.0	1.0	1.0	1.0	0.0049751243781094	0.0049751243781094	0.0061258334179442	0.0064321250888415	0.0064321250888415	0.0049751243781094	0.0049751243781094	0.0064321250888415	True	True	CT: AC - DLPFC
control_derived	60	CT_AC__PCGBA23	CT	378	16170	0.735420238493185	-0.443359215365474	Higher in Control	1.0	1.0	1.0	1.0	1.0	0.0049751243781094	0.0049751243781094	0.0053555750658472	0.0061516740621218	0.0061516740621218	0.0049751243781094	0.0049751243781094	0.0061516740621218	True	True	CT: AC - PCG
control_derived	60	CT_DLPFC__PCGBA23	CT	378	12495	0.897944570486342	-0.155301703765712	Higher in Control	1.0	1.0	1.0	1.0	1.0	0.0049751243781094	0.0049751243781094	0.0078304131516331	0.0075041459369817	0.0078304131516331	0.0049751243781094	0.0049751243781094	0.0078304131516331	True	True	CT: DLPFC - PCG
control_derived	68	TS_AC	TS	192	1081	0.601151651789915	-0.734199111128387	Higher in Control	1.0	1.0	1.0	1.0	1.0	0.0049751243781094	0.0049751243781094	0.0109093088773002	0.0146043973679987	0.0146043973679987	0.0049751243781094	0.0049751243781094	0.0146043973679987	True	True	TS: AC
control_derived	68	TS_DLPFC	TS	192	5886	1.09833709606925	0.135320906974524	Higher in AD	0.0049751243781094	0.45273631840796	0.008401389280015	1.0	1.0	1.0	0.552238805970149	1.0	0.677059905949704	1.0	0.0049751243781094	0.45273631840796	1.0	False	False	TS: DLPFC
control_derived	68	TS_PCGBA23	TS	192	630	1.35146614182079	0.434525368595424	Higher in AD	0.383084577114428	0.0646766169154229	1.0	0.991708126036484	1.0	0.621890547263682	0.940298507462687	0.653873489694385	0.998643147896879	0.998643147896879	0.383084577114428	0.0646766169154229	1.0	False	False	TS: PCG
control_derived	68	CT_AC__DLPFC	CT	192	5123	0.577232143269386	-0.79277645610438	Higher in Control	1.0	1.0	1.0	1.0	1.0	0.0049751243781094	0.0049751243781094	0.0061258334179442	0.0064321250888415	0.0064321250888415	0.0049751243781094	0.0049751243781094	0.0064321250888415	True	True	CT: AC - DLPFC
control_derived	68	CT_AC__PCGBA23	CT	192	1692	0.886534468894231	-0.173751369983327	Higher in Control	1.0	0.736318407960199	1.0	1.0	1.0	0.0049751243781094	0.26865671641791	0.0053555750658472	0.285838250607428	0.285838250607428	0.0049751243781094	0.26865671641791	0.285838250607428	False	False	CT: AC - PCG
control_derived	68	CT_DLPFC__PCGBA23	CT	192	3924	1.36571963371844	0.44966134559065	Higher in AD	0.0049751243781094	0.0049751243781094	0.0643212508884151	0.225124378109453	0.225124378109453	1.0	1.0	1.0	1.0	1.0	0.0049751243781094	0.0049751243781094	0.225124378109453	False	False	CT: DLPFC - PCG
control_derived	85	TS_AC	TS	330	5886	0.706805873437322	-0.500614066396119	Higher in Control	1.0	1.0	1.0	1.0	1.0	0.0049751243781094	0.0049751243781094	0.0109093088773002	0.0146043973679987	0.0146043973679987	0.0049751243781094	0.0049751243781094	0.0146043973679987	True	True	TS: AC
control_derived	85	TS_DLPFC	TS	330	5253	0.674513978278915	-0.56807975373797	Higher in Control	0.442786069651741	1.0	0.468986428802732	1.0	1.0	0.562189054726368	0.0049751243781094	1.0	0.0117177271537052	1.0	0.562189054726368	0.0049751243781094	1.0	False	False	TS: DLPFC
control_derived	85	TS_PCGBA23	TS	330	6903	0.776751238648933	-0.364475457939992	Higher in Control	1.0	1.0	1.0	1.0	1.0	0.0049751243781094	0.0049751243781094	0.0078241272271123	0.0130774697938877	0.0130774697938877	0.0049751243781094	0.0049751243781094	0.0130774697938877	True	True	TS: PCG
control_derived	85	CT_AC__DLPFC	CT	330	11227	0.61486534397967	-0.70165760125432	Higher in Control	1.0	1.0	1.0	1.0	1.0	0.0049751243781094	0.0049751243781094	0.0061258334179442	0.0064321250888415	0.0064321250888415	0.0049751243781094	0.0049751243781094	0.0064321250888415	True	True	CT: AC - DLPFC
control_derived	85	CT_AC__PCGBA23	CT	330	12862	0.656487562545239	-0.607160416022479	Higher in Control	1.0	1.0	1.0	1.0	1.0	0.0049751243781094	0.0049751243781094	0.0053555750658472	0.0061516740621218	0.0061516740621218	0.0049751243781094	0.0049751243781094	0.0061516740621218	True	True	CT: AC - PCG
control_derived	85	CT_DLPFC__PCGBA23	CT	330	12154	0.848452734988353	-0.237093801527423	Higher in Control	1.0	1.0	1.0	1.0	1.0	0.0049751243781094	0.0049751243781094	0.0078304131516331	0.0075041459369817	0.0078304131516331	0.0049751243781094	0.0049751243781094	0.0078304131516331	True	True	CT: DLPFC - PCG
control_derived	86	TS_AC	TS	401	2145	0.674654763953447	-0.567778663460891	Higher in Control	1.0	1.0	1.0	1.0	1.0	0.0049751243781094	0.0049751243781094	0.0109093088773002	0.0146043973679987	0.0146043973679987	0.0049751243781094	0.0049751243781094	0.0146043973679987	True	True	TS: AC
control_derived	86	TS_DLPFC	TS	401	21528	0.790655896222773	-0.338878143331118	Higher in Control	0.0049751243781094	1.0	0.008401389280015	1.0	1.0	1.0	0.0049751243781094	1.0	0.0117177271537052	1.0	1.0	0.0049751243781094	1.0	False	False	TS: DLPFC
control_derived	86	TS_PCGBA23	TS	401	8001	0.816710643894247	-0.292103064938284	Higher in Control	1.0	1.0	1.0	1.0	1.0	0.0049751243781094	0.0049751243781094	0.0078241272271123	0.0130774697938877	0.0130774697938877	0.0049751243781094	0.0049751243781094	0.0130774697938877	True	True	TS: PCG
control_derived	86	CT_AC__DLPFC	CT	401	13728	0.449048558308719	-1.15505663423426	Higher in Control	1.0	1.0	1.0	1.0	1.0	0.0049751243781094	0.0049751243781094	0.0061258334179442	0.0064321250888415	0.0064321250888415	0.0049751243781094	0.0049751243781094	0.0064321250888415	True	True	CT: AC - DLPFC
control_derived	86	CT_AC__PCGBA23	CT	401	8382	0.643579613775838	-0.635809467350419	Higher in Control	1.0	1.0	1.0	1.0	1.0	0.0049751243781094	0.0049751243781094	0.0053555750658472	0.0061516740621218	0.0061516740621218	0.0049751243781094	0.0049751243781094	0.0061516740621218	True	True	CT: AC - PCG
control_derived	86	CT_DLPFC__PCGBA23	CT	401	26416	0.841839349069197	-0.248383149498917	Higher in Control	1.0	1.0	1.0	1.0	1.0	0.0049751243781094	0.0049751243781094	0.0078304131516331	0.0075041459369817	0.0078304131516331	0.0049751243781094	0.0049751243781094	0.0078304131516331	True	True	CT: DLPFC - PCG
control_derived	88	TS_AC	TS	280	5356	0.439878792088145	-1.18482204873554	Higher in Control	1.0	1.0	1.0	1.0	1.0	0.0049751243781094	0.0049751243781094	0.0109093088773002	0.0146043973679987	0.0146043973679987	0.0049751243781094	0.0049751243781094	0.0146043973679987	True	True	TS: AC
control_derived	88	TS_DLPFC	TS	280	1891	0.715945156146943	-0.482079018550479	Higher in Control	0.159203980099502	1.0	0.205018075092165	1.0	1.0	0.845771144278607	0.0049751243781094	1.0	0.0117177271537052	1.0	0.845771144278607	0.0049751243781094	1.0	False	False	TS: DLPFC
control_derived	88	TS_PCGBA23	TS	280	6441	0.71194921918402	-0.490153752353072	Higher in Control	1.0	1.0	1.0	1.0	1.0	0.0049751243781094	0.0049751243781094	0.0078241272271123	0.0130774697938877	0.0130774697938877	0.0049751243781094	0.0049751243781094	0.0130774697938877	True	True	TS: PCG
control_derived	88	CT_AC__DLPFC	CT	280	6448	0.484767167369967	-1.04463610456775	Higher in Control	1.0	1.0	1.0	1.0	1.0	0.0049751243781094	0.0049751243781094	0.0061258334179442	0.0064321250888415	0.0064321250888415	0.0049751243781094	0.0049751243781094	0.0064321250888415	True	True	CT: AC - DLPFC
control_derived	88	CT_AC__PCGBA23	CT	280	11856	0.561084747071219	-0.833709400799405	Higher in Control	1.0	1.0	1.0	1.0	1.0	0.0049751243781094	0.0049751243781094	0.0053555750658472	0.0061516740621218	0.0061516740621218	0.0049751243781094	0.0049751243781094	0.0061516740621218	True	True	CT: AC - PCG
control_derived	88	CT_DLPFC__PCGBA23	CT	280	7068	0.676941946423312	-0.562895979253097	Higher in Control	1.0	1.0	1.0	1.0	1.0	0.0049751243781094	0.0049751243781094	0.0078304131516331	0.0075041459369817	0.0078304131516331	0.0049751243781094	0.0049751243781094	0.0078304131516331	True	True	CT: DLPFC - PCG
control_derived	89	TS_AC	TS	92	561	0.534904000740532	-0.902648100724816	Higher in Control	1.0	1.0	1.0	1.0	1.0	0.0049751243781094	0.0049751243781094	0.0109093088773002	0.0146043973679987	0.0146043973679987	0.0049751243781094	0.0049751243781094	0.0146043973679987	True	True	TS: AC
control_derived	89	TS_DLPFC	TS	92	325	0.664561342614908	-0.589525720665456	Higher in Control	0.507462686567164	1.0	0.528115237764665	1.0	1.0	0.497512437810945	0.0049751243781094	1.0	0.0117177271537052	1.0	0.497512437810945	0.0049751243781094	1.0	False	False	TS: DLPFC
control_derived	89	TS_PCGBA23	TS	92	496	0.729882850007972	-0.454263172367917	Higher in Control	1.0	0.995024875621891	1.0	1.0	1.0	0.0049751243781094	0.0099502487562189	0.0078241272271123	0.0234723816813369	0.0234723816813369	0.0049751243781094	0.0099502487562189	0.0234723816813369	True	True	TS: PCG
control_derived	89	CT_AC__DLPFC	CT	92	884	0.494114412324929	-1.01708295797168	Higher in Control	1.0	1.0	1.0	1.0	1.0	0.0049751243781094	0.0049751243781094	0.0061258334179442	0.0064321250888415	0.0064321250888415	0.0049751243781094	0.0049751243781094	0.0064321250888415	True	True	CT: AC - DLPFC
control_derived	89	CT_AC__PCGBA23	CT	92	1088	0.685595558065155	-0.544570332546244	Higher in Control	1.0	1.0	1.0	1.0	1.0	0.0049751243781094	0.0049751243781094	0.0053555750658472	0.0061516740621218	0.0061516740621218	0.0049751243781094	0.0049751243781094	0.0061516740621218	True	True	CT: AC - PCG
control_derived	89	CT_DLPFC__PCGBA23	CT	92	832	0.806507890190055	-0.310239447331141	Higher in Control	1.0	0.995024875621891	1.0	1.0	1.0	0.0049751243781094	0.0099502487562189	0.0078304131516331	0.014407960199005	0.014407960199005	0.0049751243781094	0.0099502487562189	0.014407960199005	True	True	CT: DLPFC - PCG
control_derived	91	TS_AC	TS	167	9180	0.648630613249664	-0.624530978985683	Higher in Control	1.0	1.0	1.0	1.0	1.0	0.0049751243781094	0.0049751243781094	0.0109093088773002	0.0146043973679987	0.0146043973679987	0.0049751243781094	0.0049751243781094	0.0146043973679987	True	True	TS: AC
control_derived	91	TS_DLPFC	TS	167	55	0.94374310717509	-0.0835338925483818	Higher in Control	0.253731343283582	0.756218905472637	0.304818190924572	1.0	1.0	0.751243781094527	0.248756218905473	1.0	0.350609158929761	1.0	0.751243781094527	0.248756218905473	1.0	False	False	TS: DLPFC
control_derived	91	TS_PCGBA23	TS	167	190	0.746174276519734	-0.422415469089528	Higher in Control	1.0	0.970149253731343	1.0	1.0	1.0	0.0049751243781094	0.0348258706467662	0.0078241272271123	0.0660614453505668	0.0660614453505668	0.0049751243781094	0.0348258706467662	0.0660614453505668	False	True	TS: PCG
control_derived	91	CT_AC__DLPFC	CT	167	1496	0.420471768625005	-1.24991915678981	Higher in Control	1.0	1.0	1.0	1.0	1.0	0.0049751243781094	0.0049751243781094	0.0061258334179442	0.0064321250888415	0.0064321250888415	0.0049751243781094	0.0049751243781094	0.0064321250888415	True	True	CT: AC - DLPFC
control_derived	91	CT_AC__PCGBA23	CT	167	2720	0.535714467205364	-0.900463837688115	Higher in Control	1.0	1.0	1.0	1.0	1.0	0.0049751243781094	0.0049751243781094	0.0053555750658472	0.0061516740621218	0.0061516740621218	0.0049751243781094	0.0049751243781094	0.0061516740621218	True	True	CT: AC - PCG
control_derived	91	CT_DLPFC__PCGBA23	CT	167	220	1.12049928429957	0.164141727350948	Higher in AD	0.109452736318408	0.482587064676617	0.733738713838216	1.0	1.0	0.895522388059702	0.522388059701492	1.0	0.566181070694432	1.0	0.109452736318408	0.482587064676617	1.0	False	False	CT: DLPFC - PCG
control_derived	92	TS_AC	TS	206	78	0.662282855931577	-0.594480582243777	Higher in Control	0.875621890547264	0.935323383084577	1.0	1.0	1.0	0.129353233830846	0.0696517412935323	0.202950763424258	0.121890547263682	0.202950763424258	0.129353233830846	0.0696517412935323	0.202950763424258	False	False	TS: AC
control_derived	92	TS_DLPFC	TS	206	91	0.728990218458942	-0.456028638188993	Higher in Control	0.402985074626866	0.990049751243781	0.437177747625509	1.0	1.0	0.601990049751244	0.0149253731343284	1.0	0.030359565807327	1.0	0.601990049751244	0.0149253731343284	1.0	False	False	TS: DLPFC
control_derived	92	TS_PCGBA23	TS	206	15931	0.768114074708056	-0.380607509469242	Higher in Control	1.0	1.0	1.0	1.0	1.0	0.0049751243781094	0.0049751243781094	0.0078241272271123	0.0130774697938877	0.0130774697938877	0.0049751243781094	0.0049751243781094	0.0130774697938877	True	True	TS: PCG
control_derived	92	CT_AC__DLPFC	CT	206	182	0.758009267391476	-0.399712608050372	Higher in Control	0.776119402985075	0.870646766169154	1.0	1.0	1.0	0.228855721393035	0.134328358208955	0.249535455253851	0.147354138398915	0.249535455253851	0.228855721393035	0.134328358208955	0.249535455253851	False	False	CT: AC - DLPFC
control_derived	92	CT_AC__PCGBA23	CT	206	2327	0.288293954394757	-1.79438751145778	Higher in Control	1.0	1.0	1.0	1.0	1.0	0.0049751243781094	0.0049751243781094	0.0053555750658472	0.0061516740621218	0.0061516740621218	0.0049751243781094	0.0049751243781094	0.0061516740621218	True	True	CT: AC - PCG
control_derived	92	CT_DLPFC__PCGBA23	CT	206	2506	0.346240947985602	-1.53015174059771	Higher in Control	1.0	1.0	1.0	1.0	1.0	0.0049751243781094	0.0049751243781094	0.0078304131516331	0.0075041459369817	0.0078304131516331	0.0049751243781094	0.0049751243781094	0.0078304131516331	True	True	CT: DLPFC - PCG
control_derived	94	TS_AC	TS	198	300	1.23847573012688	0.308565596990685	Higher in AD	0.109452736318408	0.0895522388059701	1.0	0.90547263681592	1.0	0.895522388059702	0.915422885572139	0.975958530699794	1.0	1.0	0.109452736318408	0.0895522388059701	1.0	False	False	TS: AC
control_derived	94	TS_DLPFC	TS	198	528	0.70914398033361	-0.495849521548415	Higher in Control	0.338308457711443	1.0	0.378482587064677	1.0	1.0	0.666666666666667	0.0049751243781094	1.0	0.0117177271537052	1.0	0.666666666666667	0.0049751243781094	1.0	False	False	TS: DLPFC
control_derived	94	TS_PCGBA23	TS	198	9730	0.786687904118141	-0.346136693567491	Higher in Control	1.0	1.0	1.0	1.0	1.0	0.0049751243781094	0.0049751243781094	0.0078241272271123	0.0130774697938877	0.0130774697938877	0.0049751243781094	0.0049751243781094	0.0130774697938877	True	True	TS: PCG
control_derived	94	CT_AC__DLPFC	CT	198	825	0.696225276271638	-0.522373903219056	Higher in Control	1.0	1.0	1.0	1.0	1.0	0.0049751243781094	0.0049751243781094	0.0061258334179442	0.0064321250888415	0.0064321250888415	0.0049751243781094	0.0049751243781094	0.0064321250888415	True	True	CT: AC - DLPFC
control_derived	94	CT_AC__PCGBA23	CT	198	3500	0.603350331355885	-0.728932158190471	Higher in Control	1.0	1.0	1.0	1.0	1.0	0.0049751243781094	0.0049751243781094	0.0053555750658472	0.0061516740621218	0.0061516740621218	0.0049751243781094	0.0049751243781094	0.0061516740621218	True	True	CT: AC - PCG
control_derived	94	CT_DLPFC__PCGBA23	CT	198	4620	0.436567763885662	-1.19572248906457	Higher in Control	1.0	1.0	1.0	1.0	1.0	0.0049751243781094	0.0049751243781094	0.0078304131516331	0.0075041459369817	0.0078304131516331	0.0049751243781094	0.0049751243781094	0.0078304131516331	True	True	CT: DLPFC - PCG
control_derived	96	TS_AC	TS	241	561	1.29876665902594	0.377142254415311	Higher in AD	0.0199004975124378	0.0199004975124378	0.278606965174129	0.278606965174129	0.278606965174129	0.985074626865672	0.985074626865672	1.0	1.0	1.0	0.0199004975124378	0.0199004975124378	0.278606965174129	False	False	TS: AC
control_derived	96	TS_DLPFC	TS	241	741	0.796761702914738	-0.327779790281082	Higher in Control	0.0796019900497512	1.0	0.111318407960199	1.0	1.0	0.925373134328358	0.0049751243781094	1.0	0.0117177271537052	1.0	0.925373134328358	0.0049751243781094	1.0	False	False	TS: DLPFC
control_derived	96	TS_PCGBA23	TS	241	14028	0.859331366003311	-0.218713539884877	Higher in Control	1.0	1.0	1.0	1.0	1.0	0.0049751243781094	0.0049751243781094	0.0078241272271123	0.0130774697938877	0.0130774697938877	0.0049751243781094	0.0049751243781094	0.0130774697938877	True	True	TS: PCG
control_derived	96	CT_AC__DLPFC	CT	241	1326	0.908639249540536	-0.13822046955601	Higher in Control	0.298507462686567	0.507462686567164	1.0	1.0	1.0	0.706467661691542	0.497512437810945	0.752180275095113	0.52354506537082	0.752180275095113	0.706467661691542	0.497512437810945	0.752180275095113	False	False	CT: AC - DLPFC
control_derived	96	CT_AC__PCGBA23	CT	241	5712	0.733881922115317	-0.446380135473088	Higher in Control	1.0	1.0	1.0	1.0	1.0	0.0049751243781094	0.0049751243781094	0.0053555750658472	0.0061516740621218	0.0061516740621218	0.0049751243781094	0.0049751243781094	0.0061516740621218	True	True	CT: AC - PCG
control_derived	96	CT_DLPFC__PCGBA23	CT	241	6552	0.625421424164555	-0.677099454443471	Higher in Control	1.0	1.0	1.0	1.0	1.0	0.0049751243781094	0.0049751243781094	0.0078304131516331	0.0075041459369817	0.0078304131516331	0.0049751243781094	0.0049751243781094	0.0078304131516331	True	True	CT: DLPFC - PCG
control_derived	97	TS_AC	TS	262	1275	0.794012211813906	-0.332766898869405	Higher in Control	0.990049751243781	0.955223880597015	1.0	1.0	1.0	0.0149253731343284	0.0497512437810945	0.0292087947359974	0.0923951670220327	0.0923951670220327	0.0149253731343284	0.0497512437810945	0.0923951670220327	False	True	TS: AC
control_derived	97	TS_DLPFC	TS	262	105	1.34919313953937	0.432096887582449	Higher in AD	0.0199004975124378	0.124378109452736	0.0299343618044233	1.0	1.0	0.985074626865672	0.880597014925373	1.0	0.959871302171776	1.0	0.0199004975124378	0.124378109452736	1.0	False	False	TS: DLPFC
control_derived	97	TS_PCGBA23	TS	262	19110	0.741920500674153	-0.430663489480398	Higher in Control	1.0	1.0	1.0	1.0	1.0	0.0049751243781094	0.0049751243781094	0.0078241272271123	0.0130774697938877	0.0130774697938877	0.0049751243781094	0.0049751243781094	0.0130774697938877	True	True	TS: PCG
control_derived	97	CT_AC__DLPFC	CT	262	765	0.679594284568476	-0.557254375472039	Higher in Control	0.995024875621891	0.995024875621891	1.0	1.0	1.0	0.0099502487562189	0.0099502487562189	0.0120872149320512	0.0123355823621618	0.0123355823621618	0.0099502487562189	0.0099502487562189	0.0123355823621618	True	True	CT: AC - DLPFC
control_derived	97	CT_AC__PCGBA23	CT	262	9996	0.351096835925992	-1.51005910013394	Higher in Control	1.0	1.0	1.0	1.0	1.0	0.0049751243781094	0.0049751243781094	0.0053555750658472	0.0061516740621218	0.0061516740621218	0.0049751243781094	0.0049751243781094	0.0061516740621218	True	True	CT: AC - PCG
control_derived	97	CT_DLPFC__PCGBA23	CT	262	2940	0.531014460733089	-0.913176945451441	Higher in Control	1.0	1.0	1.0	1.0	1.0	0.0049751243781094	0.0049751243781094	0.0078304131516331	0.0075041459369817	0.0078304131516331	0.0049751243781094	0.0049751243781094	0.0078304131516331	True	True	CT: DLPFC - PCG
control_derived	99	TS_AC	TS	270	231	0.825474882442556	-0.276703777419172	Higher in Control	0.805970149253731	0.835820895522388	1.0	1.0	1.0	0.199004975124378	0.169154228855721	0.287451630735213	0.252344833210994	0.287451630735213	0.199004975124378	0.169154228855721	0.287451630735213	False	False	TS: AC
control_derived	99	TS_DLPFC	TS	270	26565	0.87338817622589	-0.195305094586389	Higher in Control	0.0049751243781094	1.0	0.008401389280015	1.0	1.0	1.0	0.0049751243781094	1.0	0.0117177271537052	1.0	1.0	0.0049751243781094	1.0	False	False	TS: DLPFC
control_derived	99	TS_PCGBA23	TS	270	136	0.787584375774634	-0.34449360377999	Higher in Control	0.950248756218905	0.930348258706468	1.0	1.0	1.0	0.054726368159204	0.0746268656716418	0.0719260838663824	0.125975626454882	0.125975626454882	0.054726368159204	0.0746268656716418	0.125975626454882	False	False	TS: PCG
control_derived	99	CT_AC__DLPFC	CT	270	5082	0.569655810225177	-0.811837598177927	Higher in Control	1.0	1.0	1.0	1.0	1.0	0.0049751243781094	0.0049751243781094	0.0061258334179442	0.0064321250888415	0.0064321250888415	0.0049751243781094	0.0049751243781094	0.0064321250888415	True	True	CT: AC - DLPFC
control_derived	99	CT_AC__PCGBA23	CT	270	374	0.839865422064835	-0.251769922322506	Higher in Control	0.995024875621891	0.805970149253731	1.0	1.0	1.0	0.0099502487562189	0.199004975124378	0.0105866018743492	0.214223002633889	0.214223002633889	0.0099502487562189	0.199004975124378	0.214223002633889	False	False	CT: AC - PCG
control_derived	99	CT_DLPFC__PCGBA23	CT	270	3927	0.601593745668178	-0.733138526442967	Higher in Control	1.0	1.0	1.0	1.0	1.0	0.0049751243781094	0.0049751243781094	0.0078304131516331	0.0075041459369817	0.0078304131516331	0.0049751243781094	0.0049751243781094	0.0078304131516331	True	True	CT: DLPFC - PCG
control_derived	101	TS_AC	TS	251	276	1.29154782814171	0.369101069816912	Higher in AD	0.0497512437810945	0.0447761194029851	0.603648424543947	0.509328358208955	0.603648424543947	0.955223880597015	0.960199004975124	1.0	1.0	1.0	0.0497512437810945	0.0447761194029851	0.603648424543947	False	False	TS: AC
control_derived	101	TS_DLPFC	TS	251	19900	0.753198469175514	-0.408898027111454	Higher in Control	0.0049751243781094	1.0	0.008401389280015	1.0	1.0	1.0	0.0049751243781094	1.0	0.0117177271537052	1.0	1.0	0.0049751243781094	1.0	False	False	TS: DLPFC
control_derived	101	TS_PCGBA23	TS	251	351	1.19852563087107	0.261260761832438	Higher in AD	0.63681592039801	0.308457711442786	1.0	1.0	1.0	0.368159203980099	0.696517412935323	0.415590757867106	0.791106197408022	0.791106197408022	0.63681592039801	0.308457711442786	1.0	False	False	TS: PCG
control_derived	101	CT_AC__DLPFC	CT	251	4800	0.690941394373159	-0.533364748431391	Higher in Control	1.0	1.0	1.0	1.0	1.0	0.0049751243781094	0.0049751243781094	0.0061258334179442	0.0064321250888415	0.0064321250888415	0.0049751243781094	0.0049751243781094	0.0064321250888415	True	True	CT: AC - DLPFC
control_derived	101	CT_AC__PCGBA23	CT	251	648	0.818057604951262	-0.28972565825896	Higher in Control	1.0	0.860696517412935	1.0	1.0	1.0	0.0049751243781094	0.144278606965174	0.0053555750658472	0.157160625444208	0.157160625444208	0.0049751243781094	0.144278606965174	0.157160625444208	False	False	CT: AC - PCG
control_derived	101	CT_DLPFC__PCGBA23	CT	251	5400	0.548793760010794	-0.865664017262683	Higher in Control	1.0	1.0	1.0	1.0	1.0	0.0049751243781094	0.0049751243781094	0.0078304131516331	0.0075041459369817	0.0078304131516331	0.0049751243781094	0.0049751243781094	0.0078304131516331	True	True	CT: DLPFC - PCG
control_derived	102	TS_AC	TS	189	5050	0.966111329008279	-0.0497386485243484	Higher in Control	0.616915422885572	0.422885572139304	1.0	1.0	1.0	0.388059701492537	0.582089552238806	0.490464344941957	0.68348579682234	0.68348579682234	0.388059701492537	0.582089552238806	0.68348579682234	False	False	TS: AC
control_derived	102	TS_DLPFC	TS	189	1176	0.918958758482005	-0.121927977952576	Higher in Control	0.0049751243781094	0.985074626865672	0.008401389280015	1.0	1.0	1.0	0.0199004975124378	1.0	0.0395798783858485	1.0	1.0	0.0199004975124378	1.0	False	False	TS: DLPFC
control_derived	102	TS_PCGBA23	TS	189	741	0.87858098252029	-0.186752823228831	Higher in Control	1.0	0.895522388059702	1.0	1.0	1.0	0.0049751243781094	0.109452736318408	0.0078241272271123	0.175124378109453	0.175124378109453	0.0049751243781094	0.109452736318408	0.175124378109453	False	False	TS: PCG
control_derived	102	CT_AC__DLPFC	CT	189	4949	0.558463414818449	-0.840465322663674	Higher in Control	1.0	1.0	1.0	1.0	1.0	0.0049751243781094	0.0049751243781094	0.0061258334179442	0.0064321250888415	0.0064321250888415	0.0049751243781094	0.0049751243781094	0.0064321250888415	True	True	CT: AC - DLPFC
control_derived	102	CT_AC__PCGBA23	CT	189	3939	0.55129238636611	-0.859110417687804	Higher in Control	1.0	1.0	1.0	1.0	1.0	0.0049751243781094	0.0049751243781094	0.0053555750658472	0.0061516740621218	0.0061516740621218	0.0049751243781094	0.0049751243781094	0.0061516740621218	True	True	CT: AC - PCG
control_derived	102	CT_DLPFC__PCGBA23	CT	189	1911	0.499973745165269	-1.00007575742875	Higher in Control	1.0	1.0	1.0	1.0	1.0	0.0049751243781094	0.0049751243781094	0.0078304131516331	0.0075041459369817	0.0078304131516331	0.0049751243781094	0.0049751243781094	0.0078304131516331	True	True	CT: DLPFC - PCG
control_derived	103	TS_AC	TS	165	171	0.615297710557003	-0.70064347041963	Higher in Control	0.965174129353234	0.985074626865672	1.0	1.0	1.0	0.0398009950248756	0.0199004975124378	0.0703279717915278	0.0441693969178498	0.0703279717915278	0.0398009950248756	0.0199004975124378	0.0703279717915278	False	True	TS: AC
control_derived	103	TS_DLPFC	TS	165	7021	0.689766436555411	-0.535820164686923	Higher in Control	0.228855721393035	1.0	0.282518442271402	1.0	1.0	0.776119402985075	0.0049751243781094	1.0	0.0117177271537052	1.0	0.776119402985075	0.0049751243781094	1.0	False	False	TS: DLPFC
control_derived	103	TS_PCGBA23	TS	165	351	0.659900950370212	-0.599678599406459	Higher in Control	1.0	1.0	1.0	1.0	1.0	0.0049751243781094	0.0049751243781094	0.0078241272271123	0.0130774697938877	0.0130774697938877	0.0049751243781094	0.0049751243781094	0.0130774697938877	True	True	TS: PCG
control_derived	103	CT_AC__DLPFC	CT	165	2261	0.515873592319051	-0.954910498378279	Higher in Control	1.0	1.0	1.0	1.0	1.0	0.0049751243781094	0.0049751243781094	0.0061258334179442	0.0064321250888415	0.0064321250888415	0.0049751243781094	0.0049751243781094	0.0064321250888415	True	True	CT: AC - DLPFC
control_derived	103	CT_AC__PCGBA23	CT	165	513	0.4742865490746	-1.07616914120436	Higher in Control	1.0	1.0	1.0	1.0	1.0	0.0049751243781094	0.0049751243781094	0.0053555750658472	0.0061516740621218	0.0061516740621218	0.0049751243781094	0.0049751243781094	0.0061516740621218	True	True	CT: AC - PCG
control_derived	103	CT_DLPFC__PCGBA23	CT	165	3213	0.425942224523679	-1.23127034060043	Higher in Control	1.0	1.0	1.0	1.0	1.0	0.0049751243781094	0.0049751243781094	0.0078304131516331	0.0075041459369817	0.0078304131516331	0.0049751243781094	0.0049751243781094	0.0078304131516331	True	True	CT: DLPFC - PCG
control_derived	104	TS_AC	TS	179	666	0.754783520203013	-0.405865171128839	Higher in Control	0.970149253731343	0.985074626865672	1.0	1.0	1.0	0.0348258706467662	0.0199004975124378	0.0627555292842717	0.0441693969178498	0.0627555292842717	0.0348258706467662	0.0199004975124378	0.0627555292842717	False	True	TS: AC
control_derived	104	TS_DLPFC	TS	179	5995	0.68327702691878	-0.549457473427529	Higher in Control	0.323383084577114	1.0	0.366364380628503	1.0	1.0	0.681592039800995	0.0049751243781094	1.0	0.0117177271537052	1.0	0.681592039800995	0.0049751243781094	1.0	False	False	TS: DLPFC
control_derived	104	TS_PCGBA23	TS	179	496	0.83200863222287	-0.265329598251138	Higher in Control	1.0	0.970149253731343	1.0	1.0	1.0	0.0049751243781094	0.0348258706467662	0.0078241272271123	0.0660614453505668	0.0660614453505668	0.0049751243781094	0.0348258706467662	0.0660614453505668	False	True	TS: PCG
control_derived	104	CT_AC__DLPFC	CT	179	4070	0.524346840124484	-0.931406666719685	Higher in Control	1.0	1.0	1.0	1.0	1.0	0.0049751243781094	0.0049751243781094	0.0061258334179442	0.0064321250888415	0.0064321250888415	0.0049751243781094	0.0049751243781094	0.0064321250888415	True	True	CT: AC - DLPFC
control_derived	104	CT_AC__PCGBA23	CT	179	1184	0.716404298249012	-0.481154101723271	Higher in Control	1.0	0.990049751243781	1.0	1.0	1.0	0.0049751243781094	0.0149253731343284	0.0053555750658472	0.0178519168861574	0.0178519168861574	0.0049751243781094	0.0149253731343284	0.0178519168861574	True	True	CT: AC - PCG
control_derived	104	CT_DLPFC__PCGBA23	CT	179	3520	0.569073859409861	-0.813312184553916	Higher in Control	1.0	1.0	1.0	1.0	1.0	0.0049751243781094	0.0049751243781094	0.0078304131516331	0.0075041459369817	0.0078304131516331	0.0049751243781094	0.0049751243781094	0.0078304131516331	True	True	CT: DLPFC - PCG
control_derived	105	TS_AC	TS	248	300	1.1381422214565	0.186680847073098	Higher in AD	0.233830845771144	0.159203980099502	1.0	1.0	1.0	0.771144278606965	0.845771144278607	0.85578206528334	0.94435796477734	0.94435796477734	0.233830845771144	0.159203980099502	1.0	False	False	TS: AC
control_derived	105	TS_DLPFC	TS	248	14196	1.08934517169337	0.12346116120539	Higher in AD	0.0049751243781094	0.507462686567164	0.008401389280015	1.0	1.0	1.0	0.497512437810945	1.0	0.618435599778883	1.0	0.0049751243781094	0.507462686567164	1.0	False	False	TS: DLPFC
control_derived	105	TS_PCGBA23	TS	248	1431	0.94259207300729	-0.0852945462321235	Higher in Control	1.0	0.935323383084577	1.0	1.0	1.0	0.0049751243781094	0.0696517412935323	0.0078241272271123	0.118665929611203	0.118665929611203	0.0049751243781094	0.0696517412935323	0.118665929611203	False	False	TS: PCG
control_derived	105	CT_AC__DLPFC	CT	248	4225	0.573757360630399	-0.801487338165956	Higher in Control	1.0	1.0	1.0	1.0	1.0	0.0049751243781094	0.0049751243781094	0.0061258334179442	0.0064321250888415	0.0064321250888415	0.0049751243781094	0.0049751243781094	0.0064321250888415	True	True	CT: AC - DLPFC
control_derived	105	CT_AC__PCGBA23	CT	248	1350	0.762569972864312	-0.391058370606219	Higher in Control	1.0	0.985074626865672	1.0	1.0	1.0	0.0049751243781094	0.0199004975124378	0.0053555750658472	0.0231961213043065	0.0231961213043065	0.0049751243781094	0.0199004975124378	0.0231961213043065	True	True	CT: AC - PCG
control_derived	105	CT_DLPFC__PCGBA23	CT	248	9126	0.619047138132737	-0.691878825413782	Higher in Control	1.0	1.0	1.0	1.0	1.0	0.0049751243781094	0.0049751243781094	0.0078304131516331	0.0075041459369817	0.0078304131516331	0.0049751243781094	0.0049751243781094	0.0078304131516331	True	True	CT: DLPFC - PCG
control_derived	106	TS_AC	TS	219	253	0.806423801580175	-0.310389874309789	Higher in Control	0.830845771144279	0.860696517412935	1.0	1.0	1.0	0.174129353233831	0.144278606965174	0.257654815354124	0.22636815920398	0.257654815354124	0.174129353233831	0.144278606965174	0.257654815354124	False	False	TS: AC
control_derived	106	TS_DLPFC	TS	219	15576	0.937817336480883	-0.0926211459375897	Higher in Control	0.0049751243781094	1.0	0.008401389280015	1.0	1.0	1.0	0.0049751243781094	1.0	0.0117177271537052	1.0	1.0	0.0049751243781094	1.0	False	False	TS: DLPFC
control_derived	106	TS_PCGBA23	TS	219	171	1.13196033073406	0.178823400169749	Higher in AD	0.766169154228856	0.467661691542289	1.0	1.0	1.0	0.238805970149254	0.537313432835821	0.281668580176043	0.65910447761194	0.65910447761194	0.766169154228856	0.467661691542289	1.0	False	False	TS: PCG
control_derived	106	CT_AC__DLPFC	CT	219	4071	0.581299422007216	-0.782646620805329	Higher in Control	1.0	1.0	1.0	1.0	1.0	0.0049751243781094	0.0049751243781094	0.0061258334179442	0.0064321250888415	0.0064321250888415	0.0049751243781094	0.0049751243781094	0.0064321250888415	True	True	CT: AC - DLPFC
control_derived	106	CT_AC__PCGBA23	CT	219	437	0.75872251968504	-0.398355735818317	Higher in Control	1.0	0.930348258706468	1.0	1.0	1.0	0.0049751243781094	0.0746268656716418	0.0053555750658472	0.0832726610848198	0.0832726610848198	0.0049751243781094	0.0746268656716418	0.0832726610848198	False	True	CT: AC - PCG
control_derived	106	CT_DLPFC__PCGBA23	CT	219	3363	0.73506398129912	-0.444058264685823	Higher in Control	1.0	1.0	1.0	1.0	1.0	0.0049751243781094	0.0049751243781094	0.0078304131516331	0.0075041459369817	0.0078304131516331	0.0049751243781094	0.0049751243781094	0.0078304131516331	True	True	CT: DLPFC - PCG
control_derived	108	TS_AC	TS	49	78	0.93515645823456	-0.0967203366938723	Higher in Control	0.567164179104478	0.512437810945274	1.0	1.0	1.0	0.437810945273632	0.492537313432836	0.538389135404061	0.618219248584663	0.618219248584663	0.437810945273632	0.492537313432836	0.618219248584663	False	False	TS: AC
control_derived	108	TS_DLPFC	TS	49	120	1.10019621473896	0.137760844464974	Higher in AD	0.0348258706467662	0.482587064676617	0.0502728294013802	1.0	1.0	0.970149253731343	0.522388059701492	1.0	0.644879053010808	1.0	0.0348258706467662	0.482587064676617	1.0	False	False	TS: DLPFC
control_derived	108	TS_PCGBA23	TS	49	190	1.11252836983411	0.153842125739378	Higher in AD	0.751243781094527	0.348258706467662	1.0	1.0	1.0	0.253731343283582	0.656716417910448	0.295484602304931	0.764783676553939	0.764783676553939	0.751243781094527	0.348258706467662	1.0	False	False	TS: PCG
control_derived	108	CT_AC__DLPFC	CT	49	208	0.892496089350968	-0.164082247186886	Higher in Control	0.393034825870647	0.557213930348259	1.0	1.0	1.0	0.611940298507463	0.447761194029851	0.655391680650004	0.476733977172959	0.655391680650004	0.611940298507463	0.447761194029851	0.655391680650004	False	False	CT: AC - DLPFC
control_derived	108	CT_AC__PCGBA23	CT	49	260	1.04661476539181	0.0657305174068218	Higher in AD	0.606965174129353	0.213930348258706	1.0	1.0	1.0	0.398009950248756	0.791044776119403	0.402407850251505	0.813265134999161	0.813265134999161	0.606965174129353	0.213930348258706	1.0	False	False	CT: AC - PCG
control_derived	108	CT_DLPFC__PCGBA23	CT	49	320	0.886967327809465	-0.173047132272407	Higher in Control	0.711442786069652	0.945273631840796	1.0	1.0	1.0	0.293532338308458	0.0597014925373134	0.382225562833315	0.073013311819282	0.382225562833315	0.293532338308458	0.0597014925373134	0.382225562833315	False	False	CT: DLPFC - PCG
control_derived	110	TS_AC	TS	148	210	1.06283276604001	0.0879146104295471	Higher in AD	0.388059701492537	0.293532338308458	1.0	1.0	1.0	0.616915422885572	0.711442786069652	0.697382651957603	0.804239671209172	0.804239671209172	0.388059701492537	0.293532338308458	1.0	False	False	TS: AC
control_derived	110	TS_DLPFC	TS	148	378	1.04003241436103	0.0566284930867169	Higher in AD	0.0049751243781094	0.691542288557214	0.008401389280015	1.0	1.0	1.0	0.313432835820896	1.0	0.41869013143239	1.0	0.0049751243781094	0.691542288557214	1.0	False	False	TS: DLPFC
control_derived	110	TS_PCGBA23	TS	148	4851	0.829366586281034	-0.269918170114793	Higher in Control	1.0	1.0	1.0	1.0	1.0	0.0049751243781094	0.0049751243781094	0.0078241272271123	0.0130774697938877	0.0130774697938877	0.0049751243781094	0.0049751243781094	0.0130774697938877	True	True	TS: PCG
control_derived	110	CT_AC__DLPFC	CT	148	588	0.580331739386303	-0.785050260252477	Higher in Control	1.0	1.0	1.0	1.0	1.0	0.0049751243781094	0.0049751243781094	0.0061258334179442	0.0064321250888415	0.0064321250888415	0.0049751243781094	0.0049751243781094	0.0064321250888415	True	True	CT: AC - DLPFC
control_derived	110	CT_AC__PCGBA23	CT	148	2079	0.495620887863212	-1.01269110397534	Higher in Control	1.0	1.0	1.0	1.0	1.0	0.0049751243781094	0.0049751243781094	0.0053555750658472	0.0061516740621218	0.0061516740621218	0.0049751243781094	0.0049751243781094	0.0061516740621218	True	True	CT: AC - PCG
control_derived	110	CT_DLPFC__PCGBA23	CT	148	2772	0.731635062800508	-0.450803878581106	Higher in Control	1.0	1.0	1.0	1.0	1.0	0.0049751243781094	0.0049751243781094	0.0078304131516331	0.0075041459369817	0.0078304131516331	0.0049751243781094	0.0049751243781094	0.0078304131516331	True	True	CT: DLPFC - PCG
control_derived	111	TS_AC	TS	272	2080	1.06333486993614	0.0885960080786848	Higher in AD	0.119402985074627	0.109452736318408	1.0	1.0	1.0	0.885572139303483	0.895522388059702	0.975958530699794	0.99381143065162	0.99381143065162	0.119402985074627	0.109452736318408	1.0	False	False	TS: AC
control_derived	111	TS_DLPFC	TS	272	7750	0.731393732757747	-0.451279830469577	Higher in Control	0.0099502487562189	1.0	0.0157618984722406	1.0	1.0	0.995024875621891	0.0049751243781094	1.0	0.0117177271537052	1.0	0.995024875621891	0.0049751243781094	1.0	False	False	TS: DLPFC
control_derived	111	TS_PCGBA23	TS	272	3321	0.723266582331193	-0.467400599687576	Higher in Control	1.0	1.0	1.0	1.0	1.0	0.0049751243781094	0.0049751243781094	0.0078241272271123	0.0130774697938877	0.0130774697938877	0.0049751243781094	0.0049751243781094	0.0130774697938877	True	True	TS: PCG
control_derived	111	CT_AC__DLPFC	CT	272	8125	0.678308738459651	-0.55998601612483	Higher in Control	1.0	1.0	1.0	1.0	1.0	0.0049751243781094	0.0049751243781094	0.0061258334179442	0.0064321250888415	0.0064321250888415	0.0049751243781094	0.0049751243781094	0.0064321250888415	True	True	CT: AC - DLPFC
control_derived	111	CT_AC__PCGBA23	CT	272	5330	0.616871611264674	-0.69695784062747	Higher in Control	1.0	1.0	1.0	1.0	1.0	0.0049751243781094	0.0049751243781094	0.0053555750658472	0.0061516740621218	0.0061516740621218	0.0049751243781094	0.0049751243781094	0.0061516740621218	True	True	CT: AC - PCG
control_derived	111	CT_DLPFC__PCGBA23	CT	272	10250	0.647634295755796	-0.626748708680618	Higher in Control	1.0	1.0	1.0	1.0	1.0	0.0049751243781094	0.0049751243781094	0.0078304131516331	0.0075041459369817	0.0078304131516331	0.0049751243781094	0.0049751243781094	0.0078304131516331	True	True	CT: DLPFC - PCG
control_derived	112	TS_AC	TS	198	741	0.995576267510105	-0.0063962550400552	Higher in Control	0.462686567164179	0.412935323383085	1.0	1.0	1.0	0.54228855721393	0.592039800995025	0.624661502613515	0.686313654656653	0.686313654656653	0.54228855721393	0.592039800995025	0.686313654656653	False	False	TS: AC
control_derived	112	TS_DLPFC	TS	198	4656	0.834515988964581	-0.260988403623119	Higher in Control	0.0049751243781094	1.0	0.008401389280015	1.0	1.0	1.0	0.0049751243781094	1.0	0.0117177271537052	1.0	1.0	0.0049751243781094	1.0	False	False	TS: DLPFC
control_derived	112	TS_PCGBA23	TS	198	1891	0.909574341975135	-0.13673653681741	Higher in Control	1.0	0.950248756218905	1.0	1.0	1.0	0.0049751243781094	0.054726368159204	0.0078241272271123	0.0968235744355147	0.0968235744355147	0.0049751243781094	0.054726368159204	0.0968235744355147	False	True	TS: PCG
control_derived	112	CT_AC__DLPFC	CT	198	3783	0.493421555638477	-1.01910735222572	Higher in Control	1.0	1.0	1.0	1.0	1.0	0.0049751243781094	0.0049751243781094	0.0061258334179442	0.0064321250888415	0.0064321250888415	0.0049751243781094	0.0049751243781094	0.0064321250888415	True	True	CT: AC - DLPFC
control_derived	112	CT_AC__PCGBA23	CT	198	2418	0.489438099921043	-1.03080168364644	Higher in Control	1.0	1.0	1.0	1.0	1.0	0.0049751243781094	0.0049751243781094	0.0053555750658472	0.0061516740621218	0.0061516740621218	0.0049751243781094	0.0049751243781094	0.0061516740621218	True	True	CT: AC - PCG
control_derived	112	CT_DLPFC__PCGBA23	CT	198	6014	0.748449261766211	-0.418023577240095	Higher in Control	1.0	1.0	1.0	1.0	1.0	0.0049751243781094	0.0049751243781094	0.0078304131516331	0.0075041459369817	0.0078304131516331	0.0049751243781094	0.0049751243781094	0.0078304131516331	True	True	CT: DLPFC - PCG
control_derived	113	TS_AC	TS	296	5671	0.82906451108015	-0.270443729964465	Higher in Control	1.0	0.955223880597015	1.0	1.0	1.0	0.0049751243781094	0.0497512437810945	0.0109093088773002	0.0923951670220327	0.0923951670220327	0.0049751243781094	0.0497512437810945	0.0923951670220327	False	True	TS: AC
control_derived	113	TS_DLPFC	TS	296	4950	0.78522720137109	-0.348817944238847	Higher in Control	0.0049751243781094	1.0	0.008401389280015	1.0	1.0	1.0	0.0049751243781094	1.0	0.0117177271537052	1.0	1.0	0.0049751243781094	1.0	False	False	TS: DLPFC
control_derived	113	TS_PCGBA23	TS	296	3916	0.916433853906165	-0.125897340783824	Higher in Control	1.0	0.985074626865672	1.0	1.0	1.0	0.0049751243781094	0.0199004975124378	0.0078241272271123	0.0430787240269242	0.0430787240269242	0.0049751243781094	0.0199004975124378	0.0430787240269242	True	True	TS: PCG
control_derived	113	CT_AC__DLPFC	CT	296	10700	0.657489989802923	-0.604959165154083	Higher in Control	1.0	1.0	1.0	1.0	1.0	0.0049751243781094	0.0049751243781094	0.0061258334179442	0.0064321250888415	0.0064321250888415	0.0049751243781094	0.0049751243781094	0.0064321250888415	True	True	CT: AC - DLPFC
control_derived	113	CT_AC__PCGBA23	CT	296	9523	0.708472541979484	-0.49721615468361	Higher in Control	1.0	1.0	1.0	1.0	1.0	0.0049751243781094	0.0049751243781094	0.0053555750658472	0.0061516740621218	0.0061516740621218	0.0049751243781094	0.0049751243781094	0.0061516740621218	True	True	CT: AC - PCG
control_derived	113	CT_DLPFC__PCGBA23	CT	296	8900	0.797063108913473	-0.327234138159689	Higher in Control	1.0	1.0	1.0	1.0	1.0	0.0049751243781094	0.0049751243781094	0.0078304131516331	0.0075041459369817	0.0078304131516331	0.0049751243781094	0.0049751243781094	0.0078304131516331	True	True	CT: DLPFC - PCG
control_derived	115	TS_AC	TS	339	8778	0.83813035398514	-0.254753451890369	Higher in Control	1.0	0.990049751243781	1.0	1.0	1.0	0.0049751243781094	0.0149253731343284	0.0109093088773002	0.0352781546811398	0.0352781546811398	0.0049751243781094	0.0149253731343284	0.0352781546811398	True	True	TS: AC
control_derived	115	TS_DLPFC	TS	339	3828	0.760578819234376	-0.394830331847085	Higher in Control	0.0099502487562189	1.0	0.0157618984722406	1.0	1.0	0.995024875621891	0.0049751243781094	1.0	0.0117177271537052	1.0	0.995024875621891	0.0049751243781094	1.0	False	False	TS: DLPFC
control_derived	115	TS_PCGBA23	TS	339	6903	0.938985580320373	-0.0908250918113175	Higher in Control	1.0	0.975124378109453	1.0	1.0	1.0	0.0049751243781094	0.0298507462686567	0.0078241272271123	0.0603575528948663	0.0603575528948663	0.0049751243781094	0.0298507462686567	0.0603575528948663	False	True	TS: PCG
control_derived	115	CT_AC__DLPFC	CT	339	11704	0.697091130363361	-0.520580823687206	Higher in Control	1.0	1.0	1.0	1.0	1.0	0.0049751243781094	0.0049751243781094	0.0061258334179442	0.0064321250888415	0.0064321250888415	0.0049751243781094	0.0049751243781094	0.0064321250888415	True	True	CT: AC - DLPFC
control_derived	115	CT_AC__PCGBA23	CT	339	15694	0.714239964131769	-0.485519235057949	Higher in Control	1.0	1.0	1.0	1.0	1.0	0.0049751243781094	0.0049751243781094	0.0053555750658472	0.0061516740621218	0.0061516740621218	0.0049751243781094	0.0049751243781094	0.0061516740621218	True	True	CT: AC - PCG
control_derived	115	CT_DLPFC__PCGBA23	CT	339	10384	0.810329328282423	-0.303419737853938	Higher in Control	1.0	1.0	1.0	1.0	1.0	0.0049751243781094	0.0049751243781094	0.0078304131516331	0.0075041459369817	0.0078304131516331	0.0049751243781094	0.0049751243781094	0.0078304131516331	True	True	CT: DLPFC - PCG
control_derived	116	TS_AC	TS	344	9730	0.722104298384249	-0.469720864569302	Higher in Control	1.0	1.0	1.0	1.0	1.0	0.0049751243781094	0.0049751243781094	0.0109093088773002	0.0146043973679987	0.0146043973679987	0.0049751243781094	0.0049751243781094	0.0146043973679987	True	True	TS: AC
control_derived	116	TS_DLPFC	TS	344	3160	0.956079582663408	-0.0647973838620372	Higher in Control	0.0049751243781094	0.995024875621891	0.008401389280015	1.0	1.0	1.0	0.0099502487562189	1.0	0.0219888213254714	1.0	1.0	0.0099502487562189	1.0	False	False	TS: DLPFC
control_derived	116	TS_PCGBA23	TS	344	7626	1.04489349479423	0.0633558969828334	Higher in AD	1.0	0.711442786069652	1.0	1.0	1.0	0.0049751243781094	0.293532338308458	0.0078241272271123	0.406089851494408	0.406089851494408	1.0	0.711442786069652	1.0	False	False	TS: PCG
control_derived	116	CT_AC__DLPFC	CT	344	11200	0.784667224520278	-0.349847154670603	Higher in Control	1.0	0.990049751243781	1.0	1.0	1.0	0.0049751243781094	0.0149253731343284	0.0061258334179442	0.0177729772191673	0.0177729772191673	0.0049751243781094	0.0149253731343284	0.0177729772191673	True	True	CT: AC - DLPFC
control_derived	116	CT_AC__PCGBA23	CT	344	17360	0.728195183765697	-0.45760289596201	Higher in Control	1.0	1.0	1.0	1.0	1.0	0.0049751243781094	0.0049751243781094	0.0053555750658472	0.0061516740621218	0.0061516740621218	0.0049751243781094	0.0049751243781094	0.0061516740621218	True	True	CT: AC - PCG
control_derived	116	CT_DLPFC__PCGBA23	CT	344	9920	0.836464874123581	-0.257623136801529	Higher in Control	1.0	1.0	1.0	1.0	1.0	0.0049751243781094	0.0049751243781094	0.0078304131516331	0.0075041459369817	0.0078304131516331	0.0049751243781094	0.0049751243781094	0.0078304131516331	True	True	CT: DLPFC - PCG
control_derived	117	TS_AC	TS	231	3160	0.916965502339928	-0.125060636464308	Higher in Control	0.91044776119403	0.746268656716418	1.0	1.0	1.0	0.0945273631840796	0.258706467661692	0.15499081170723	0.367848258706468	0.367848258706468	0.0945273631840796	0.258706467661692	0.367848258706468	False	False	TS: AC
control_derived	117	TS_DLPFC	TS	231	3081	0.875089675622948	-0.192497228859653	Higher in Control	0.0049751243781094	1.0	0.008401389280015	1.0	1.0	1.0	0.0049751243781094	1.0	0.0117177271537052	1.0	1.0	0.0049751243781094	1.0	False	False	TS: DLPFC
control_derived	117	TS_PCGBA23	TS	231	2556	0.835078562157324	-0.260016165680107	Higher in Control	1.0	0.990049751243781	1.0	1.0	1.0	0.0049751243781094	0.0149253731343284	0.0078241272271123	0.0339045513174866	0.0339045513174866	0.0049751243781094	0.0149253731343284	0.0339045513174866	True	True	TS: PCG
control_derived	117	CT_AC__DLPFC	CT	231	6320	0.656786469530989	-0.606503688450103	Higher in Control	1.0	1.0	1.0	1.0	1.0	0.0049751243781094	0.0049751243781094	0.0061258334179442	0.0064321250888415	0.0064321250888415	0.0049751243781094	0.0049751243781094	0.0064321250888415	True	True	CT: AC - DLPFC
control_derived	117	CT_AC__PCGBA23	CT	231	5760	0.646544933576743	-0.629177456954438	Higher in Control	1.0	1.0	1.0	1.0	1.0	0.0049751243781094	0.0049751243781094	0.0053555750658472	0.0061516740621218	0.0061516740621218	0.0049751243781094	0.0049751243781094	0.0061516740621218	True	True	CT: AC - PCG
control_derived	117	CT_DLPFC__PCGBA23	CT	231	5688	0.6485720586681	-0.624661222942668	Higher in Control	1.0	1.0	1.0	1.0	1.0	0.0049751243781094	0.0049751243781094	0.0078304131516331	0.0075041459369817	0.0078304131516331	0.0049751243781094	0.0049751243781094	0.0078304131516331	True	True	CT: DLPFC - PCG
control_derived	119	TS_AC	TS	451	69378	0.905722029277367	-0.142859747171454	Higher in Control	1.0	0.935323383084577	1.0	1.0	1.0	0.0049751243781094	0.0696517412935323	0.0109093088773002	0.121890547263682	0.121890547263682	0.0049751243781094	0.0696517412935323	0.121890547263682	False	False	TS: AC
control_derived	119	TS_DLPFC	TS	451	861	0.970497504668507	-0.0432035913837646	Higher in Control	0.0049751243781094	0.875621890547264	0.008401389280015	1.0	1.0	1.0	0.129353233830846	1.0	0.203107270664223	1.0	1.0	0.129353233830846	1.0	False	False	TS: DLPFC
control_derived	119	TS_PCGBA23	TS	451	630	0.752125262928939	-0.410955138892914	Higher in Control	1.0	0.990049751243781	1.0	1.0	1.0	0.0049751243781094	0.0149253731343284	0.0078241272271123	0.0339045513174866	0.0339045513174866	0.0049751243781094	0.0149253731343284	0.0339045513174866	True	True	TS: PCG
control_derived	119	CT_AC__DLPFC	CT	451	15666	0.51834104013732	-0.948026469911446	Higher in Control	1.0	1.0	1.0	1.0	1.0	0.0049751243781094	0.0049751243781094	0.0061258334179442	0.0064321250888415	0.0064321250888415	0.0049751243781094	0.0049751243781094	0.0064321250888415	True	True	CT: AC - DLPFC
control_derived	119	CT_AC__PCGBA23	CT	451	13428	0.392875182047587	-1.34785705935786	Higher in Control	1.0	1.0	1.0	1.0	1.0	0.0049751243781094	0.0049751243781094	0.0053555750658472	0.0061516740621218	0.0061516740621218	0.0049751243781094	0.0049751243781094	0.0061516740621218	True	True	CT: AC - PCG
control_derived	119	CT_DLPFC__PCGBA23	CT	451	1512	0.635720523257111	-0.653535430518867	Higher in Control	1.0	1.0	1.0	1.0	1.0	0.0049751243781094	0.0049751243781094	0.0078304131516331	0.0075041459369817	0.0078304131516331	0.0049751243781094	0.0049751243781094	0.0078304131516331	True	True	CT: DLPFC - PCG
control_derived	121	TS_AC	TS	519	9180	0.820956822515245	-0.284621748135439	Higher in Control	1.0	0.990049751243781	1.0	1.0	1.0	0.0049751243781094	0.0149253731343284	0.0109093088773002	0.0352781546811398	0.0352781546811398	0.0049751243781094	0.0149253731343284	0.0352781546811398	True	True	TS: AC
control_derived	121	TS_DLPFC	TS	519	21528	0.898062046904166	-0.155112971002684	Higher in Control	0.0049751243781094	1.0	0.008401389280015	1.0	1.0	1.0	0.0049751243781094	1.0	0.0117177271537052	1.0	1.0	0.0049751243781094	1.0	False	False	TS: DLPFC
control_derived	121	TS_PCGBA23	TS	519	15225	0.886494753151837	-0.173816002538611	Higher in Control	1.0	1.0	1.0	1.0	1.0	0.0049751243781094	0.0049751243781094	0.0078241272271123	0.0130774697938877	0.0130774697938877	0.0049751243781094	0.0049751243781094	0.0130774697938877	True	True	TS: PCG
control_derived	121	CT_AC__DLPFC	CT	519	28288	0.751700198941892	-0.411770709234093	Higher in Control	1.0	1.0	1.0	1.0	1.0	0.0049751243781094	0.0049751243781094	0.0061258334179442	0.0064321250888415	0.0064321250888415	0.0049751243781094	0.0049751243781094	0.0064321250888415	True	True	CT: AC - DLPFC
control_derived	121	CT_AC__PCGBA23	CT	519	23800	0.618884978032045	-0.692256790524117	Higher in Control	1.0	1.0	1.0	1.0	1.0	0.0049751243781094	0.0049751243781094	0.0053555750658472	0.0061516740621218	0.0061516740621218	0.0049751243781094	0.0049751243781094	0.0061516740621218	True	True	CT: AC - PCG
control_derived	121	CT_DLPFC__PCGBA23	CT	519	36400	0.73033068651374	-0.453378244910256	Higher in Control	1.0	1.0	1.0	1.0	1.0	0.0049751243781094	0.0049751243781094	0.0078304131516331	0.0075041459369817	0.0078304131516331	0.0049751243781094	0.0049751243781094	0.0078304131516331	True	True	CT: DLPFC - PCG
control_derived	122	TS_AC	TS	352	7503	0.962377594336243	-0.0553250401916092	Higher in Control	0.716417910447761	0.45771144278607	1.0	1.0	1.0	0.288557213930348	0.54726368159204	0.394867766431003	0.655276250327311	0.655276250327311	0.288557213930348	0.54726368159204	0.655276250327311	False	False	TS: AC
control_derived	122	TS_DLPFC	TS	352	5253	1.06385830608764	0.0893060129468289	Higher in AD	0.0049751243781094	0.706467661691542	0.008401389280015	1.0	1.0	1.0	0.298507462686567	1.0	0.407884242907599	1.0	0.0049751243781094	0.706467661691542	1.0	False	False	TS: DLPFC
control_derived	122	TS_PCGBA23	TS	352	7875	0.659534210613944	-0.6004805996213	Higher in Control	1.0	1.0	1.0	1.0	1.0	0.0049751243781094	0.0049751243781094	0.0078241272271123	0.0130774697938877	0.0130774697938877	0.0049751243781094	0.0049751243781094	0.0130774697938877	True	True	TS: PCG
control_derived	122	CT_AC__DLPFC	CT	352	12669	0.631538308762216	-0.663057845142184	Higher in Control	1.0	1.0	1.0	1.0	1.0	0.0049751243781094	0.0049751243781094	0.0061258334179442	0.0064321250888415	0.0064321250888415	0.0049751243781094	0.0049751243781094	0.0064321250888415	True	True	CT: AC - DLPFC
control_derived	122	CT_AC__PCGBA23	CT	352	15498	0.387116229400492	-1.36916130266712	Higher in Control	1.0	1.0	1.0	1.0	1.0	0.0049751243781094	0.0049751243781094	0.0053555750658472	0.0061516740621218	0.0061516740621218	0.0049751243781094	0.0049751243781094	0.0061516740621218	True	True	CT: AC - PCG
control_derived	122	CT_DLPFC__PCGBA23	CT	352	12978	0.55841362052057	-0.840593963479786	Higher in Control	1.0	1.0	1.0	1.0	1.0	0.0049751243781094	0.0049751243781094	0.0078304131516331	0.0075041459369817	0.0078304131516331	0.0049751243781094	0.0049751243781094	0.0078304131516331	True	True	CT: DLPFC - PCG
control_derived	124	TS_AC	TS	94	66	0.990852759915589	-0.0132574051060178	Higher in Control	0.482587064676617	0.472636815920398	1.0	1.0	1.0	0.522388059701492	0.532338308457711	0.609452736318408	0.645903814262023	0.645903814262023	0.522388059701492	0.532338308457711	0.645903814262023	False	False	TS: AC
control_derived	124	TS_DLPFC	TS	94	153	0.943117305454828	-0.0844908696151135	Higher in Control	0.0845771144278607	0.860696517412935	0.117358941725481	1.0	1.0	0.920398009950249	0.144278606965174	1.0	0.222636815920398	1.0	0.920398009950249	0.144278606965174	1.0	False	False	TS: DLPFC
control_derived	124	TS_PCGBA23	TS	94	2016	0.896451675451826	-0.157702280299104	Higher in Control	1.0	0.975124378109453	1.0	1.0	1.0	0.0049751243781094	0.0298507462686567	0.0078241272271123	0.0603575528948663	0.0603575528948663	0.0049751243781094	0.0298507462686567	0.0603575528948663	False	True	TS: PCG
control_derived	124	CT_AC__DLPFC	CT	94	216	0.675171043336682	-0.56667506366571	Higher in Control	0.980099502487562	0.990049751243781	1.0	1.0	1.0	0.0248756218905473	0.0149253731343284	0.0288620997576222	0.0177729772191673	0.0288620997576222	0.0248756218905473	0.0149253731343284	0.0288620997576222	True	True	CT: AC - DLPFC
control_derived	124	CT_AC__PCGBA23	CT	94	768	0.651340731627565	-0.618515646380393	Higher in Control	1.0	1.0	1.0	1.0	1.0	0.0049751243781094	0.0049751243781094	0.0053555750658472	0.0061516740621218	0.0061516740621218	0.0049751243781094	0.0049751243781094	0.0061516740621218	True	True	CT: AC - PCG
control_derived	124	CT_DLPFC__PCGBA23	CT	94	1152	0.554175056167135	-0.851586319387139	Higher in Control	1.0	1.0	1.0	1.0	1.0	0.0049751243781094	0.0049751243781094	0.0078304131516331	0.0075041459369817	0.0078304131516331	0.0049751243781094	0.0049751243781094	0.0078304131516331	True	True	CT: DLPFC - PCG
control_derived	354	TS_AC	TS	69	3	0.8757114320264	-0.191472549455818	Higher in Control	0.577114427860697	0.54228855721393	1.0	1.0	1.0	0.427860696517413	0.462686567164179	0.53336059428883	0.584784411276949	0.584784411276949	0.427860696517413	0.462686567164179	0.584784411276949	False	False	TS: AC
control_derived	354	TS_DLPFC	TS	69	1711	0.983077300152574	-0.0246232335990353	Higher in Control	0.0049751243781094	0.945273631840796	0.008401389280015	1.0	1.0	1.0	0.0597014925373134	1.0	0.101776830135039	1.0	1.0	0.0597014925373134	1.0	False	False	TS: DLPFC
control_derived	354	TS_PCGBA23	TS	69	21	0.914363584746066	-0.129160146663487	Higher in Control	0.63681592039801	0.597014925373134	1.0	1.0	1.0	0.368159203980099	0.407960199004975	0.415590757867106	0.524927808509898	0.524927808509898	0.368159203980099	0.407960199004975	0.524927808509898	False	False	TS: PCG
control_derived	354	CT_AC__DLPFC	CT	69	177	0.266694869213973	-1.90673802489451	Higher in Control	1.0	1.0	1.0	1.0	1.0	0.0049751243781094	0.0049751243781094	0.0061258334179442	0.0064321250888415	0.0064321250888415	0.0049751243781094	0.0049751243781094	0.0064321250888415	True	True	CT: AC - DLPFC
control_derived	354	CT_AC__PCGBA23	CT	69	21	1.25503982898981	0.327733149175497	Higher in AD	0.432835820895522	0.258706467661692	1.0	1.0	1.0	0.572139303482587	0.746268656716418	0.575282926029195	0.771565899316974	0.771565899316974	0.432835820895522	0.258706467661692	1.0	False	False	CT: AC - PCG
control_derived	354	CT_DLPFC__PCGBA23	CT	69	413	0.523540009139474	-0.933628302179181	Higher in Control	1.0	1.0	1.0	1.0	1.0	0.0049751243781094	0.0049751243781094	0.0078304131516331	0.0075041459369817	0.0078304131516331	0.0049751243781094	0.0049751243781094	0.0078304131516331	True	True	CT: DLPFC - PCG
control_derived	355	TS_AC	TS	31	0			Not available														False	False	TS: AC
control_derived	355	TS_DLPFC	TS	31	435	1.09294307304515	0.128218258855856	Higher in AD	0.0049751243781094	0.507462686567164	0.008401389280015	1.0	1.0	1.0	0.497512437810945	1.0	0.618435599778883	1.0	0.0049751243781094	0.507462686567164	1.0	False	False	TS: DLPFC
control_derived	355	TS_PCGBA23	TS	31	0			Not available														False	False	TS: PCG
control_derived	355	CT_AC__DLPFC	CT	31	30	0.268688861195945	-1.89599158086961	Higher in Control	1.0	0.995024875621891	1.0	1.0	1.0	0.0049751243781094	0.0099502487562189	0.0061258334179442	0.0123355823621618	0.0123355823621618	0.0049751243781094	0.0099502487562189	0.0123355823621618	True	True	CT: AC - DLPFC
control_derived	355	CT_AC__PCGBA23	CT	31	0			Not available														False	False	CT: AC - PCG
control_derived	355	CT_DLPFC__PCGBA23	CT	31	0			Not available														False	False	CT: DLPFC - PCG
control_derived	356	TS_AC	TS	62	0			Not available														False	False	TS: AC
control_derived	356	TS_DLPFC	TS	62	1891	0.99908905565649	-0.0013148138389857	Higher in Control	0.0049751243781094	0.91044776119403	0.008401389280015	1.0	1.0	1.0	0.0945273631840796	1.0	0.15243601810766	1.0	1.0	0.0945273631840796	1.0	False	False	TS: DLPFC
control_derived	356	TS_PCGBA23	TS	62	0			Not available														False	False	TS: PCG
control_derived	356	CT_AC__DLPFC	CT	62	0			Not available														False	False	CT: AC - DLPFC
control_derived	356	CT_AC__PCGBA23	CT	62	0			Not available														False	False	CT: AC - PCG
control_derived	356	CT_DLPFC__PCGBA23	CT	62	0			Not available														False	False	CT: DLPFC - PCG
control_derived	416	TS_AC	TS	36	15	2.37257693762104	1.24645487153495	Higher in AD	0.109452736318408	0.0447761194029851	1.0	0.509328358208955	1.0	0.895522388059702	0.960199004975124	0.975958530699794	1.0	1.0	0.109452736318408	0.0447761194029851	1.0	False	False	TS: AC
control_derived	416	TS_DLPFC	TS	36	325	0.917554358896325	-0.124134464466025	Higher in Control	0.0447761194029851	0.920398009950249	0.0641194029850746	1.0	1.0	0.960199004975124	0.0845771144278607	1.0	0.138892692500799	1.0	0.960199004975124	0.0845771144278607	1.0	False	False	TS: DLPFC
control_derived	416	TS_PCGBA23	TS	36	6	0.966479273552162	-0.0491893011618048	Higher in Control	0.587064676616915	0.587064676616915	1.0	1.0	1.0	0.417910447761194	0.417910447761194	0.460452229868621	0.533996683250414	0.533996683250414	0.417910447761194	0.417910447761194	0.533996683250414	False	False	TS: PCG
control_derived	416	CT_AC__DLPFC	CT	36	156	0.168991560424505	-2.5649768959405	Higher in Control	1.0	1.0	1.0	1.0	1.0	0.0049751243781094	0.0049751243781094	0.0061258334179442	0.0064321250888415	0.0064321250888415	0.0049751243781094	0.0049751243781094	0.0064321250888415	True	True	CT: AC - DLPFC
control_derived	416	CT_AC__PCGBA23	CT	36	24	0.917222069940806	-0.124657025826609	Higher in Control	0.641791044776119	0.522388059701492	1.0	1.0	1.0	0.36318407960199	0.482587064676617	0.369237147595357	0.501780868385346	0.501780868385346	0.36318407960199	0.482587064676617	0.501780868385346	False	False	CT: AC - PCG
control_derived	416	CT_DLPFC__PCGBA23	CT	36	104	0.508023619066607	-0.977032522460509	Higher in Control	1.0	1.0	1.0	1.0	1.0	0.0049751243781094	0.0049751243781094	0.0078304131516331	0.0075041459369817	0.0078304131516331	0.0049751243781094	0.0049751243781094	0.0078304131516331	True	True	CT: DLPFC - PCG
control_derived	417	TS_AC	TS	31	105	0.646199850700442	-0.629947677607758	Higher in Control	0.930348258706468	0.950248756218905	1.0	1.0	1.0	0.0746268656716418	0.054726368159204	0.125760088446656	0.098615831732427	0.125760088446656	0.0746268656716418	0.054726368159204	0.125760088446656	False	False	TS: AC
control_derived	417	TS_DLPFC	TS	31	21	0.793192067244233	-0.334257845717771	Higher in Control	0.412935323383085	0.840796019900497	0.442607322668097	1.0	1.0	0.592039800995025	0.164179104477612	1.0	0.249051353402479	1.0	0.592039800995025	0.164179104477612	1.0	False	False	TS: DLPFC
control_derived	417	TS_PCGBA23	TS	31	36	0.572345968114574	-0.805040612921517	Higher in Control	0.940298507462687	0.965174129353234	1.0	1.0	1.0	0.0646766169154229	0.0398009950248756	0.0838063205101254	0.0739735665108799	0.0838063205101254	0.0646766169154229	0.0398009950248756	0.0838063205101254	False	True	TS: PCG
control_derived	417	CT_AC__DLPFC	CT	31	105	0.459060070414793	-1.12324514469249	Higher in Control	1.0	0.995024875621891	1.0	1.0	1.0	0.0049751243781094	0.0099502487562189	0.0061258334179442	0.0123355823621618	0.0123355823621618	0.0049751243781094	0.0099502487562189	0.0123355823621618	True	True	CT: AC - DLPFC
control_derived	417	CT_AC__PCGBA23	CT	31	135	0.221702434659211	-2.1733034814188	Higher in Control	1.0	1.0	1.0	1.0	1.0	0.0049751243781094	0.0049751243781094	0.0053555750658472	0.0061516740621218	0.0061516740621218	0.0049751243781094	0.0049751243781094	0.0061516740621218	True	True	CT: AC - PCG
control_derived	417	CT_DLPFC__PCGBA23	CT	31	63	0.663138456883766	-0.59261797235479	Higher in Control	0.935323383084577	0.975124378109453	1.0	1.0	1.0	0.0696517412935323	0.0298507462686567	0.100855721393035	0.0388703962203372	0.100855721393035	0.0696517412935323	0.0298507462686567	0.100855721393035	False	False	CT: DLPFC - PCG
control_derived	418	TS_AC	TS	49	190	0.890360118888463	-0.167539122120345	Higher in Control	0.681592039800995	0.72636815920398	1.0	1.0	1.0	0.323383084577114	0.278606965174129	0.435968306615073	0.390049751243781	0.435968306615073	0.323383084577114	0.278606965174129	0.435968306615073	False	False	TS: AC
control_derived	418	TS_DLPFC	TS	49	171	1.04242601240647	0.059944990075461	Higher in AD	0.0248756218905473	0.631840796019901	0.0364978386754751	1.0	1.0	0.980099502487562	0.373134328358209	1.0	0.487525874278244	1.0	0.0248756218905473	0.631840796019901	1.0	False	False	TS: DLPFC
control_derived	418	TS_PCGBA23	TS	49	45	0.684264660786342	-0.547373654347678	Higher in Control	0.920398009950249	0.920398009950249	1.0	1.0	1.0	0.0845771144278607	0.0845771144278607	0.107325441756734	0.141474445952058	0.141474445952058	0.0845771144278607	0.0845771144278607	0.141474445952058	False	False	TS: PCG
control_derived	418	CT_AC__DLPFC	CT	49	380	0.459594585699922	-1.12156629261674	Higher in Control	1.0	1.0	1.0	1.0	1.0	0.0049751243781094	0.0049751243781094	0.0061258334179442	0.0064321250888415	0.0064321250888415	0.0049751243781094	0.0049751243781094	0.0064321250888415	True	True	CT: AC - DLPFC
control_derived	418	CT_AC__PCGBA23	CT	49	200	0.569649354425626	-0.811853948055529	Higher in Control	1.0	0.985074626865672	1.0	1.0	1.0	0.0049751243781094	0.0199004975124378	0.0053555750658472	0.0231961213043065	0.0231961213043065	0.0049751243781094	0.0199004975124378	0.0231961213043065	True	True	CT: AC - PCG
control_derived	418	CT_DLPFC__PCGBA23	CT	49	190	0.813497791478948	-0.297789665678796	Higher in Control	0.875621890547264	0.985074626865672	1.0	1.0	1.0	0.129353233830846	0.0199004975124378	0.180099502487562	0.0274961072500095	0.180099502487562	0.129353233830846	0.0199004975124378	0.180099502487562	False	False	CT: DLPFC - PCG
control_derived	419	TS_AC	TS	70	325	0.674847133155557	-0.567367356005336	Higher in Control	0.990049751243781	0.965174129353234	1.0	1.0	1.0	0.0149253731343284	0.0398009950248756	0.0292087947359974	0.0770615010056103	0.0770615010056103	0.0149253731343284	0.0398009950248756	0.0770615010056103	False	True	TS: AC
control_derived	419	TS_DLPFC	TS	70	210	0.836253826343796	-0.257987187955877	Higher in Control	0.149253731343284	0.975124378109453	0.196444249341528	1.0	1.0	0.855721393034826	0.0298507462686567	1.0	0.0568434423626548	1.0	0.855721393034826	0.0298507462686567	1.0	False	False	TS: DLPFC
control_derived	419	TS_PCGBA23	TS	70	253	0.726973433814239	-0.460025450969103	Higher in Control	1.0	0.985074626865672	1.0	1.0	1.0	0.0049751243781094	0.0199004975124378	0.0078241272271123	0.0430787240269242	0.0430787240269242	0.0049751243781094	0.0199004975124378	0.0430787240269242	True	True	TS: PCG
control_derived	419	CT_AC__DLPFC	CT	70	546	0.431467265380637	-1.21267698592219	Higher in Control	1.0	1.0	1.0	1.0	1.0	0.0049751243781094	0.0049751243781094	0.0061258334179442	0.0064321250888415	0.0064321250888415	0.0049751243781094	0.0049751243781094	0.0064321250888415	True	True	CT: AC - DLPFC
control_derived	419	CT_AC__PCGBA23	CT	70	598	0.381851087426281	-1.38891796269038	Higher in Control	1.0	1.0	1.0	1.0	1.0	0.0049751243781094	0.0049751243781094	0.0053555750658472	0.0061516740621218	0.0061516740621218	0.0049751243781094	0.0049751243781094	0.0061516740621218	True	True	CT: AC - PCG
control_derived	419	CT_DLPFC__PCGBA23	CT	70	483	0.990790049559301	-0.0133487151237734	Higher in Control	0.303482587064677	0.805970149253731	1.0	1.0	1.0	0.701492537313433	0.199004975124378	0.857906413876563	0.232386454822661	0.857906413876563	0.701492537313433	0.199004975124378	0.857906413876563	False	False	CT: DLPFC - PCG
control_derived	421	TS_AC	TS	45	630	0.969457528860991	-0.0447503984570663	Higher in Control	0.522388059701492	0.472636815920398	1.0	1.0	1.0	0.482587064676617	0.532338308457711	0.577834511652265	0.645903814262023	0.645903814262023	0.482587064676617	0.532338308457711	0.645903814262023	False	False	TS: AC
control_derived	421	TS_DLPFC	TS	45	0			Not available														False	False	TS: DLPFC
control_derived	421	TS_PCGBA23	TS	45	28	0.688977872372508	-0.537470445674892	Higher in Control	0.860696517412935	0.870646766169154	1.0	1.0	1.0	0.144278606965174	0.134328358208955	0.175809693255576	0.204267916615271	0.204267916615271	0.144278606965174	0.134328358208955	0.204267916615271	False	False	TS: PCG
control_derived	421	CT_AC__DLPFC	CT	45	36	0.605655889873935	-0.723429751645144	Higher in Control	0.850746268656716	0.810945273631841	1.0	1.0	1.0	0.154228855721393	0.194029850746269	0.170215993204708	0.211562668584787	0.211562668584787	0.154228855721393	0.194029850746269	0.211562668584787	False	False	CT: AC - DLPFC
control_derived	421	CT_AC__PCGBA23	CT	45	288	0.448427420747276	-1.1570535951415	Higher in Control	1.0	1.0	1.0	1.0	1.0	0.0049751243781094	0.0049751243781094	0.0053555750658472	0.0061516740621218	0.0061516740621218	0.0049751243781094	0.0049751243781094	0.0061516740621218	True	True	CT: AC - PCG
control_derived	421	CT_DLPFC__PCGBA23	CT	45	8	1.00760884137026	0.0109356863204229	Higher in AD	0.467661691542289	0.517412935323383	1.0	1.0	1.0	0.537313432835821	0.487562189054726	0.684885431994955	0.5316190133669	0.684885431994955	0.467661691542289	0.517412935323383	1.0	False	False	CT: DLPFC - PCG
control_derived	422	TS_AC	TS	43	496	0.927958589235763	-0.107867669316004	Higher in Control	0.721393034825871	0.572139303482587	1.0	1.0	1.0	0.283582089552239	0.432835820895522	0.390999547715966	0.562686567164179	0.562686567164179	0.283582089552239	0.432835820895522	0.562686567164179	False	False	TS: AC
control_derived	422	TS_DLPFC	TS	43	0			Not available														False	False	TS: DLPFC
control_derived	422	TS_PCGBA23	TS	43	55	0.613807099743241	-0.704142761717166	Higher in Control	0.965174129353234	0.970149253731343	1.0	1.0	1.0	0.0398009950248756	0.0348258706467662	0.0542472821079786	0.0660614453505668	0.0660614453505668	0.0398009950248756	0.0348258706467662	0.0660614453505668	False	True	TS: PCG
control_derived	422	CT_AC__DLPFC	CT	43	0			Not available														False	False	CT: AC - DLPFC
control_derived	422	CT_AC__PCGBA23	CT	43	352	0.603127759895176	-0.729464455873419	Higher in Control	1.0	1.0	1.0	1.0	1.0	0.0049751243781094	0.0049751243781094	0.0053555750658472	0.0061516740621218	0.0061516740621218	0.0049751243781094	0.0049751243781094	0.0061516740621218	True	True	CT: AC - PCG
control_derived	422	CT_DLPFC__PCGBA23	CT	43	0			Not available														False	False	CT: DLPFC - PCG
control_derived	424	TS_AC	TS	58	861	0.871625969521188	-0.198218913645466	Higher in Control	0.855721393034826	0.791044776119403	1.0	1.0	1.0	0.149253731343284	0.213930348258706	0.22636815920398	0.311482587064677	0.311482587064677	0.149253731343284	0.213930348258706	0.311482587064677	False	False	TS: AC
control_derived	424	TS_DLPFC	TS	58	0			Not available														False	False	TS: DLPFC
control_derived	424	TS_PCGBA23	TS	58	105	0.726279236804507	-0.461403758650574	Higher in Control	0.960199004975124	0.940298507462687	1.0	1.0	1.0	0.0447761194029851	0.0646766169154229	0.0605794556628622	0.11121960291998	0.11121960291998	0.0447761194029851	0.0646766169154229	0.11121960291998	False	False	TS: PCG
control_derived	424	CT_AC__DLPFC	CT	58	42	0.0673363857105415	-3.89246990337922	Higher in Control	1.0	1.0	1.0	1.0	1.0	0.0049751243781094	0.0049751243781094	0.0061258334179442	0.0064321250888415	0.0064321250888415	0.0049751243781094	0.0049751243781094	0.0064321250888415	True	True	CT: AC - DLPFC
control_derived	424	CT_AC__PCGBA23	CT	58	630	0.612340426735821	-0.70759416187562	Higher in Control	1.0	1.0	1.0	1.0	1.0	0.0049751243781094	0.0049751243781094	0.0053555750658472	0.0061516740621218	0.0061516740621218	0.0049751243781094	0.0049751243781094	0.0061516740621218	True	True	CT: AC - PCG
control_derived	424	CT_DLPFC__PCGBA23	CT	58	15	0.18331915478363	-2.44757055577686	Higher in Control	1.0	0.995024875621891	1.0	1.0	1.0	0.0049751243781094	0.0099502487562189	0.0078304131516331	0.014407960199005	0.014407960199005	0.0049751243781094	0.0099502487562189	0.014407960199005	True	True	CT: DLPFC - PCG
control_derived	425	TS_AC	TS	74	1485	0.955623380226787	-0.0654859437672357	Higher in Control	0.621890547263682	0.557213930348259	1.0	1.0	1.0	0.383084577114428	0.447761194029851	0.487562189054726	0.577961257542077	0.577961257542077	0.383084577114428	0.447761194029851	0.577961257542077	False	False	TS: AC
control_derived	425	TS_DLPFC	TS	74	0			Not available														False	False	TS: DLPFC
control_derived	425	TS_PCGBA23	TS	74	153	0.966814613978469	-0.0486888144246206	Higher in Control	0.880597014925373	0.736318407960199	1.0	1.0	1.0	0.124378109452736	0.26865671641791	0.153594443887943	0.37449118046133	0.37449118046133	0.124378109452736	0.26865671641791	0.37449118046133	False	False	TS: PCG
control_derived	425	CT_AC__DLPFC	CT	74	55	0.628797364120112	-0.669332924967072	Higher in Control	0.91044776119403	0.875621890547264	1.0	1.0	1.0	0.0945273631840796	0.129353233830846	0.105613905779743	0.142761800752336	0.142761800752336	0.0945273631840796	0.129353233830846	0.142761800752336	False	False	CT: AC - DLPFC
control_derived	425	CT_AC__PCGBA23	CT	74	990	0.386452382497262	-1.37163743433941	Higher in Control	1.0	1.0	1.0	1.0	1.0	0.0049751243781094	0.0049751243781094	0.0053555750658472	0.0061516740621218	0.0061516740621218	0.0049751243781094	0.0049751243781094	0.0061516740621218	True	True	CT: AC - PCG
control_derived	425	CT_DLPFC__PCGBA23	CT	74	18	1.21462428768894	0.280510122792357	Higher in AD	0.288557213930348	0.378109452736318	1.0	1.0	1.0	0.716417910447761	0.626865671641791	0.858752594642681	0.675373134328358	0.858752594642681	0.288557213930348	0.378109452736318	1.0	False	False	CT: DLPFC - PCG
control_derived	433	TS_AC	TS	74	990	0.787256468007524	-0.345094389463423	Higher in Control	0.985074626865672	0.975124378109453	1.0	1.0	1.0	0.0199004975124378	0.0298507462686567	0.0377280265339967	0.0610430991111856	0.0610430991111856	0.0199004975124378	0.0298507462686567	0.0610430991111856	False	True	TS: AC
control_derived	433	TS_DLPFC	TS	74	36	0.950626966069989	-0.0730487682906072	Higher in Control	0.278606965174129	0.716417910447761	0.328096360303744	1.0	1.0	0.72636815920398	0.288557213930348	1.0	0.4004010952987	1.0	0.72636815920398	0.288557213930348	1.0	False	False	TS: DLPFC
control_derived	433	TS_PCGBA23	TS	74	190	1.08812124266833	0.121839316194009	Higher in AD	0.751243781094527	0.462686567164179	1.0	1.0	1.0	0.253731343283582	0.54228855721393	0.295484602304931	0.660801950512339	0.660801950512339	0.751243781094527	0.462686567164179	1.0	False	False	TS: PCG
control_derived	433	CT_AC__DLPFC	CT	74	405	0.621709945890485	-0.685686436114778	Higher in Control	1.0	0.990049751243781	1.0	1.0	1.0	0.0049751243781094	0.0149253731343284	0.0061258334179442	0.0177729772191673	0.0177729772191673	0.0049751243781094	0.0149253731343284	0.0177729772191673	True	True	CT: AC - DLPFC
control_derived	433	CT_AC__PCGBA23	CT	74	900	0.716495848637803	-0.480969749321093	Higher in Control	1.0	0.995024875621891	1.0	1.0	1.0	0.0049751243781094	0.0099502487562189	0.0053555750658472	0.0120589107442918	0.0120589107442918	0.0049751243781094	0.0099502487562189	0.0120589107442918	True	True	CT: AC - PCG
control_derived	433	CT_DLPFC__PCGBA23	CT	74	180	1.01693110655429	0.0242219450763084	Higher in AD	0.298507462686567	0.706467661691542	1.0	1.0	1.0	0.706467661691542	0.298507462686567	0.858192260175632	0.341961080672586	0.858192260175632	0.298507462686567	0.706467661691542	1.0	False	False	CT: DLPFC - PCG
control_derived	435	TS_AC	TS	126	3003	0.846506784309077	-0.240406464274017	Higher in Control	1.0	0.930348258706468	1.0	1.0	1.0	0.0049751243781094	0.0746268656716418	0.0109093088773002	0.129353233830846	0.129353233830846	0.0049751243781094	0.0746268656716418	0.129353233830846	False	False	TS: AC
control_derived	435	TS_DLPFC	TS	126	105	1.11561395414863	0.157837884885032	Higher in AD	0.0646766169154229	0.402985074626866	0.0911583813217378	1.0	1.0	0.940298507462687	0.601990049751244	1.0	0.728082560172112	1.0	0.0646766169154229	0.402985074626866	1.0	False	False	TS: DLPFC
control_derived	435	TS_PCGBA23	TS	126	528	1.07174184759908	0.0999574430722055	Higher in AD	0.91044776119403	0.601990049751244	1.0	1.0	1.0	0.0945273631840796	0.402985074626866	0.118319964801841	0.524927808509898	0.524927808509898	0.91044776119403	0.601990049751244	1.0	False	False	TS: PCG
control_derived	435	CT_AC__DLPFC	CT	126	1170	0.6418816821936	-0.639620704461571	Higher in Control	1.0	1.0	1.0	1.0	1.0	0.0049751243781094	0.0049751243781094	0.0061258334179442	0.0064321250888415	0.0064321250888415	0.0049751243781094	0.0049751243781094	0.0064321250888415	True	True	CT: AC - DLPFC
control_derived	435	CT_AC__PCGBA23	CT	126	2574	0.623023123056472	-0.682642386052471	Higher in Control	1.0	1.0	1.0	1.0	1.0	0.0049751243781094	0.0049751243781094	0.0053555750658472	0.0061516740621218	0.0061516740621218	0.0049751243781094	0.0049751243781094	0.0061516740621218	True	True	CT: AC - PCG
control_derived	435	CT_DLPFC__PCGBA23	CT	126	495	1.04751777319888	0.0669747222905976	Higher in AD	0.124378109452736	0.666666666666667	0.804015636105188	1.0	1.0	0.880597014925373	0.338308457711443	1.0	0.380334353079324	1.0	0.124378109452736	0.666666666666667	1.0	False	False	CT: DLPFC - PCG
control_derived	436	TS_AC	TS	30	78	0.671199488284003	-0.575186479005949	Higher in Control	0.860696517412935	0.955223880597015	1.0	1.0	1.0	0.144278606965174	0.0497512437810945	0.220661398887913	0.0923951670220327	0.220661398887913	0.144278606965174	0.0497512437810945	0.220661398887913	False	False	TS: AC
control_derived	436	TS_DLPFC	TS	30	10	1.64625188445582	0.719185091928111	Higher in AD	0.194029850746269	0.18407960199005	0.242876526458616	1.0	1.0	0.810945273631841	0.82089552238806	1.0	0.912672661537035	1.0	0.194029850746269	0.18407960199005	1.0	False	False	TS: DLPFC
control_derived	436	TS_PCGBA23	TS	30	66	1.30378462243581	0.382705564502072	Higher in AD	0.497512437810945	0.318407960199005	1.0	1.0	1.0	0.507462686567164	0.686567164179104	0.549253731343284	0.78955223880597	0.78955223880597	0.497512437810945	0.318407960199005	1.0	False	False	TS: PCG
control_derived	436	CT_AC__DLPFC	CT	30	65	0.53674930197503	-0.897679684979965	Higher in Control	0.970149253731343	0.980099502487562	1.0	1.0	1.0	0.0348258706467662	0.0248756218905473	0.0396445445727338	0.0288620997576222	0.0396445445727338	0.0348258706467662	0.0248756218905473	0.0396445445727338	True	True	CT: AC - DLPFC
control_derived	436	CT_AC__PCGBA23	CT	30	156	0.435515441639355	-1.19920422294823	Higher in Control	1.0	1.0	1.0	1.0	1.0	0.0049751243781094	0.0049751243781094	0.0053555750658472	0.0061516740621218	0.0061516740621218	0.0049751243781094	0.0049751243781094	0.0061516740621218	True	True	CT: AC - PCG
control_derived	436	CT_DLPFC__PCGBA23	CT	30	60	1.41912863884621	0.505005370380748	Higher in AD	0.0597014925373134	0.139303482587065	0.450248756218905	1.0	1.0	0.945273631840796	0.865671641791045	1.0	0.905702700370977	1.0	0.0597014925373134	0.139303482587065	1.0	False	False	CT: DLPFC - PCG
control_derived	442	TS_AC	TS	52	276	0.818517464333919	-0.288914895733271	Higher in Control	0.845771144278607	0.835820895522388	1.0	1.0	1.0	0.159203980099502	0.169154228855721	0.2375010194927	0.252344833210994	0.252344833210994	0.159203980099502	0.169154228855721	0.252344833210994	False	False	TS: AC
control_derived	442	TS_DLPFC	TS	52	28	1.06062054625406	0.0849086016317701	Higher in AD	0.243781094527363	0.522388059701492	0.298882300824644	1.0	1.0	0.761194029850746	0.482587064676617	1.0	0.608331581528975	1.0	0.243781094527363	0.522388059701492	1.0	False	False	TS: DLPFC
control_derived	442	TS_PCGBA23	TS	52	190	0.84736187681626	-0.238949872210278	Higher in Control	0.970149253731343	0.915422885572139	1.0	1.0	1.0	0.0348258706467662	0.0895522388059701	0.0481801518722179	0.144540455616654	0.144540455616654	0.0348258706467662	0.0895522388059701	0.144540455616654	False	False	TS: PCG
control_derived	442	CT_AC__DLPFC	CT	52	192	0.510980598703077	-0.968659580018452	Higher in Control	1.0	1.0	1.0	1.0	1.0	0.0049751243781094	0.0049751243781094	0.0061258334179442	0.0064321250888415	0.0064321250888415	0.0049751243781094	0.0049751243781094	0.0064321250888415	True	True	CT: AC - DLPFC
control_derived	442	CT_AC__PCGBA23	CT	52	480	0.396245823986883	-1.33553236403951	Higher in Control	1.0	1.0	1.0	1.0	1.0	0.0049751243781094	0.0049751243781094	0.0053555750658472	0.0061516740621218	0.0061516740621218	0.0049751243781094	0.0049751243781094	0.0061516740621218	True	True	CT: AC - PCG
control_derived	442	CT_DLPFC__PCGBA23	CT	52	160	0.744152472790277	-0.42632984290707	Higher in Control	0.920398009950249	0.975124378109453	1.0	1.0	1.0	0.0845771144278607	0.0298507462686567	0.121495696122562	0.0388703962203372	0.121495696122562	0.0845771144278607	0.0298507462686567	0.121495696122562	False	False	CT: DLPFC - PCG
control_derived	447	TS_AC	TS	262	28680	0.929542299199485	-0.105407577825629	Higher in Control	1.0	0.696517412935323	1.0	1.0	1.0	0.0049751243781094	0.308457711442786	0.0109093088773002	0.422100026184865	0.422100026184865	0.0049751243781094	0.308457711442786	0.422100026184865	False	False	TS: AC
control_derived	447	TS_DLPFC	TS	262	66	0.934192874774788	-0.0982076533526396	Higher in Control	0.228855721393035	0.756218905472637	0.282518442271402	1.0	1.0	0.776119402985075	0.248756218905473	1.0	0.350609158929761	1.0	0.776119402985075	0.248756218905473	1.0	False	False	TS: DLPFC
control_derived	447	TS_PCGBA23	TS	262	45	0.631916142396572	-0.662194974737452	Higher in Control	0.970149253731343	0.970149253731343	1.0	1.0	1.0	0.0348258706467662	0.0348258706467662	0.0481801518722179	0.0660614453505668	0.0660614453505668	0.0348258706467662	0.0348258706467662	0.0660614453505668	False	True	TS: PCG
control_derived	447	CT_AC__DLPFC	CT	262	2880	0.280297739935057	-1.83496798304507	Higher in Control	1.0	1.0	1.0	1.0	1.0	0.0049751243781094	0.0049751243781094	0.0061258334179442	0.0064321250888415	0.0064321250888415	0.0049751243781094	0.0049751243781094	0.0064321250888415	True	True	CT: AC - DLPFC
control_derived	447	CT_AC__PCGBA23	CT	262	2400	0.374006098220154	-1.41886630124437	Higher in Control	1.0	1.0	1.0	1.0	1.0	0.0049751243781094	0.0049751243781094	0.0053555750658472	0.0061516740621218	0.0061516740621218	0.0049751243781094	0.0049751243781094	0.0061516740621218	True	True	CT: AC - PCG
control_derived	447	CT_DLPFC__PCGBA23	CT	262	120	1.03759004017349	0.0532365363394106	Higher in AD	0.328358208955224	0.641791044776119	1.0	1.0	1.0	0.676616915422886	0.36318407960199	0.833113344840424	0.405779743259014	0.833113344840424	0.328358208955224	0.641791044776119	1.0	False	False	CT: DLPFC - PCG
control_derived	450	TS_AC	TS	354	46360	0.821157632983082	-0.284268900297603	Higher in Control	1.0	1.0	1.0	1.0	1.0	0.0049751243781094	0.0049751243781094	0.0109093088773002	0.0146043973679987	0.0146043973679987	0.0049751243781094	0.0049751243781094	0.0146043973679987	True	True	TS: AC
control_derived	450	TS_DLPFC	TS	354	276	1.24985280506008	0.321758198956143	Higher in AD	0.0049751243781094	0.109452736318408	0.008401389280015	1.0	1.0	1.0	0.895522388059702	1.0	0.959871302171776	1.0	0.0049751243781094	0.109452736318408	1.0	False	False	TS: DLPFC
control_derived	450	TS_PCGBA23	TS	354	300	0.750167435660548	-0.414715457095549	Higher in Control	0.995024875621891	0.970149253731343	1.0	1.0	1.0	0.0099502487562189	0.0348258706467662	0.0150069325503629	0.0660614453505668	0.0660614453505668	0.0099502487562189	0.0348258706467662	0.0660614453505668	False	True	TS: PCG
control_derived	450	CT_AC__DLPFC	CT	354	7320	0.470416019130095	-1.0879909056186	Higher in Control	1.0	1.0	1.0	1.0	1.0	0.0049751243781094	0.0049751243781094	0.0061258334179442	0.0064321250888415	0.0064321250888415	0.0049751243781094	0.0049751243781094	0.0064321250888415	True	True	CT: AC - DLPFC
control_derived	450	CT_AC__PCGBA23	CT	354	7625	0.363966882628728	-1.45812090941094	Higher in Control	1.0	1.0	1.0	1.0	1.0	0.0049751243781094	0.0049751243781094	0.0053555750658472	0.0061516740621218	0.0061516740621218	0.0049751243781094	0.0049751243781094	0.0061516740621218	True	True	CT: AC - PCG
control_derived	450	CT_DLPFC__PCGBA23	CT	354	600	0.8439500658444	-0.244770453644247	Higher in Control	0.91044776119403	1.0	1.0	1.0	1.0	0.0945273631840796	0.0049751243781094	0.134720100285972	0.0075041459369817	0.134720100285972	0.0945273631840796	0.0049751243781094	0.134720100285972	False	False	CT: DLPFC - PCG
control_derived	452	TS_AC	TS	85	2415	0.942291306026145	-0.0857549620230104	Higher in Control	0.746268656716418	0.552238805970149	1.0	1.0	1.0	0.258706467661692	0.45273631840796	0.36499672181727	0.580267675705977	0.580267675705977	0.258706467661692	0.45273631840796	0.580267675705977	False	False	TS: AC
control_derived	452	TS_DLPFC	TS	85	36	1.20204629302162	0.265492457968117	Higher in AD	0.164179104477612	0.293532338308458	0.208425955329734	1.0	1.0	0.840796019900497	0.711442786069652	1.0	0.826936744847193	1.0	0.164179104477612	0.293532338308458	1.0	False	False	TS: DLPFC
control_derived	452	TS_PCGBA23	TS	85	15	1.54340418732884	0.626115924964066	Higher in AD	0.388059701492537	0.248756218905473	1.0	1.0	1.0	0.616915422885572	0.756218905472637	0.652370332246812	0.8331992730956	0.8331992730956	0.388059701492537	0.248756218905473	1.0	False	False	TS: PCG
control_derived	452	CT_AC__DLPFC	CT	85	630	0.405175499827469	-1.30338115506729	Higher in Control	1.0	1.0	1.0	1.0	1.0	0.0049751243781094	0.0049751243781094	0.0061258334179442	0.0064321250888415	0.0064321250888415	0.0049751243781094	0.0049751243781094	0.0064321250888415	True	True	CT: AC - DLPFC
control_derived	452	CT_AC__PCGBA23	CT	85	420	0.337870071029611	-1.56545953452918	Higher in Control	1.0	1.0	1.0	1.0	1.0	0.0049751243781094	0.0049751243781094	0.0053555750658472	0.0061516740621218	0.0061516740621218	0.0049751243781094	0.0049751243781094	0.0061516740621218	True	True	CT: AC - PCG
control_derived	452	CT_DLPFC__PCGBA23	CT	85	54	1.46551288314265	0.551405650637016	Higher in AD	0.0597014925373134	0.129353233830846	0.450248756218905	1.0	1.0	0.945273631840796	0.875621890547264	1.0	0.910848058557786	1.0	0.0597014925373134	0.129353233830846	1.0	False	False	CT: DLPFC - PCG
control_derived	456	TS_AC	TS	239	4560	0.836788714861473	-0.257064699711654	Higher in Control	1.0	0.990049751243781	1.0	1.0	1.0	0.0049751243781094	0.0149253731343284	0.0109093088773002	0.0352781546811398	0.0352781546811398	0.0049751243781094	0.0149253731343284	0.0352781546811398	True	True	TS: AC
control_derived	456	TS_DLPFC	TS	239	780	0.963194592567976	-0.0541008021432189	Higher in Control	0.0049751243781094	0.900497512437811	0.008401389280015	1.0	1.0	1.0	0.104477611940299	1.0	0.166977611940299	1.0	1.0	0.104477611940299	1.0	False	False	TS: DLPFC
control_derived	456	TS_PCGBA23	TS	239	5253	0.75653497576721	-0.402521312908694	Higher in Control	1.0	1.0	1.0	1.0	1.0	0.0049751243781094	0.0049751243781094	0.0078241272271123	0.0130774697938877	0.0130774697938877	0.0049751243781094	0.0049751243781094	0.0130774697938877	True	True	TS: PCG
control_derived	456	CT_AC__DLPFC	CT	239	3840	0.496265856437549	-1.01081489562753	Higher in Control	1.0	1.0	1.0	1.0	1.0	0.0049751243781094	0.0049751243781094	0.0061258334179442	0.0064321250888415	0.0064321250888415	0.0049751243781094	0.0049751243781094	0.0064321250888415	True	True	CT: AC - DLPFC
control_derived	456	CT_AC__PCGBA23	CT	239	9888	0.670736683521864	-0.576181587679131	Higher in Control	1.0	1.0	1.0	1.0	1.0	0.0049751243781094	0.0049751243781094	0.0053555750658472	0.0061516740621218	0.0061516740621218	0.0049751243781094	0.0049751243781094	0.0061516740621218	True	True	CT: AC - PCG
control_derived	456	CT_DLPFC__PCGBA23	CT	239	4120	0.53102913698275	-0.913137072601305	Higher in Control	1.0	1.0	1.0	1.0	1.0	0.0049751243781094	0.0049751243781094	0.0078304131516331	0.0075041459369817	0.0078304131516331	0.0049751243781094	0.0049751243781094	0.0078304131516331	True	True	CT: DLPFC - PCG
control_derived	457	TS_AC	TS	179	1035	0.811550442415661	-0.301247325731797	Higher in Control	0.980099502487562	0.950248756218905	1.0	1.0	1.0	0.0248756218905473	0.054726368159204	0.0461975835110163	0.098615831732427	0.098615831732427	0.0248756218905473	0.054726368159204	0.098615831732427	False	True	TS: AC
control_derived	457	TS_DLPFC	TS	179	2926	1.43470760247355	0.52075674146918	Higher in AD	0.0049751243781094	0.0049751243781094	0.008401389280015	0.178109452736318	0.178109452736318	1.0	1.0	1.0	1.0	1.0	0.0049751243781094	0.0049751243781094	0.178109452736318	False	False	TS: DLPFC
control_derived	457	TS_PCGBA23	TS	179	1540	1.7972827346784	0.845817380374226	Higher in AD	0.0049751243781094	0.0049751243781094	0.30514096185738	0.183084577114428	0.30514096185738	1.0	1.0	1.0	1.0	1.0	0.0049751243781094	0.0049751243781094	0.30514096185738	False	False	TS: PCG
control_derived	457	CT_AC__DLPFC	CT	179	3542	0.704432358680203	-0.505466912811917	Higher in Control	1.0	1.0	1.0	1.0	1.0	0.0049751243781094	0.0049751243781094	0.0061258334179442	0.0064321250888415	0.0064321250888415	0.0049751243781094	0.0049751243781094	0.0064321250888415	True	True	CT: AC - DLPFC
control_derived	457	CT_AC__PCGBA23	CT	179	2576	0.797774083723679	-0.325947837707747	Higher in Control	1.0	0.985074626865672	1.0	1.0	1.0	0.0049751243781094	0.0199004975124378	0.0053555750658472	0.0231961213043065	0.0231961213043065	0.0049751243781094	0.0199004975124378	0.0231961213043065	True	True	CT: AC - PCG
control_derived	457	CT_DLPFC__PCGBA23	CT	179	4312	1.51557398183649	0.599864278135782	Higher in AD	0.0049751243781094	0.0049751243781094	0.0643212508884151	0.225124378109453	0.225124378109453	1.0	1.0	1.0	1.0	1.0	0.0049751243781094	0.0049751243781094	0.225124378109453	False	False	CT: DLPFC - PCG
control_derived	461	TS_AC	TS	87	231	0.733321964097162	-0.447481343972754	Higher in Control	0.890547263681592	0.975124378109453	1.0	1.0	1.0	0.114427860696517	0.0298507462686567	0.181094527363184	0.0610430991111856	0.181094527363184	0.114427860696517	0.0298507462686567	0.181094527363184	False	False	TS: AC
control_derived	461	TS_DLPFC	TS	87	105	2.15269570465412	1.10614440105976	Higher in AD	0.0049751243781094	0.0049751243781094	0.008401389280015	0.178109452736318	0.178109452736318	1.0	1.0	1.0	1.0	1.0	0.0049751243781094	0.0049751243781094	0.178109452736318	False	False	TS: DLPFC
control_derived	461	TS_PCGBA23	TS	87	1225	0.967102089414885	-0.0482599030978587	Higher in Control	1.0	0.796019900497512	1.0	1.0	1.0	0.0049751243781094	0.208955223880597	0.0078241272271123	0.302738277118345	0.302738277118345	0.0049751243781094	0.208955223880597	0.302738277118345	False	False	TS: PCG
control_derived	461	CT_AC__DLPFC	CT	87	330	0.507326359103406	-0.97901397451325	Higher in Control	1.0	1.0	1.0	1.0	1.0	0.0049751243781094	0.0049751243781094	0.0061258334179442	0.0064321250888415	0.0064321250888415	0.0049751243781094	0.0049751243781094	0.0064321250888415	True	True	CT: AC - DLPFC
control_derived	461	CT_AC__PCGBA23	CT	87	1100	0.606034784185144	-0.722527493381841	Higher in Control	1.0	1.0	1.0	1.0	1.0	0.0049751243781094	0.0049751243781094	0.0053555750658472	0.0061516740621218	0.0061516740621218	0.0049751243781094	0.0049751243781094	0.0061516740621218	True	True	CT: AC - PCG
control_derived	461	CT_DLPFC__PCGBA23	CT	87	750	0.531783188720263	-0.91108992493749	Higher in Control	1.0	1.0	1.0	1.0	1.0	0.0049751243781094	0.0049751243781094	0.0078304131516331	0.0075041459369817	0.0078304131516331	0.0049751243781094	0.0049751243781094	0.0078304131516331	True	True	CT: DLPFC - PCG
control_derived	462	TS_AC	TS	185	1770	0.60509467596022	-0.724767203984261	Higher in Control	1.0	1.0	1.0	1.0	1.0	0.0049751243781094	0.0049751243781094	0.0109093088773002	0.0146043973679987	0.0146043973679987	0.0049751243781094	0.0049751243781094	0.0146043973679987	True	True	TS: AC
control_derived	462	TS_DLPFC	TS	185	1891	1.53844600958874	0.621473814444725	Higher in AD	0.0049751243781094	0.0049751243781094	0.008401389280015	0.178109452736318	0.178109452736318	1.0	1.0	1.0	1.0	1.0	0.0049751243781094	0.0049751243781094	0.178109452736318	False	False	TS: DLPFC
control_derived	462	TS_PCGBA23	TS	185	1953	0.787291314540766	-0.3450305324992	Higher in Control	1.0	1.0	1.0	1.0	1.0	0.0049751243781094	0.0049751243781094	0.0078241272271123	0.0130774697938877	0.0130774697938877	0.0049751243781094	0.0049751243781094	0.0130774697938877	True	True	TS: PCG
control_derived	462	CT_AC__DLPFC	CT	185	3720	0.632296333125607	-0.661327241968593	Higher in Control	1.0	1.0	1.0	1.0	1.0	0.0049751243781094	0.0049751243781094	0.0061258334179442	0.0064321250888415	0.0064321250888415	0.0049751243781094	0.0049751243781094	0.0064321250888415	True	True	CT: AC - DLPFC
control_derived	462	CT_AC__PCGBA23	CT	185	3780	0.438418540437687	-1.1896192846548	Higher in Control	1.0	1.0	1.0	1.0	1.0	0.0049751243781094	0.0049751243781094	0.0053555750658472	0.0061516740621218	0.0061516740621218	0.0049751243781094	0.0049751243781094	0.0061516740621218	True	True	CT: AC - PCG
control_derived	462	CT_DLPFC__PCGBA23	CT	185	3906	0.567094042985015	-0.818340093233518	Higher in Control	1.0	1.0	1.0	1.0	1.0	0.0049751243781094	0.0049751243781094	0.0078304131516331	0.0075041459369817	0.0078304131516331	0.0049751243781094	0.0049751243781094	0.0078304131516331	True	True	CT: DLPFC - PCG
control_derived	463	TS_AC	TS	102	435	0.832062083378154	-0.265236917434196	Higher in Control	0.870646766169154	0.840796019900497	1.0	1.0	1.0	0.134328358208955	0.164179104477612	0.207184416898558	0.251097453906936	0.251097453906936	0.134328358208955	0.164179104477612	0.251097453906936	False	False	TS: AC
control_derived	463	TS_DLPFC	TS	102	210	0.955809910405731	-0.0652043685050362	Higher in Control	0.054726368159204	0.82089552238806	0.0777461896864882	1.0	1.0	0.950248756218905	0.18407960199005	1.0	0.270084006198516	1.0	0.950248756218905	0.18407960199005	1.0	False	False	TS: DLPFC
control_derived	463	TS_PCGBA23	TS	102	1275	0.879170188509975	-0.185785627637979	Higher in Control	1.0	0.975124378109453	1.0	1.0	1.0	0.0049751243781094	0.0298507462686567	0.0078241272271123	0.0603575528948663	0.0603575528948663	0.0049751243781094	0.0298507462686567	0.0603575528948663	False	True	TS: PCG
control_derived	463	CT_AC__DLPFC	CT	102	630	1.1342210575515	0.181701846235132	Higher in AD	0.0049751243781094	0.0447761194029851	0.12864250177683	1.0	1.0	1.0	0.960199004975124	1.0	0.981898417516935	1.0	0.0049751243781094	0.0447761194029851	1.0	False	False	CT: AC - DLPFC
control_derived	463	CT_AC__PCGBA23	CT	102	1530	0.666171320049412	-0.58603485032142	Higher in Control	1.0	1.0	1.0	1.0	1.0	0.0049751243781094	0.0049751243781094	0.0053555750658472	0.0061516740621218	0.0061516740621218	0.0049751243781094	0.0049751243781094	0.0061516740621218	True	True	CT: AC - PCG
control_derived	463	CT_DLPFC__PCGBA23	CT	102	1071	0.736334526460783	-0.441566744339884	Higher in Control	1.0	1.0	1.0	1.0	1.0	0.0049751243781094	0.0049751243781094	0.0078304131516331	0.0075041459369817	0.0078304131516331	0.0049751243781094	0.0049751243781094	0.0078304131516331	True	True	CT: DLPFC - PCG
control_derived	468	TS_AC	TS	214	1596	0.910584164565877	-0.135135724373788	Higher in Control	0.805970149253731	0.696517412935323	1.0	1.0	1.0	0.199004975124378	0.308457711442786	0.287451630735213	0.422100026184865	0.422100026184865	0.199004975124378	0.308457711442786	0.422100026184865	False	False	TS: AC
control_derived	468	TS_DLPFC	TS	214	3741	1.17005482221423	0.226576127999858	Higher in AD	0.0049751243781094	0.129353233830846	0.008401389280015	1.0	1.0	1.0	0.875621890547264	1.0	0.959871302171776	1.0	0.0049751243781094	0.129353233830846	1.0	False	False	TS: DLPFC
control_derived	468	TS_PCGBA23	TS	214	2415	1.31114241369088	0.390824396747218	Higher in AD	0.338308457711443	0.0398009950248756	1.0	0.915422885572139	1.0	0.666666666666667	0.965174129353234	0.696969696969697	1.0	1.0	0.338308457711443	0.0398009950248756	1.0	False	False	TS: PCG
control_derived	468	CT_AC__DLPFC	CT	214	4959	0.939089536720104	-0.0906653778774581	Higher in Control	0.0099502487562189	0.328358208955224	0.225124378109453	1.0	1.0	0.995024875621891	0.676616915422886	1.0	0.707905558910649	1.0	0.995024875621891	0.676616915422886	1.0	False	False	CT: AC - DLPFC
control_derived	468	CT_AC__PCGBA23	CT	214	3990	0.996401138982539	-0.0052014241681853	Higher in Control	1.0	0.17910447761194	1.0	1.0	1.0	0.0049751243781094	0.825870646766169	0.0053555750658472	0.844325856749771	0.844325856749771	0.0049751243781094	0.825870646766169	0.844325856749771	False	False	CT: AC - PCG
control_derived	468	CT_DLPFC__PCGBA23	CT	214	6090	1.20366045747819	0.267428477315167	Higher in AD	0.0049751243781094	0.0796019900497512	0.0643212508884151	1.0	1.0	1.0	0.925373134328358	1.0	0.957100213219616	1.0	0.0049751243781094	0.0796019900497512	1.0	False	False	CT: DLPFC - PCG
control_derived	469	TS_AC	TS	250	3240	0.994709006654281	-0.0076535552183637	Higher in Control	0.427860696517413	0.283582089552239	1.0	1.0	1.0	0.577114427860697	0.721393034825871	0.660596389123565	0.810453903322892	0.810453903322892	0.577114427860697	0.721393034825871	0.810453903322892	False	False	TS: AC
control_derived	469	TS_DLPFC	TS	250	5995	1.15513863179167	0.208066004365455	Higher in AD	0.0049751243781094	0.119402985074627	0.008401389280015	1.0	1.0	1.0	0.885572139303483	1.0	0.959871302171776	1.0	0.0049751243781094	0.119402985074627	1.0	False	False	TS: DLPFC
control_derived	469	TS_PCGBA23	TS	250	1711	1.15209831414639	0.204263834210298	Higher in AD	0.935323383084577	0.283582089552239	1.0	1.0	1.0	0.0696517412935323	0.721393034825871	0.0896218209651045	0.809367795170489	0.809367795170489	0.935323383084577	0.283582089552239	1.0	False	False	TS: PCG
control_derived	469	CT_AC__DLPFC	CT	250	8910	0.889154572630663	-0.169493852679248	Higher in Control	0.17910447761194	0.686567164179104	1.0	1.0	1.0	0.825870646766169	0.318407960199005	0.874167175816822	0.34304667140488	0.874167175816822	0.825870646766169	0.318407960199005	0.874167175816822	False	False	CT: AC - DLPFC
control_derived	469	CT_AC__PCGBA23	CT	250	4779	0.743336371055904	-0.427912894837908	Higher in Control	1.0	1.0	1.0	1.0	1.0	0.0049751243781094	0.0049751243781094	0.0053555750658472	0.0061516740621218	0.0061516740621218	0.0049751243781094	0.0049751243781094	0.0061516740621218	True	True	CT: AC - PCG
control_derived	469	CT_DLPFC__PCGBA23	CT	250	6490	0.989007713220854	-0.0159463223538531	Higher in Control	0.0497512437810945	0.975124378109453	0.409317051108096	1.0	1.0	0.955223880597015	0.0298507462686567	1.0	0.0388703962203372	1.0	0.955223880597015	0.0298507462686567	1.0	False	False	CT: DLPFC - PCG
control_derived	470	TS_AC	TS	54	120	0.989555009455067	-0.0151481858337574	Higher in Control	0.487562189054726	0.487562189054726	1.0	1.0	1.0	0.517412935323383	0.517412935323383	0.609452736318408	0.63627806911389	0.63627806911389	0.517412935323383	0.517412935323383	0.63627806911389	False	False	TS: AC
control_derived	470	TS_DLPFC	TS	54	120	1.45456616660557	0.540588924532105	Higher in AD	0.0049751243781094	0.0149253731343284	0.008401389280015	0.381663113006397	0.381663113006397	1.0	0.990049751243781	1.0	1.0	1.0	0.0049751243781094	0.0149253731343284	0.381663113006397	False	False	TS: DLPFC
control_derived	470	TS_PCGBA23	TS	54	231	0.948978173852085	-0.0755531887131248	Higher in Control	0.91044776119403	0.751243781094527	1.0	1.0	1.0	0.0945273631840796	0.253731343283582	0.118319964801841	0.36191137336573	0.36191137336573	0.0945273631840796	0.253731343283582	0.36191137336573	False	False	TS: PCG
control_derived	470	CT_AC__DLPFC	CT	54	256	1.03396705883157	0.048190223547087	Higher in AD	0.0895522388059701	0.248756218905473	1.0	1.0	1.0	0.915422885572139	0.756218905472637	0.963322920282309	0.782146410803127	0.963322920282309	0.0895522388059701	0.248756218905473	1.0	False	False	CT: AC - DLPFC
control_derived	470	CT_AC__PCGBA23	CT	54	352	0.756676254053884	-0.402251923572763	Higher in Control	1.0	0.940298507462687	1.0	1.0	1.0	0.0049751243781094	0.0646766169154229	0.0053555750658472	0.0730606228118666	0.0730606228118666	0.0049751243781094	0.0646766169154229	0.0730606228118666	False	True	CT: AC - PCG
control_derived	470	CT_DLPFC__PCGBA23	CT	54	352	1.0812673715635	0.11272331116988	Higher in AD	0.104477611940299	0.567164179104478	0.727324913892078	1.0	1.0	0.900497512437811	0.437810945273632	1.0	0.483193787161752	1.0	0.104477611940299	0.567164179104478	1.0	False	False	CT: DLPFC - PCG
control_derived	474	TS_AC	TS	59	231	0.876504308765952	-0.190166911809003	Higher in Control	0.681592039800995	0.72636815920398	1.0	1.0	1.0	0.323383084577114	0.278606965174129	0.435968306615073	0.390049751243781	0.435968306615073	0.323383084577114	0.278606965174129	0.435968306615073	False	False	TS: AC
control_derived	474	TS_DLPFC	TS	59	210	1.29320266898976	0.370948390100855	Higher in AD	0.0049751243781094	0.139303482587065	0.008401389280015	1.0	1.0	1.0	0.865671641791045	1.0	0.956513727658006	1.0	0.0049751243781094	0.139303482587065	1.0	False	False	TS: DLPFC
control_derived	474	TS_PCGBA23	TS	59	120	1.20405729988482	0.267904050147985	Higher in AD	0.597014925373134	0.378109452736318	1.0	1.0	1.0	0.407960199004975	0.626865671641791	0.452196847089852	0.744150216658642	0.744150216658642	0.597014925373134	0.378109452736318	1.0	False	False	TS: PCG
control_derived	474	CT_AC__DLPFC	CT	59	462	1.01984251514897	0.0283463873388312	Higher in AD	0.0497512437810945	0.223880597014925	1.0	1.0	1.0	0.955223880597015	0.781094527363184	0.999396083167975	0.803284712799638	0.999396083167975	0.0497512437810945	0.223880597014925	1.0	False	False	CT: AC - DLPFC
control_derived	474	CT_AC__PCGBA23	CT	59	352	0.720368046161271	-0.473193906795717	Higher in Control	1.0	0.965174129353234	1.0	1.0	1.0	0.0049751243781094	0.0398009950248756	0.0053555750658472	0.0455223880597015	0.0455223880597015	0.0049751243781094	0.0398009950248756	0.0455223880597015	True	True	CT: AC - PCG
control_derived	474	CT_DLPFC__PCGBA23	CT	59	336	1.18425025894405	0.243973987374027	Higher in AD	0.0149253731343284	0.283582089552239	0.135074626865672	1.0	1.0	0.990049751243781	0.721393034825871	1.0	0.768071407667545	1.0	0.0149253731343284	0.283582089552239	1.0	False	False	CT: DLPFC - PCG
control_derived	484	TS_AC	TS	99	2346	0.836729027306992	-0.257167609811403	Higher in Control	0.990049751243781	0.950248756218905	1.0	1.0	1.0	0.0149253731343284	0.054726368159204	0.0292087947359974	0.098615831732427	0.098615831732427	0.0149253731343284	0.054726368159204	0.098615831732427	False	True	TS: AC
control_derived	484	TS_DLPFC	TS	99	66	0.667859455362945	-0.582383561625428	Higher in Control	0.502487562189055	0.990049751243781	0.525995752232987	1.0	1.0	0.502487562189055	0.0149253731343284	1.0	0.030359565807327	1.0	0.502487562189055	0.0149253731343284	1.0	False	False	TS: DLPFC
control_derived	484	TS_PCGBA23	TS	99	153	0.369851717784766	-1.43498111845609	Higher in Control	1.0	1.0	1.0	1.0	1.0	0.0049751243781094	0.0049751243781094	0.0078241272271123	0.0130774697938877	0.0130774697938877	0.0049751243781094	0.0049751243781094	0.0130774697938877	True	True	TS: PCG
control_derived	484	CT_AC__DLPFC	CT	99	828	0.430018826812642	-1.21752827052694	Higher in Control	1.0	1.0	1.0	1.0	1.0	0.0049751243781094	0.0049751243781094	0.0061258334179442	0.0064321250888415	0.0064321250888415	0.0049751243781094	0.0049751243781094	0.0064321250888415	True	True	CT: AC - DLPFC
control_derived	484	CT_AC__PCGBA23	CT	99	1242	0.345287785612626	-1.53412879442837	Higher in Control	1.0	1.0	1.0	1.0	1.0	0.0049751243781094	0.0049751243781094	0.0053555750658472	0.0061516740621218	0.0061516740621218	0.0049751243781094	0.0049751243781094	0.0061516740621218	True	True	CT: AC - PCG
control_derived	484	CT_DLPFC__PCGBA23	CT	99	216	0.594281360177886	-0.750781963813708	Higher in Control	1.0	1.0	1.0	1.0	1.0	0.0049751243781094	0.0049751243781094	0.0078304131516331	0.0075041459369817	0.0078304131516331	0.0049751243781094	0.0049751243781094	0.0078304131516331	True	True	CT: DLPFC - PCG
control_derived	486	TS_AC	TS	47	45	0.877783052357119	-0.188063679003286	Higher in Control	0.572139303482587	0.631840796019901	1.0	1.0	1.0	0.432835820895522	0.373134328358209	0.53589196872779	0.499341527655838	0.53589196872779	0.432835820895522	0.373134328358209	0.53589196872779	False	False	TS: AC
control_derived	486	TS_DLPFC	TS	47	91	0.827820449230493	-0.272610207711968	Higher in Control	0.253731343283582	0.940298507462687	0.304818190924572	1.0	1.0	0.751243781094527	0.0646766169154229	1.0	0.109218060640195	1.0	0.751243781094527	0.0646766169154229	1.0	False	False	TS: DLPFC
control_derived	486	TS_PCGBA23	TS	47	253	0.765007907711535	-0.386453434196774	Higher in Control	1.0	0.980099502487562	1.0	1.0	1.0	0.0049751243781094	0.0248756218905473	0.0078241272271123	0.0526105106650655	0.0526105106650655	0.0049751243781094	0.0248756218905473	0.0526105106650655	False	True	TS: PCG
control_derived	486	CT_AC__DLPFC	CT	47	140	0.558774911838736	-0.839660847544371	Higher in Control	0.995024875621891	1.0	1.0	1.0	1.0	0.0099502487562189	0.0049751243781094	0.0120872149320512	0.0064321250888415	0.0120872149320512	0.0099502487562189	0.0049751243781094	0.0120872149320512	True	True	CT: AC - DLPFC
control_derived	486	CT_AC__PCGBA23	CT	47	230	0.387677924611538	-1.36706950826409	Higher in Control	1.0	1.0	1.0	1.0	1.0	0.0049751243781094	0.0049751243781094	0.0053555750658472	0.0061516740621218	0.0061516740621218	0.0049751243781094	0.0049751243781094	0.0061516740621218	True	True	CT: AC - PCG
control_derived	486	CT_DLPFC__PCGBA23	CT	47	322	0.848735804102811	-0.236612555747078	Higher in Control	0.845771144278607	0.970149253731343	1.0	1.0	1.0	0.159203980099502	0.0348258706467662	0.216661055624135	0.0450248756218906	0.216661055624135	0.159203980099502	0.0348258706467662	0.216661055624135	False	False	CT: DLPFC - PCG
control_derived	487	TS_AC	TS	88	55	1.04861856936479	0.068489999024596	Higher in AD	0.407960199004975	0.343283582089552	1.0	1.0	1.0	0.597014925373134	0.661691542288557	0.67910447761194	0.752674129353234	0.752674129353234	0.407960199004975	0.343283582089552	1.0	False	False	TS: AC
control_derived	487	TS_DLPFC	TS	88	630	0.771915437537078	-0.373485284347403	Higher in Control	0.134328358208955	1.0	0.178109452736318	1.0	1.0	0.870646766169154	0.0049751243781094	1.0	0.0117177271537052	1.0	0.870646766169154	0.0049751243781094	1.0	False	False	TS: DLPFC
control_derived	487	TS_PCGBA23	TS	88	820	0.7059513868855	-0.502359254611771	Higher in Control	1.0	1.0	1.0	1.0	1.0	0.0049751243781094	0.0049751243781094	0.0078241272271123	0.0130774697938877	0.0130774697938877	0.0049751243781094	0.0049751243781094	0.0130774697938877	True	True	TS: PCG
control_derived	487	CT_AC__DLPFC	CT	88	396	0.748875625310437	-0.417201961847465	Higher in Control	0.895522388059702	0.955223880597015	1.0	1.0	1.0	0.109452736318408	0.0497512437810945	0.121539541556024	0.0559315225116653	0.121539541556024	0.109452736318408	0.0497512437810945	0.121539541556024	False	False	CT: AC - DLPFC
control_derived	487	CT_AC__PCGBA23	CT	88	451	0.617674747077954	-0.695080745918784	Higher in Control	1.0	1.0	1.0	1.0	1.0	0.0049751243781094	0.0049751243781094	0.0053555750658472	0.0061516740621218	0.0061516740621218	0.0049751243781094	0.0049751243781094	0.0061516740621218	True	True	CT: AC - PCG
control_derived	487	CT_DLPFC__PCGBA23	CT	88	1476	0.782831093818781	-0.353227034365601	Higher in Control	1.0	1.0	1.0	1.0	1.0	0.0049751243781094	0.0049751243781094	0.0078304131516331	0.0075041459369817	0.0078304131516331	0.0049751243781094	0.0049751243781094	0.0078304131516331	True	True	CT: DLPFC - PCG
control_derived	488	TS_AC	TS	51	10	0.50193083969848	-0.994439503814485	Higher in Control	0.751243781094527	0.855721393034826	1.0	1.0	1.0	0.253731343283582	0.149253731343284	0.360774253731343	0.232172470978441	0.360774253731343	0.253731343283582	0.149253731343284	0.360774253731343	False	False	TS: AC
control_derived	488	TS_DLPFC	TS	51	120	0.766725026992518	-0.383218822662476	Higher in Control	0.323383084577114	0.995024875621891	0.366364380628503	1.0	1.0	0.681592039800995	0.0099502487562189	1.0	0.0219888213254714	1.0	0.681592039800995	0.0099502487562189	1.0	False	False	TS: DLPFC
control_derived	488	TS_PCGBA23	TS	51	435	0.711988778599473	-0.490073591317132	Higher in Control	1.0	1.0	1.0	1.0	1.0	0.0049751243781094	0.0049751243781094	0.0078241272271123	0.0130774697938877	0.0130774697938877	0.0049751243781094	0.0049751243781094	0.0130774697938877	True	True	TS: PCG
control_derived	488	CT_AC__DLPFC	CT	51	80	0.49125252762813	-1.02546326443787	Higher in Control	0.985074626865672	0.990049751243781	1.0	1.0	1.0	0.0199004975124378	0.0149253731343284	0.0235424186258251	0.0177729772191673	0.0235424186258251	0.0199004975124378	0.0149253731343284	0.0235424186258251	True	True	CT: AC - DLPFC
control_derived	488	CT_AC__PCGBA23	CT	51	150	0.449197430885904	-1.15457841839276	Higher in Control	1.0	1.0	1.0	1.0	1.0	0.0049751243781094	0.0049751243781094	0.0053555750658472	0.0061516740621218	0.0061516740621218	0.0049751243781094	0.0049751243781094	0.0061516740621218	True	True	CT: AC - PCG
control_derived	488	CT_DLPFC__PCGBA23	CT	51	480	0.764622546254109	-0.387180353661407	Higher in Control	0.990049751243781	1.0	1.0	1.0	1.0	0.0149253731343284	0.0049751243781094	0.0225124378109453	0.0075041459369817	0.0225124378109453	0.0149253731343284	0.0049751243781094	0.0225124378109453	True	True	CT: DLPFC - PCG
control_derived	489	TS_AC	TS	72	325	0.575559949870958	-0.796961888724393	Higher in Control	0.995024875621891	1.0	1.0	1.0	1.0	0.0099502487562189	0.0049751243781094	0.0203476997037285	0.0146043973679987	0.0203476997037285	0.0099502487562189	0.0049751243781094	0.0203476997037285	True	True	TS: AC
control_derived	489	TS_DLPFC	TS	72	120	0.784148387890923	-0.350801407106096	Higher in Control	0.258706467661692	0.975124378109453	0.30667852789035	1.0	1.0	0.746268656716418	0.0298507462686567	1.0	0.0568434423626548	1.0	0.746268656716418	0.0298507462686567	1.0	False	False	TS: DLPFC
control_derived	489	TS_PCGBA23	TS	72	435	1.02202900017854	0.0314361334772753	Higher in AD	0.955223880597015	0.63681592039801	1.0	1.0	1.0	0.0497512437810945	0.368159203980099	0.066334991708126	0.494461996586411	0.494461996586411	0.955223880597015	0.63681592039801	1.0	False	False	TS: PCG
control_derived	489	CT_AC__DLPFC	CT	72	416	0.411037655008688	-1.28265753016315	Higher in Control	1.0	1.0	1.0	1.0	1.0	0.0049751243781094	0.0049751243781094	0.0061258334179442	0.0064321250888415	0.0064321250888415	0.0049751243781094	0.0049751243781094	0.0064321250888415	True	True	CT: AC - DLPFC
control_derived	489	CT_AC__PCGBA23	CT	72	780	0.432442299752634	-1.20942044633233	Higher in Control	1.0	1.0	1.0	1.0	1.0	0.0049751243781094	0.0049751243781094	0.0053555750658472	0.0061516740621218	0.0061516740621218	0.0049751243781094	0.0049751243781094	0.0061516740621218	True	True	CT: AC - PCG
control_derived	489	CT_DLPFC__PCGBA23	CT	72	480	0.547029492365882	-0.870309478792732	Higher in Control	1.0	1.0	1.0	1.0	1.0	0.0049751243781094	0.0049751243781094	0.0078304131516331	0.0075041459369817	0.0078304131516331	0.0049751243781094	0.0049751243781094	0.0078304131516331	True	True	CT: DLPFC - PCG
control_derived	492	TS_AC	TS	200	3655	0.70867760737912	-0.496798631053793	Higher in Control	1.0	0.995024875621891	1.0	1.0	1.0	0.0049751243781094	0.0099502487562189	0.0109093088773002	0.0266315481416447	0.0266315481416447	0.0049751243781094	0.0099502487562189	0.0266315481416447	True	True	TS: AC
control_derived	492	TS_DLPFC	TS	200	1326	0.941019030037621	-0.0877041963083669	Higher in Control	0.0049751243781094	0.970149253731343	0.008401389280015	1.0	1.0	1.0	0.0348258706467662	1.0	0.0649357379767828	1.0	1.0	0.0348258706467662	1.0	False	False	TS: DLPFC
control_derived	492	TS_PCGBA23	TS	200	1891	0.817939159432146	-0.289934559360799	Higher in Control	1.0	1.0	1.0	1.0	1.0	0.0049751243781094	0.0049751243781094	0.0078241272271123	0.0130774697938877	0.0130774697938877	0.0049751243781094	0.0049751243781094	0.0130774697938877	True	True	TS: PCG
control_derived	492	CT_AC__DLPFC	CT	200	4472	0.811399717950351	-0.301515293836522	Higher in Control	0.990049751243781	0.980099502487562	1.0	1.0	1.0	0.0149253731343284	0.0248756218905473	0.0178906790550558	0.0288620997576222	0.0288620997576222	0.0149253731343284	0.0248756218905473	0.0288620997576222	True	True	CT: AC - DLPFC
control_derived	492	CT_AC__PCGBA23	CT	200	5332	0.58056753898418	-0.784464185437	Higher in Control	1.0	1.0	1.0	1.0	1.0	0.0049751243781094	0.0049751243781094	0.0053555750658472	0.0061516740621218	0.0061516740621218	0.0049751243781094	0.0049751243781094	0.0061516740621218	True	True	CT: AC - PCG
control_derived	492	CT_DLPFC__PCGBA23	CT	200	3224	0.949189189981176	-0.0752324246645564	Higher in Control	0.497512437810945	0.990049751243781	1.0	1.0	1.0	0.507462686567164	0.0149253731343284	0.651423732401821	0.0209418026148328	0.651423732401821	0.507462686567164	0.0149253731343284	0.651423732401821	False	False	CT: DLPFC - PCG
control_derived	494	TS_AC	TS	368	10878	0.60463601955133	-0.725861168716641	Higher in Control	1.0	1.0	1.0	1.0	1.0	0.0049751243781094	0.0049751243781094	0.0109093088773002	0.0146043973679987	0.0146043973679987	0.0049751243781094	0.0049751243781094	0.0146043973679987	True	True	TS: AC
control_derived	494	TS_DLPFC	TS	368	4851	0.861376900261326	-0.215283459867238	Higher in Control	0.0049751243781094	1.0	0.008401389280015	1.0	1.0	1.0	0.0049751243781094	1.0	0.0117177271537052	1.0	1.0	0.0049751243781094	1.0	False	False	TS: DLPFC
control_derived	494	TS_PCGBA23	TS	368	7260	0.843447761347896	-0.245629376437497	Higher in Control	1.0	1.0	1.0	1.0	1.0	0.0049751243781094	0.0049751243781094	0.0078241272271123	0.0130774697938877	0.0130774697938877	0.0049751243781094	0.0049751243781094	0.0130774697938877	True	True	TS: PCG
control_derived	494	CT_AC__DLPFC	CT	368	14652	0.685273994453339	-0.545247155859964	Higher in Control	1.0	1.0	1.0	1.0	1.0	0.0049751243781094	0.0049751243781094	0.0061258334179442	0.0064321250888415	0.0064321250888415	0.0049751243781094	0.0049751243781094	0.0064321250888415	True	True	CT: AC - DLPFC
control_derived	494	CT_AC__PCGBA23	CT	368	17908	0.616188363128601	-0.698556657909619	Higher in Control	1.0	1.0	1.0	1.0	1.0	0.0049751243781094	0.0049751243781094	0.0053555750658472	0.0061516740621218	0.0061516740621218	0.0049751243781094	0.0049751243781094	0.0061516740621218	True	True	CT: AC - PCG
control_derived	494	CT_DLPFC__PCGBA23	CT	368	11979	0.753599875484954	-0.408129368308819	Higher in Control	1.0	1.0	1.0	1.0	1.0	0.0049751243781094	0.0049751243781094	0.0078304131516331	0.0075041459369817	0.0078304131516331	0.0049751243781094	0.0049751243781094	0.0078304131516331	True	True	CT: DLPFC - PCG
control_derived	495	TS_AC	TS	244	3160	0.710266199366208	-0.493568263891373	Higher in Control	1.0	1.0	1.0	1.0	1.0	0.0049751243781094	0.0049751243781094	0.0109093088773002	0.0146043973679987	0.0146043973679987	0.0049751243781094	0.0049751243781094	0.0146043973679987	True	True	TS: AC
control_derived	495	TS_DLPFC	TS	244	1953	0.921709519381033	-0.117615943992115	Higher in Control	0.0049751243781094	1.0	0.008401389280015	1.0	1.0	1.0	0.0049751243781094	1.0	0.0117177271537052	1.0	1.0	0.0049751243781094	1.0	False	False	TS: DLPFC
control_derived	495	TS_PCGBA23	TS	244	5050	1.08127056287147	0.112727569207728	Higher in AD	1.0	0.502487562189055	1.0	1.0	1.0	0.0049751243781094	0.502487562189055	0.0078241272271123	0.628964023420313	0.628964023420313	1.0	0.502487562189055	1.0	False	False	TS: PCG
control_derived	495	CT_AC__DLPFC	CT	244	5040	0.742601890745046	-0.429339106431809	Higher in Control	1.0	1.0	1.0	1.0	1.0	0.0049751243781094	0.0049751243781094	0.0061258334179442	0.0064321250888415	0.0064321250888415	0.0049751243781094	0.0049751243781094	0.0064321250888415	True	True	CT: AC - DLPFC
control_derived	495	CT_AC__PCGBA23	CT	244	8080	0.679977324290162	-0.556441458347322	Higher in Control	1.0	1.0	1.0	1.0	1.0	0.0049751243781094	0.0049751243781094	0.0053555750658472	0.0061516740621218	0.0061516740621218	0.0049751243781094	0.0049751243781094	0.0061516740621218	True	True	CT: AC - PCG
control_derived	495	CT_DLPFC__PCGBA23	CT	244	6363	0.885512519637647	-0.175415390517217	Higher in Control	1.0	1.0	1.0	1.0	1.0	0.0049751243781094	0.0049751243781094	0.0078304131516331	0.0075041459369817	0.0078304131516331	0.0049751243781094	0.0049751243781094	0.0078304131516331	True	True	CT: DLPFC - PCG
control_derived	682	TS_AC	TS	565	114003	0.843485345272641	-0.245565091562606	Higher in Control	1.0	1.0	1.0	1.0	1.0	0.0049751243781094	0.0049751243781094	0.0109093088773002	0.0146043973679987	0.0146043973679987	0.0049751243781094	0.0049751243781094	0.0146043973679987	True	True	TS: AC
control_derived	682	TS_DLPFC	TS	565	210	0.895339944922745	-0.159492542412943	Higher in Control	0.0895522388059701	0.945273631840796	0.12236527287228	1.0	1.0	0.915422885572139	0.0597014925373134	1.0	0.101776830135039	1.0	0.915422885572139	0.0597014925373134	1.0	False	False	TS: DLPFC
control_derived	682	TS_PCGBA23	TS	565	2145	0.771934675131386	-0.373449330103296	Higher in Control	1.0	1.0	1.0	1.0	1.0	0.0049751243781094	0.0049751243781094	0.0078241272271123	0.0130774697938877	0.0130774697938877	0.0049751243781094	0.0049751243781094	0.0130774697938877	True	True	TS: PCG
control_derived	682	CT_AC__DLPFC	CT	565	10038	0.341719389235428	-1.54911598595485	Higher in Control	1.0	1.0	1.0	1.0	1.0	0.0049751243781094	0.0049751243781094	0.0061258334179442	0.0064321250888415	0.0064321250888415	0.0049751243781094	0.0049751243781094	0.0064321250888415	True	True	CT: AC - DLPFC
control_derived	682	CT_AC__PCGBA23	CT	565	31548	0.379640671546436	-1.39729353589195	Higher in Control	1.0	1.0	1.0	1.0	1.0	0.0049751243781094	0.0049751243781094	0.0053555750658472	0.0061516740621218	0.0061516740621218	0.0049751243781094	0.0049751243781094	0.0061516740621218	True	True	CT: AC - PCG
control_derived	682	CT_DLPFC__PCGBA23	CT	565	1386	0.979347197128644	-0.0301076816610285	Higher in Control	0.288557213930348	0.935323383084577	1.0	1.0	1.0	0.716417910447761	0.0696517412935323	0.858752594642681	0.0846105045243581	0.858752594642681	0.716417910447761	0.0696517412935323	0.858752594642681	False	False	CT: DLPFC - PCG
control_derived	691	TS_AC	TS	382	43956	0.856109662277224	-0.224132486239577	Higher in Control	1.0	0.985074626865672	1.0	1.0	1.0	0.0049751243781094	0.0199004975124378	0.0109093088773002	0.0441693969178498	0.0441693969178498	0.0049751243781094	0.0199004975124378	0.0441693969178498	True	True	TS: AC
control_derived	691	TS_DLPFC	TS	382	666	0.715172203691643	-0.483637429920268	Higher in Control	0.258706467661692	1.0	0.30667852789035	1.0	1.0	0.746268656716418	0.0049751243781094	1.0	0.0117177271537052	1.0	0.746268656716418	0.0049751243781094	1.0	False	False	TS: DLPFC
control_derived	691	TS_PCGBA23	TS	382	1128	0.710145798056652	-0.493812844158145	Higher in Control	1.0	1.0	1.0	1.0	1.0	0.0049751243781094	0.0049751243781094	0.0078241272271123	0.0130774697938877	0.0130774697938877	0.0049751243781094	0.0049751243781094	0.0130774697938877	True	True	TS: PCG
control_derived	691	CT_AC__DLPFC	CT	382	10989	0.400127776890622	-1.3214673107643	Higher in Control	1.0	1.0	1.0	1.0	1.0	0.0049751243781094	0.0049751243781094	0.0061258334179442	0.0064321250888415	0.0064321250888415	0.0049751243781094	0.0049751243781094	0.0064321250888415	True	True	CT: AC - DLPFC
control_derived	691	CT_AC__PCGBA23	CT	382	14256	0.360305895024421	-1.47270583875706	Higher in Control	1.0	1.0	1.0	1.0	1.0	0.0049751243781094	0.0049751243781094	0.0053555750658472	0.0061516740621218	0.0061516740621218	0.0049751243781094	0.0049751243781094	0.0061516740621218	True	True	CT: AC - PCG
control_derived	691	CT_DLPFC__PCGBA23	CT	382	1776	0.710439704448034	-0.493215882836726	Higher in Control	1.0	1.0	1.0	1.0	1.0	0.0049751243781094	0.0049751243781094	0.0078304131516331	0.0075041459369817	0.0078304131516331	0.0049751243781094	0.0049751243781094	0.0078304131516331	True	True	CT: DLPFC - PCG
control_derived	693	TS_AC	TS	490	73920	0.702081932886925	-0.510288692174937	Higher in Control	1.0	1.0	1.0	1.0	1.0	0.0049751243781094	0.0049751243781094	0.0109093088773002	0.0146043973679987	0.0146043973679987	0.0049751243781094	0.0049751243781094	0.0146043973679987	True	True	TS: AC
control_derived	693	TS_DLPFC	TS	490	1035	1.07777113998158	0.108050860588765	Higher in AD	0.0049751243781094	0.577114427860697	0.008401389280015	1.0	1.0	1.0	0.427860696517413	1.0	0.543170671465368	1.0	0.0049751243781094	0.577114427860697	1.0	False	False	TS: DLPFC
control_derived	693	TS_PCGBA23	TS	490	1711	0.98912989391448	-0.0157681047411106	Higher in Control	1.0	0.870646766169154	1.0	1.0	1.0	0.0049751243781094	0.134328358208955	0.0078241272271123	0.204267916615271	0.204267916615271	0.0049751243781094	0.134328358208955	0.204267916615271	False	False	TS: PCG
control_derived	693	CT_AC__DLPFC	CT	490	17710	0.268549059781809	-1.89674242441047	Higher in Control	1.0	1.0	1.0	1.0	1.0	0.0049751243781094	0.0049751243781094	0.0061258334179442	0.0064321250888415	0.0064321250888415	0.0049751243781094	0.0049751243781094	0.0064321250888415	True	True	CT: AC - DLPFC
control_derived	693	CT_AC__PCGBA23	CT	490	22715	0.249329484909276	-2.00387459345744	Higher in Control	1.0	1.0	1.0	1.0	1.0	0.0049751243781094	0.0049751243781094	0.0053555750658472	0.0061516740621218	0.0061516740621218	0.0049751243781094	0.0049751243781094	0.0061516740621218	True	True	CT: AC - PCG
control_derived	693	CT_DLPFC__PCGBA23	CT	490	2714	0.885236806066041	-0.175864658632022	Higher in Control	0.970149253731343	1.0	1.0	1.0	1.0	0.0348258706467662	0.0049751243781094	0.0516678900579072	0.0075041459369817	0.0516678900579072	0.0348258706467662	0.0049751243781094	0.0516678900579072	False	True	CT: DLPFC - PCG
control_derived	724	TS_AC	TS	603	496	0.946780649044739	-0.0788978753088028	Higher in Control	0.577114427860697	0.507462686567164	1.0	1.0	1.0	0.427860696517413	0.497512437810945	0.53336059428883	0.620186737545151	0.620186737545151	0.427860696517413	0.497512437810945	0.620186737545151	False	False	TS: AC
control_derived	724	TS_DLPFC	TS	603	2080	1.02999787854495	0.0426413659368064	Higher in AD	0.0049751243781094	0.786069651741294	0.008401389280015	1.0	1.0	1.0	0.218905472636816	1.0	0.316000641951533	1.0	0.0049751243781094	0.786069651741294	1.0	False	False	TS: DLPFC
control_derived	724	TS_PCGBA23	TS	603	127765	0.926651781202199	-0.109900792619409	Higher in Control	1.0	1.0	1.0	1.0	1.0	0.0049751243781094	0.0049751243781094	0.0078241272271123	0.0130774697938877	0.0130774697938877	0.0049751243781094	0.0049751243781094	0.0130774697938877	True	True	TS: PCG
control_derived	724	CT_AC__DLPFC	CT	603	2080	0.810731841038664	-0.302703289665247	Higher in Control	0.930348258706468	0.940298507462687	1.0	1.0	1.0	0.0746268656716418	0.0646766169154229	0.0838972837674979	0.0722621460598243	0.0838972837674979	0.0746268656716418	0.0646766169154229	0.0838972837674979	False	True	CT: AC - DLPFC
control_derived	724	CT_AC__PCGBA23	CT	603	16192	0.505701975939361	-0.983640679340203	Higher in Control	1.0	1.0	1.0	1.0	1.0	0.0049751243781094	0.0049751243781094	0.0053555750658472	0.0061516740621218	0.0061516740621218	0.0049751243781094	0.0049751243781094	0.0061516740621218	True	True	CT: AC - PCG
control_derived	724	CT_DLPFC__PCGBA23	CT	603	32890	0.665362307118513	-0.587787955257307	Higher in Control	1.0	1.0	1.0	1.0	1.0	0.0049751243781094	0.0049751243781094	0.0078304131516331	0.0075041459369817	0.0078304131516331	0.0049751243781094	0.0049751243781094	0.0078304131516331	True	True	CT: DLPFC - PCG
control_derived	728	TS_AC	TS	661	2415	0.69584906155819	-0.523153693636657	Higher in Control	1.0	1.0	1.0	1.0	1.0	0.0049751243781094	0.0049751243781094	0.0109093088773002	0.0146043973679987	0.0146043973679987	0.0049751243781094	0.0049751243781094	0.0146043973679987	True	True	TS: AC
control_derived	728	TS_DLPFC	TS	661	1953	0.978859508841879	-0.0308262835177356	Higher in Control	0.0049751243781094	0.925373134328358	0.008401389280015	1.0	1.0	1.0	0.0796019900497512	1.0	0.133165945971079	1.0	1.0	0.0796019900497512	1.0	False	False	TS: DLPFC
control_derived	728	TS_PCGBA23	TS	661	139128	1.18008355102909	0.238889007373641	Higher in AD	1.0	0.0099502487562189	1.0	0.30514096185738	1.0	0.0049751243781094	0.995024875621891	0.0078241272271123	1.0	1.0	1.0	0.0099502487562189	1.0	False	False	TS: PCG
control_derived	728	CT_AC__DLPFC	CT	661	4410	0.622980589180887	-0.68274088240653	Higher in Control	1.0	1.0	1.0	1.0	1.0	0.0049751243781094	0.0049751243781094	0.0061258334179442	0.0064321250888415	0.0064321250888415	0.0049751243781094	0.0049751243781094	0.0064321250888415	True	True	CT: AC - DLPFC
control_derived	728	CT_AC__PCGBA23	CT	661	36960	0.426256409996808	-1.23020656549877	Higher in Control	1.0	1.0	1.0	1.0	1.0	0.0049751243781094	0.0049751243781094	0.0053555750658472	0.0061516740621218	0.0061516740621218	0.0049751243781094	0.0049751243781094	0.0061516740621218	True	True	CT: AC - PCG
control_derived	728	CT_DLPFC__PCGBA23	CT	661	33264	1.00886105078804	0.0127274874838663	Higher in AD	0.0049751243781094	0.975124378109453	0.0643212508884151	1.0	1.0	1.0	0.0298507462686567	1.0	0.0388703962203372	1.0	0.0049751243781094	0.975124378109453	1.0	False	False	CT: DLPFC - PCG
control_derived	729	TS_AC	TS	572	2145	0.768580786705163	-0.379731183112774	Higher in Control	1.0	0.990049751243781	1.0	1.0	1.0	0.0049751243781094	0.0149253731343284	0.0109093088773002	0.0352781546811398	0.0352781546811398	0.0049751243781094	0.0149253731343284	0.0352781546811398	True	True	TS: AC
control_derived	729	TS_DLPFC	TS	572	2211	0.851037267854977	-0.232705784395275	Higher in Control	0.0049751243781094	1.0	0.008401389280015	1.0	1.0	1.0	0.0049751243781094	1.0	0.0117177271537052	1.0	1.0	0.0049751243781094	1.0	False	False	TS: DLPFC
control_derived	729	TS_PCGBA23	TS	572	96141	0.967210712797915	-0.0480978709632344	Higher in Control	1.0	1.0	1.0	1.0	1.0	0.0049751243781094	0.0049751243781094	0.0078241272271123	0.0130774697938877	0.0130774697938877	0.0049751243781094	0.0049751243781094	0.0130774697938877	True	True	TS: PCG
control_derived	729	CT_AC__DLPFC	CT	572	4422	0.619334111890029	-0.691210185406654	Higher in Control	1.0	1.0	1.0	1.0	1.0	0.0049751243781094	0.0049751243781094	0.0061258334179442	0.0064321250888415	0.0064321250888415	0.0049751243781094	0.0049751243781094	0.0064321250888415	True	True	CT: AC - DLPFC
control_derived	729	CT_AC__PCGBA23	CT	572	28974	0.515618165699751	-0.95562500282612	Higher in Control	1.0	1.0	1.0	1.0	1.0	0.0049751243781094	0.0049751243781094	0.0053555750658472	0.0061516740621218	0.0061516740621218	0.0049751243781094	0.0049751243781094	0.0061516740621218	True	True	CT: AC - PCG
control_derived	729	CT_DLPFC__PCGBA23	CT	572	29413	0.773249760712168	-0.370993613025357	Higher in Control	1.0	1.0	1.0	1.0	1.0	0.0049751243781094	0.0049751243781094	0.0078304131516331	0.0075041459369817	0.0078304131516331	0.0049751243781094	0.0049751243781094	0.0078304131516331	True	True	CT: DLPFC - PCG
control_derived	732	TS_AC	TS	124	3570	0.981165403301145	-0.0274317307083544	Higher in Control	0.492537313432836	0.393034825870647	1.0	1.0	1.0	0.512437810945274	0.611940298507463	0.609452736318408	0.704893255242773	0.704893255242773	0.512437810945274	0.611940298507463	0.704893255242773	False	False	TS: AC
control_derived	732	TS_DLPFC	TS	124	136	0.934254327012647	-0.0981127544025832	Higher in Control	0.0895522388059701	0.82089552238806	0.12236527287228	1.0	1.0	0.915422885572139	0.18407960199005	1.0	0.270084006198516	1.0	0.915422885572139	0.18407960199005	1.0	False	False	TS: DLPFC
control_derived	732	TS_PCGBA23	TS	124	231	0.785077645323706	-0.349092749183889	Higher in Control	0.980099502487562	0.995024875621891	1.0	1.0	1.0	0.0248756218905473	0.0099502487562189	0.0357587064676617	0.0234723816813369	0.0357587064676617	0.0248756218905473	0.0099502487562189	0.0357587064676617	True	True	TS: PCG
control_derived	732	CT_AC__DLPFC	CT	124	1445	0.259923435824784	-1.94384137556787	Higher in Control	1.0	1.0	1.0	1.0	1.0	0.0049751243781094	0.0049751243781094	0.0061258334179442	0.0064321250888415	0.0064321250888415	0.0049751243781094	0.0049751243781094	0.0064321250888415	True	True	CT: AC - DLPFC
control_derived	732	CT_AC__PCGBA23	CT	124	1870	0.361430263049698	-1.46821078480051	Higher in Control	1.0	1.0	1.0	1.0	1.0	0.0049751243781094	0.0049751243781094	0.0053555750658472	0.0061516740621218	0.0061516740621218	0.0049751243781094	0.0049751243781094	0.0061516740621218	True	True	CT: AC - PCG
control_derived	732	CT_DLPFC__PCGBA23	CT	124	374	0.8100639320301	-0.303892321725888	Higher in Control	0.960199004975124	0.995024875621891	1.0	1.0	1.0	0.0447761194029851	0.0099502487562189	0.0653586904188734	0.014407960199005	0.0653586904188734	0.0447761194029851	0.0099502487562189	0.0653586904188734	False	True	CT: DLPFC - PCG
control_derived	733	TS_AC	TS	161	2628	0.831464417854255	-0.266273569539108	Higher in Control	0.995024875621891	0.940298507462687	1.0	1.0	1.0	0.0099502487562189	0.0646766169154229	0.0203476997037285	0.11540337528046	0.11540337528046	0.0099502487562189	0.0646766169154229	0.11540337528046	False	False	TS: AC
control_derived	733	TS_DLPFC	TS	161	780	0.700036724990278	-0.51449748487041	Higher in Control	0.398009950248756	1.0	0.434413299356874	1.0	1.0	0.606965174129353	0.0049751243781094	1.0	0.0117177271537052	1.0	0.606965174129353	0.0049751243781094	1.0	False	False	TS: DLPFC
control_derived	733	TS_PCGBA23	TS	161	1128	0.762175055195891	-0.391805703129421	Higher in Control	1.0	1.0	1.0	1.0	1.0	0.0049751243781094	0.0049751243781094	0.0078241272271123	0.0130774697938877	0.0130774697938877	0.0049751243781094	0.0049751243781094	0.0130774697938877	True	True	TS: PCG
control_derived	733	CT_AC__DLPFC	CT	161	2920	0.431544748143911	-1.21241793043541	Higher in Control	1.0	1.0	1.0	1.0	1.0	0.0049751243781094	0.0049751243781094	0.0061258334179442	0.0064321250888415	0.0064321250888415	0.0049751243781094	0.0049751243781094	0.0064321250888415	True	True	CT: AC - DLPFC
control_derived	733	CT_AC__PCGBA23	CT	161	3504	0.419840008723651	-1.25208843984167	Higher in Control	1.0	1.0	1.0	1.0	1.0	0.0049751243781094	0.0049751243781094	0.0053555750658472	0.0061516740621218	0.0061516740621218	0.0049751243781094	0.0049751243781094	0.0061516740621218	True	True	CT: AC - PCG
control_derived	733	CT_DLPFC__PCGBA23	CT	161	1920	0.635395861476431	-0.654272401510293	Higher in Control	1.0	1.0	1.0	1.0	1.0	0.0049751243781094	0.0049751243781094	0.0078304131516331	0.0075041459369817	0.0078304131516331	0.0049751243781094	0.0049751243781094	0.0078304131516331	True	True	CT: DLPFC - PCG
control_derived	734	TS_AC	TS	170	4465	1.19489905077761	0.256888739465948	Higher in AD	0.0049751243781094	0.0049751243781094	0.0823156942559928	0.0823156942559928	0.0823156942559928	1.0	1.0	1.0	1.0	1.0	0.0049751243781094	0.0049751243781094	0.0823156942559928	False	True	TS: AC
control_derived	734	TS_DLPFC	TS	170	528	0.919429154144006	-0.12118968164528	Higher in Control	0.0099502487562189	0.955223880597015	0.0157618984722406	1.0	1.0	0.995024875621891	0.0497512437810945	1.0	0.0873085552629012	1.0	0.995024875621891	0.0497512437810945	1.0	False	False	TS: DLPFC
control_derived	734	TS_PCGBA23	TS	170	861	0.691135315431012	-0.532959895432509	Higher in Control	1.0	1.0	1.0	1.0	1.0	0.0049751243781094	0.0049751243781094	0.0078241272271123	0.0130774697938877	0.0130774697938877	0.0049751243781094	0.0049751243781094	0.0130774697938877	True	True	TS: PCG
control_derived	734	CT_AC__DLPFC	CT	170	3135	0.491202105142043	-1.02561135121616	Higher in Control	1.0	1.0	1.0	1.0	1.0	0.0049751243781094	0.0049751243781094	0.0061258334179442	0.0064321250888415	0.0064321250888415	0.0049751243781094	0.0049751243781094	0.0064321250888415	True	True	CT: AC - DLPFC
control_derived	734	CT_AC__PCGBA23	CT	170	3990	0.466961788871662	-1.09862359476142	Higher in Control	1.0	1.0	1.0	1.0	1.0	0.0049751243781094	0.0049751243781094	0.0053555750658472	0.0061516740621218	0.0061516740621218	0.0049751243781094	0.0049751243781094	0.0061516740621218	True	True	CT: AC - PCG
control_derived	734	CT_DLPFC__PCGBA23	CT	170	1386	0.629692300270498	-0.667281068364284	Higher in Control	1.0	1.0	1.0	1.0	1.0	0.0049751243781094	0.0049751243781094	0.0078304131516331	0.0075041459369817	0.0078304131516331	0.0049751243781094	0.0049751243781094	0.0078304131516331	True	True	CT: DLPFC - PCG
control_derived	738	TS_AC	TS	391	7503	0.478337866995879	-1.06389808996345	Higher in Control	1.0	1.0	1.0	1.0	1.0	0.0049751243781094	0.0049751243781094	0.0109093088773002	0.0146043973679987	0.0146043973679987	0.0049751243781094	0.0049751243781094	0.0146043973679987	True	True	TS: AC
control_derived	738	TS_DLPFC	TS	391	4560	0.879417051393645	-0.185380589033914	Higher in Control	0.0049751243781094	1.0	0.008401389280015	1.0	1.0	1.0	0.0049751243781094	1.0	0.0117177271537052	1.0	1.0	0.0049751243781094	1.0	False	False	TS: DLPFC
control_derived	738	TS_PCGBA23	TS	391	14706	0.913448762513247	-0.130604287918761	Higher in Control	1.0	1.0	1.0	1.0	1.0	0.0049751243781094	0.0049751243781094	0.0078241272271123	0.0130774697938877	0.0130774697938877	0.0049751243781094	0.0049751243781094	0.0130774697938877	True	True	TS: PCG
control_derived	738	CT_AC__DLPFC	CT	391	11808	0.33930037708491	-1.55936506148384	Higher in Control	1.0	1.0	1.0	1.0	1.0	0.0049751243781094	0.0049751243781094	0.0061258334179442	0.0064321250888415	0.0064321250888415	0.0049751243781094	0.0049751243781094	0.0064321250888415	True	True	CT: AC - DLPFC
control_derived	738	CT_AC__PCGBA23	CT	391	21156	0.332614402089674	-1.58807745670864	Higher in Control	1.0	1.0	1.0	1.0	1.0	0.0049751243781094	0.0049751243781094	0.0053555750658472	0.0061516740621218	0.0061516740621218	0.0049751243781094	0.0049751243781094	0.0061516740621218	True	True	CT: AC - PCG
control_derived	738	CT_DLPFC__PCGBA23	CT	391	16512	0.563386908910993	-0.827802053838016	Higher in Control	1.0	1.0	1.0	1.0	1.0	0.0049751243781094	0.0049751243781094	0.0078304131516331	0.0075041459369817	0.0078304131516331	0.0049751243781094	0.0049751243781094	0.0078304131516331	True	True	CT: DLPFC - PCG
control_derived	739	TS_AC	TS	419	11175	0.686146780671635	-0.543410863830959	Higher in Control	1.0	1.0	1.0	1.0	1.0	0.0049751243781094	0.0049751243781094	0.0109093088773002	0.0146043973679987	0.0146043973679987	0.0049751243781094	0.0049751243781094	0.0146043973679987	True	True	TS: AC
control_derived	739	TS_DLPFC	TS	419	9045	0.767358612722371	-0.38202713921218	Higher in Control	0.0049751243781094	1.0	0.008401389280015	1.0	1.0	1.0	0.0049751243781094	1.0	0.0117177271537052	1.0	1.0	0.0049751243781094	1.0	False	False	TS: DLPFC
control_derived	739	TS_PCGBA23	TS	419	8911	0.518739432603623	-0.946918052813947	Higher in Control	1.0	1.0	1.0	1.0	1.0	0.0049751243781094	0.0049751243781094	0.0078241272271123	0.0130774697938877	0.0130774697938877	0.0049751243781094	0.0049751243781094	0.0130774697938877	True	True	TS: PCG
control_derived	739	CT_AC__DLPFC	CT	419	20250	0.421315764982299	-1.24702619456694	Higher in Control	1.0	1.0	1.0	1.0	1.0	0.0049751243781094	0.0049751243781094	0.0061258334179442	0.0064321250888415	0.0064321250888415	0.0049751243781094	0.0049751243781094	0.0064321250888415	True	True	CT: AC - DLPFC
control_derived	739	CT_AC__PCGBA23	CT	419	20100	0.419686154455682	-1.25261722572504	Higher in Control	1.0	1.0	1.0	1.0	1.0	0.0049751243781094	0.0049751243781094	0.0053555750658472	0.0061516740621218	0.0061516740621218	0.0049751243781094	0.0049751243781094	0.0061516740621218	True	True	CT: AC - PCG
control_derived	739	CT_DLPFC__PCGBA23	CT	419	18090	0.612408552119602	-0.707433665063395	Higher in Control	1.0	1.0	1.0	1.0	1.0	0.0049751243781094	0.0049751243781094	0.0078304131516331	0.0075041459369817	0.0078304131516331	0.0049751243781094	0.0049751243781094	0.0078304131516331	True	True	CT: DLPFC - PCG
control_derived	740	TS_AC	TS	524	11175	0.618580296988248	-0.69296721343245	Higher in Control	1.0	1.0	1.0	1.0	1.0	0.0049751243781094	0.0049751243781094	0.0109093088773002	0.0146043973679987	0.0146043973679987	0.0049751243781094	0.0049751243781094	0.0146043973679987	True	True	TS: AC
control_derived	740	TS_DLPFC	TS	524	14706	0.882499111367933	-0.180333269223909	Higher in Control	0.0049751243781094	1.0	0.008401389280015	1.0	1.0	1.0	0.0049751243781094	1.0	0.0117177271537052	1.0	1.0	0.0049751243781094	1.0	False	False	TS: DLPFC
control_derived	740	TS_PCGBA23	TS	524	20301	0.762962820672788	-0.390315338925692	Higher in Control	1.0	1.0	1.0	1.0	1.0	0.0049751243781094	0.0049751243781094	0.0078241272271123	0.0130774697938877	0.0130774697938877	0.0049751243781094	0.0049751243781094	0.0130774697938877	True	True	TS: PCG
control_derived	740	CT_AC__DLPFC	CT	524	25800	0.29205512451671	-1.77568739577832	Higher in Control	1.0	1.0	1.0	1.0	1.0	0.0049751243781094	0.0049751243781094	0.0061258334179442	0.0064321250888415	0.0064321250888415	0.0049751243781094	0.0049751243781094	0.0064321250888415	True	True	CT: AC - DLPFC
control_derived	740	CT_AC__PCGBA23	CT	524	30300	0.295023182128593	-1.7610997728606	Higher in Control	1.0	1.0	1.0	1.0	1.0	0.0049751243781094	0.0049751243781094	0.0053555750658472	0.0061516740621218	0.0061516740621218	0.0049751243781094	0.0049751243781094	0.0061516740621218	True	True	CT: AC - PCG
control_derived	740	CT_DLPFC__PCGBA23	CT	524	34744	0.543489724382723	-0.879675336032623	Higher in Control	1.0	1.0	1.0	1.0	1.0	0.0049751243781094	0.0049751243781094	0.0078304131516331	0.0075041459369817	0.0078304131516331	0.0049751243781094	0.0049751243781094	0.0078304131516331	True	True	CT: DLPFC - PCG
control_derived	745	TS_AC	TS	795	37128	0.851621249118138	-0.231716147428176	Higher in Control	1.0	0.995024875621891	1.0	1.0	1.0	0.0049751243781094	0.0099502487562189	0.0109093088773002	0.0266315481416447	0.0266315481416447	0.0049751243781094	0.0099502487562189	0.0266315481416447	True	True	TS: AC
control_derived	745	TS_DLPFC	TS	795	43365	0.914725522852666	-0.128589188894238	Higher in Control	0.0049751243781094	1.0	0.008401389280015	1.0	1.0	1.0	0.0049751243781094	1.0	0.0117177271537052	1.0	1.0	0.0049751243781094	1.0	False	False	TS: DLPFC
control_derived	745	TS_PCGBA23	TS	795	25651	1.11227692512311	0.153516022560828	Higher in AD	1.0	0.348258706467662	1.0	1.0	1.0	0.0049751243781094	0.656716417910448	0.0078241272271123	0.764783676553939	0.764783676553939	1.0	0.348258706467662	1.0	False	False	TS: PCG
control_derived	745	CT_AC__DLPFC	CT	795	80535	0.711143574523272	-0.491787236390219	Higher in Control	1.0	1.0	1.0	1.0	1.0	0.0049751243781094	0.0049751243781094	0.0061258334179442	0.0064321250888415	0.0064321250888415	0.0049751243781094	0.0049751243781094	0.0064321250888415	True	True	CT: AC - DLPFC
control_derived	745	CT_AC__PCGBA23	CT	795	61971	0.667691593824703	-0.582746217939016	Higher in Control	1.0	1.0	1.0	1.0	1.0	0.0049751243781094	0.0049751243781094	0.0053555750658472	0.0061516740621218	0.0061516740621218	0.0049751243781094	0.0049751243781094	0.0061516740621218	True	True	CT: AC - PCG
control_derived	745	CT_DLPFC__PCGBA23	CT	795	66965	0.832270279105059	-0.264875976373292	Higher in Control	1.0	1.0	1.0	1.0	1.0	0.0049751243781094	0.0049751243781094	0.0078304131516331	0.0075041459369817	0.0078304131516331	0.0049751243781094	0.0049751243781094	0.0078304131516331	True	True	CT: DLPFC - PCG
control_derived	746	TS_AC	TS	908	32640	1.13428887293413	0.181788102781713	Higher in AD	0.0049751243781094	0.0049751243781094	0.0823156942559928	0.0823156942559928	0.0823156942559928	1.0	1.0	1.0	1.0	1.0	0.0049751243781094	0.0049751243781094	0.0823156942559928	False	True	TS: AC
control_derived	746	TS_DLPFC	TS	908	63903	0.897594052927072	-0.155864977587096	Higher in Control	0.0049751243781094	1.0	0.008401389280015	1.0	1.0	1.0	0.0049751243781094	1.0	0.0117177271537052	1.0	1.0	0.0049751243781094	1.0	False	False	TS: DLPFC
control_derived	746	TS_PCGBA23	TS	908	43071	1.05724169123663	0.0803052224061452	Higher in AD	1.0	0.810945273631841	1.0	1.0	1.0	0.0049751243781094	0.194029850746269	0.0078241272271123	0.287915262397689	0.287915262397689	1.0	0.810945273631841	1.0	False	False	TS: PCG
control_derived	746	CT_AC__DLPFC	CT	908	91648	0.726408234060543	-0.461147538774249	Higher in Control	1.0	1.0	1.0	1.0	1.0	0.0049751243781094	0.0049751243781094	0.0061258334179442	0.0064321250888415	0.0064321250888415	0.0049751243781094	0.0049751243781094	0.0064321250888415	True	True	CT: AC - DLPFC
control_derived	746	CT_AC__PCGBA23	CT	908	75264	0.707872332487855	-0.498438906747056	Higher in Control	1.0	1.0	1.0	1.0	1.0	0.0049751243781094	0.0049751243781094	0.0053555750658472	0.0061516740621218	0.0061516740621218	0.0049751243781094	0.0049751243781094	0.0061516740621218	True	True	CT: AC - PCG
control_derived	746	CT_DLPFC__PCGBA23	CT	908	105252	1.00835892922671	0.0120092630873284	Higher in AD	0.0049751243781094	1.0	0.0643212508884151	1.0	1.0	1.0	0.0049751243781094	1.0	0.0075041459369817	1.0	0.0049751243781094	1.0	1.0	False	False	CT: DLPFC - PCG
control_derived	747	TS_AC	TS	444	11935	1.31623762630079	0.396419968813464	Higher in AD	0.0049751243781094	0.0049751243781094	0.0823156942559928	0.0823156942559928	0.0823156942559928	1.0	1.0	1.0	1.0	1.0	0.0049751243781094	0.0049751243781094	0.0823156942559928	False	True	TS: AC
control_derived	747	TS_DLPFC	TS	444	10296	1.1777186118777	0.235994882341799	Higher in AD	0.0049751243781094	0.0447761194029851	0.008401389280015	0.801492537313433	0.801492537313433	1.0	0.960199004975124	1.0	0.99927687145667	1.0	0.0049751243781094	0.0447761194029851	0.801492537313433	False	False	TS: DLPFC
control_derived	747	TS_PCGBA23	TS	444	10440	1.59072363067274	0.669683206321366	Higher in AD	0.0049751243781094	0.0049751243781094	0.30514096185738	0.183084577114428	0.30514096185738	1.0	1.0	1.0	1.0	1.0	0.0049751243781094	0.0049751243781094	0.30514096185738	False	False	TS: PCG
control_derived	747	CT_AC__DLPFC	CT	444	22320	1.12495156967051	0.169862893264403	Higher in AD	0.0049751243781094	0.0049751243781094	0.12864250177683	0.450248756218905	0.450248756218905	1.0	1.0	1.0	1.0	1.0	0.0049751243781094	0.0049751243781094	0.450248756218905	False	False	CT: AC - DLPFC
control_derived	747	CT_AC__PCGBA23	CT	444	22475	1.05791463617857	0.0812232201453178	Higher in AD	0.960199004975124	0.0049751243781094	1.0	0.455223880597015	1.0	0.0447761194029851	1.0	0.0470921255790015	1.0	1.0	0.960199004975124	0.0049751243781094	1.0	False	False	CT: AC - PCG
control_derived	747	CT_DLPFC__PCGBA23	CT	444	20880	1.35136840723854	0.434421032799325	Higher in AD	0.0049751243781094	0.0049751243781094	0.0643212508884151	0.225124378109453	0.225124378109453	1.0	1.0	1.0	1.0	1.0	0.0049751243781094	0.0049751243781094	0.225124378109453	False	False	CT: DLPFC - PCG
control_derived	750	TS_AC	TS	449	11325	0.795713039528092	-0.329679853931498	Higher in Control	1.0	1.0	1.0	1.0	1.0	0.0049751243781094	0.0049751243781094	0.0109093088773002	0.0146043973679987	0.0146043973679987	0.0049751243781094	0.0049751243781094	0.0146043973679987	True	True	TS: AC
control_derived	750	TS_DLPFC	TS	449	9045	1.04624841154074	0.0652254324157338	Higher in AD	0.0049751243781094	0.830845771144279	0.008401389280015	1.0	1.0	1.0	0.174129353233831	1.0	0.261925665788704	1.0	0.0049751243781094	0.830845771144279	1.0	False	False	TS: DLPFC
control_derived	750	TS_PCGBA23	TS	449	13203	0.754429528576127	-0.406541950294515	Higher in Control	1.0	1.0	1.0	1.0	1.0	0.0049751243781094	0.0049751243781094	0.0078241272271123	0.0130774697938877	0.0130774697938877	0.0049751243781094	0.0049751243781094	0.0130774697938877	True	True	TS: PCG
control_derived	750	CT_AC__DLPFC	CT	449	20385	0.512816658212482	-0.963484968012227	Higher in Control	1.0	1.0	1.0	1.0	1.0	0.0049751243781094	0.0049751243781094	0.0061258334179442	0.0064321250888415	0.0064321250888415	0.0049751243781094	0.0049751243781094	0.0064321250888415	True	True	CT: AC - DLPFC
control_derived	750	CT_AC__PCGBA23	CT	449	24613	0.450618730567611	-1.15002081252711	Higher in Control	1.0	1.0	1.0	1.0	1.0	0.0049751243781094	0.0049751243781094	0.0053555750658472	0.0061516740621218	0.0061516740621218	0.0049751243781094	0.0049751243781094	0.0061516740621218	True	True	CT: AC - PCG
control_derived	750	CT_DLPFC__PCGBA23	CT	449	22005	0.71047526367719	-0.49314367426025	Higher in Control	1.0	1.0	1.0	1.0	1.0	0.0049751243781094	0.0049751243781094	0.0078304131516331	0.0075041459369817	0.0078304131516331	0.0049751243781094	0.0049751243781094	0.0078304131516331	True	True	CT: DLPFC - PCG
control_derived	751	TS_AC	TS	706	26796	1.13735191928865	0.185678721825846	Higher in AD	0.0049751243781094	0.0049751243781094	0.0823156942559928	0.0823156942559928	0.0823156942559928	1.0	1.0	1.0	1.0	1.0	0.0049751243781094	0.0049751243781094	0.0823156942559928	False	True	TS: AC
control_derived	751	TS_DLPFC	TS	706	36315	0.906766595989311	-0.141196849693329	Higher in Control	0.0049751243781094	1.0	0.008401389280015	1.0	1.0	1.0	0.0049751243781094	1.0	0.0117177271537052	1.0	1.0	0.0049751243781094	1.0	False	False	TS: DLPFC
control_derived	751	TS_PCGBA23	TS	706	20706	1.10270413096309	0.141045750084729	Higher in AD	1.0	0.407960199004975	1.0	1.0	1.0	0.0049751243781094	0.597014925373134	0.0078241272271123	0.713316534212057	0.713316534212057	1.0	0.407960199004975	1.0	False	False	TS: PCG
control_derived	751	CT_AC__DLPFC	CT	706	62640	0.974662245753196	-0.0370257332520148	Higher in Control	0.0049751243781094	0.0199004975124378	0.12864250177683	0.900497512437811	0.900497512437811	1.0	0.985074626865672	1.0	1.0	1.0	1.0	0.985074626865672	1.0	False	False	CT: AC - DLPFC
control_derived	751	CT_AC__PCGBA23	CT	706	47328	0.92816796293534	-0.107542193233568	Higher in Control	1.0	0.601990049751244	1.0	1.0	1.0	0.0049751243781094	0.402985074626866	0.0053555750658472	0.421407249466951	0.421407249466951	0.0049751243781094	0.402985074626866	0.421407249466951	False	False	CT: AC - PCG
control_derived	751	CT_DLPFC__PCGBA23	CT	706	55080	0.967146292725338	-0.0481939633794837	Higher in Control	0.0149253731343284	1.0	0.135074626865672	1.0	1.0	0.990049751243781	0.0049751243781094	1.0	0.0075041459369817	1.0	0.990049751243781	0.0049751243781094	1.0	False	False	CT: DLPFC - PCG
control_derived	752	TS_AC	TS	867	41616	0.841372529224816	-0.249183379939812	Higher in Control	1.0	1.0	1.0	1.0	1.0	0.0049751243781094	0.0049751243781094	0.0109093088773002	0.0146043973679987	0.0146043973679987	0.0049751243781094	0.0049751243781094	0.0146043973679987	True	True	TS: AC
control_derived	752	TS_DLPFC	TS	867	47586	1.06043035464475	0.0846498728174999	Higher in AD	0.0049751243781094	0.845771144278607	0.008401389280015	1.0	1.0	1.0	0.159203980099502	1.0	0.243568482374452	1.0	0.0049751243781094	0.845771144278607	1.0	False	False	TS: DLPFC
control_derived	752	TS_PCGBA23	TS	867	36046	0.838075721132859	-0.254847495870107	Higher in Control	1.0	1.0	1.0	1.0	1.0	0.0049751243781094	0.0049751243781094	0.0078241272271123	0.0130774697938877	0.0130774697938877	0.0049751243781094	0.0049751243781094	0.0130774697938877	True	True	TS: PCG
control_derived	752	CT_AC__DLPFC	CT	867	89301	0.628556340038858	-0.669886029872827	Higher in Control	1.0	1.0	1.0	1.0	1.0	0.0049751243781094	0.0049751243781094	0.0061258334179442	0.0064321250888415	0.0064321250888415	0.0049751243781094	0.0049751243781094	0.0064321250888415	True	True	CT: AC - DLPFC
control_derived	752	CT_AC__PCGBA23	CT	867	77741	0.605904529790119	-0.722837603580121	Higher in Control	1.0	1.0	1.0	1.0	1.0	0.0049751243781094	0.0049751243781094	0.0053555750658472	0.0061516740621218	0.0061516740621218	0.0049751243781094	0.0049751243781094	0.0061516740621218	True	True	CT: AC - PCG
control_derived	752	CT_DLPFC__PCGBA23	CT	867	83121	0.748043509444711	-0.418805908952835	Higher in Control	1.0	1.0	1.0	1.0	1.0	0.0049751243781094	0.0049751243781094	0.0078304131516331	0.0075041459369817	0.0078304131516331	0.0049751243781094	0.0049751243781094	0.0078304131516331	True	True	CT: DLPFC - PCG
control_derived	755	TS_AC	TS	52	465	0.697471154250692	-0.519794543149876	Higher in Control	0.995024875621891	0.990049751243781	1.0	1.0	1.0	0.0099502487562189	0.0149253731343284	0.0203476997037285	0.0352781546811398	0.0352781546811398	0.0099502487562189	0.0149253731343284	0.0352781546811398	True	True	TS: AC
control_derived	755	TS_DLPFC	TS	52	45	0.883132356910289	-0.179298421058584	Higher in Control	0.303482587064677	0.825870646766169	0.350473439255336	1.0	1.0	0.701492537313433	0.17910447761194	1.0	0.267164179104478	1.0	0.701492537313433	0.17910447761194	1.0	False	False	TS: DLPFC
control_derived	755	TS_PCGBA23	TS	52	55	0.771676670754794	-0.373931603881725	Higher in Control	0.895522388059702	0.915422885572139	1.0	1.0	1.0	0.109452736318408	0.0895522388059701	0.136076374882345	0.144540455616654	0.144540455616654	0.109452736318408	0.0895522388059701	0.144540455616654	False	False	TS: PCG
control_derived	755	CT_AC__DLPFC	CT	52	310	0.442055499630811	-1.17770058496378	Higher in Control	1.0	1.0	1.0	1.0	1.0	0.0049751243781094	0.0049751243781094	0.0061258334179442	0.0064321250888415	0.0064321250888415	0.0049751243781094	0.0049751243781094	0.0064321250888415	True	True	CT: AC - DLPFC
control_derived	755	CT_AC__PCGBA23	CT	52	341	0.254046445917744	-1.97683581375789	Higher in Control	1.0	1.0	1.0	1.0	1.0	0.0049751243781094	0.0049751243781094	0.0053555750658472	0.0061516740621218	0.0061516740621218	0.0049751243781094	0.0049751243781094	0.0061516740621218	True	True	CT: AC - PCG
control_derived	755	CT_DLPFC__PCGBA23	CT	52	110	0.975261410852016	-0.0361391215726107	Higher in Control	0.402985074626866	0.706467661691542	1.0	1.0	1.0	0.601990049751244	0.298507462686567	0.761959433601225	0.341961080672586	0.761959433601225	0.601990049751244	0.298507462686567	0.761959433601225	False	False	CT: DLPFC - PCG
control_derived	757	TS_AC	TS	1002	50086	0.838635187397245	-0.253884730934276	Higher in Control	1.0	1.0	1.0	1.0	1.0	0.0049751243781094	0.0049751243781094	0.0109093088773002	0.0146043973679987	0.0146043973679987	0.0049751243781094	0.0049751243781094	0.0146043973679987	True	True	TS: AC
control_derived	757	TS_DLPFC	TS	1002	61075	0.881766663893952	-0.181531159489593	Higher in Control	0.0049751243781094	1.0	0.008401389280015	1.0	1.0	1.0	0.0049751243781094	1.0	0.0117177271537052	1.0	1.0	0.0049751243781094	1.0	False	False	TS: DLPFC
control_derived	757	TS_PCGBA23	TS	1002	55945	0.879649847026366	-0.184998735328259	Higher in Control	1.0	1.0	1.0	1.0	1.0	0.0049751243781094	0.0049751243781094	0.0078241272271123	0.0130774697938877	0.0130774697938877	0.0049751243781094	0.0049751243781094	0.0130774697938877	True	True	TS: PCG
control_derived	757	CT_AC__DLPFC	CT	1002	110950	0.756785661550968	-0.402043339990808	Higher in Control	1.0	1.0	1.0	1.0	1.0	0.0049751243781094	0.0049751243781094	0.0061258334179442	0.0064321250888415	0.0064321250888415	0.0049751243781094	0.0049751243781094	0.0064321250888415	True	True	CT: AC - DLPFC
control_derived	757	CT_AC__PCGBA23	CT	1002	106195	0.697831166532404	-0.519050062276773	Higher in Control	1.0	1.0	1.0	1.0	1.0	0.0049751243781094	0.0049751243781094	0.0053555750658472	0.0061516740621218	0.0061516740621218	0.0049751243781094	0.0049751243781094	0.0061516740621218	True	True	CT: AC - PCG
control_derived	757	CT_DLPFC__PCGBA23	CT	1002	117250	0.809616887789871	-0.304688711381086	Higher in Control	1.0	1.0	1.0	1.0	1.0	0.0049751243781094	0.0049751243781094	0.0078304131516331	0.0075041459369817	0.0078304131516331	0.0049751243781094	0.0049751243781094	0.0078304131516331	True	True	CT: DLPFC - PCG
control_derived	763	TS_AC	TS	992	35245	1.26185713487514	0.335548580309009	Higher in AD	0.0049751243781094	0.0049751243781094	0.0823156942559928	0.0823156942559928	0.0823156942559928	1.0	1.0	1.0	1.0	1.0	0.0049751243781094	0.0049751243781094	0.0823156942559928	False	True	TS: AC
control_derived	763	TS_DLPFC	TS	992	83436	0.93566505091117	-0.0959359281900512	Higher in Control	0.0049751243781094	1.0	0.008401389280015	1.0	1.0	1.0	0.0049751243781094	1.0	0.0117177271537052	1.0	1.0	0.0049751243781094	1.0	False	False	TS: DLPFC
control_derived	763	TS_PCGBA23	TS	992	50086	1.16803373772498	0.224081945917905	Higher in AD	1.0	0.0597014925373134	1.0	0.991708126036484	1.0	0.0049751243781094	0.945273631840796	0.0078241272271123	0.998643147896879	0.998643147896879	1.0	0.0597014925373134	1.0	False	False	TS: PCG
control_derived	763	CT_AC__DLPFC	CT	992	108794	0.790340598727458	-0.339453575522625	Higher in Control	1.0	1.0	1.0	1.0	1.0	0.0049751243781094	0.0049751243781094	0.0061258334179442	0.0064321250888415	0.0064321250888415	0.0049751243781094	0.0049751243781094	0.0064321250888415	True	True	CT: AC - DLPFC
control_derived	763	CT_AC__PCGBA23	CT	992	84322	0.809202772483618	-0.305426832033289	Higher in Control	1.0	1.0	1.0	1.0	1.0	0.0049751243781094	0.0049751243781094	0.0053555750658472	0.0061516740621218	0.0061516740621218	0.0049751243781094	0.0049751243781094	0.0061516740621218	True	True	CT: AC - PCG
control_derived	763	CT_DLPFC__PCGBA23	CT	992	129653	0.881580382670795	-0.181835974129891	Higher in Control	1.0	1.0	1.0	1.0	1.0	0.0049751243781094	0.0049751243781094	0.0078304131516331	0.0075041459369817	0.0078304131516331	0.0049751243781094	0.0049751243781094	0.0078304131516331	True	True	CT: DLPFC - PCG
control_derived	768	TS_AC	TS	297	7750	1.19703333972614	0.259463334727306	Higher in AD	0.0049751243781094	0.0049751243781094	0.0823156942559928	0.0823156942559928	0.0823156942559928	1.0	1.0	1.0	1.0	1.0	0.0049751243781094	0.0049751243781094	0.0823156942559928	False	True	TS: AC
control_derived	768	TS_DLPFC	TS	297	3655	1.19958681489627	0.262537570210004	Higher in AD	0.0049751243781094	0.0447761194029851	0.008401389280015	0.801492537313433	0.801492537313433	1.0	0.960199004975124	1.0	0.99927687145667	1.0	0.0049751243781094	0.0447761194029851	0.801492537313433	False	False	TS: DLPFC
control_derived	768	TS_PCGBA23	TS	297	3655	1.03197147952119	0.0454030997128033	Higher in AD	1.0	0.746268656716418	1.0	1.0	1.0	0.0049751243781094	0.258706467661692	0.0078241272271123	0.363373969845429	0.363373969845429	1.0	0.746268656716418	1.0	False	False	TS: PCG
control_derived	768	CT_AC__DLPFC	CT	297	10750	0.756636141386205	-0.402328405265407	Higher in Control	1.0	1.0	1.0	1.0	1.0	0.0049751243781094	0.0049751243781094	0.0061258334179442	0.0064321250888415	0.0064321250888415	0.0049751243781094	0.0049751243781094	0.0064321250888415	True	True	CT: AC - DLPFC
control_derived	768	CT_AC__PCGBA23	CT	297	10750	0.794864242578974	-0.331219615977932	Higher in Control	1.0	1.0	1.0	1.0	1.0	0.0049751243781094	0.0049751243781094	0.0053555750658472	0.0061516740621218	0.0061516740621218	0.0049751243781094	0.0049751243781094	0.0061516740621218	True	True	CT: AC - PCG
control_derived	768	CT_DLPFC__PCGBA23	CT	297	7396	1.02223196898042	0.031722615574522	Higher in AD	0.0099502487562189	0.890547263681592	0.105940883816213	1.0	1.0	0.995024875621891	0.114427860696517	1.0	0.136259492013616	1.0	0.0099502487562189	0.890547263681592	1.0	False	False	CT: DLPFC - PCG
control_derived	771	TS_AC	TS	1162	47895	1.04565059648792	0.0644008564374093	Higher in AD	0.0049751243781094	0.0149253731343284	0.0823156942559928	0.22636815920398	0.22636815920398	1.0	0.990049751243781	1.0	1.0	1.0	0.0049751243781094	0.0149253731343284	0.22636815920398	False	False	TS: AC
control_derived	771	TS_DLPFC	TS	1162	103285	0.804947866910448	-0.313032745927558	Higher in Control	0.0049751243781094	1.0	0.008401389280015	1.0	1.0	1.0	0.0049751243781094	1.0	0.0117177271537052	1.0	1.0	0.0049751243781094	1.0	False	False	TS: DLPFC
control_derived	771	TS_PCGBA23	TS	1162	78606	0.94641492983895	-0.0794552622972327	Higher in Control	1.0	0.995024875621891	1.0	1.0	1.0	0.0049751243781094	0.0099502487562189	0.0078241272271123	0.0234723816813369	0.0234723816813369	0.0049751243781094	0.0099502487562189	0.0234723816813369	True	True	TS: PCG
control_derived	771	CT_AC__DLPFC	CT	1162	141050	0.736157223012854	-0.441914175565065	Higher in Control	1.0	1.0	1.0	1.0	1.0	0.0049751243781094	0.0049751243781094	0.0061258334179442	0.0064321250888415	0.0064321250888415	0.0049751243781094	0.0049751243781094	0.0064321250888415	True	True	CT: AC - DLPFC
control_derived	771	CT_AC__PCGBA23	CT	1162	123070	0.757987366356002	-0.399754292200015	Higher in Control	1.0	1.0	1.0	1.0	1.0	0.0049751243781094	0.0049751243781094	0.0053555750658472	0.0061516740621218	0.0061516740621218	0.0049751243781094	0.0049751243781094	0.0061516740621218	True	True	CT: AC - PCG
control_derived	771	CT_DLPFC__PCGBA23	CT	1162	180635	0.871080343124046	-0.19912230455803	Higher in Control	1.0	1.0	1.0	1.0	1.0	0.0049751243781094	0.0049751243781094	0.0078304131516331	0.0075041459369817	0.0078304131516331	0.0049751243781094	0.0049751243781094	0.0078304131516331	True	True	CT: DLPFC - PCG
control_derived	772	TS_AC	TS	666	22155	1.21273069011218	0.278259208185639	Higher in AD	0.0049751243781094	0.0049751243781094	0.0823156942559928	0.0823156942559928	0.0823156942559928	1.0	1.0	1.0	1.0	1.0	0.0049751243781094	0.0049751243781094	0.0823156942559928	False	True	TS: AC
control_derived	772	TS_DLPFC	TS	666	16290	1.22291088403765	0.290319275622207	Higher in AD	0.0049751243781094	0.0049751243781094	0.008401389280015	0.178109452736318	0.178109452736318	1.0	1.0	1.0	1.0	1.0	0.0049751243781094	0.0049751243781094	0.178109452736318	False	False	TS: DLPFC
control_derived	772	TS_PCGBA23	TS	666	37401	1.2478202155288	0.319410087365786	Higher in AD	0.945273631840796	0.0049751243781094	1.0	0.183084577114428	1.0	0.0597014925373134	1.0	0.0779083306869906	1.0	1.0	0.945273631840796	0.0049751243781094	1.0	False	False	TS: PCG
control_derived	772	CT_AC__DLPFC	CT	666	38191	0.93310691550399	-0.0998857001658758	Higher in Control	0.0049751243781094	0.298507462686567	0.12864250177683	1.0	1.0	1.0	0.706467661691542	1.0	0.734888774518213	1.0	1.0	0.706467661691542	1.0	False	False	CT: AC - DLPFC
control_derived	772	CT_AC__PCGBA23	CT	666	57814	0.968716502567288	-0.0458535759776084	Higher in Control	1.0	0.144278606965174	1.0	1.0	1.0	0.0049751243781094	0.860696517412935	0.0053555750658472	0.875041459369817	0.875041459369817	0.0049751243781094	0.860696517412935	0.875041459369817	False	False	CT: AC - PCG
control_derived	772	CT_DLPFC__PCGBA23	CT	666	49594	1.09295209150936	0.128230163263536	Higher in AD	0.0049751243781094	0.631840796019901	0.0643212508884151	1.0	1.0	1.0	0.373134328358209	1.0	0.414339346213717	1.0	0.0049751243781094	0.631840796019901	1.0	False	False	CT: DLPFC - PCG
control_derived	787	TS_AC	TS	340	3160	0.793311577079612	-0.334040491981733	Higher in Control	1.0	1.0	1.0	1.0	1.0	0.0049751243781094	0.0049751243781094	0.0109093088773002	0.0146043973679987	0.0146043973679987	0.0049751243781094	0.0049751243781094	0.0146043973679987	True	True	TS: AC
control_derived	787	TS_DLPFC	TS	340	10296	0.831736480124469	-0.265801584594861	Higher in Control	0.0049751243781094	1.0	0.008401389280015	1.0	1.0	1.0	0.0049751243781094	1.0	0.0117177271537052	1.0	1.0	0.0049751243781094	1.0	False	False	TS: DLPFC
control_derived	787	TS_PCGBA23	TS	340	6670	0.584383466095718	-0.775012734198297	Higher in Control	1.0	1.0	1.0	1.0	1.0	0.0049751243781094	0.0049751243781094	0.0078241272271123	0.0130774697938877	0.0130774697938877	0.0049751243781094	0.0049751243781094	0.0130774697938877	True	True	TS: PCG
control_derived	787	CT_AC__DLPFC	CT	340	11520	0.467633956342132	-1.096548402683	Higher in Control	1.0	1.0	1.0	1.0	1.0	0.0049751243781094	0.0049751243781094	0.0061258334179442	0.0064321250888415	0.0064321250888415	0.0049751243781094	0.0049751243781094	0.0064321250888415	True	True	CT: AC - DLPFC
control_derived	787	CT_AC__PCGBA23	CT	340	9280	0.4381290963287	-1.1905720670897	Higher in Control	1.0	1.0	1.0	1.0	1.0	0.0049751243781094	0.0049751243781094	0.0053555750658472	0.0061516740621218	0.0061516740621218	0.0049751243781094	0.0049751243781094	0.0061516740621218	True	True	CT: AC - PCG
control_derived	787	CT_DLPFC__PCGBA23	CT	340	16704	0.481189719388536	-1.055322275203	Higher in Control	1.0	1.0	1.0	1.0	1.0	0.0049751243781094	0.0049751243781094	0.0078304131516331	0.0075041459369817	0.0078304131516331	0.0049751243781094	0.0049751243781094	0.0078304131516331	True	True	CT: DLPFC - PCG
control_derived	788	TS_AC	TS	361	1953	0.77262126794268	-0.372166703710058	Higher in Control	1.0	0.990049751243781	1.0	1.0	1.0	0.0049751243781094	0.0149253731343284	0.0109093088773002	0.0352781546811398	0.0352781546811398	0.0049751243781094	0.0149253731343284	0.0352781546811398	True	True	TS: AC
control_derived	788	TS_DLPFC	TS	361	12090	0.89116964763131	-0.166227998158125	Higher in Control	0.0049751243781094	1.0	0.008401389280015	1.0	1.0	1.0	0.0049751243781094	1.0	0.0117177271537052	1.0	1.0	0.0049751243781094	1.0	False	False	TS: DLPFC
control_derived	788	TS_PCGBA23	TS	361	10011	0.686573388967331	-0.542514154208663	Higher in Control	1.0	1.0	1.0	1.0	1.0	0.0049751243781094	0.0049751243781094	0.0078241272271123	0.0130774697938877	0.0130774697938877	0.0049751243781094	0.0049751243781094	0.0130774697938877	True	True	TS: PCG
control_derived	788	CT_AC__DLPFC	CT	361	9828	0.516891612282625	-0.952066303352897	Higher in Control	1.0	1.0	1.0	1.0	1.0	0.0049751243781094	0.0049751243781094	0.0061258334179442	0.0064321250888415	0.0064321250888415	0.0049751243781094	0.0049751243781094	0.0064321250888415	True	True	CT: AC - DLPFC
control_derived	788	CT_AC__PCGBA23	CT	361	8946	0.50871509853785	-0.975070181220678	Higher in Control	1.0	1.0	1.0	1.0	1.0	0.0049751243781094	0.0049751243781094	0.0053555750658472	0.0061516740621218	0.0061516740621218	0.0049751243781094	0.0049751243781094	0.0061516740621218	True	True	CT: AC - PCG
control_derived	788	CT_DLPFC__PCGBA23	CT	361	22152	0.479379012503071	-1.06076134656059	Higher in Control	1.0	1.0	1.0	1.0	1.0	0.0049751243781094	0.0049751243781094	0.0078304131516331	0.0075041459369817	0.0078304131516331	0.0049751243781094	0.0049751243781094	0.0078304131516331	True	True	CT: DLPFC - PCG
control_derived	792	TS_AC	TS	270	3403	0.822290226367756	-0.28228041358195	Higher in Control	1.0	0.965174129353234	1.0	1.0	1.0	0.0049751243781094	0.0398009950248756	0.0109093088773002	0.0770615010056103	0.0770615010056103	0.0049751243781094	0.0398009950248756	0.0770615010056103	False	True	TS: AC
control_derived	792	TS_DLPFC	TS	270	3741	0.717297939917171	-0.479355607537199	Higher in Control	0.0995024875621891	1.0	0.13493140358812	1.0	1.0	0.90547263681592	0.0049751243781094	1.0	0.0117177271537052	1.0	0.90547263681592	0.0049751243781094	1.0	False	False	TS: DLPFC
control_derived	792	TS_PCGBA23	TS	270	4950	0.782383285933456	-0.354052544585049	Higher in Control	1.0	1.0	1.0	1.0	1.0	0.0049751243781094	0.0049751243781094	0.0078241272271123	0.0130774697938877	0.0130774697938877	0.0049751243781094	0.0049751243781094	0.0130774697938877	True	True	TS: PCG
control_derived	792	CT_AC__DLPFC	CT	270	7221	0.480057244491403	-1.05872164442928	Higher in Control	1.0	1.0	1.0	1.0	1.0	0.0049751243781094	0.0049751243781094	0.0061258334179442	0.0064321250888415	0.0064321250888415	0.0049751243781094	0.0049751243781094	0.0064321250888415	True	True	CT: AC - DLPFC
control_derived	792	CT_AC__PCGBA23	CT	270	8300	0.431392761164814	-1.21292612682489	Higher in Control	1.0	1.0	1.0	1.0	1.0	0.0049751243781094	0.0049751243781094	0.0053555750658472	0.0061516740621218	0.0061516740621218	0.0049751243781094	0.0049751243781094	0.0061516740621218	True	True	CT: AC - PCG
control_derived	792	CT_DLPFC__PCGBA23	CT	270	8700	0.654697213964667	-0.611100255273457	Higher in Control	1.0	1.0	1.0	1.0	1.0	0.0049751243781094	0.0049751243781094	0.0078304131516331	0.0075041459369817	0.0078304131516331	0.0049751243781094	0.0049751243781094	0.0078304131516331	True	True	CT: DLPFC - PCG
control_derived	794	TS_AC	TS	105	45	0.863971365221777	-0.210944597240662	Higher in Control	0.631840796019901	0.676616915422886	1.0	1.0	1.0	0.373134328358209	0.328358208955224	0.481634381285064	0.442675511332228	0.481634381285064	0.373134328358209	0.328358208955224	0.481634381285064	False	False	TS: AC
control_derived	794	TS_DLPFC	TS	105	435	0.704860451242612	-0.504590434862867	Higher in Control	0.427860696517413	1.0	0.455875384979863	1.0	1.0	0.577114427860697	0.0049751243781094	1.0	0.0117177271537052	1.0	0.577114427860697	0.0049751243781094	1.0	False	False	TS: DLPFC
control_derived	794	TS_PCGBA23	TS	105	2080	0.585574804151484	-0.772074615561372	Higher in Control	1.0	1.0	1.0	1.0	1.0	0.0049751243781094	0.0049751243781094	0.0078241272271123	0.0130774697938877	0.0130774697938877	0.0049751243781094	0.0049751243781094	0.0130774697938877	True	True	TS: PCG
control_derived	794	CT_AC__DLPFC	CT	105	300	0.69990189758291	-0.514775375385682	Higher in Control	0.970149253731343	0.960199004975124	1.0	1.0	1.0	0.0348258706467662	0.0447761194029851	0.0396445445727338	0.0506529850746269	0.0506529850746269	0.0348258706467662	0.0447761194029851	0.0506529850746269	False	True	CT: AC - DLPFC
control_derived	794	CT_AC__PCGBA23	CT	105	650	0.405306783439436	-1.30291377355507	Higher in Control	1.0	1.0	1.0	1.0	1.0	0.0049751243781094	0.0049751243781094	0.0053555750658472	0.0061516740621218	0.0061516740621218	0.0049751243781094	0.0049751243781094	0.0061516740621218	True	True	CT: AC - PCG
control_derived	794	CT_DLPFC__PCGBA23	CT	105	1950	0.480393888930126	-1.05771029618827	Higher in Control	1.0	1.0	1.0	1.0	1.0	0.0049751243781094	0.0049751243781094	0.0078304131516331	0.0075041459369817	0.0078304131516331	0.0049751243781094	0.0049751243781094	0.0078304131516331	True	True	CT: DLPFC - PCG
control_derived	795	TS_AC	TS	316	4656	0.922665675256086	-0.116120107931377	Higher in Control	0.915422885572139	0.676616915422886	1.0	1.0	1.0	0.0895522388059701	0.328358208955224	0.148168249660787	0.442675511332228	0.442675511332228	0.0895522388059701	0.328358208955224	0.442675511332228	False	False	TS: AC
control_derived	795	TS_DLPFC	TS	316	5565	0.886965778450437	-0.173049652381624	Higher in Control	0.0049751243781094	1.0	0.008401389280015	1.0	1.0	1.0	0.0049751243781094	1.0	0.0117177271537052	1.0	1.0	0.0049751243781094	1.0	False	False	TS: DLPFC
control_derived	795	TS_PCGBA23	TS	316	6328	0.638764132822106	-0.646644788482029	Higher in Control	1.0	1.0	1.0	1.0	1.0	0.0049751243781094	0.0049751243781094	0.0078241272271123	0.0130774697938877	0.0130774697938877	0.0049751243781094	0.0049751243781094	0.0130774697938877	True	True	TS: PCG
control_derived	795	CT_AC__DLPFC	CT	316	10282	0.627688033567156	-0.671880389674959	Higher in Control	1.0	1.0	1.0	1.0	1.0	0.0049751243781094	0.0049751243781094	0.0061258334179442	0.0064321250888415	0.0064321250888415	0.0049751243781094	0.0049751243781094	0.0064321250888415	True	True	CT: AC - DLPFC
control_derived	795	CT_AC__PCGBA23	CT	316	10961	0.631589240223764	-0.662941501282692	Higher in Control	1.0	1.0	1.0	1.0	1.0	0.0049751243781094	0.0049751243781094	0.0053555750658472	0.0061516740621218	0.0061516740621218	0.0049751243781094	0.0049751243781094	0.0061516740621218	True	True	CT: AC - PCG
control_derived	795	CT_DLPFC__PCGBA23	CT	316	11978	0.674494380579526	-0.568121671200583	Higher in Control	1.0	1.0	1.0	1.0	1.0	0.0049751243781094	0.0049751243781094	0.0078304131516331	0.0075041459369817	0.0078304131516331	0.0049751243781094	0.0049751243781094	0.0078304131516331	True	True	CT: DLPFC - PCG
control_derived	798	TS_AC	TS	81	78	0.921427518996334	-0.118057409332171	Higher in Control	0.656716417910448	0.621890547263682	1.0	1.0	1.0	0.348258706467662	0.383084577114428	0.459297714326916	0.508915277626466	0.508915277626466	0.348258706467662	0.383084577114428	0.508915277626466	False	False	TS: AC
control_derived	798	TS_DLPFC	TS	81	1431	0.789349408953041	-0.341264038022029	Higher in Control	0.0248756218905473	1.0	0.0364978386754751	1.0	1.0	0.980099502487562	0.0049751243781094	1.0	0.0117177271537052	1.0	0.980099502487562	0.0049751243781094	1.0	False	False	TS: DLPFC
control_derived	798	TS_PCGBA23	TS	81	91	1.0314771607907	0.0447118770859687	Higher in AD	0.681592039800995	0.601990049751244	1.0	1.0	1.0	0.323383084577114	0.402985074626866	0.369580668088131	0.524927808509898	0.524927808509898	0.681592039800995	0.601990049751244	1.0	False	False	TS: PCG
control_derived	798	CT_AC__DLPFC	CT	81	702	0.322329841881109	-1.63339033298424	Higher in Control	1.0	1.0	1.0	1.0	1.0	0.0049751243781094	0.0049751243781094	0.0061258334179442	0.0064321250888415	0.0064321250888415	0.0049751243781094	0.0049751243781094	0.0064321250888415	True	True	CT: AC - DLPFC
control_derived	798	CT_AC__PCGBA23	CT	81	182	0.557892090306057	-0.841941997627775	Higher in Control	1.0	1.0	1.0	1.0	1.0	0.0049751243781094	0.0049751243781094	0.0053555750658472	0.0061516740621218	0.0061516740621218	0.0049751243781094	0.0049751243781094	0.0061516740621218	True	True	CT: AC - PCG
control_derived	798	CT_DLPFC__PCGBA23	CT	81	756	0.641348576623531	-0.640819411866063	Higher in Control	1.0	1.0	1.0	1.0	1.0	0.0049751243781094	0.0049751243781094	0.0078304131516331	0.0075041459369817	0.0078304131516331	0.0049751243781094	0.0049751243781094	0.0078304131516331	True	True	CT: DLPFC - PCG
control_derived	799	TS_AC	TS	40	3	0.0672152098811718	-3.89506845770482	Higher in Control	0.960199004975124	0.970149253731343	1.0	1.0	1.0	0.0447761194029851	0.0348258706467662	0.0776119402985075	0.0704256495301271	0.0776119402985075	0.0447761194029851	0.0348258706467662	0.0776119402985075	False	True	TS: AC
control_derived	799	TS_DLPFC	TS	40	528	0.562524948678252	-0.830011011826657	Higher in Control	0.895522388059702	1.0	0.895522388059702	1.0	1.0	0.109452736318408	0.0049751243781094	1.0	0.0117177271537052	1.0	0.109452736318408	0.0049751243781094	1.0	False	False	TS: DLPFC
control_derived	799	TS_PCGBA23	TS	40	6	1.59152749486153	0.67041208085554	Higher in AD	0.45273631840796	0.298507462686567	1.0	1.0	1.0	0.552238805970149	0.706467661691542	0.594221873090687	0.797484967799042	0.797484967799042	0.45273631840796	0.298507462686567	1.0	False	False	TS: PCG
control_derived	799	CT_AC__DLPFC	CT	40	99	0.341404517239707	-1.55044594760487	Higher in Control	1.0	1.0	1.0	1.0	1.0	0.0049751243781094	0.0049751243781094	0.0061258334179442	0.0064321250888415	0.0064321250888415	0.0049751243781094	0.0049751243781094	0.0064321250888415	True	True	CT: AC - DLPFC
control_derived	799	CT_AC__PCGBA23	CT	40	12	0.548811692913371	-0.865616875168865	Higher in Control	0.870646766169154	0.860696517412935	1.0	1.0	1.0	0.134328358208955	0.144278606965174	0.138881861877055	0.157160625444208	0.157160625444208	0.134328358208955	0.144278606965174	0.157160625444208	False	False	CT: AC - PCG
control_derived	799	CT_DLPFC__PCGBA23	CT	40	132	0.419198674025395	-1.25429394141852	Higher in Control	1.0	1.0	1.0	1.0	1.0	0.0049751243781094	0.0049751243781094	0.0078304131516331	0.0075041459369817	0.0078304131516331	0.0049751243781094	0.0049751243781094	0.0078304131516331	True	True	CT: DLPFC - PCG
control_derived	802	TS_AC	TS	128	105	0.697529148218605	-0.519674589613223	Higher in Control	0.920398009950249	0.900497512437811	1.0	1.0	1.0	0.0845771144278607	0.104477611940299	0.141220502989639	0.17444885663426	0.17444885663426	0.0845771144278607	0.104477611940299	0.17444885663426	False	False	TS: AC
control_derived	802	TS_DLPFC	TS	128	1176	0.675110191147384	-0.566805097542425	Higher in Control	0.407960199004975	1.0	0.439908889288497	1.0	1.0	0.597014925373134	0.0049751243781094	1.0	0.0117177271537052	1.0	0.597014925373134	0.0049751243781094	1.0	False	False	TS: DLPFC
control_derived	802	TS_PCGBA23	TS	128	2016	0.821817375721791	-0.283110261093094	Higher in Control	1.0	0.995024875621891	1.0	1.0	1.0	0.0049751243781094	0.0099502487562189	0.0078241272271123	0.0234723816813369	0.0234723816813369	0.0049751243781094	0.0099502487562189	0.0234723816813369	True	True	TS: PCG
control_derived	802	CT_AC__DLPFC	CT	128	735	0.541792084123756	-0.884188779750588	Higher in Control	1.0	1.0	1.0	1.0	1.0	0.0049751243781094	0.0049751243781094	0.0061258334179442	0.0064321250888415	0.0064321250888415	0.0049751243781094	0.0049751243781094	0.0064321250888415	True	True	CT: AC - DLPFC
control_derived	802	CT_AC__PCGBA23	CT	128	960	0.530331948259981	-0.915032432948611	Higher in Control	1.0	1.0	1.0	1.0	1.0	0.0049751243781094	0.0049751243781094	0.0053555750658472	0.0061516740621218	0.0061516740621218	0.0049751243781094	0.0049751243781094	0.0061516740621218	True	True	CT: AC - PCG
control_derived	802	CT_DLPFC__PCGBA23	CT	128	3136	0.548974504145336	-0.865188946744719	Higher in Control	1.0	1.0	1.0	1.0	1.0	0.0049751243781094	0.0049751243781094	0.0078304131516331	0.0075041459369817	0.0078304131516331	0.0049751243781094	0.0049751243781094	0.0078304131516331	True	True	CT: DLPFC - PCG
control_derived	805	TS_AC	TS	296	2211	0.602466231841203	-0.73104771415971	Higher in Control	1.0	1.0	1.0	1.0	1.0	0.0049751243781094	0.0049751243781094	0.0109093088773002	0.0146043973679987	0.0146043973679987	0.0049751243781094	0.0049751243781094	0.0146043973679987	True	True	TS: AC
control_derived	805	TS_DLPFC	TS	296	7626	0.693602511853867	-0.527818971655534	Higher in Control	0.109452736318408	1.0	0.147308569932293	1.0	1.0	0.895522388059702	0.0049751243781094	1.0	0.0117177271537052	1.0	0.895522388059702	0.0049751243781094	1.0	False	False	TS: DLPFC
control_derived	805	TS_PCGBA23	TS	296	5460	0.630162780854615	-0.666203547548977	Higher in Control	1.0	1.0	1.0	1.0	1.0	0.0049751243781094	0.0049751243781094	0.0078241272271123	0.0130774697938877	0.0130774697938877	0.0049751243781094	0.0049751243781094	0.0130774697938877	True	True	TS: PCG
control_derived	805	CT_AC__DLPFC	CT	296	8308	0.469537109440218	-1.09068891040625	Higher in Control	1.0	1.0	1.0	1.0	1.0	0.0049751243781094	0.0049751243781094	0.0061258334179442	0.0064321250888415	0.0064321250888415	0.0049751243781094	0.0049751243781094	0.0064321250888415	True	True	CT: AC - DLPFC
control_derived	805	CT_AC__PCGBA23	CT	296	7035	0.395884890992373	-1.33684708714635	Higher in Control	1.0	1.0	1.0	1.0	1.0	0.0049751243781094	0.0049751243781094	0.0053555750658472	0.0061516740621218	0.0061516740621218	0.0049751243781094	0.0049751243781094	0.0061516740621218	True	True	CT: AC - PCG
control_derived	805	CT_DLPFC__PCGBA23	CT	296	13020	0.581731233745182	-0.781575328869032	Higher in Control	1.0	1.0	1.0	1.0	1.0	0.0049751243781094	0.0049751243781094	0.0078304131516331	0.0075041459369817	0.0078304131516331	0.0049751243781094	0.0049751243781094	0.0078304131516331	True	True	CT: DLPFC - PCG
control_derived	807	TS_AC	TS	380	7626	0.777493907612124	-0.363096724457257	Higher in Control	1.0	1.0	1.0	1.0	1.0	0.0049751243781094	0.0049751243781094	0.0109093088773002	0.0146043973679987	0.0146043973679987	0.0049751243781094	0.0049751243781094	0.0146043973679987	True	True	TS: AC
control_derived	807	TS_DLPFC	TS	380	7503	0.732962562708231	-0.448188582714492	Higher in Control	0.0049751243781094	1.0	0.008401389280015	1.0	1.0	1.0	0.0049751243781094	1.0	0.0117177271537052	1.0	1.0	0.0049751243781094	1.0	False	False	TS: DLPFC
control_derived	807	TS_PCGBA23	TS	380	8778	0.695640541222439	-0.523586080994728	Higher in Control	1.0	1.0	1.0	1.0	1.0	0.0049751243781094	0.0049751243781094	0.0078241272271123	0.0130774697938877	0.0130774697938877	0.0049751243781094	0.0049751243781094	0.0130774697938877	True	True	TS: PCG
control_derived	807	CT_AC__DLPFC	CT	380	15252	0.456238820873809	-1.13213888563476	Higher in Control	1.0	1.0	1.0	1.0	1.0	0.0049751243781094	0.0049751243781094	0.0061258334179442	0.0064321250888415	0.0064321250888415	0.0049751243781094	0.0049751243781094	0.0064321250888415	True	True	CT: AC - DLPFC
control_derived	807	CT_AC__PCGBA23	CT	380	16492	0.522525334423776	-0.936427107528331	Higher in Control	1.0	1.0	1.0	1.0	1.0	0.0049751243781094	0.0049751243781094	0.0053555750658472	0.0061516740621218	0.0061516740621218	0.0049751243781094	0.0049751243781094	0.0061516740621218	True	True	CT: AC - PCG
control_derived	807	CT_DLPFC__PCGBA23	CT	380	16359	0.626122018477981	-0.67548425833794	Higher in Control	1.0	1.0	1.0	1.0	1.0	0.0049751243781094	0.0049751243781094	0.0078304131516331	0.0075041459369817	0.0078304131516331	0.0049751243781094	0.0049751243781094	0.0078304131516331	True	True	CT: DLPFC - PCG
control_derived	808	TS_AC	TS	48	21	0.724919571135316	-0.464107155981739	Higher in Control	0.666666666666667	0.791044776119403	1.0	1.0	1.0	0.338308457711443	0.213930348258706	0.449431673748048	0.311482587064677	0.449431673748048	0.338308457711443	0.213930348258706	0.449431673748048	False	False	TS: AC
control_derived	808	TS_DLPFC	TS	48	171	0.607451350647175	-0.719159223601885	Higher in Control	0.701492537313433	1.0	0.713449796472185	1.0	1.0	0.303482587064677	0.0049751243781094	1.0	0.0117177271537052	1.0	0.303482587064677	0.0049751243781094	1.0	False	False	TS: DLPFC
control_derived	808	TS_PCGBA23	TS	48	231	0.593813556327704	-0.751918065517819	Higher in Control	1.0	1.0	1.0	1.0	1.0	0.0049751243781094	0.0049751243781094	0.0078241272271123	0.0130774697938877	0.0130774697938877	0.0049751243781094	0.0049751243781094	0.0130774697938877	True	True	TS: PCG
control_derived	808	CT_AC__DLPFC	CT	48	133	0.49107221180925	-1.0259929074982	Higher in Control	1.0	0.995024875621891	1.0	1.0	1.0	0.0049751243781094	0.0099502487562189	0.0061258334179442	0.0123355823621618	0.0123355823621618	0.0049751243781094	0.0099502487562189	0.0123355823621618	True	True	CT: AC - DLPFC
control_derived	808	CT_AC__PCGBA23	CT	48	154	0.487955513636199	-1.03517847001308	Higher in Control	1.0	1.0	1.0	1.0	1.0	0.0049751243781094	0.0049751243781094	0.0053555750658472	0.0061516740621218	0.0061516740621218	0.0049751243781094	0.0049751243781094	0.0061516740621218	True	True	CT: AC - PCG
control_derived	808	CT_DLPFC__PCGBA23	CT	48	418	0.594245666980995	-0.75086861627846	Higher in Control	1.0	1.0	1.0	1.0	1.0	0.0049751243781094	0.0049751243781094	0.0078304131516331	0.0075041459369817	0.0078304131516331	0.0049751243781094	0.0049751243781094	0.0078304131516331	True	True	CT: DLPFC - PCG
control_derived	809	TS_AC	TS	41	55	0.500433674531533	-0.998749222160109	Higher in Control	0.940298507462687	0.995024875621891	1.0	1.0	1.0	0.0646766169154229	0.0099502487562189	0.110010694192588	0.0266315481416447	0.110010694192588	0.0646766169154229	0.0099502487562189	0.110010694192588	False	False	TS: AC
control_derived	809	TS_DLPFC	TS	41	153	0.746997457577676	-0.420824762108888	Higher in Control	0.343283582089552	0.985074626865672	0.381663113006397	1.0	1.0	0.661691542288557	0.0199004975124378	1.0	0.0395798783858485	1.0	0.661691542288557	0.0199004975124378	1.0	False	False	TS: DLPFC
control_derived	809	TS_PCGBA23	TS	41	66	0.621587854968166	-0.685969779282622	Higher in Control	0.985074626865672	0.950248756218905	1.0	1.0	1.0	0.0199004975124378	0.054726368159204	0.0292935323383085	0.0968235744355147	0.0968235744355147	0.0199004975124378	0.054726368159204	0.0968235744355147	False	True	TS: PCG
control_derived	809	CT_AC__DLPFC	CT	41	198	0.442915249812607	-1.17489742403517	Higher in Control	1.0	1.0	1.0	1.0	1.0	0.0049751243781094	0.0049751243781094	0.0061258334179442	0.0064321250888415	0.0064321250888415	0.0049751243781094	0.0049751243781094	0.0064321250888415	True	True	CT: AC - DLPFC
control_derived	809	CT_AC__PCGBA23	CT	41	132	0.591417128323045	-0.757752068221687	Higher in Control	1.0	0.995024875621891	1.0	1.0	1.0	0.0049751243781094	0.0099502487562189	0.0053555750658472	0.0120589107442918	0.0120589107442918	0.0049751243781094	0.0099502487562189	0.0120589107442918	True	True	CT: AC - PCG
control_derived	809	CT_DLPFC__PCGBA23	CT	41	216	0.653233777821469	-0.614328702279862	Higher in Control	1.0	1.0	1.0	1.0	1.0	0.0049751243781094	0.0049751243781094	0.0078304131516331	0.0075041459369817	0.0078304131516331	0.0049751243781094	0.0049751243781094	0.0078304131516331	True	True	CT: DLPFC - PCG
control_derived	856	TS_AC	TS	253	36	0.936350067373157	-0.0948800928102052	Higher in Control	0.527363184079602	0.54726368159204	1.0	1.0	1.0	0.477611940298507	0.45771144278607	0.577834511652265	0.58254183627318	0.58254183627318	0.477611940298507	0.45771144278607	0.58254183627318	False	False	TS: AC
control_derived	856	TS_DLPFC	TS	253	23005	1.17012976350119	0.226668528764944	Higher in AD	0.0049751243781094	0.0497512437810945	0.008401389280015	0.80958842152872	0.80958842152872	1.0	0.955223880597015	1.0	0.99927687145667	1.0	0.0049751243781094	0.0497512437810945	0.80958842152872	False	False	TS: DLPFC
control_derived	856	TS_PCGBA23	TS	253	406	0.955888750247532	-0.0650853729214795	Higher in Control	0.955223880597015	0.786069651741294	1.0	1.0	1.0	0.0497512437810945	0.218905472636816	0.066334991708126	0.314676616915423	0.314676616915423	0.0497512437810945	0.218905472636816	0.314676616915423	False	False	TS: PCG
control_derived	856	CT_AC__DLPFC	CT	253	1935	0.47961607332614	-1.0600480864285	Higher in Control	1.0	1.0	1.0	1.0	1.0	0.0049751243781094	0.0049751243781094	0.0061258334179442	0.0064321250888415	0.0064321250888415	0.0049751243781094	0.0049751243781094	0.0064321250888415	True	True	CT: AC - DLPFC
control_derived	856	CT_AC__PCGBA23	CT	253	261	0.505512779633624	-0.984180530195271	Higher in Control	1.0	1.0	1.0	1.0	1.0	0.0049751243781094	0.0049751243781094	0.0053555750658472	0.0061516740621218	0.0061516740621218	0.0049751243781094	0.0049751243781094	0.0061516740621218	True	True	CT: AC - PCG
control_derived	856	CT_DLPFC__PCGBA23	CT	253	6235	0.534342353727441	-0.904163720453896	Higher in Control	1.0	1.0	1.0	1.0	1.0	0.0049751243781094	0.0049751243781094	0.0078304131516331	0.0075041459369817	0.0078304131516331	0.0049751243781094	0.0049751243781094	0.0078304131516331	True	True	CT: DLPFC - PCG
control_derived	867	TS_AC	TS	248	0			Not available														False	False	TS: AC
control_derived	867	TS_DLPFC	TS	248	28203	1.21455520696848	0.280428068408907	Higher in AD	0.0049751243781094	0.0049751243781094	0.008401389280015	0.178109452736318	0.178109452736318	1.0	1.0	1.0	1.0	1.0	0.0049751243781094	0.0049751243781094	0.178109452736318	False	False	TS: DLPFC
control_derived	867	TS_PCGBA23	TS	248	45	0.514605271519151	-0.958461859044597	Higher in Control	0.975124378109453	0.980099502487562	1.0	1.0	1.0	0.0298507462686567	0.0248756218905473	0.0422502870264064	0.0526105106650655	0.0526105106650655	0.0298507462686567	0.0248756218905473	0.0526105106650655	False	True	TS: PCG
control_derived	867	CT_AC__DLPFC	CT	248	0			Not available														False	False	CT: AC - DLPFC
control_derived	867	CT_AC__PCGBA23	CT	248	0			Not available														False	False	CT: AC - PCG
control_derived	867	CT_DLPFC__PCGBA23	CT	248	2380	0.859369094517833	-0.218650200469941	Higher in Control	0.990049751243781	0.975124378109453	1.0	1.0	1.0	0.0149253731343284	0.0298507462686567	0.0225124378109453	0.0388703962203372	0.0388703962203372	0.0149253731343284	0.0298507462686567	0.0388703962203372	True	True	CT: DLPFC - PCG
control_derived	881	TS_AC	TS	221	6	1.08695766668736	0.120295753383148	Higher in AD	0.482587064676617	0.427860696517413	1.0	1.0	1.0	0.522388059701492	0.577114427860697	0.609452736318408	0.682044323835369	0.682044323835369	0.482587064676617	0.427860696517413	1.0	False	False	TS: AC
control_derived	881	TS_DLPFC	TS	221	19503	1.11180900792992	0.15290897603076	Higher in AD	0.0049751243781094	0.288557213930348	0.008401389280015	1.0	1.0	1.0	0.716417910447761	1.0	0.827347135291285	1.0	0.0049751243781094	0.288557213930348	1.0	False	False	TS: DLPFC
control_derived	881	TS_PCGBA23	TS	221	171	0.768290714082108	-0.380275778206814	Higher in Control	0.980099502487562	0.945273631840796	1.0	1.0	1.0	0.0248756218905473	0.0597014925373134	0.0357587064676617	0.103632779498733	0.103632779498733	0.0248756218905473	0.0597014925373134	0.103632779498733	False	False	TS: PCG
control_derived	881	CT_AC__DLPFC	CT	221	792	0.491541622550365	-1.024614509238	Higher in Control	1.0	1.0	1.0	1.0	1.0	0.0049751243781094	0.0049751243781094	0.0061258334179442	0.0064321250888415	0.0064321250888415	0.0049751243781094	0.0049751243781094	0.0064321250888415	True	True	CT: AC - DLPFC
control_derived	881	CT_AC__PCGBA23	CT	221	76	0.554568530010315	-0.85056234451471	Higher in Control	0.995024875621891	0.975124378109453	1.0	1.0	1.0	0.0099502487562189	0.0298507462686567	0.0105866018743492	0.0343565192903407	0.0343565192903407	0.0099502487562189	0.0298507462686567	0.0343565192903407	True	True	CT: AC - PCG
control_derived	881	CT_DLPFC__PCGBA23	CT	221	3762	0.755195687161681	-0.405077569234513	Higher in Control	1.0	1.0	1.0	1.0	1.0	0.0049751243781094	0.0049751243781094	0.0078304131516331	0.0075041459369817	0.0078304131516331	0.0049751243781094	0.0049751243781094	0.0078304131516331	True	True	CT: DLPFC - PCG
control_derived	884	TS_AC	TS	45	0			Not available														False	False	TS: AC
control_derived	884	TS_DLPFC	TS	45	780	1.25391376798366	0.326438136991642	Higher in AD	0.0049751243781094	0.0447761194029851	0.008401389280015	0.801492537313433	0.801492537313433	1.0	0.960199004975124	1.0	0.99927687145667	1.0	0.0049751243781094	0.0447761194029851	0.801492537313433	False	False	TS: DLPFC
control_derived	884	TS_PCGBA23	TS	45	6	1.19848740087679	0.261214742705767	Higher in AD	0.572139303482587	0.417910447761194	1.0	1.0	1.0	0.432835820895522	0.587064676616915	0.474058280028429	0.710657240115213	0.710657240115213	0.572139303482587	0.417910447761194	1.0	False	False	TS: PCG
control_derived	884	CT_AC__DLPFC	CT	45	40	0.270911388223739	-1.88410705391819	Higher in Control	1.0	1.0	1.0	1.0	1.0	0.0049751243781094	0.0049751243781094	0.0061258334179442	0.0064321250888415	0.0064321250888415	0.0049751243781094	0.0049751243781094	0.0064321250888415	True	True	CT: AC - DLPFC
control_derived	884	CT_AC__PCGBA23	CT	45	4	0.595412353502982	-0.74803894023684	Higher in Control	0.701492537313433	0.661691542288557	1.0	1.0	1.0	0.303482587064677	0.343283582089552	0.310264320853831	0.363126563713226	0.363126563713226	0.303482587064677	0.343283582089552	0.363126563713226	False	False	CT: AC - PCG
control_derived	884	CT_DLPFC__PCGBA23	CT	45	160	0.420954507970599	-1.24826376342806	Higher in Control	1.0	1.0	1.0	1.0	1.0	0.0049751243781094	0.0049751243781094	0.0078304131516331	0.0075041459369817	0.0078304131516331	0.0049751243781094	0.0049751243781094	0.0078304131516331	True	True	CT: DLPFC - PCG
control_derived	901	TS_AC	TS	285	28	0.698845704620838	-0.51695413106084	Higher in Control	0.73134328358209	0.845771144278607	1.0	1.0	1.0	0.27363184079602	0.159203980099502	0.380160267365463	0.245551901509402	0.380160267365463	0.27363184079602	0.159203980099502	0.380160267365463	False	False	TS: AC
control_derived	901	TS_DLPFC	TS	285	30381	0.969017680772065	-0.0454051054807874	Higher in Control	0.0049751243781094	1.0	0.008401389280015	1.0	1.0	1.0	0.0049751243781094	1.0	0.0117177271537052	1.0	1.0	0.0049751243781094	1.0	False	False	TS: DLPFC
control_derived	901	TS_PCGBA23	TS	285	435	0.674041871366351	-0.569089880726081	Higher in Control	1.0	0.995024875621891	1.0	1.0	1.0	0.0049751243781094	0.0099502487562189	0.0078241272271123	0.0234723816813369	0.0234723816813369	0.0049751243781094	0.0099502487562189	0.0234723816813369	True	True	TS: PCG
control_derived	901	CT_AC__DLPFC	CT	285	1976	0.433488652149887	-1.20593386776405	Higher in Control	1.0	1.0	1.0	1.0	1.0	0.0049751243781094	0.0049751243781094	0.0061258334179442	0.0064321250888415	0.0064321250888415	0.0049751243781094	0.0049751243781094	0.0064321250888415	True	True	CT: AC - DLPFC
control_derived	901	CT_AC__PCGBA23	CT	285	240	0.3586626361613	-1.47930063515778	Higher in Control	1.0	1.0	1.0	1.0	1.0	0.0049751243781094	0.0049751243781094	0.0053555750658472	0.0061516740621218	0.0061516740621218	0.0049751243781094	0.0049751243781094	0.0061516740621218	True	True	CT: AC - PCG
control_derived	901	CT_DLPFC__PCGBA23	CT	285	7410	0.512623282206902	-0.964029090776688	Higher in Control	1.0	1.0	1.0	1.0	1.0	0.0049751243781094	0.0049751243781094	0.0078304131516331	0.0075041459369817	0.0078304131516331	0.0049751243781094	0.0049751243781094	0.0078304131516331	True	True	CT: DLPFC - PCG
control_derived	902	TS_AC	TS	167	10	0.519213900803784	-0.945599086064521	Higher in Control	0.741293532338308	0.870646766169154	1.0	1.0	1.0	0.263681592039801	0.134328358208955	0.369154228855721	0.212589227774173	0.369154228855721	0.263681592039801	0.134328358208955	0.369154228855721	False	False	TS: AC
control_derived	902	TS_DLPFC	TS	167	11628	1.12449119872189	0.169272369332737	Higher in AD	0.0049751243781094	0.318407960199005	0.008401389280015	1.0	1.0	1.0	0.686567164179104	1.0	0.808523173605656	1.0	0.0049751243781094	0.318407960199005	1.0	False	False	TS: DLPFC
control_derived	902	TS_PCGBA23	TS	167	36	0.853770560167944	-0.228079678649876	Higher in Control	0.766169154228856	0.746268656716418	1.0	1.0	1.0	0.238805970149254	0.258706467661692	0.281668580176043	0.363373969845429	0.363373969845429	0.238805970149254	0.258706467661692	0.363373969845429	False	False	TS: PCG
control_derived	902	CT_AC__DLPFC	CT	167	765	0.245730333413762	-2.02485213720978	Higher in Control	1.0	1.0	1.0	1.0	1.0	0.0049751243781094	0.0049751243781094	0.0061258334179442	0.0064321250888415	0.0064321250888415	0.0049751243781094	0.0049751243781094	0.0064321250888415	True	True	CT: AC - DLPFC
control_derived	902	CT_AC__PCGBA23	CT	167	45	0.450478643891177	-1.15046938192869	Higher in Control	0.990049751243781	0.985074626865672	1.0	1.0	1.0	0.0149253731343284	0.0199004975124378	0.0157881114657924	0.0231961213043065	0.0231961213043065	0.0149253731343284	0.0199004975124378	0.0231961213043065	True	True	CT: AC - PCG
control_derived	902	CT_DLPFC__PCGBA23	CT	167	1377	0.756660430038086	-0.402282094293342	Higher in Control	1.0	0.990049751243781	1.0	1.0	1.0	0.0049751243781094	0.0149253731343284	0.0078304131516331	0.0209418026148328	0.0209418026148328	0.0049751243781094	0.0149253731343284	0.0209418026148328	True	True	CT: DLPFC - PCG
control_derived	904	TS_AC	TS	154	10	0.629298857083512	-0.668182772160851	Higher in Control	0.666666666666667	0.781094527363184	1.0	1.0	1.0	0.338308457711443	0.223880597014925	0.449431673748048	0.323383084577114	0.449431673748048	0.338308457711443	0.223880597014925	0.449431673748048	False	False	TS: AC
control_derived	904	TS_DLPFC	TS	154	9730	1.06095713685871	0.0853663719072434	Higher in AD	0.0049751243781094	0.761194029850746	0.008401389280015	1.0	1.0	1.0	0.243781094527363	1.0	0.349094527363184	1.0	0.0049751243781094	0.761194029850746	1.0	False	False	TS: DLPFC
control_derived	904	TS_PCGBA23	TS	154	36	1.81078816979942	0.856617786346358	Higher in AD	0.248756218905473	0.0945273631840796	1.0	1.0	1.0	0.756218905472637	0.91044776119403	0.786125867835961	0.97966308806843	0.97966308806843	0.248756218905473	0.0945273631840796	1.0	False	False	TS: PCG
control_derived	904	CT_AC__DLPFC	CT	154	700	0.440976585794089	-1.18122603877695	Higher in Control	1.0	1.0	1.0	1.0	1.0	0.0049751243781094	0.0049751243781094	0.0061258334179442	0.0064321250888415	0.0064321250888415	0.0049751243781094	0.0049751243781094	0.0064321250888415	True	True	CT: AC - DLPFC
control_derived	904	CT_AC__PCGBA23	CT	154	45	0.384593516083104	-1.37859365460582	Higher in Control	1.0	0.995024875621891	1.0	1.0	1.0	0.0049751243781094	0.0099502487562189	0.0053555750658472	0.0120589107442918	0.0120589107442918	0.0049751243781094	0.0099502487562189	0.0120589107442918	True	True	CT: AC - PCG
control_derived	904	CT_DLPFC__PCGBA23	CT	154	1260	0.687516784800637	-0.540533159467362	Higher in Control	1.0	1.0	1.0	1.0	1.0	0.0049751243781094	0.0049751243781094	0.0078304131516331	0.0075041459369817	0.0078304131516331	0.0049751243781094	0.0049751243781094	0.0078304131516331	True	True	CT: DLPFC - PCG
control_derived	905	TS_AC	TS	106	3	1.0306591692744	0.0435673238876762	Higher in AD	0.522388059701492	0.462686567164179	1.0	1.0	1.0	0.482587064676617	0.54228855721393	0.577834511652265	0.653619320615466	0.653619320615466	0.522388059701492	0.462686567164179	1.0	False	False	TS: AC
control_derived	905	TS_DLPFC	TS	106	4656	1.02132955918633	0.0304484653211961	Higher in AD	0.0049751243781094	0.920398009950249	0.008401389280015	1.0	1.0	1.0	0.0845771144278607	1.0	0.138892692500799	1.0	0.0049751243781094	0.920398009950249	1.0	False	False	TS: DLPFC
control_derived	905	TS_PCGBA23	TS	106	15	2.45663303818154	1.29668236989602	Higher in AD	0.208955223880597	0.0796019900497512	1.0	1.0	1.0	0.796019900497512	0.925373134328358	0.822852031974957	0.989934050676848	0.989934050676848	0.208955223880597	0.0796019900497512	1.0	False	False	TS: PCG
control_derived	905	CT_AC__DLPFC	CT	106	291	0.87918664684124	-0.185758620204196	Higher in Control	0.487562189054726	0.572139303482587	1.0	1.0	1.0	0.517412935323383	0.432835820895522	0.557450841032931	0.463569725337808	0.557450841032931	0.517412935323383	0.432835820895522	0.557450841032931	False	False	CT: AC - DLPFC
control_derived	905	CT_AC__PCGBA23	CT	106	18	0.830494643856811	-0.267957231102041	Higher in Control	0.716417910447761	0.611940298507463	1.0	1.0	1.0	0.288557213930348	0.393034825870647	0.296662753647493	0.41336421341568	0.41336421341568	0.288557213930348	0.393034825870647	0.41336421341568	False	False	CT: AC - PCG
control_derived	905	CT_DLPFC__PCGBA23	CT	106	582	0.647776108302348	-0.626432836185193	Higher in Control	1.0	1.0	1.0	1.0	1.0	0.0049751243781094	0.0049751243781094	0.0078304131516331	0.0075041459369817	0.0078304131516331	0.0049751243781094	0.0049751243781094	0.0078304131516331	True	True	CT: DLPFC - PCG
control_derived	906	TS_AC	TS	206	91	0.887135142347984	-0.172774199668675	Higher in Control	0.63681592039801	0.582089552238806	1.0	1.0	1.0	0.368159203980099	0.422885572139304	0.478606965174129	0.553706288700383	0.553706288700383	0.368159203980099	0.422885572139304	0.553706288700383	False	False	TS: AC
control_derived	906	TS_DLPFC	TS	206	15400	1.06875803877557	0.0959352714212525	Higher in AD	0.0049751243781094	0.696517412935323	0.008401389280015	1.0	1.0	1.0	0.308457711442786	1.0	0.415142333445554	1.0	0.0049751243781094	0.696517412935323	1.0	False	False	TS: DLPFC
control_derived	906	TS_PCGBA23	TS	206	120	0.505451475321365	-0.98435549865129	Higher in Control	1.0	1.0	1.0	1.0	1.0	0.0049751243781094	0.0049751243781094	0.0078241272271123	0.0130774697938877	0.0130774697938877	0.0049751243781094	0.0049751243781094	0.0130774697938877	True	True	TS: PCG
control_derived	906	CT_AC__DLPFC	CT	206	2464	0.476975418587471	-1.06801317749465	Higher in Control	1.0	1.0	1.0	1.0	1.0	0.0049751243781094	0.0049751243781094	0.0061258334179442	0.0064321250888415	0.0064321250888415	0.0049751243781094	0.0049751243781094	0.0064321250888415	True	True	CT: AC - DLPFC
control_derived	906	CT_AC__PCGBA23	CT	206	224	0.523157211987911	-0.934683544451159	Higher in Control	1.0	1.0	1.0	1.0	1.0	0.0049751243781094	0.0049751243781094	0.0053555750658472	0.0061516740621218	0.0061516740621218	0.0049751243781094	0.0049751243781094	0.0061516740621218	True	True	CT: AC - PCG
control_derived	906	CT_DLPFC__PCGBA23	CT	206	2816	0.835667813516275	-0.258998524629352	Higher in Control	1.0	1.0	1.0	1.0	1.0	0.0049751243781094	0.0049751243781094	0.0078304131516331	0.0075041459369817	0.0078304131516331	0.0049751243781094	0.0049751243781094	0.0078304131516331	True	True	CT: DLPFC - PCG
control_derived	913	TS_AC	TS	119	21	1.01883522757367	0.0269207486736995	Higher in AD	0.477611940298507	0.417910447761194	1.0	1.0	1.0	0.527363184079602	0.587064676616915	0.611338213391641	0.684908789386401	0.684908789386401	0.477611940298507	0.417910447761194	1.0	False	False	TS: AC
control_derived	913	TS_DLPFC	TS	119	3741	1.09571647672546	0.131874540508227	Higher in AD	0.0049751243781094	0.582089552238806	0.008401389280015	1.0	1.0	1.0	0.422885572139304	1.0	0.540689410092395	1.0	0.0049751243781094	0.582089552238806	1.0	False	False	TS: DLPFC
control_derived	913	TS_PCGBA23	TS	119	300	0.812779087112593	-0.299064812987791	Higher in Control	0.990049751243781	0.965174129353234	1.0	1.0	1.0	0.0149253731343284	0.0398009950248756	0.022327387452979	0.0739735665108799	0.0739735665108799	0.0149253731343284	0.0398009950248756	0.0739735665108799	False	True	TS: PCG
control_derived	913	CT_AC__DLPFC	CT	119	609	0.553447861990363	-0.853480681748429	Higher in Control	1.0	1.0	1.0	1.0	1.0	0.0049751243781094	0.0049751243781094	0.0061258334179442	0.0064321250888415	0.0064321250888415	0.0049751243781094	0.0049751243781094	0.0064321250888415	True	True	CT: AC - DLPFC
control_derived	913	CT_AC__PCGBA23	CT	119	175	0.503605948687598	-0.989632770346297	Higher in Control	1.0	1.0	1.0	1.0	1.0	0.0049751243781094	0.0049751243781094	0.0053555750658472	0.0061516740621218	0.0061516740621218	0.0049751243781094	0.0049751243781094	0.0061516740621218	True	True	CT: AC - PCG
control_derived	913	CT_DLPFC__PCGBA23	CT	119	2175	0.569020166518061	-0.813448311213092	Higher in Control	1.0	1.0	1.0	1.0	1.0	0.0049751243781094	0.0049751243781094	0.0078304131516331	0.0075041459369817	0.0078304131516331	0.0049751243781094	0.0049751243781094	0.0078304131516331	True	True	CT: DLPFC - PCG
control_derived	914	TS_AC	TS	140	28	0.513904060191277	-0.960429044428124	Higher in Control	0.850746268656716	0.960199004975124	1.0	1.0	1.0	0.154228855721393	0.0447761194029851	0.231980592903252	0.0857816182246661	0.231980592903252	0.154228855721393	0.0447761194029851	0.231980592903252	False	False	TS: AC
control_derived	914	TS_DLPFC	TS	140	5050	1.11037553620858	0.151047687924921	Higher in AD	0.0049751243781094	0.353233830845771	0.008401389280015	1.0	1.0	1.0	0.651741293532338	1.0	0.772593983723765	1.0	0.0049751243781094	0.353233830845771	1.0	False	False	TS: DLPFC
control_derived	914	TS_PCGBA23	TS	140	465	0.67697217977417	-0.56283154753691	Higher in Control	1.0	1.0	1.0	1.0	1.0	0.0049751243781094	0.0049751243781094	0.0078241272271123	0.0130774697938877	0.0130774697938877	0.0049751243781094	0.0049751243781094	0.0130774697938877	True	True	TS: PCG
control_derived	914	CT_AC__DLPFC	CT	140	808	0.565050439904565	-0.823548437709699	Higher in Control	1.0	1.0	1.0	1.0	1.0	0.0049751243781094	0.0049751243781094	0.0061258334179442	0.0064321250888415	0.0064321250888415	0.0049751243781094	0.0049751243781094	0.0064321250888415	True	True	CT: AC - DLPFC
control_derived	914	CT_AC__PCGBA23	CT	140	248	0.680459407592492	-0.555418993719047	Higher in Control	1.0	0.980099502487562	1.0	1.0	1.0	0.0049751243781094	0.0248756218905473	0.0053555750658472	0.0288116380124693	0.0288116380124693	0.0049751243781094	0.0248756218905473	0.0288116380124693	True	True	CT: AC - PCG
control_derived	914	CT_DLPFC__PCGBA23	CT	140	3131	0.775147559538493	-0.367457122370741	Higher in Control	1.0	1.0	1.0	1.0	1.0	0.0049751243781094	0.0049751243781094	0.0078304131516331	0.0075041459369817	0.0078304131516331	0.0049751243781094	0.0049751243781094	0.0078304131516331	True	True	CT: DLPFC - PCG
control_derived	916	TS_AC	TS	145	91	1.31629689584078	0.396484931206714	Higher in AD	0.26865671641791	0.0796019900497512	1.0	0.852209540532631	1.0	0.736318407960199	0.925373134328358	0.822146934041449	1.0	1.0	0.26865671641791	0.0796019900497512	1.0	False	False	TS: AC
control_derived	916	TS_DLPFC	TS	145	3570	1.11064125588304	0.151392892391463	Higher in AD	0.0049751243781094	0.407960199004975	0.008401389280015	1.0	1.0	1.0	0.597014925373134	1.0	0.726977358107422	1.0	0.0049751243781094	0.407960199004975	1.0	False	False	TS: DLPFC
control_derived	916	TS_PCGBA23	TS	145	1035	0.683544377006361	-0.548893091498264	Higher in Control	1.0	1.0	1.0	1.0	1.0	0.0049751243781094	0.0049751243781094	0.0078241272271123	0.0130774697938877	0.0130774697938877	0.0049751243781094	0.0049751243781094	0.0130774697938877	True	True	TS: PCG
control_derived	916	CT_AC__DLPFC	CT	145	1190	0.655509672837318	-0.609311025574629	Higher in Control	1.0	1.0	1.0	1.0	1.0	0.0049751243781094	0.0049751243781094	0.0061258334179442	0.0064321250888415	0.0064321250888415	0.0049751243781094	0.0049751243781094	0.0064321250888415	True	True	CT: AC - DLPFC
control_derived	916	CT_AC__PCGBA23	CT	145	644	0.581181892710841	-0.782938339788629	Higher in Control	1.0	1.0	1.0	1.0	1.0	0.0049751243781094	0.0049751243781094	0.0053555750658472	0.0061516740621218	0.0061516740621218	0.0049751243781094	0.0049751243781094	0.0061516740621218	True	True	CT: AC - PCG
control_derived	916	CT_DLPFC__PCGBA23	CT	145	3910	0.64792118365291	-0.626109767686116	Higher in Control	1.0	1.0	1.0	1.0	1.0	0.0049751243781094	0.0049751243781094	0.0078304131516331	0.0075041459369817	0.0078304131516331	0.0049751243781094	0.0049751243781094	0.0078304131516331	True	True	CT: DLPFC - PCG
control_derived	918	TS_AC	TS	244	1485	0.887882055109029	-0.171560050981574	Higher in Control	0.870646766169154	0.721393034825871	1.0	1.0	1.0	0.134328358208955	0.283582089552239	0.207184416898558	0.393984277087843	0.393984277087843	0.134328358208955	0.283582089552239	0.393984277087843	False	False	TS: AC
control_derived	918	TS_DLPFC	TS	244	5778	0.979372837243142	-0.0300699112136074	Higher in Control	0.0049751243781094	0.980099502487562	0.008401389280015	1.0	1.0	1.0	0.0248756218905473	1.0	0.0483993078087822	1.0	1.0	0.0248756218905473	1.0	False	False	TS: DLPFC
control_derived	918	TS_PCGBA23	TS	244	3240	0.716387519209888	-0.481187891749486	Higher in Control	1.0	1.0	1.0	1.0	1.0	0.0049751243781094	0.0049751243781094	0.0078241272271123	0.0130774697938877	0.0130774697938877	0.0049751243781094	0.0049751243781094	0.0130774697938877	True	True	TS: PCG
control_derived	918	CT_AC__DLPFC	CT	244	5940	0.609859948144803	-0.713450123220702	Higher in Control	1.0	1.0	1.0	1.0	1.0	0.0049751243781094	0.0049751243781094	0.0061258334179442	0.0064321250888415	0.0064321250888415	0.0049751243781094	0.0049751243781094	0.0064321250888415	True	True	CT: AC - DLPFC
control_derived	918	CT_AC__PCGBA23	CT	244	4455	0.594578270895951	-0.750061354553794	Higher in Control	1.0	1.0	1.0	1.0	1.0	0.0049751243781094	0.0049751243781094	0.0053555750658472	0.0061516740621218	0.0061516740621218	0.0049751243781094	0.0049751243781094	0.0061516740621218	True	True	CT: AC - PCG
control_derived	918	CT_DLPFC__PCGBA23	CT	244	8748	0.671231720645047	-0.575117199526846	Higher in Control	1.0	1.0	1.0	1.0	1.0	0.0049751243781094	0.0049751243781094	0.0078304131516331	0.0075041459369817	0.0078304131516331	0.0049751243781094	0.0049751243781094	0.0078304131516331	True	True	CT: DLPFC - PCG
control_derived	921	TS_AC	TS	104	36	1.08723416101056	0.120662691558505	Higher in AD	0.383084577114428	0.373134328358209	1.0	1.0	1.0	0.621890547263682	0.631840796019901	0.698667158036976	0.723239150161144	0.723239150161144	0.383084577114428	0.373134328358209	1.0	False	False	TS: AC
control_derived	921	TS_DLPFC	TS	104	231	0.991963079465848	-0.0116416699030033	Higher in Control	0.0149253731343284	0.791044776119403	0.0228345452226049	1.0	1.0	0.990049751243781	0.213930348258706	1.0	0.31132953120576	1.0	0.990049751243781	0.213930348258706	1.0	False	False	TS: DLPFC
control_derived	921	TS_PCGBA23	TS	104	2628	1.01554532968209	0.0222546369240797	Higher in AD	1.0	0.796019900497512	1.0	1.0	1.0	0.0049751243781094	0.208955223880597	0.0078241272271123	0.302738277118345	0.302738277118345	1.0	0.796019900497512	1.0	False	False	TS: PCG
control_derived	921	CT_AC__DLPFC	CT	104	198	0.608779116804975	-0.716009224545645	Higher in Control	0.980099502487562	0.975124378109453	1.0	1.0	1.0	0.0248756218905473	0.0298507462686567	0.0288620997576222	0.0344139176727826	0.0344139176727826	0.0248756218905473	0.0298507462686567	0.0344139176727826	True	True	CT: AC - DLPFC
control_derived	921	CT_AC__PCGBA23	CT	104	657	0.39876775966842	-1.32637932217914	Higher in Control	1.0	1.0	1.0	1.0	1.0	0.0049751243781094	0.0049751243781094	0.0053555750658472	0.0061516740621218	0.0061516740621218	0.0049751243781094	0.0049751243781094	0.0061516740621218	True	True	CT: AC - PCG
control_derived	921	CT_DLPFC__PCGBA23	CT	104	1606	0.64249902086789	-0.638233839164685	Higher in Control	1.0	1.0	1.0	1.0	1.0	0.0049751243781094	0.0049751243781094	0.0078304131516331	0.0075041459369817	0.0078304131516331	0.0049751243781094	0.0049751243781094	0.0078304131516331	True	True	CT: DLPFC - PCG
control_derived	923	TS_AC	TS	228	2415	0.716842284383692	-0.48027235471364	Higher in Control	1.0	1.0	1.0	1.0	1.0	0.0049751243781094	0.0049751243781094	0.0109093088773002	0.0146043973679987	0.0146043973679987	0.0049751243781094	0.0049751243781094	0.0146043973679987	True	True	TS: AC
control_derived	923	TS_DLPFC	TS	228	2701	0.795757814853847	-0.329598674762856	Higher in Control	0.0099502487562189	1.0	0.0157618984722406	1.0	1.0	0.995024875621891	0.0049751243781094	1.0	0.0117177271537052	1.0	0.995024875621891	0.0049751243781094	1.0	False	False	TS: DLPFC
control_derived	923	TS_PCGBA23	TS	228	3486	0.5411932644428	-0.885784210885994	Higher in Control	1.0	1.0	1.0	1.0	1.0	0.0049751243781094	0.0049751243781094	0.0078241272271123	0.0130774697938877	0.0130774697938877	0.0049751243781094	0.0049751243781094	0.0130774697938877	True	True	TS: PCG
control_derived	923	CT_AC__DLPFC	CT	228	5180	0.284078148408947	-1.8156402327175	Higher in Control	1.0	1.0	1.0	1.0	1.0	0.0049751243781094	0.0049751243781094	0.0061258334179442	0.0064321250888415	0.0064321250888415	0.0049751243781094	0.0049751243781094	0.0064321250888415	True	True	CT: AC - DLPFC
control_derived	923	CT_AC__PCGBA23	CT	228	5880	0.327275867780357	-1.6114208680536	Higher in Control	1.0	1.0	1.0	1.0	1.0	0.0049751243781094	0.0049751243781094	0.0053555750658472	0.0061516740621218	0.0061516740621218	0.0049751243781094	0.0049751243781094	0.0061516740621218	True	True	CT: AC - PCG
control_derived	923	CT_DLPFC__PCGBA23	CT	228	6216	0.437475597335837	-1.19272555013542	Higher in Control	1.0	1.0	1.0	1.0	1.0	0.0049751243781094	0.0049751243781094	0.0078304131516331	0.0075041459369817	0.0078304131516331	0.0049751243781094	0.0049751243781094	0.0078304131516331	True	True	CT: DLPFC - PCG
control_derived	924	TS_AC	TS	259	3570	0.867689144147466	-0.204749815490789	Higher in Control	1.0	0.890547263681592	1.0	1.0	1.0	0.0049751243781094	0.114427860696517	0.0109093088773002	0.185945273631841	0.185945273631841	0.0049751243781094	0.114427860696517	0.185945273631841	False	False	TS: AC
control_derived	924	TS_DLPFC	TS	259	3916	0.97044328117667	-0.0432841996778072	Higher in Control	0.0049751243781094	0.980099502487562	0.008401389280015	1.0	1.0	1.0	0.0248756218905473	1.0	0.0483993078087822	1.0	1.0	0.0248756218905473	1.0	False	False	TS: DLPFC
control_derived	924	TS_PCGBA23	TS	259	3570	0.558658535497325	-0.839961349684586	Higher in Control	1.0	1.0	1.0	1.0	1.0	0.0049751243781094	0.0049751243781094	0.0078241272271123	0.0130774697938877	0.0130774697938877	0.0049751243781094	0.0049751243781094	0.0130774697938877	True	True	TS: PCG
control_derived	924	CT_AC__DLPFC	CT	259	7565	0.43575969638954	-1.19839532777687	Higher in Control	1.0	1.0	1.0	1.0	1.0	0.0049751243781094	0.0049751243781094	0.0061258334179442	0.0064321250888415	0.0064321250888415	0.0049751243781094	0.0049751243781094	0.0064321250888415	True	True	CT: AC - DLPFC
control_derived	924	CT_AC__PCGBA23	CT	259	7225	0.417883835488648	-1.25882614123159	Higher in Control	1.0	1.0	1.0	1.0	1.0	0.0049751243781094	0.0049751243781094	0.0053555750658472	0.0061516740621218	0.0061516740621218	0.0049751243781094	0.0049751243781094	0.0061516740621218	True	True	CT: AC - PCG
control_derived	924	CT_DLPFC__PCGBA23	CT	259	7565	0.698588995735148	-0.517484177495794	Higher in Control	1.0	1.0	1.0	1.0	1.0	0.0049751243781094	0.0049751243781094	0.0078304131516331	0.0075041459369817	0.0078304131516331	0.0049751243781094	0.0049751243781094	0.0078304131516331	True	True	CT: DLPFC - PCG
control_derived	925	TS_AC	TS	215	666	0.660441677731716	-0.598496929270352	Higher in Control	1.0	0.995024875621891	1.0	1.0	1.0	0.0049751243781094	0.0099502487562189	0.0109093088773002	0.0266315481416447	0.0266315481416447	0.0049751243781094	0.0099502487562189	0.0266315481416447	True	True	TS: AC
control_derived	925	TS_DLPFC	TS	215	7503	0.95931795306789	-0.0599190384663163	Higher in Control	0.0049751243781094	0.995024875621891	0.008401389280015	1.0	1.0	1.0	0.0099502487562189	1.0	0.0219888213254714	1.0	1.0	0.0099502487562189	1.0	False	False	TS: DLPFC
control_derived	925	TS_PCGBA23	TS	215	1485	0.55033273228116	-0.861623956124976	Higher in Control	1.0	1.0	1.0	1.0	1.0	0.0049751243781094	0.0049751243781094	0.0078241272271123	0.0130774697938877	0.0130774697938877	0.0049751243781094	0.0049751243781094	0.0130774697938877	True	True	TS: PCG
control_derived	925	CT_AC__DLPFC	CT	215	4551	0.405889117645795	-1.30084243464705	Higher in Control	1.0	1.0	1.0	1.0	1.0	0.0049751243781094	0.0049751243781094	0.0061258334179442	0.0064321250888415	0.0064321250888415	0.0049751243781094	0.0049751243781094	0.0064321250888415	True	True	CT: AC - DLPFC
control_derived	925	CT_AC__PCGBA23	CT	215	2035	0.441199019720604	-1.18049850941091	Higher in Control	1.0	1.0	1.0	1.0	1.0	0.0049751243781094	0.0049751243781094	0.0053555750658472	0.0061516740621218	0.0061516740621218	0.0049751243781094	0.0049751243781094	0.0061516740621218	True	True	CT: AC - PCG
control_derived	925	CT_DLPFC__PCGBA23	CT	215	6765	0.59173073685229	-0.756987258524038	Higher in Control	1.0	1.0	1.0	1.0	1.0	0.0049751243781094	0.0049751243781094	0.0078304131516331	0.0075041459369817	0.0078304131516331	0.0049751243781094	0.0049751243781094	0.0078304131516331	True	True	CT: DLPFC - PCG
control_derived	930	TS_AC	TS	41	6	0.0305677249842869	-5.03184700673604	Higher in Control	1.0	1.0	1.0	1.0	1.0	0.0049751243781094	0.0049751243781094	0.0109093088773002	0.0146043973679987	0.0146043973679987	0.0049751243781094	0.0049751243781094	0.0146043973679987	True	True	TS: AC
control_derived	930	TS_DLPFC	TS	41	15	1.75027769224254	0.807583832594008	Higher in AD	0.154228855721393	0.0895522388059701	0.2000504722763	1.0	1.0	0.850746268656716	0.915422885572139	1.0	0.975361288794125	1.0	0.154228855721393	0.0895522388059701	1.0	False	False	TS: DLPFC
control_derived	930	TS_PCGBA23	TS	41	465	1.2324102258906	0.301482558262744	Higher in AD	0.597014925373134	0.189054726368159	1.0	1.0	1.0	0.407960199004975	0.81592039800995	0.452196847089852	0.893627102582326	0.893627102582326	0.597014925373134	0.189054726368159	1.0	False	False	TS: PCG
control_derived	930	CT_AC__DLPFC	CT	41	24	0.698984629030156	-0.516667364416538	Higher in Control	0.711442786069652	0.791044776119403	1.0	1.0	1.0	0.293532338308458	0.213930348258706	0.318139839723538	0.231864628951053	0.318139839723538	0.293532338308458	0.213930348258706	0.318139839723538	False	False	CT: AC - DLPFC
control_derived	930	CT_AC__PCGBA23	CT	41	124	0.261235655000759	-1.93657627693775	Higher in Control	1.0	1.0	1.0	1.0	1.0	0.0049751243781094	0.0049751243781094	0.0053555750658472	0.0061516740621218	0.0061516740621218	0.0049751243781094	0.0049751243781094	0.0061516740621218	True	True	CT: AC - PCG
control_derived	930	CT_DLPFC__PCGBA23	CT	41	186	1.22599006734286	0.293947290730775	Higher in AD	0.0646766169154229	0.283582089552239	0.468258706467662	1.0	1.0	0.940298507462687	0.721393034825871	1.0	0.768071407667545	1.0	0.0646766169154229	0.283582089552239	1.0	False	False	CT: DLPFC - PCG
control_derived	932	TS_AC	TS	76	276	1.37984813769878	0.464509496681194	Higher in AD	0.0248756218905473	0.0049751243781094	0.323383084577114	0.0823156942559928	0.323383084577114	0.980099502487562	1.0	1.0	1.0	1.0	0.0248756218905473	0.0049751243781094	0.323383084577114	False	False	TS: AC
control_derived	932	TS_DLPFC	TS	76	325	1.1446955915904	0.194963994049991	Higher in AD	0.0049751243781094	0.353233830845771	0.008401389280015	1.0	1.0	1.0	0.651741293532338	1.0	0.772593983723765	1.0	0.0049751243781094	0.353233830845771	1.0	False	False	TS: DLPFC
control_derived	932	TS_PCGBA23	TS	76	325	1.49863712753354	0.58365109864049	Higher in AD	0.149253731343284	0.0248756218905473	1.0	0.653873489694385	1.0	0.855721393034826	0.980099502487562	0.874737423991155	1.0	1.0	0.149253731343284	0.0248756218905473	1.0	False	False	TS: PCG
control_derived	932	CT_AC__DLPFC	CT	76	624	0.750442409732345	-0.414186733742956	Higher in Control	0.950248756218905	0.990049751243781	1.0	1.0	1.0	0.054726368159204	0.0149253731343284	0.0619092039800995	0.0177729772191673	0.0619092039800995	0.054726368159204	0.0149253731343284	0.0619092039800995	False	True	CT: AC - DLPFC
control_derived	932	CT_AC__PCGBA23	CT	76	624	0.847263159025282	-0.239117956198936	Higher in Control	1.0	0.776119402985075	1.0	1.0	1.0	0.0049751243781094	0.228855721393035	0.0053555750658472	0.244915772017107	0.244915772017107	0.0049751243781094	0.228855721393035	0.244915772017107	False	False	CT: AC - PCG
control_derived	932	CT_DLPFC__PCGBA23	CT	76	676	1.10640274491445	0.145876640839612	Higher in AD	0.0149253731343284	0.537313432835821	0.135074626865672	1.0	1.0	0.990049751243781	0.467661691542289	1.0	0.51301070405548	1.0	0.0149253731343284	0.537313432835821	1.0	False	False	CT: DLPFC - PCG
control_derived	933	TS_AC	TS	91	10	0.510301061253721	-0.970579452843748	Higher in Control	0.771144278606965	0.875621890547264	1.0	1.0	1.0	0.233830845771144	0.129353233830846	0.335096172679907	0.206511303133456	0.335096172679907	0.233830845771144	0.129353233830846	0.335096172679907	False	False	TS: AC
control_derived	933	TS_DLPFC	TS	91	3486	1.06496818117451	0.0908103266506405	Higher in AD	0.0049751243781094	0.611940298507463	0.008401389280015	1.0	1.0	1.0	0.393034825870647	1.0	0.506138372883782	1.0	0.0049751243781094	0.611940298507463	1.0	False	False	TS: DLPFC
control_derived	933	TS_PCGBA23	TS	91	1	47.4663433245215	5.56883300770974	Higher in AD	0.199004975124378	0.0995024875621891	1.0	1.0	1.0	0.805970149253731	0.90547263681592	0.82848328191445	0.97966308806843	0.97966308806843	0.199004975124378	0.0995024875621891	1.0	False	False	TS: PCG
control_derived	933	CT_AC__DLPFC	CT	91	420	0.62722691338582	-0.672940630180379	Higher in Control	1.0	0.965174129353234	1.0	1.0	1.0	0.0049751243781094	0.0398009950248756	0.0061258334179442	0.0453080509402672	0.0453080509402672	0.0049751243781094	0.0398009950248756	0.0453080509402672	True	True	CT: AC - DLPFC
control_derived	933	CT_AC__PCGBA23	CT	91	10	0.378481665371173	-1.40170468085537	Higher in Control	0.925373134328358	0.925373134328358	1.0	1.0	1.0	0.0796019900497512	0.0796019900497512	0.0827679782903663	0.0882858435097241	0.0882858435097241	0.0796019900497512	0.0796019900497512	0.0882858435097241	False	True	CT: AC - PCG
control_derived	933	CT_DLPFC__PCGBA23	CT	91	168	1.38734210627991	0.472323587355332	Higher in AD	0.0099502487562189	0.199004975124378	0.105940883816213	1.0	1.0	0.995024875621891	0.805970149253731	1.0	0.848143005900729	1.0	0.0099502487562189	0.199004975124378	1.0	False	False	CT: DLPFC - PCG
control_derived	935	TS_AC	TS	527	9316	1.25655414947187	0.329472843515617	Higher in AD	0.0049751243781094	0.0049751243781094	0.0823156942559928	0.0823156942559928	0.0823156942559928	1.0	1.0	1.0	1.0	1.0	0.0049751243781094	0.0049751243781094	0.0823156942559928	False	True	TS: AC
control_derived	935	TS_DLPFC	TS	527	17578	0.882388047886055	-0.180514845404461	Higher in Control	0.0049751243781094	1.0	0.008401389280015	1.0	1.0	1.0	0.0049751243781094	1.0	0.0117177271537052	1.0	1.0	0.0049751243781094	1.0	False	False	TS: DLPFC
control_derived	935	TS_PCGBA23	TS	527	20301	0.997278972288701	-0.0039309637445601	Higher in Control	1.0	0.945273631840796	1.0	1.0	1.0	0.0049751243781094	0.0597014925373134	0.0078241272271123	0.103632779498733	0.103632779498733	0.0049751243781094	0.0597014925373134	0.103632779498733	False	False	TS: PCG
control_derived	935	CT_AC__DLPFC	CT	527	25756	1.00829672753056	0.0119202661598644	Higher in AD	0.0049751243781094	0.0149253731343284	0.12864250177683	0.900497512437811	0.900497512437811	1.0	0.990049751243781	1.0	1.0	1.0	0.0049751243781094	0.0149253731343284	0.900497512437811	False	False	CT: AC - DLPFC
control_derived	935	CT_AC__PCGBA23	CT	527	27674	1.13130872486048	0.177992682685165	Higher in AD	0.0049751243781094	0.0049751243781094	0.91044776119403	0.455223880597015	0.91044776119403	1.0	1.0	1.0	1.0	1.0	0.0049751243781094	0.0049751243781094	0.91044776119403	False	False	CT: AC - PCG
control_derived	935	CT_DLPFC__PCGBA23	CT	527	37976	0.890285707170462	-0.167659700188185	Higher in Control	1.0	1.0	1.0	1.0	1.0	0.0049751243781094	0.0049751243781094	0.0078304131516331	0.0075041459369817	0.0078304131516331	0.0049751243781094	0.0049751243781094	0.0078304131516331	True	True	CT: DLPFC - PCG
control_derived	937	TS_AC	TS	431	9045	0.903068255952845	-0.147093060887542	Higher in Control	0.985074626865672	0.756218905472637	1.0	1.0	1.0	0.0199004975124378	0.248756218905473	0.0377280265339967	0.356485290085008	0.356485290085008	0.0199004975124378	0.248756218905473	0.356485290085008	False	False	TS: AC
control_derived	937	TS_DLPFC	TS	431	16471	0.912174384769276	-0.132618437172738	Higher in Control	0.0049751243781094	1.0	0.008401389280015	1.0	1.0	1.0	0.0049751243781094	1.0	0.0117177271537052	1.0	1.0	0.0049751243781094	1.0	False	False	TS: DLPFC
control_derived	937	TS_PCGBA23	TS	431	6441	1.11428154265416	0.156113800786011	Higher in AD	1.0	0.348258706467662	1.0	1.0	1.0	0.0049751243781094	0.656716417910448	0.0078241272271123	0.764783676553939	0.764783676553939	1.0	0.348258706467662	1.0	False	False	TS: PCG
control_derived	937	CT_AC__DLPFC	CT	431	24570	0.668912897992801	-0.580109731277655	Higher in Control	1.0	1.0	1.0	1.0	1.0	0.0049751243781094	0.0049751243781094	0.0061258334179442	0.0064321250888415	0.0064321250888415	0.0049751243781094	0.0049751243781094	0.0064321250888415	True	True	CT: AC - DLPFC
control_derived	937	CT_AC__PCGBA23	CT	431	15390	0.810158498397115	-0.303723912220723	Higher in Control	1.0	1.0	1.0	1.0	1.0	0.0049751243781094	0.0049751243781094	0.0053555750658472	0.0061516740621218	0.0061516740621218	0.0049751243781094	0.0049751243781094	0.0061516740621218	True	True	CT: AC - PCG
control_derived	937	CT_DLPFC__PCGBA23	CT	431	20748	0.905327811755225	-0.143487820082893	Higher in Control	1.0	1.0	1.0	1.0	1.0	0.0049751243781094	0.0049751243781094	0.0078304131516331	0.0075041459369817	0.0078304131516331	0.0049751243781094	0.0049751243781094	0.0078304131516331	True	True	CT: DLPFC - PCG
control_derived	938	TS_AC	TS	754	28920	0.65681887329964	-0.606432512192175	Higher in Control	1.0	1.0	1.0	1.0	1.0	0.0049751243781094	0.0049751243781094	0.0109093088773002	0.0146043973679987	0.0146043973679987	0.0049751243781094	0.0049751243781094	0.0146043973679987	True	True	TS: AC
control_derived	938	TS_DLPFC	TS	754	30876	0.809556902829363	-0.30479560541012	Higher in Control	0.0049751243781094	1.0	0.008401389280015	1.0	1.0	1.0	0.0049751243781094	1.0	0.0117177271537052	1.0	1.0	0.0049751243781094	1.0	False	False	TS: DLPFC
control_derived	938	TS_PCGBA23	TS	754	34716	0.721486426004761	-0.470955842679321	Higher in Control	1.0	1.0	1.0	1.0	1.0	0.0049751243781094	0.0049751243781094	0.0078241272271123	0.0130774697938877	0.0130774697938877	0.0049751243781094	0.0049751243781094	0.0130774697938877	True	True	TS: PCG
control_derived	938	CT_AC__DLPFC	CT	754	60009	0.589615341678872	-0.76215403131586	Higher in Control	1.0	1.0	1.0	1.0	1.0	0.0049751243781094	0.0049751243781094	0.0061258334179442	0.0064321250888415	0.0064321250888415	0.0049751243781094	0.0049751243781094	0.0064321250888415	True	True	CT: AC - DLPFC
control_derived	938	CT_AC__PCGBA23	CT	754	63624	0.655364055580621	-0.609631546598758	Higher in Control	1.0	1.0	1.0	1.0	1.0	0.0049751243781094	0.0049751243781094	0.0053555750658472	0.0061516740621218	0.0061516740621218	0.0049751243781094	0.0049751243781094	0.0061516740621218	True	True	CT: AC - PCG
control_derived	938	CT_DLPFC__PCGBA23	CT	754	65736	0.61724228307849	-0.696091200350391	Higher in Control	1.0	1.0	1.0	1.0	1.0	0.0049751243781094	0.0049751243781094	0.0078304131516331	0.0075041459369817	0.0078304131516331	0.0049751243781094	0.0049751243781094	0.0078304131516331	True	True	CT: DLPFC - PCG
control_derived	947	TS_AC	TS	164	1378	0.757704424506836	-0.400292922559901	Higher in Control	1.0	0.990049751243781	1.0	1.0	1.0	0.0049751243781094	0.0149253731343284	0.0109093088773002	0.0352781546811398	0.0352781546811398	0.0049751243781094	0.0149253731343284	0.0352781546811398	True	True	TS: AC
control_derived	947	TS_DLPFC	TS	164	1176	1.00107924692626	0.0015561845856671	Higher in AD	0.0049751243781094	0.890547263681592	0.008401389280015	1.0	1.0	1.0	0.114427860696517	1.0	0.181261832430767	1.0	0.0049751243781094	0.890547263681592	1.0	False	False	TS: DLPFC
control_derived	947	TS_PCGBA23	TS	164	1891	1.04088244517867	0.0578071432441777	Higher in AD	0.995024875621891	0.601990049751244	1.0	1.0	1.0	0.0099502487562189	0.402985074626866	0.0150069325503629	0.524927808509898	0.524927808509898	0.995024875621891	0.601990049751244	1.0	False	False	TS: PCG
control_derived	947	CT_AC__DLPFC	CT	164	2597	0.659256397290973	-0.601088429108211	Higher in Control	1.0	1.0	1.0	1.0	1.0	0.0049751243781094	0.0049751243781094	0.0061258334179442	0.0064321250888415	0.0064321250888415	0.0049751243781094	0.0049751243781094	0.0064321250888415	True	True	CT: AC - DLPFC
control_derived	947	CT_AC__PCGBA23	CT	164	3286	0.789995526146992	-0.340083611754361	Higher in Control	1.0	0.990049751243781	1.0	1.0	1.0	0.0049751243781094	0.0149253731343284	0.0053555750658472	0.0178519168861574	0.0178519168861574	0.0049751243781094	0.0149253731343284	0.0178519168861574	True	True	CT: AC - PCG
control_derived	947	CT_DLPFC__PCGBA23	CT	164	3038	0.966390742244062	-0.049321460777511	Higher in Control	0.26865671641791	0.955223880597015	1.0	1.0	1.0	0.736318407960199	0.0497512437810945	0.876800209478921	0.062103276719849	0.876800209478921	0.736318407960199	0.0497512437810945	0.876800209478921	False	False	CT: DLPFC - PCG
control_derived	951	TS_AC	TS	513	13366	1.16915046657283	0.225460612854341	Higher in AD	0.0049751243781094	0.0049751243781094	0.0823156942559928	0.0823156942559928	0.0823156942559928	1.0	1.0	1.0	1.0	1.0	0.0049751243781094	0.0049751243781094	0.0823156942559928	False	True	TS: AC
control_derived	951	TS_DLPFC	TS	513	15225	0.932113423850855	-0.101422575554212	Higher in Control	0.0049751243781094	1.0	0.008401389280015	1.0	1.0	1.0	0.0049751243781094	1.0	0.0117177271537052	1.0	1.0	0.0049751243781094	1.0	False	False	TS: DLPFC
control_derived	951	TS_PCGBA23	TS	513	15051	1.17478027633761	0.232390949232335	Higher in AD	1.0	0.174129353233831	1.0	1.0	1.0	0.0049751243781094	0.830845771144279	0.0078241272271123	0.904589478642292	0.904589478642292	1.0	0.174129353233831	1.0	False	False	TS: PCG
control_derived	951	CT_AC__DLPFC	CT	513	28700	1.09520796949154	0.131204849794731	Higher in AD	0.0049751243781094	0.0049751243781094	0.12864250177683	0.450248756218905	0.450248756218905	1.0	1.0	1.0	1.0	1.0	0.0049751243781094	0.0049751243781094	0.450248756218905	False	False	CT: AC - DLPFC
control_derived	951	CT_AC__PCGBA23	CT	513	28536	1.03063797052552	0.0435376500194093	Higher in AD	1.0	0.0149253731343284	1.0	0.91044776119403	1.0	0.0049751243781094	0.990049751243781	0.0053555750658472	1.0	1.0	1.0	0.0149253731343284	1.0	False	False	CT: AC - PCG
control_derived	951	CT_DLPFC__PCGBA23	CT	513	30450	1.08622396549666	0.119321599088949	Higher in AD	0.0049751243781094	0.701492537313433	0.0643212508884151	1.0	1.0	1.0	0.303482587064677	1.0	0.345473888419538	1.0	0.0049751243781094	0.701492537313433	1.0	False	False	CT: DLPFC - PCG
control_derived	954	TS_AC	TS	534	17391	0.715772573313345	-0.482426830684473	Higher in Control	1.0	1.0	1.0	1.0	1.0	0.0049751243781094	0.0049751243781094	0.0109093088773002	0.0146043973679987	0.0146043973679987	0.0049751243781094	0.0049751243781094	0.0146043973679987	True	True	TS: AC
control_derived	954	TS_DLPFC	TS	534	12720	0.885558065970242	-0.175341187412366	Higher in Control	0.0049751243781094	1.0	0.008401389280015	1.0	1.0	1.0	0.0049751243781094	1.0	0.0117177271537052	1.0	1.0	0.0049751243781094	1.0	False	False	TS: DLPFC
control_derived	954	TS_PCGBA23	TS	534	17391	0.936277391576036	-0.0949920734517897	Higher in Control	1.0	0.995024875621891	1.0	1.0	1.0	0.0049751243781094	0.0099502487562189	0.0078241272271123	0.0234723816813369	0.0234723816813369	0.0049751243781094	0.0099502487562189	0.0234723816813369	True	True	TS: PCG
control_derived	954	CT_AC__DLPFC	CT	534	29920	0.786957417824132	-0.345642521106307	Higher in Control	1.0	1.0	1.0	1.0	1.0	0.0049751243781094	0.0049751243781094	0.0061258334179442	0.0064321250888415	0.0064321250888415	0.0049751243781094	0.0049751243781094	0.0064321250888415	True	True	CT: AC - DLPFC
control_derived	954	CT_AC__PCGBA23	CT	534	34969	0.662680369949707	-0.593614910640755	Higher in Control	1.0	1.0	1.0	1.0	1.0	0.0049751243781094	0.0049751243781094	0.0053555750658472	0.0061516740621218	0.0061516740621218	0.0049751243781094	0.0049751243781094	0.0061516740621218	True	True	CT: AC - PCG
control_derived	954	CT_DLPFC__PCGBA23	CT	534	29920	0.864615412378417	-0.209869541369566	Higher in Control	1.0	1.0	1.0	1.0	1.0	0.0049751243781094	0.0049751243781094	0.0078304131516331	0.0075041459369817	0.0078304131516331	0.0049751243781094	0.0049751243781094	0.0078304131516331	True	True	CT: DLPFC - PCG
control_derived	958	TS_AC	TS	565	16110	0.855067318753349	-0.225890088212326	Higher in Control	1.0	0.980099502487562	1.0	1.0	1.0	0.0049751243781094	0.0248756218905473	0.0109093088773002	0.0532630962832894	0.0532630962832894	0.0049751243781094	0.0248756218905473	0.0532630962832894	False	True	TS: AC
control_derived	958	TS_DLPFC	TS	565	23220	0.780269954371441	-0.357954747254751	Higher in Control	0.0049751243781094	1.0	0.008401389280015	1.0	1.0	1.0	0.0049751243781094	1.0	0.0117177271537052	1.0	1.0	0.0049751243781094	1.0	False	False	TS: DLPFC
control_derived	958	TS_PCGBA23	TS	565	14196	1.0016390423498	0.0023627025136352	Higher in AD	1.0	0.880597014925373	1.0	1.0	1.0	0.0049751243781094	0.124378109452736	0.0078241272271123	0.192315732263054	0.192315732263054	1.0	0.880597014925373	1.0	False	False	TS: PCG
control_derived	958	CT_AC__DLPFC	CT	565	38880	0.85070283864026	-0.233272826770276	Higher in Control	0.975124378109453	0.970149253731343	1.0	1.0	1.0	0.0298507462686567	0.0348258706467662	0.0344139176727826	0.0398954594118018	0.0398954594118018	0.0298507462686567	0.0348258706467662	0.0398954594118018	True	True	CT: AC - DLPFC
control_derived	958	CT_AC__PCGBA23	CT	565	30420	0.766830533669684	-0.383020311484828	Higher in Control	1.0	1.0	1.0	1.0	1.0	0.0049751243781094	0.0049751243781094	0.0053555750658472	0.0061516740621218	0.0061516740621218	0.0049751243781094	0.0049751243781094	0.0061516740621218	True	True	CT: AC - PCG
control_derived	958	CT_DLPFC__PCGBA23	CT	565	36504	0.95015483134616	-0.0737654696391085	Higher in Control	0.388059701492537	1.0	1.0	1.0	1.0	0.616915422885572	0.0049751243781094	0.775428413488115	0.0075041459369817	0.775428413488115	0.616915422885572	0.0049751243781094	0.775428413488115	False	False	CT: DLPFC - PCG
control_derived	959	TS_AC	TS	743	19503	1.22582555820062	0.293753690101449	Higher in AD	0.0049751243781094	0.0049751243781094	0.0823156942559928	0.0823156942559928	0.0823156942559928	1.0	1.0	1.0	1.0	1.0	0.0049751243781094	0.0049751243781094	0.0823156942559928	False	True	TS: AC
control_derived	959	TS_DLPFC	TS	743	50721	0.977393965082603	-0.0329878981933834	Higher in Control	0.0049751243781094	1.0	0.008401389280015	1.0	1.0	1.0	0.0049751243781094	1.0	0.0117177271537052	1.0	1.0	0.0049751243781094	1.0	False	False	TS: DLPFC
control_derived	959	TS_PCGBA23	TS	743	25425	1.01838965196706	0.026289664953194	Higher in AD	1.0	0.915422885572139	1.0	1.0	1.0	0.0049751243781094	0.0895522388059701	0.0078241272271123	0.144540455616654	0.144540455616654	1.0	0.915422885572139	1.0	False	False	TS: PCG
control_derived	959	CT_AC__DLPFC	CT	743	63162	0.913587749481329	-0.130384789502971	Higher in Control	0.0049751243781094	0.522388059701492	0.12864250177683	1.0	1.0	1.0	0.482587064676617	1.0	0.510808530447179	1.0	1.0	0.482587064676617	1.0	False	False	CT: AC - DLPFC
control_derived	959	CT_AC__PCGBA23	CT	743	44748	0.820260696006588	-0.285845593616934	Higher in Control	1.0	1.0	1.0	1.0	1.0	0.0049751243781094	0.0049751243781094	0.0053555750658472	0.0061516740621218	0.0061516740621218	0.0049751243781094	0.0049751243781094	0.0061516740621218	True	True	CT: AC - PCG
control_derived	959	CT_DLPFC__PCGBA23	CT	743	72094	0.916489560327285	-0.125809647673576	Higher in Control	1.0	1.0	1.0	1.0	1.0	0.0049751243781094	0.0049751243781094	0.0078304131516331	0.0075041459369817	0.0078304131516331	0.0049751243781094	0.0049751243781094	0.0078304131516331	True	True	CT: DLPFC - PCG
control_derived	960	TS_AC	TS	387	16653	1.04946584116773	0.0696552094314684	Higher in AD	0.0099502487562189	0.0248756218905473	0.150912106135987	0.323383084577114	0.323383084577114	0.995024875621891	0.980099502487562	1.0	1.0	1.0	0.0099502487562189	0.0248756218905473	0.323383084577114	False	False	TS: AC
control_derived	960	TS_DLPFC	TS	387	990	0.860130478299552	-0.217372567494331	Higher in Control	0.0099502487562189	1.0	0.0157618984722406	1.0	1.0	0.995024875621891	0.0049751243781094	1.0	0.0117177271537052	1.0	0.995024875621891	0.0049751243781094	1.0	False	False	TS: DLPFC
control_derived	960	TS_PCGBA23	TS	387	12561	0.921021679387962	-0.118692979420484	Higher in Control	1.0	0.995024875621891	1.0	1.0	1.0	0.0049751243781094	0.0099502487562189	0.0078241272271123	0.0234723816813369	0.0234723816813369	0.0049751243781094	0.0099502487562189	0.0234723816813369	True	True	TS: PCG
control_derived	960	CT_AC__DLPFC	CT	387	8235	0.745206140624861	-0.424288532507254	Higher in Control	1.0	1.0	1.0	1.0	1.0	0.0049751243781094	0.0049751243781094	0.0061258334179442	0.0064321250888415	0.0064321250888415	0.0049751243781094	0.0049751243781094	0.0064321250888415	True	True	CT: AC - DLPFC
control_derived	960	CT_AC__PCGBA23	CT	387	29097	0.832027187846936	-0.26529742333459	Higher in Control	1.0	1.0	1.0	1.0	1.0	0.0049751243781094	0.0049751243781094	0.0053555750658472	0.0061516740621218	0.0061516740621218	0.0049751243781094	0.0049751243781094	0.0061516740621218	True	True	CT: AC - PCG
control_derived	960	CT_DLPFC__PCGBA23	CT	387	7155	0.82112183240292	-0.284331799847354	Higher in Control	1.0	1.0	1.0	1.0	1.0	0.0049751243781094	0.0049751243781094	0.0078304131516331	0.0075041459369817	0.0078304131516331	0.0049751243781094	0.0049751243781094	0.0078304131516331	True	True	CT: DLPFC - PCG
control_derived	962	TS_AC	TS	105	78	0.982816488320617	-0.0250060334644033	Higher in Control	0.54228855721393	0.447761194029851	1.0	1.0	1.0	0.462686567164179	0.557213930348259	0.565160773314635	0.662829642636491	0.662829642636491	0.462686567164179	0.557213930348259	0.662829642636491	False	False	TS: AC
control_derived	962	TS_DLPFC	TS	105	3321	0.779055231381525	-0.360202482626582	Higher in Control	0.0149253731343284	1.0	0.0228345452226049	1.0	1.0	0.990049751243781	0.0049751243781094	1.0	0.0117177271537052	1.0	0.990049751243781	0.0049751243781094	1.0	False	False	TS: DLPFC
control_derived	962	TS_PCGBA23	TS	105	45	0.548811832934004	-0.865616507088064	Higher in Control	0.970149253731343	0.985074626865672	1.0	1.0	1.0	0.0348258706467662	0.0199004975124378	0.0481801518722179	0.0430787240269242	0.0481801518722179	0.0348258706467662	0.0199004975124378	0.0481801518722179	True	True	TS: PCG
control_derived	962	CT_AC__DLPFC	CT	105	1066	0.678070451172119	-0.560492918463341	Higher in Control	1.0	0.995024875621891	1.0	1.0	1.0	0.0049751243781094	0.0099502487562189	0.0061258334179442	0.0123355823621618	0.0123355823621618	0.0049751243781094	0.0099502487562189	0.0123355823621618	True	True	CT: AC - DLPFC
control_derived	962	CT_AC__PCGBA23	CT	105	130	0.776688128601995	-0.364592679833188	Higher in Control	0.955223880597015	0.875621890547264	1.0	1.0	1.0	0.0497512437810945	0.129353233830846	0.0520255863539446	0.142600251753282	0.142600251753282	0.0497512437810945	0.129353233830846	0.142600251753282	False	False	CT: AC - PCG
control_derived	962	CT_DLPFC__PCGBA23	CT	105	820	0.698570405021407	-0.517522570724952	Higher in Control	1.0	1.0	1.0	1.0	1.0	0.0049751243781094	0.0049751243781094	0.0078304131516331	0.0075041459369817	0.0078304131516331	0.0049751243781094	0.0049751243781094	0.0078304131516331	True	True	CT: DLPFC - PCG
control_derived	1053	TS_AC	TS	155	4851	0.666949418095564	-0.584350744316825	Higher in Control	1.0	1.0	1.0	1.0	1.0	0.0049751243781094	0.0049751243781094	0.0109093088773002	0.0146043973679987	0.0146043973679987	0.0049751243781094	0.0049751243781094	0.0146043973679987	True	True	TS: AC
control_derived	1053	TS_DLPFC	TS	155	120	0.880541172032295	-0.183537632229945	Higher in Control	0.194029850746269	0.91044776119403	0.242876526458616	1.0	1.0	0.810945273631841	0.0945273631840796	1.0	0.15243601810766	1.0	0.810945273631841	0.0945273631840796	1.0	False	False	TS: DLPFC
control_derived	1053	TS_PCGBA23	TS	155	780	0.631499345239907	-0.66314685670926	Higher in Control	1.0	1.0	1.0	1.0	1.0	0.0049751243781094	0.0049751243781094	0.0078241272271123	0.0130774697938877	0.0130774697938877	0.0049751243781094	0.0049751243781094	0.0130774697938877	True	True	TS: PCG
control_derived	1053	CT_AC__DLPFC	CT	155	1584	0.36193462522938	-1.46619896215016	Higher in Control	1.0	1.0	1.0	1.0	1.0	0.0049751243781094	0.0049751243781094	0.0061258334179442	0.0064321250888415	0.0064321250888415	0.0049751243781094	0.0049751243781094	0.0064321250888415	True	True	CT: AC - DLPFC
control_derived	1053	CT_AC__PCGBA23	CT	155	3960	0.290125027968678	-1.78525333823869	Higher in Control	1.0	1.0	1.0	1.0	1.0	0.0049751243781094	0.0049751243781094	0.0053555750658472	0.0061516740621218	0.0061516740621218	0.0049751243781094	0.0049751243781094	0.0061516740621218	True	True	CT: AC - PCG
control_derived	1053	CT_DLPFC__PCGBA23	CT	155	640	0.740360217890413	-0.433700718579691	Higher in Control	1.0	1.0	1.0	1.0	1.0	0.0049751243781094	0.0049751243781094	0.0078304131516331	0.0075041459369817	0.0078304131516331	0.0049751243781094	0.0049751243781094	0.0078304131516331	True	True	CT: DLPFC - PCG
control_derived	1056	TS_AC	TS	195	8256	0.791005015387066	-0.338241252716337	Higher in Control	1.0	0.995024875621891	1.0	1.0	1.0	0.0049751243781094	0.0099502487562189	0.0109093088773002	0.0266315481416447	0.0266315481416447	0.0049751243781094	0.0099502487562189	0.0266315481416447	True	True	TS: AC
control_derived	1056	TS_DLPFC	TS	195	120	0.757189108580629	-0.401274435443369	Higher in Control	0.328358208955224	0.990049751243781	0.369661128320661	1.0	1.0	0.676616915422886	0.0149253731343284	1.0	0.030359565807327	1.0	0.676616915422886	0.0149253731343284	1.0	False	False	TS: DLPFC
control_derived	1056	TS_PCGBA23	TS	195	1225	0.504588019039598	-0.986822143581792	Higher in Control	1.0	1.0	1.0	1.0	1.0	0.0049751243781094	0.0049751243781094	0.0078241272271123	0.0130774697938877	0.0130774697938877	0.0049751243781094	0.0049751243781094	0.0130774697938877	True	True	TS: PCG
control_derived	1056	CT_AC__DLPFC	CT	195	2064	0.420563091426872	-1.24960585002894	Higher in Control	1.0	1.0	1.0	1.0	1.0	0.0049751243781094	0.0049751243781094	0.0061258334179442	0.0064321250888415	0.0064321250888415	0.0049751243781094	0.0049751243781094	0.0064321250888415	True	True	CT: AC - DLPFC
control_derived	1056	CT_AC__PCGBA23	CT	195	6450	0.257409778285113	-1.95786123629575	Higher in Control	1.0	1.0	1.0	1.0	1.0	0.0049751243781094	0.0049751243781094	0.0053555750658472	0.0061516740621218	0.0061516740621218	0.0049751243781094	0.0049751243781094	0.0061516740621218	True	True	CT: AC - PCG
control_derived	1056	CT_DLPFC__PCGBA23	CT	195	800	0.661032355453766	-0.597207206043535	Higher in Control	1.0	1.0	1.0	1.0	1.0	0.0049751243781094	0.0049751243781094	0.0078304131516331	0.0075041459369817	0.0078304131516331	0.0049751243781094	0.0049751243781094	0.0078304131516331	True	True	CT: DLPFC - PCG
control_derived	1058	TS_AC	TS	153	2628	0.610237128403653	-0.712558135006392	Higher in Control	1.0	1.0	1.0	1.0	1.0	0.0049751243781094	0.0049751243781094	0.0109093088773002	0.0146043973679987	0.0146043973679987	0.0049751243781094	0.0049751243781094	0.0146043973679987	True	True	TS: AC
control_derived	1058	TS_DLPFC	TS	153	253	0.714022300721537	-0.485958960915984	Higher in Control	0.378109452736318	1.0	0.415224491041724	1.0	1.0	0.626865671641791	0.0049751243781094	1.0	0.0117177271537052	1.0	0.626865671641791	0.0049751243781094	1.0	False	False	TS: DLPFC
control_derived	1058	TS_PCGBA23	TS	153	1596	0.587102915414475	-0.76831467410072	Higher in Control	1.0	1.0	1.0	1.0	1.0	0.0049751243781094	0.0049751243781094	0.0078241272271123	0.0130774697938877	0.0130774697938877	0.0049751243781094	0.0049751243781094	0.0130774697938877	True	True	TS: PCG
control_derived	1058	CT_AC__DLPFC	CT	153	1679	0.482717647144785	-1.0507485252358	Higher in Control	1.0	1.0	1.0	1.0	1.0	0.0049751243781094	0.0049751243781094	0.0061258334179442	0.0064321250888415	0.0064321250888415	0.0049751243781094	0.0049751243781094	0.0064321250888415	True	True	CT: AC - DLPFC
control_derived	1058	CT_AC__PCGBA23	CT	153	4161	0.376274429076108	-1.41014284507387	Higher in Control	1.0	1.0	1.0	1.0	1.0	0.0049751243781094	0.0049751243781094	0.0053555750658472	0.0061516740621218	0.0061516740621218	0.0049751243781094	0.0049751243781094	0.0061516740621218	True	True	CT: AC - PCG
control_derived	1058	CT_DLPFC__PCGBA23	CT	153	1311	0.6480978466302	-0.625716454321314	Higher in Control	1.0	1.0	1.0	1.0	1.0	0.0049751243781094	0.0049751243781094	0.0078304131516331	0.0075041459369817	0.0078304131516331	0.0049751243781094	0.0049751243781094	0.0078304131516331	True	True	CT: DLPFC - PCG
control_derived	1059	TS_AC	TS	63	1485	0.852059480631577	-0.230973949158155	Higher in Control	0.980099502487562	0.890547263681592	1.0	1.0	1.0	0.0248756218905473	0.114427860696517	0.0461975835110163	0.185945273631841	0.185945273631841	0.0248756218905473	0.114427860696517	0.185945273631841	False	False	TS: AC
control_derived	1059	TS_DLPFC	TS	63	0			Not available														False	False	TS: DLPFC
control_derived	1059	TS_PCGBA23	TS	63	28	1.27527078299811	0.35080361242589	Higher in AD	0.447761194029851	0.308457711442786	1.0	1.0	1.0	0.557213930348259	0.696517412935323	0.596089320837672	0.791106197408022	0.791106197408022	0.447761194029851	0.308457711442786	1.0	False	False	TS: PCG
control_derived	1059	CT_AC__DLPFC	CT	63	0			Not available														False	False	CT: AC - DLPFC
control_derived	1059	CT_AC__PCGBA23	CT	63	440	0.334198898099788	-1.58122111824647	Higher in Control	1.0	1.0	1.0	1.0	1.0	0.0049751243781094	0.0049751243781094	0.0053555750658472	0.0061516740621218	0.0061516740621218	0.0049751243781094	0.0049751243781094	0.0061516740621218	True	True	CT: AC - PCG
control_derived	1059	CT_DLPFC__PCGBA23	CT	63	0			Not available														False	False	CT: DLPFC - PCG
control_derived	1060	TS_AC	TS	174	4753	0.840443590961744	-0.250777103231709	Higher in Control	1.0	0.925373134328358	1.0	1.0	1.0	0.0049751243781094	0.0796019900497512	0.0109093088773002	0.136675114991082	0.136675114991082	0.0049751243781094	0.0796019900497512	0.136675114991082	False	False	TS: AC
control_derived	1060	TS_DLPFC	TS	174	435	0.948028523902144	-0.0769976278808201	Higher in Control	0.0199004975124378	0.865671641791045	0.0299343618044233	1.0	1.0	0.985074626865672	0.139303482587065	1.0	0.216828898983344	1.0	0.985074626865672	0.139303482587065	1.0	False	False	TS: DLPFC
control_derived	1060	TS_PCGBA23	TS	174	1035	0.61158791556645	-0.709368194278564	Higher in Control	1.0	1.0	1.0	1.0	1.0	0.0049751243781094	0.0049751243781094	0.0078241272271123	0.0130774697938877	0.0130774697938877	0.0049751243781094	0.0049751243781094	0.0130774697938877	True	True	TS: PCG
control_derived	1060	CT_AC__DLPFC	CT	174	2940	0.455120437041992	-1.13567972335356	Higher in Control	1.0	1.0	1.0	1.0	1.0	0.0049751243781094	0.0049751243781094	0.0061258334179442	0.0064321250888415	0.0064321250888415	0.0049751243781094	0.0049751243781094	0.0064321250888415	True	True	CT: AC - DLPFC
control_derived	1060	CT_AC__PCGBA23	CT	174	4508	0.401183844078566	-1.31766458598872	Higher in Control	1.0	1.0	1.0	1.0	1.0	0.0049751243781094	0.0049751243781094	0.0053555750658472	0.0061516740621218	0.0061516740621218	0.0049751243781094	0.0049751243781094	0.0061516740621218	True	True	CT: AC - PCG
control_derived	1060	CT_DLPFC__PCGBA23	CT	174	1380	0.72001798160114	-0.473895158272894	Higher in Control	1.0	1.0	1.0	1.0	1.0	0.0049751243781094	0.0049751243781094	0.0078304131516331	0.0075041459369817	0.0078304131516331	0.0049751243781094	0.0049751243781094	0.0078304131516331	True	True	CT: DLPFC - PCG
control_derived	1063	TS_AC	TS	235	666	0.640403400972044	-0.642947125333516	Higher in Control	1.0	1.0	1.0	1.0	1.0	0.0049751243781094	0.0049751243781094	0.0109093088773002	0.0146043973679987	0.0146043973679987	0.0049751243781094	0.0049751243781094	0.0146043973679987	True	True	TS: AC
control_derived	1063	TS_DLPFC	TS	235	13203	0.991987178149927	-0.0116066215928147	Higher in Control	0.0049751243781094	0.995024875621891	0.008401389280015	1.0	1.0	1.0	0.0099502487562189	1.0	0.0219888213254714	1.0	1.0	0.0099502487562189	1.0	False	False	TS: DLPFC
control_derived	1063	TS_PCGBA23	TS	235	595	1.05126383297708	0.0721247842008766	Higher in AD	0.950248756218905	0.597014925373134	1.0	1.0	1.0	0.054726368159204	0.407960199004975	0.0719260838663824	0.524927808509898	0.524927808509898	0.950248756218905	0.597014925373134	1.0	False	False	TS: PCG
control_derived	1063	CT_AC__DLPFC	CT	235	6031	0.589817284034801	-0.761659995061578	Higher in Control	1.0	1.0	1.0	1.0	1.0	0.0049751243781094	0.0049751243781094	0.0061258334179442	0.0064321250888415	0.0064321250888415	0.0049751243781094	0.0049751243781094	0.0064321250888415	True	True	CT: AC - DLPFC
control_derived	1063	CT_AC__PCGBA23	CT	235	1295	0.636217753505989	-0.652407464384214	Higher in Control	1.0	1.0	1.0	1.0	1.0	0.0049751243781094	0.0049751243781094	0.0053555750658472	0.0061516740621218	0.0061516740621218	0.0049751243781094	0.0049751243781094	0.0061516740621218	True	True	CT: AC - PCG
control_derived	1063	CT_DLPFC__PCGBA23	CT	235	5705	1.06451416760859	0.0901951507320988	Higher in AD	0.0049751243781094	0.786069651741294	0.0643212508884151	1.0	1.0	1.0	0.218905472636816	1.0	0.253986477867075	1.0	0.0049751243781094	0.786069651741294	1.0	False	False	CT: DLPFC - PCG
control_derived	1064	TS_AC	TS	178	1081	0.807243105910169	-0.30892488002882	Higher in Control	0.975124378109453	0.965174129353234	1.0	1.0	1.0	0.0298507462686567	0.0398009950248756	0.0543283582089552	0.0770615010056103	0.0770615010056103	0.0298507462686567	0.0398009950248756	0.0770615010056103	False	True	TS: AC
control_derived	1064	TS_DLPFC	TS	178	2850	0.847598080652922	-0.2385477740905	Higher in Control	0.0049751243781094	1.0	0.008401389280015	1.0	1.0	1.0	0.0049751243781094	1.0	0.0117177271537052	1.0	1.0	0.0049751243781094	1.0	False	False	TS: DLPFC
control_derived	1064	TS_PCGBA23	TS	178	1485	0.977004151912812	-0.0335634017507163	Higher in Control	1.0	0.81592039800995	1.0	1.0	1.0	0.0049751243781094	0.189054726368159	0.0078241272271123	0.282813574404401	0.282813574404401	0.0049751243781094	0.189054726368159	0.282813574404401	False	False	TS: PCG
control_derived	1064	CT_AC__DLPFC	CT	178	3572	0.806039239250944	-0.311078021773345	Higher in Control	0.980099502487562	0.985074626865672	1.0	1.0	1.0	0.0248756218905473	0.0199004975124378	0.0288620997576222	0.0233895457776055	0.0288620997576222	0.0248756218905473	0.0199004975124378	0.0288620997576222	True	True	CT: AC - DLPFC
control_derived	1064	CT_AC__PCGBA23	CT	178	2585	0.743469072988227	-0.427655364949308	Higher in Control	1.0	1.0	1.0	1.0	1.0	0.0049751243781094	0.0049751243781094	0.0053555750658472	0.0061516740621218	0.0061516740621218	0.0049751243781094	0.0049751243781094	0.0061516740621218	True	True	CT: AC - PCG
control_derived	1064	CT_DLPFC__PCGBA23	CT	178	4180	1.01066484403838	0.0153046510406501	Higher in AD	0.0298507462686567	0.920398009950249	0.25728500355366	1.0	1.0	0.975124378109453	0.0845771144278607	1.0	0.102056384742952	1.0	0.0298507462686567	0.920398009950249	1.0	False	False	CT: DLPFC - PCG
control_derived	1065	TS_AC	TS	228	703	0.65940778755135	-0.600757169669522	Higher in Control	1.0	1.0	1.0	1.0	1.0	0.0049751243781094	0.0049751243781094	0.0109093088773002	0.0146043973679987	0.0146043973679987	0.0049751243781094	0.0049751243781094	0.0146043973679987	True	True	TS: AC
control_derived	1065	TS_DLPFC	TS	228	4851	0.97144200614222	-0.0418002235732858	Higher in Control	0.0049751243781094	0.995024875621891	0.008401389280015	1.0	1.0	1.0	0.0099502487562189	1.0	0.0219888213254714	1.0	1.0	0.0099502487562189	1.0	False	False	TS: DLPFC
control_derived	1065	TS_PCGBA23	TS	228	4095	1.34902098375516	0.431912789297342	Higher in AD	0.104477611940299	0.0049751243781094	1.0	0.183084577114428	1.0	0.900497512437811	1.0	0.915422885572139	1.0	1.0	0.104477611940299	0.0049751243781094	1.0	False	False	TS: PCG
control_derived	1065	CT_AC__DLPFC	CT	228	3762	0.679096360603706	-0.558311794200028	Higher in Control	1.0	1.0	1.0	1.0	1.0	0.0049751243781094	0.0049751243781094	0.0061258334179442	0.0064321250888415	0.0064321250888415	0.0049751243781094	0.0049751243781094	0.0064321250888415	True	True	CT: AC - DLPFC
control_derived	1065	CT_AC__PCGBA23	CT	228	3458	0.619295967152042	-0.691299043614246	Higher in Control	1.0	1.0	1.0	1.0	1.0	0.0049751243781094	0.0049751243781094	0.0053555750658472	0.0061516740621218	0.0061516740621218	0.0049751243781094	0.0049751243781094	0.0061516740621218	True	True	CT: AC - PCG
control_derived	1065	CT_DLPFC__PCGBA23	CT	228	9009	1.27514827416581	0.350665013332165	Higher in AD	0.0049751243781094	0.0149253731343284	0.0643212508884151	0.540298507462687	0.540298507462687	1.0	0.990049751243781	1.0	1.0	1.0	0.0049751243781094	0.0149253731343284	0.540298507462687	False	False	CT: DLPFC - PCG
control_derived	1067	TS_AC	TS	478	7875	0.638668927158272	-0.646859833393006	Higher in Control	1.0	1.0	1.0	1.0	1.0	0.0049751243781094	0.0049751243781094	0.0109093088773002	0.0146043973679987	0.0146043973679987	0.0049751243781094	0.0049751243781094	0.0146043973679987	True	True	TS: AC
control_derived	1067	TS_DLPFC	TS	478	22578	0.872702682268394	-0.196437863570358	Higher in Control	0.0049751243781094	1.0	0.008401389280015	1.0	1.0	1.0	0.0049751243781094	1.0	0.0117177271537052	1.0	1.0	0.0049751243781094	1.0	False	False	TS: DLPFC
control_derived	1067	TS_PCGBA23	TS	478	9591	0.984326367052773	-0.0227913544632898	Higher in Control	1.0	0.915422885572139	1.0	1.0	1.0	0.0049751243781094	0.0895522388059701	0.0078241272271123	0.144540455616654	0.144540455616654	0.0049751243781094	0.0895522388059701	0.144540455616654	False	False	TS: PCG
control_derived	1067	CT_AC__DLPFC	CT	478	26838	0.652146440462791	-0.61673213471429	Higher in Control	1.0	1.0	1.0	1.0	1.0	0.0049751243781094	0.0049751243781094	0.0061258334179442	0.0064321250888415	0.0064321250888415	0.0049751243781094	0.0049751243781094	0.0064321250888415	True	True	CT: AC - DLPFC
control_derived	1067	CT_AC__PCGBA23	CT	478	17514	0.722297286743173	-0.469335343876315	Higher in Control	1.0	1.0	1.0	1.0	1.0	0.0049751243781094	0.0049751243781094	0.0053555750658472	0.0061516740621218	0.0061516740621218	0.0049751243781094	0.0049751243781094	0.0061516740621218	True	True	CT: AC - PCG
control_derived	1067	CT_DLPFC__PCGBA23	CT	478	29607	1.00988141722422	0.0141858980994361	Higher in AD	0.0049751243781094	0.990049751243781	0.0643212508884151	1.0	1.0	1.0	0.0149253731343284	1.0	0.0209418026148328	1.0	0.0049751243781094	0.990049751243781	1.0	False	False	CT: DLPFC - PCG
control_derived	1070	TS_AC	TS	96	36	0.460438172424966	-1.11892065045869	Higher in Control	0.90547263681592	0.975124378109453	1.0	1.0	1.0	0.0995024875621891	0.0298507462686567	0.161691542288557	0.0610430991111856	0.161691542288557	0.0995024875621891	0.0298507462686567	0.161691542288557	False	False	TS: AC
control_derived	1070	TS_DLPFC	TS	96	3	2.06880938701366	1.0488007263587	Higher in AD	0.293532338308458	0.203980099502488	0.341183691929961	1.0	1.0	0.711442786069652	0.800995024875622	1.0	0.907350042241622	1.0	0.293532338308458	0.203980099502488	1.0	False	False	TS: DLPFC
control_derived	1070	TS_PCGBA23	TS	96	3486	1.05309901168953	0.0746410839972758	Higher in AD	1.0	0.601990049751244	1.0	1.0	1.0	0.0049751243781094	0.402985074626866	0.0078241272271123	0.524927808509898	0.524927808509898	1.0	0.601990049751244	1.0	False	False	TS: PCG
control_derived	1070	CT_AC__DLPFC	CT	96	27	0.575057435762027	-0.798222037698462	Higher in Control	0.840796019900497	0.930348258706468	1.0	1.0	1.0	0.164179104477612	0.0746268656716418	0.180099502487562	0.0828678692427433	0.180099502487562	0.164179104477612	0.0746268656716418	0.180099502487562	False	False	CT: AC - DLPFC
control_derived	1070	CT_AC__PCGBA23	CT	96	756	0.392423896901633	-1.3495151968273	Higher in Control	1.0	1.0	1.0	1.0	1.0	0.0049751243781094	0.0049751243781094	0.0053555750658472	0.0061516740621218	0.0061516740621218	0.0049751243781094	0.0049751243781094	0.0061516740621218	True	True	CT: AC - PCG
control_derived	1070	CT_DLPFC__PCGBA23	CT	96	252	0.231956122518948	-2.10807616803072	Higher in Control	1.0	1.0	1.0	1.0	1.0	0.0049751243781094	0.0049751243781094	0.0078304131516331	0.0075041459369817	0.0078304131516331	0.0049751243781094	0.0049751243781094	0.0078304131516331	True	True	CT: DLPFC - PCG
control_derived	1072	TS_AC	TS	112	406	0.724696162185809	-0.464551840705679	Higher in Control	0.960199004975124	0.965174129353234	1.0	1.0	1.0	0.0447761194029851	0.0398009950248756	0.0776119402985075	0.0770615010056103	0.0776119402985075	0.0447761194029851	0.0398009950248756	0.0776119402985075	False	True	TS: AC
control_derived	1072	TS_DLPFC	TS	112	231	1.13422610657743	0.181708268429833	Higher in AD	0.0099502487562189	0.383084577114428	0.0157618984722406	1.0	1.0	0.995024875621891	0.621890547263682	1.0	0.747103409128852	1.0	0.0099502487562189	0.383084577114428	1.0	False	False	TS: DLPFC
control_derived	1072	TS_PCGBA23	TS	112	1830	0.988925198837958	-0.0160666935659906	Higher in Control	1.0	0.800995024875622	1.0	1.0	1.0	0.0049751243781094	0.203980099502488	0.0078241272271123	0.300258706467662	0.300258706467662	0.0049751243781094	0.203980099502488	0.300258706467662	False	False	TS: PCG
control_derived	1072	CT_AC__DLPFC	CT	112	638	0.580425351029917	-0.784817562032636	Higher in Control	1.0	1.0	1.0	1.0	1.0	0.0049751243781094	0.0049751243781094	0.0061258334179442	0.0064321250888415	0.0064321250888415	0.0049751243781094	0.0049751243781094	0.0064321250888415	True	True	CT: AC - DLPFC
control_derived	1072	CT_AC__PCGBA23	CT	112	1769	0.475255329704143	-1.0732252889612	Higher in Control	1.0	1.0	1.0	1.0	1.0	0.0049751243781094	0.0049751243781094	0.0053555750658472	0.0061516740621218	0.0061516740621218	0.0049751243781094	0.0049751243781094	0.0061516740621218	True	True	CT: AC - PCG
control_derived	1072	CT_DLPFC__PCGBA23	CT	112	1342	0.966572074953239	-0.0490507801428702	Higher in Control	0.368159203980099	0.915422885572139	1.0	1.0	1.0	0.63681592039801	0.0895522388059701	0.794921942014068	0.107344074330335	0.794921942014068	0.63681592039801	0.0895522388059701	0.794921942014068	False	False	CT: DLPFC - PCG
control_derived	1073	TS_AC	TS	117	406	0.672328062327667	-0.572762727355623	Higher in Control	0.995024875621891	0.980099502487562	1.0	1.0	1.0	0.0099502487562189	0.0248756218905473	0.0203476997037285	0.0532630962832894	0.0532630962832894	0.0099502487562189	0.0248756218905473	0.0532630962832894	False	True	TS: AC
control_derived	1073	TS_DLPFC	TS	117	66	1.00420679222427	0.0060563882095581	Higher in AD	0.164179104477612	0.651741293532338	0.208425955329734	1.0	1.0	0.840796019900497	0.353233830845771	1.0	0.468361894232541	1.0	0.164179104477612	0.651741293532338	1.0	False	False	TS: DLPFC
control_derived	1073	TS_PCGBA23	TS	117	2850	0.708350627371413	-0.497464436338957	Higher in Control	1.0	1.0	1.0	1.0	1.0	0.0049751243781094	0.0049751243781094	0.0078241272271123	0.0130774697938877	0.0130774697938877	0.0049751243781094	0.0049751243781094	0.0130774697938877	True	True	TS: PCG
control_derived	1073	CT_AC__DLPFC	CT	117	348	0.551812510951408	-0.857749928368452	Higher in Control	1.0	1.0	1.0	1.0	1.0	0.0049751243781094	0.0049751243781094	0.0061258334179442	0.0064321250888415	0.0064321250888415	0.0049751243781094	0.0049751243781094	0.0064321250888415	True	True	CT: AC - DLPFC
control_derived	1073	CT_AC__PCGBA23	CT	117	2204	0.423284891668052	-1.24029909950901	Higher in Control	1.0	1.0	1.0	1.0	1.0	0.0049751243781094	0.0049751243781094	0.0053555750658472	0.0061516740621218	0.0061516740621218	0.0049751243781094	0.0049751243781094	0.0061516740621218	True	True	CT: AC - PCG
control_derived	1073	CT_DLPFC__PCGBA23	CT	117	912	0.835000789507039	-0.260150533208035	Higher in Control	0.975124378109453	0.985074626865672	1.0	1.0	1.0	0.0298507462686567	0.0199004975124378	0.0446527692117923	0.0274961072500095	0.0446527692117923	0.0298507462686567	0.0199004975124378	0.0446527692117923	True	True	CT: DLPFC - PCG
control_derived	1074	TS_AC	TS	417	12880	0.62020722079826	-0.68917777217901	Higher in Control	1.0	1.0	1.0	1.0	1.0	0.0049751243781094	0.0049751243781094	0.0109093088773002	0.0146043973679987	0.0146043973679987	0.0049751243781094	0.0049751243781094	0.0146043973679987	True	True	TS: AC
control_derived	1074	TS_DLPFC	TS	417	8128	0.725424445993563	-0.463102731548527	Higher in Control	0.0149253731343284	1.0	0.0228345452226049	1.0	1.0	0.990049751243781	0.0049751243781094	1.0	0.0117177271537052	1.0	0.990049751243781	0.0049751243781094	1.0	False	False	TS: DLPFC
control_derived	1074	TS_PCGBA23	TS	417	8128	0.680526249140871	-0.555277284701068	Higher in Control	1.0	1.0	1.0	1.0	1.0	0.0049751243781094	0.0049751243781094	0.0078241272271123	0.0130774697938877	0.0130774697938877	0.0049751243781094	0.0049751243781094	0.0130774697938877	True	True	TS: PCG
control_derived	1074	CT_AC__DLPFC	CT	417	20608	0.660536551119424	-0.598289698956931	Higher in Control	1.0	1.0	1.0	1.0	1.0	0.0049751243781094	0.0049751243781094	0.0061258334179442	0.0064321250888415	0.0064321250888415	0.0049751243781094	0.0049751243781094	0.0064321250888415	True	True	CT: AC - DLPFC
control_derived	1074	CT_AC__PCGBA23	CT	417	20608	0.555908305787424	-0.847081157433498	Higher in Control	1.0	1.0	1.0	1.0	1.0	0.0049751243781094	0.0049751243781094	0.0053555750658472	0.0061516740621218	0.0061516740621218	0.0049751243781094	0.0049751243781094	0.0061516740621218	True	True	CT: AC - PCG
control_derived	1074	CT_DLPFC__PCGBA23	CT	417	16384	0.798715026754627	-0.324247238570825	Higher in Control	1.0	1.0	1.0	1.0	1.0	0.0049751243781094	0.0049751243781094	0.0078304131516331	0.0075041459369817	0.0078304131516331	0.0049751243781094	0.0049751243781094	0.0078304131516331	True	True	CT: DLPFC - PCG
control_derived	1075	TS_AC	TS	696	34191	0.541528061567399	-0.884891995769962	Higher in Control	1.0	1.0	1.0	1.0	1.0	0.0049751243781094	0.0049751243781094	0.0109093088773002	0.0146043973679987	0.0146043973679987	0.0049751243781094	0.0049751243781094	0.0146043973679987	True	True	TS: AC
control_derived	1075	TS_DLPFC	TS	696	24531	0.933572396051881	-0.0991661909413032	Higher in Control	0.0049751243781094	1.0	0.008401389280015	1.0	1.0	1.0	0.0049751243781094	1.0	0.0117177271537052	1.0	1.0	0.0049751243781094	1.0	False	False	TS: DLPFC
control_derived	1075	TS_PCGBA23	TS	696	22366	0.688458077530842	-0.538559288282784	Higher in Control	1.0	1.0	1.0	1.0	1.0	0.0049751243781094	0.0049751243781094	0.0078241272271123	0.0130774697938877	0.0130774697938877	0.0049751243781094	0.0049751243781094	0.0130774697938877	True	True	TS: PCG
control_derived	1075	CT_AC__DLPFC	CT	696	58164	0.52517508909561	-0.929129609141269	Higher in Control	1.0	1.0	1.0	1.0	1.0	0.0049751243781094	0.0049751243781094	0.0061258334179442	0.0064321250888415	0.0064321250888415	0.0049751243781094	0.0049751243781094	0.0064321250888415	True	True	CT: AC - DLPFC
control_derived	1075	CT_AC__PCGBA23	CT	696	55544	0.573180561090722	-0.802938412177676	Higher in Control	1.0	1.0	1.0	1.0	1.0	0.0049751243781094	0.0049751243781094	0.0053555750658472	0.0061516740621218	0.0061516740621218	0.0049751243781094	0.0049751243781094	0.0061516740621218	True	True	CT: AC - PCG
control_derived	1075	CT_DLPFC__PCGBA23	CT	696	47064	0.750933859349214	-0.413242251050607	Higher in Control	1.0	1.0	1.0	1.0	1.0	0.0049751243781094	0.0049751243781094	0.0078304131516331	0.0075041459369817	0.0078304131516331	0.0049751243781094	0.0049751243781094	0.0078304131516331	True	True	CT: DLPFC - PCG
control_derived	1077	TS_AC	TS	313	10011	0.706374391774832	-0.50149505304641	Higher in Control	1.0	1.0	1.0	1.0	1.0	0.0049751243781094	0.0049751243781094	0.0109093088773002	0.0146043973679987	0.0146043973679987	0.0049751243781094	0.0049751243781094	0.0146043973679987	True	True	TS: AC
control_derived	1077	TS_DLPFC	TS	313	3741	0.678601230790443	-0.559364048195888	Higher in Control	0.313432835820896	1.0	0.359644087256028	1.0	1.0	0.691542288557214	0.0049751243781094	1.0	0.0117177271537052	1.0	0.691542288557214	0.0049751243781094	1.0	False	False	TS: DLPFC
control_derived	1077	TS_PCGBA23	TS	313	3486	0.601642191953119	-0.733022351031502	Higher in Control	1.0	1.0	1.0	1.0	1.0	0.0049751243781094	0.0049751243781094	0.0078241272271123	0.0130774697938877	0.0130774697938877	0.0049751243781094	0.0049751243781094	0.0130774697938877	True	True	TS: PCG
control_derived	1077	CT_AC__DLPFC	CT	313	12354	0.54221933460988	-0.883051536768064	Higher in Control	1.0	1.0	1.0	1.0	1.0	0.0049751243781094	0.0049751243781094	0.0061258334179442	0.0064321250888415	0.0064321250888415	0.0049751243781094	0.0049751243781094	0.0064321250888415	True	True	CT: AC - DLPFC
control_derived	1077	CT_AC__PCGBA23	CT	313	11928	0.487154416316003	-1.03754895021359	Higher in Control	1.0	1.0	1.0	1.0	1.0	0.0049751243781094	0.0049751243781094	0.0053555750658472	0.0061516740621218	0.0061516740621218	0.0049751243781094	0.0049751243781094	0.0061516740621218	True	True	CT: AC - PCG
control_derived	1077	CT_DLPFC__PCGBA23	CT	313	7308	0.584162178491418	-0.77555914081002	Higher in Control	1.0	1.0	1.0	1.0	1.0	0.0049751243781094	0.0049751243781094	0.0078304131516331	0.0075041459369817	0.0078304131516331	0.0049751243781094	0.0049751243781094	0.0078304131516331	True	True	CT: DLPFC - PCG
control_derived	1078	TS_AC	TS	86	91	0.455966374192196	-1.13300065991599	Higher in Control	1.0	1.0	1.0	1.0	1.0	0.0049751243781094	0.0049751243781094	0.0109093088773002	0.0146043973679987	0.0146043973679987	0.0049751243781094	0.0049751243781094	0.0146043973679987	True	True	TS: AC
control_derived	1078	TS_DLPFC	TS	86	1176	0.924799705669714	-0.112787156206331	Higher in Control	0.0049751243781094	0.955223880597015	0.008401389280015	1.0	1.0	1.0	0.0497512437810945	1.0	0.0873085552629012	1.0	1.0	0.0497512437810945	1.0	False	False	TS: DLPFC
control_derived	1078	TS_PCGBA23	TS	86	253	0.798081849037601	-0.325391382092247	Higher in Control	0.995024875621891	0.970149253731343	1.0	1.0	1.0	0.0099502487562189	0.0348258706467662	0.0150069325503629	0.0660614453505668	0.0660614453505668	0.0099502487562189	0.0348258706467662	0.0660614453505668	False	True	TS: PCG
control_derived	1078	CT_AC__DLPFC	CT	86	686	0.451835981616993	-1.14612893165212	Higher in Control	1.0	1.0	1.0	1.0	1.0	0.0049751243781094	0.0049751243781094	0.0061258334179442	0.0064321250888415	0.0064321250888415	0.0049751243781094	0.0049751243781094	0.0064321250888415	True	True	CT: AC - DLPFC
control_derived	1078	CT_AC__PCGBA23	CT	86	322	0.468220036935492	-1.09474142064902	Higher in Control	1.0	1.0	1.0	1.0	1.0	0.0049751243781094	0.0049751243781094	0.0053555750658472	0.0061516740621218	0.0061516740621218	0.0049751243781094	0.0049751243781094	0.0061516740621218	True	True	CT: AC - PCG
control_derived	1078	CT_DLPFC__PCGBA23	CT	86	1127	0.762206563221005	-0.391746063901242	Higher in Control	1.0	1.0	1.0	1.0	1.0	0.0049751243781094	0.0049751243781094	0.0078304131516331	0.0075041459369817	0.0078304131516331	0.0049751243781094	0.0049751243781094	0.0078304131516331	True	True	CT: DLPFC - PCG
control_derived	1085	TS_AC	TS	419	7875	0.710017811815896	-0.494072877740274	Higher in Control	1.0	1.0	1.0	1.0	1.0	0.0049751243781094	0.0049751243781094	0.0109093088773002	0.0146043973679987	0.0146043973679987	0.0049751243781094	0.0049751243781094	0.0146043973679987	True	True	TS: AC
control_derived	1085	TS_DLPFC	TS	419	11026	0.742415182532757	-0.429701880730139	Higher in Control	0.0049751243781094	1.0	0.008401389280015	1.0	1.0	1.0	0.0049751243781094	1.0	0.0117177271537052	1.0	1.0	0.0049751243781094	1.0	False	False	TS: DLPFC
control_derived	1085	TS_PCGBA23	TS	419	10296	0.853890082063324	-0.22787772558993	Higher in Control	1.0	1.0	1.0	1.0	1.0	0.0049751243781094	0.0049751243781094	0.0078241272271123	0.0130774697938877	0.0130774697938877	0.0049751243781094	0.0049751243781094	0.0130774697938877	True	True	TS: PCG
control_derived	1085	CT_AC__DLPFC	CT	419	18774	0.819153559031731	-0.287794169165938	Higher in Control	1.0	0.995024875621891	1.0	1.0	1.0	0.0049751243781094	0.0099502487562189	0.0061258334179442	0.0123355823621618	0.0123355823621618	0.0049751243781094	0.0099502487562189	0.0123355823621618	True	True	CT: AC - DLPFC
control_derived	1085	CT_AC__PCGBA23	CT	419	18144	0.61984713476514	-0.690015629562514	Higher in Control	1.0	1.0	1.0	1.0	1.0	0.0049751243781094	0.0049751243781094	0.0053555750658472	0.0061516740621218	0.0061516740621218	0.0049751243781094	0.0049751243781094	0.0061516740621218	True	True	CT: AC - PCG
control_derived	1085	CT_DLPFC__PCGBA23	CT	419	21456	0.896025106929482	-0.158388937230399	Higher in Control	1.0	1.0	1.0	1.0	1.0	0.0049751243781094	0.0049751243781094	0.0078304131516331	0.0075041459369817	0.0078304131516331	0.0049751243781094	0.0049751243781094	0.0078304131516331	True	True	CT: DLPFC - PCG
control_derived	1086	TS_AC	TS	35	91	0.555718636639004	-0.847573471414109	Higher in Control	0.965174129353234	0.995024875621891	1.0	1.0	1.0	0.0398009950248756	0.0099502487562189	0.0703279717915278	0.0266315481416447	0.0703279717915278	0.0398009950248756	0.0099502487562189	0.0703279717915278	False	True	TS: AC
control_derived	1086	TS_DLPFC	TS	35	55	0.590841496493201	-0.759156940615063	Higher in Control	0.621890547263682	0.990049751243781	0.6397609652885	1.0	1.0	0.383084577114428	0.0149253731343284	1.0	0.030359565807327	1.0	0.383084577114428	0.0149253731343284	1.0	False	False	TS: DLPFC
control_derived	1086	TS_PCGBA23	TS	35	45	0.578407254402143	-0.789842448157869	Higher in Control	0.980099502487562	0.950248756218905	1.0	1.0	1.0	0.0248756218905473	0.054726368159204	0.0357587064676617	0.0968235744355147	0.0968235744355147	0.0248756218905473	0.054726368159204	0.0968235744355147	False	True	TS: PCG
control_derived	1086	CT_AC__DLPFC	CT	35	154	0.635877677966501	-0.653178829949874	Higher in Control	0.990049751243781	0.985074626865672	1.0	1.0	1.0	0.0149253731343284	0.0199004975124378	0.0178906790550558	0.0233895457776055	0.0233895457776055	0.0149253731343284	0.0199004975124378	0.0233895457776055	True	True	CT: AC - DLPFC
control_derived	1086	CT_AC__PCGBA23	CT	35	140	0.5019662090195	-0.994337845693024	Higher in Control	1.0	1.0	1.0	1.0	1.0	0.0049751243781094	0.0049751243781094	0.0053555750658472	0.0061516740621218	0.0061516740621218	0.0049751243781094	0.0049751243781094	0.0061516740621218	True	True	CT: AC - PCG
control_derived	1086	CT_DLPFC__PCGBA23	CT	35	110	0.769698456602324	-0.377634740469162	Higher in Control	0.885572139303483	0.950248756218905	1.0	1.0	1.0	0.119402985074627	0.054726368159204	0.167534420918662	0.0673841675973872	0.167534420918662	0.119402985074627	0.054726368159204	0.167534420918662	False	False	CT: DLPFC - PCG
control_derived	1088	TS_AC	TS	586	15576	0.720645089036819	-0.472639174326141	Higher in Control	1.0	1.0	1.0	1.0	1.0	0.0049751243781094	0.0049751243781094	0.0109093088773002	0.0146043973679987	0.0146043973679987	0.0049751243781094	0.0049751243781094	0.0146043973679987	True	True	TS: AC
control_derived	1088	TS_DLPFC	TS	586	24753	0.79603883496164	-0.329089280148711	Higher in Control	0.0049751243781094	1.0	0.008401389280015	1.0	1.0	1.0	0.0049751243781094	1.0	0.0117177271537052	1.0	1.0	0.0049751243781094	1.0	False	False	TS: DLPFC
control_derived	1088	TS_PCGBA23	TS	586	17205	0.882372398372178	-0.180540432419527	Higher in Control	1.0	1.0	1.0	1.0	1.0	0.0049751243781094	0.0049751243781094	0.0078241272271123	0.0130774697938877	0.0130774697938877	0.0049751243781094	0.0049751243781094	0.0130774697938877	True	True	TS: PCG
control_derived	1088	CT_AC__DLPFC	CT	586	39471	0.752473222586279	-0.410287851658671	Higher in Control	1.0	1.0	1.0	1.0	1.0	0.0049751243781094	0.0049751243781094	0.0061258334179442	0.0064321250888415	0.0064321250888415	0.0049751243781094	0.0049751243781094	0.0064321250888415	True	True	CT: AC - DLPFC
control_derived	1088	CT_AC__PCGBA23	CT	586	32922	0.66966361960471	-0.578491501096704	Higher in Control	1.0	1.0	1.0	1.0	1.0	0.0049751243781094	0.0049751243781094	0.0053555750658472	0.0061516740621218	0.0061516740621218	0.0049751243781094	0.0049751243781094	0.0061516740621218	True	True	CT: AC - PCG
control_derived	1088	CT_DLPFC__PCGBA23	CT	586	41478	0.857573596852388	-0.221667606391707	Higher in Control	1.0	1.0	1.0	1.0	1.0	0.0049751243781094	0.0049751243781094	0.0078304131516331	0.0075041459369817	0.0078304131516331	0.0049751243781094	0.0049751243781094	0.0078304131516331	True	True	CT: DLPFC - PCG
control_derived	1091	TS_AC	TS	155	1128	0.53379888792858	-0.905631794993083	Higher in Control	1.0	1.0	1.0	1.0	1.0	0.0049751243781094	0.0049751243781094	0.0109093088773002	0.0146043973679987	0.0146043973679987	0.0049751243781094	0.0049751243781094	0.0146043973679987	True	True	TS: AC
control_derived	1091	TS_DLPFC	TS	155	3240	0.853681490746847	-0.228230195336021	Higher in Control	0.0049751243781094	1.0	0.008401389280015	1.0	1.0	1.0	0.0049751243781094	1.0	0.0117177271537052	1.0	1.0	0.0049751243781094	1.0	False	False	TS: DLPFC
control_derived	1091	TS_PCGBA23	TS	155	325	1.11698316614527	0.15960744338457	Higher in AD	0.736318407960199	0.412935323383085	1.0	1.0	1.0	0.26865671641791	0.592039800995025	0.310898338496198	0.711995577667219	0.711995577667219	0.736318407960199	0.412935323383085	1.0	False	False	TS: PCG
control_derived	1091	CT_AC__DLPFC	CT	155	3888	0.496485210219166	-1.01017735288652	Higher in Control	1.0	1.0	1.0	1.0	1.0	0.0049751243781094	0.0049751243781094	0.0061258334179442	0.0064321250888415	0.0064321250888415	0.0049751243781094	0.0049751243781094	0.0064321250888415	True	True	CT: AC - DLPFC
control_derived	1091	CT_AC__PCGBA23	CT	155	1248	0.598462967445186	-0.740666118121516	Higher in Control	1.0	1.0	1.0	1.0	1.0	0.0049751243781094	0.0049751243781094	0.0053555750658472	0.0061516740621218	0.0061516740621218	0.0049751243781094	0.0049751243781094	0.0061516740621218	True	True	CT: AC - PCG
control_derived	1091	CT_DLPFC__PCGBA23	CT	155	2106	0.748050613056235	-0.418792208818646	Higher in Control	1.0	1.0	1.0	1.0	1.0	0.0049751243781094	0.0049751243781094	0.0078304131516331	0.0075041459369817	0.0078304131516331	0.0049751243781094	0.0049751243781094	0.0078304131516331	True	True	CT: DLPFC - PCG
control_derived	1095	TS_AC	TS	486	14878	0.510133068889947	-0.97105446979027	Higher in Control	1.0	1.0	1.0	1.0	1.0	0.0049751243781094	0.0049751243781094	0.0109093088773002	0.0146043973679987	0.0146043973679987	0.0049751243781094	0.0049751243781094	0.0146043973679987	True	True	TS: AC
control_derived	1095	TS_DLPFC	TS	486	14535	0.91835172395079	-0.122881290686675	Higher in Control	0.0049751243781094	1.0	0.008401389280015	1.0	1.0	1.0	0.0049751243781094	1.0	0.0117177271537052	1.0	1.0	0.0049751243781094	1.0	False	False	TS: DLPFC
control_derived	1095	TS_PCGBA23	TS	486	10011	0.991479129017073	-0.0123456913495097	Higher in Control	1.0	0.890547263681592	1.0	1.0	1.0	0.0049751243781094	0.114427860696517	0.0078241272271123	0.179954926223583	0.179954926223583	0.0049751243781094	0.114427860696517	0.179954926223583	False	False	TS: PCG
control_derived	1095	CT_AC__DLPFC	CT	486	29583	0.51699936415612	-0.951765588678634	Higher in Control	1.0	1.0	1.0	1.0	1.0	0.0049751243781094	0.0049751243781094	0.0061258334179442	0.0064321250888415	0.0064321250888415	0.0049751243781094	0.0049751243781094	0.0064321250888415	True	True	CT: AC - DLPFC
control_derived	1095	CT_AC__PCGBA23	CT	486	24566	0.556297014832501	-0.846072730978205	Higher in Control	1.0	1.0	1.0	1.0	1.0	0.0049751243781094	0.0049751243781094	0.0053555750658472	0.0061516740621218	0.0061516740621218	0.0049751243781094	0.0049751243781094	0.0061516740621218	True	True	CT: AC - PCG
control_derived	1095	CT_DLPFC__PCGBA23	CT	486	24282	0.864196815307475	-0.210568180493594	Higher in Control	1.0	1.0	1.0	1.0	1.0	0.0049751243781094	0.0049751243781094	0.0078304131516331	0.0075041459369817	0.0078304131516331	0.0049751243781094	0.0049751243781094	0.0078304131516331	True	True	CT: DLPFC - PCG
control_derived	1096	TS_AC	TS	30	36	0.210939143503171	-2.2451012572338	Higher in Control	1.0	1.0	1.0	1.0	1.0	0.0049751243781094	0.0049751243781094	0.0109093088773002	0.0146043973679987	0.0146043973679987	0.0049751243781094	0.0049751243781094	0.0146043973679987	True	True	TS: AC
control_derived	1096	TS_DLPFC	TS	30	120	0.691190659109972	-0.532844374126113	Higher in Control	0.45273631840796	0.990049751243781	0.47670471173544	1.0	1.0	0.552238805970149	0.0149253731343284	1.0	0.030359565807327	1.0	0.552238805970149	0.0149253731343284	1.0	False	False	TS: DLPFC
control_derived	1096	TS_PCGBA23	TS	30	10	1.09013288713365	0.124504010161081	Higher in AD	0.54228855721393	0.512437810945274	1.0	1.0	1.0	0.462686567164179	0.492537313432836	0.503753422237923	0.620731956655081	0.620731956655081	0.54228855721393	0.512437810945274	1.0	False	False	TS: PCG
control_derived	1096	CT_AC__DLPFC	CT	30	144	0.586802240417427	-0.769053715639963	Higher in Control	0.985074626865672	0.990049751243781	1.0	1.0	1.0	0.0199004975124378	0.0149253731343284	0.0235424186258251	0.0177729772191673	0.0235424186258251	0.0199004975124378	0.0149253731343284	0.0235424186258251	True	True	CT: AC - DLPFC
control_derived	1096	CT_AC__PCGBA23	CT	30	45	0.279489808403995	-1.83913241873514	Higher in Control	1.0	1.0	1.0	1.0	1.0	0.0049751243781094	0.0049751243781094	0.0053555750658472	0.0061516740621218	0.0061516740621218	0.0049751243781094	0.0049751243781094	0.0061516740621218	True	True	CT: AC - PCG
control_derived	1096	CT_DLPFC__PCGBA23	CT	30	80	0.519231278515881	-0.945550800917523	Higher in Control	0.995024875621891	0.995024875621891	1.0	1.0	1.0	0.0099502487562189	0.0099502487562189	0.0153931198707318	0.014407960199005	0.0153931198707318	0.0099502487562189	0.0099502487562189	0.0153931198707318	True	True	CT: DLPFC - PCG
control_derived	1097	TS_AC	TS	492	15931	0.541679084054246	-0.884489710029642	Higher in Control	1.0	1.0	1.0	1.0	1.0	0.0049751243781094	0.0049751243781094	0.0109093088773002	0.0146043973679987	0.0146043973679987	0.0049751243781094	0.0049751243781094	0.0146043973679987	True	True	TS: AC
control_derived	1097	TS_DLPFC	TS	492	14196	0.75525042538624	-0.404973003352292	Higher in Control	0.0049751243781094	1.0	0.008401389280015	1.0	1.0	1.0	0.0049751243781094	1.0	0.0117177271537052	1.0	1.0	0.0049751243781094	1.0	False	False	TS: DLPFC
control_derived	1097	TS_PCGBA23	TS	492	10296	0.689647292830641	-0.536069383695905	Higher in Control	1.0	1.0	1.0	1.0	1.0	0.0049751243781094	0.0049751243781094	0.0078241272271123	0.0130774697938877	0.0130774697938877	0.0049751243781094	0.0049751243781094	0.0130774697938877	True	True	TS: PCG
control_derived	1097	CT_AC__DLPFC	CT	492	30251	0.57204023346049	-0.805811474854598	Higher in Control	1.0	1.0	1.0	1.0	1.0	0.0049751243781094	0.0049751243781094	0.0061258334179442	0.0064321250888415	0.0064321250888415	0.0049751243781094	0.0049751243781094	0.0064321250888415	True	True	CT: AC - DLPFC
control_derived	1097	CT_AC__PCGBA23	CT	492	25776	0.423318855051012	-1.24018334570002	Higher in Control	1.0	1.0	1.0	1.0	1.0	0.0049751243781094	0.0049751243781094	0.0053555750658472	0.0061516740621218	0.0061516740621218	0.0049751243781094	0.0049751243781094	0.0061516740621218	True	True	CT: AC - PCG
control_derived	1097	CT_DLPFC__PCGBA23	CT	492	24336	0.591920559171678	-0.756524528120078	Higher in Control	1.0	1.0	1.0	1.0	1.0	0.0049751243781094	0.0049751243781094	0.0078304131516331	0.0075041459369817	0.0078304131516331	0.0049751243781094	0.0049751243781094	0.0078304131516331	True	True	CT: DLPFC - PCG
control_derived	1106	TS_AC	TS	397	5151	0.55388175237375	-0.852350085170285	Higher in Control	1.0	1.0	1.0	1.0	1.0	0.0049751243781094	0.0049751243781094	0.0109093088773002	0.0146043973679987	0.0146043973679987	0.0049751243781094	0.0049751243781094	0.0146043973679987	True	True	TS: AC
control_derived	1106	TS_DLPFC	TS	397	11628	0.881085485378561	-0.182646094642188	Higher in Control	0.0049751243781094	1.0	0.008401389280015	1.0	1.0	1.0	0.0049751243781094	1.0	0.0117177271537052	1.0	1.0	0.0049751243781094	1.0	False	False	TS: DLPFC
control_derived	1106	TS_PCGBA23	TS	397	10011	0.663248448524379	-0.592378699192233	Higher in Control	1.0	1.0	1.0	1.0	1.0	0.0049751243781094	0.0049751243781094	0.0078241272271123	0.0130774697938877	0.0130774697938877	0.0049751243781094	0.0049751243781094	0.0130774697938877	True	True	TS: PCG
control_derived	1106	CT_AC__DLPFC	CT	397	15606	0.489410589278191	-1.03088277783079	Higher in Control	1.0	1.0	1.0	1.0	1.0	0.0049751243781094	0.0049751243781094	0.0061258334179442	0.0064321250888415	0.0064321250888415	0.0049751243781094	0.0049751243781094	0.0064321250888415	True	True	CT: AC - DLPFC
control_derived	1106	CT_AC__PCGBA23	CT	397	14484	0.457393052046598	-1.1284936439914	Higher in Control	1.0	1.0	1.0	1.0	1.0	0.0049751243781094	0.0049751243781094	0.0053555750658472	0.0061516740621218	0.0061516740621218	0.0049751243781094	0.0049751243781094	0.0061516740621218	True	True	CT: AC - PCG
control_derived	1106	CT_DLPFC__PCGBA23	CT	397	21726	0.667683196834527	-0.582764361603506	Higher in Control	1.0	1.0	1.0	1.0	1.0	0.0049751243781094	0.0049751243781094	0.0078304131516331	0.0075041459369817	0.0078304131516331	0.0049751243781094	0.0049751243781094	0.0078304131516331	True	True	CT: DLPFC - PCG
control_derived	1110	TS_AC	TS	460	7503	0.389385572152784	-1.36072866580926	Higher in Control	1.0	1.0	1.0	1.0	1.0	0.0049751243781094	0.0049751243781094	0.0109093088773002	0.0146043973679987	0.0146043973679987	0.0049751243781094	0.0049751243781094	0.0146043973679987	True	True	TS: AC
control_derived	1110	TS_DLPFC	TS	460	14365	0.78495887674562	-0.34931102033432	Higher in Control	0.0049751243781094	1.0	0.008401389280015	1.0	1.0	1.0	0.0049751243781094	1.0	0.0117177271537052	1.0	1.0	0.0049751243781094	1.0	False	False	TS: DLPFC
control_derived	1110	TS_PCGBA23	TS	460	13861	0.508229529793151	-0.976447891773857	Higher in Control	1.0	1.0	1.0	1.0	1.0	0.0049751243781094	0.0049751243781094	0.0078241272271123	0.0130774697938877	0.0130774697938877	0.0049751243781094	0.0049751243781094	0.0130774697938877	True	True	TS: PCG
control_derived	1110	CT_AC__DLPFC	CT	460	20910	0.416733215445688	-1.26280400120875	Higher in Control	1.0	1.0	1.0	1.0	1.0	0.0049751243781094	0.0049751243781094	0.0061258334179442	0.0064321250888415	0.0064321250888415	0.0049751243781094	0.0049751243781094	0.0064321250888415	True	True	CT: AC - DLPFC
control_derived	1110	CT_AC__PCGBA23	CT	460	20541	0.399692807529855	-1.32303648318573	Higher in Control	1.0	1.0	1.0	1.0	1.0	0.0049751243781094	0.0049751243781094	0.0053555750658472	0.0061516740621218	0.0061516740621218	0.0049751243781094	0.0049751243781094	0.0061516740621218	True	True	CT: AC - PCG
control_derived	1110	CT_DLPFC__PCGBA23	CT	460	28390	0.462960404712023	-1.11103928448681	Higher in Control	1.0	1.0	1.0	1.0	1.0	0.0049751243781094	0.0049751243781094	0.0078304131516331	0.0075041459369817	0.0078304131516331	0.0049751243781094	0.0049751243781094	0.0078304131516331	True	True	CT: DLPFC - PCG
control_derived	1112	TS_AC	TS	473	21736	0.553717554982866	-0.852777833294934	Higher in Control	1.0	1.0	1.0	1.0	1.0	0.0049751243781094	0.0049751243781094	0.0109093088773002	0.0146043973679987	0.0146043973679987	0.0049751243781094	0.0049751243781094	0.0146043973679987	True	True	TS: AC
control_derived	1112	TS_DLPFC	TS	473	3828	0.791577678425476	-0.337197164259028	Higher in Control	0.0049751243781094	1.0	0.008401389280015	1.0	1.0	1.0	0.0049751243781094	1.0	0.0117177271537052	1.0	1.0	0.0049751243781094	1.0	False	False	TS: DLPFC
control_derived	1112	TS_PCGBA23	TS	473	15400	0.6233403204825	-0.681908059053768	Higher in Control	1.0	1.0	1.0	1.0	1.0	0.0049751243781094	0.0049751243781094	0.0078241272271123	0.0130774697938877	0.0130774697938877	0.0049751243781094	0.0049751243781094	0.0130774697938877	True	True	TS: PCG
control_derived	1112	CT_AC__DLPFC	CT	473	18392	0.387328468455042	-1.36837055223654	Higher in Control	1.0	1.0	1.0	1.0	1.0	0.0049751243781094	0.0049751243781094	0.0061258334179442	0.0064321250888415	0.0064321250888415	0.0049751243781094	0.0049751243781094	0.0064321250888415	True	True	CT: AC - DLPFC
control_derived	1112	CT_AC__PCGBA23	CT	473	36784	0.30808417268037	-1.69860352670049	Higher in Control	1.0	1.0	1.0	1.0	1.0	0.0049751243781094	0.0049751243781094	0.0053555750658472	0.0061516740621218	0.0061516740621218	0.0049751243781094	0.0049751243781094	0.0061516740621218	True	True	CT: AC - PCG
control_derived	1112	CT_DLPFC__PCGBA23	CT	473	15488	0.646838503435785	-0.628522536263564	Higher in Control	1.0	1.0	1.0	1.0	1.0	0.0049751243781094	0.0049751243781094	0.0078304131516331	0.0075041459369817	0.0078304131516331	0.0049751243781094	0.0049751243781094	0.0078304131516331	True	True	CT: DLPFC - PCG
control_derived	1115	TS_AC	TS	279	3916	0.835082241223305	-0.260009809681049	Higher in Control	1.0	0.975124378109453	1.0	1.0	1.0	0.0049751243781094	0.0298507462686567	0.0109093088773002	0.0610430991111856	0.0610430991111856	0.0049751243781094	0.0298507462686567	0.0610430991111856	False	True	TS: AC
control_derived	1115	TS_DLPFC	TS	279	3741	0.941036429003131	-0.0876775218539679	Higher in Control	0.0049751243781094	0.990049751243781	0.008401389280015	1.0	1.0	1.0	0.0149253731343284	1.0	0.030359565807327	1.0	1.0	0.0149253731343284	1.0	False	False	TS: DLPFC
control_derived	1115	TS_PCGBA23	TS	279	5253	1.09471760088717	0.130558752616695	Higher in AD	1.0	0.487562189054726	1.0	1.0	1.0	0.0049751243781094	0.517412935323383	0.0078241272271123	0.643270135807449	0.643270135807449	1.0	0.487562189054726	1.0	False	False	TS: PCG
control_derived	1115	CT_AC__DLPFC	CT	279	7743	0.360902482148802	-1.47031902931514	Higher in Control	1.0	1.0	1.0	1.0	1.0	0.0049751243781094	0.0049751243781094	0.0061258334179442	0.0064321250888415	0.0064321250888415	0.0049751243781094	0.0049751243781094	0.0064321250888415	True	True	CT: AC - DLPFC
control_derived	1115	CT_AC__PCGBA23	CT	279	9167	0.307908568864014	-1.69942607782746	Higher in Control	1.0	1.0	1.0	1.0	1.0	0.0049751243781094	0.0049751243781094	0.0053555750658472	0.0061516740621218	0.0061516740621218	0.0049751243781094	0.0049751243781094	0.0061516740621218	True	True	CT: AC - PCG
control_derived	1115	CT_DLPFC__PCGBA23	CT	279	8961	0.929923256168339	-0.104816435133193	Higher in Control	0.756218905472637	1.0	1.0	1.0	1.0	0.248756218905473	0.0049751243781094	0.331065261925666	0.0075041459369817	0.331065261925666	0.248756218905473	0.0049751243781094	0.331065261925666	False	False	CT: DLPFC - PCG
control_derived	1116	TS_AC	TS	399	10153	0.681445534753713	-0.553329742157391	Higher in Control	1.0	1.0	1.0	1.0	1.0	0.0049751243781094	0.0049751243781094	0.0109093088773002	0.0146043973679987	0.0146043973679987	0.0049751243781094	0.0049751243781094	0.0146043973679987	True	True	TS: AC
control_derived	1116	TS_DLPFC	TS	399	4560	0.863390732012521	-0.211914488480559	Higher in Control	0.0049751243781094	1.0	0.008401389280015	1.0	1.0	1.0	0.0049751243781094	1.0	0.0117177271537052	1.0	1.0	0.0049751243781094	1.0	False	False	TS: DLPFC
control_derived	1116	TS_PCGBA23	TS	399	12720	1.13433620537826	0.181848303370239	Higher in AD	1.0	0.26865671641791	1.0	1.0	1.0	0.0049751243781094	0.736318407960199	0.0078241272271123	0.816160163040221	0.816160163040221	1.0	0.26865671641791	1.0	False	False	TS: PCG
control_derived	1116	CT_AC__DLPFC	CT	399	13728	0.504508569103012	-0.987049321100964	Higher in Control	1.0	1.0	1.0	1.0	1.0	0.0049751243781094	0.0049751243781094	0.0061258334179442	0.0064321250888415	0.0064321250888415	0.0049751243781094	0.0049751243781094	0.0064321250888415	True	True	CT: AC - DLPFC
control_derived	1116	CT_AC__PCGBA23	CT	399	22880	0.711227306754425	-0.491617379039543	Higher in Control	1.0	1.0	1.0	1.0	1.0	0.0049751243781094	0.0049751243781094	0.0053555750658472	0.0061516740621218	0.0061516740621218	0.0049751243781094	0.0049751243781094	0.0061516740621218	True	True	CT: AC - PCG
control_derived	1116	CT_DLPFC__PCGBA23	CT	399	15360	0.638037606460988	-0.648286634759545	Higher in Control	1.0	1.0	1.0	1.0	1.0	0.0049751243781094	0.0049751243781094	0.0078304131516331	0.0075041459369817	0.0078304131516331	0.0049751243781094	0.0049751243781094	0.0078304131516331	True	True	CT: DLPFC - PCG
control_derived	1117	TS_AC	TS	194	1176	0.845383711176538	-0.242321780047904	Higher in Control	0.945273631840796	0.835820895522388	1.0	1.0	1.0	0.0597014925373134	0.169154228855721	0.102506336243312	0.252344833210994	0.252344833210994	0.0597014925373134	0.169154228855721	0.252344833210994	False	False	TS: AC
control_derived	1117	TS_DLPFC	TS	194	2701	0.986432996836718	-0.019707035235327	Higher in Control	0.0049751243781094	0.955223880597015	0.008401389280015	1.0	1.0	1.0	0.0497512437810945	1.0	0.0873085552629012	1.0	1.0	0.0497512437810945	1.0	False	False	TS: DLPFC
control_derived	1117	TS_PCGBA23	TS	194	2485	1.52614426591119	0.609891346102344	Higher in AD	0.0049751243781094	0.0049751243781094	0.30514096185738	0.183084577114428	0.30514096185738	1.0	1.0	1.0	1.0	1.0	0.0049751243781094	0.0049751243781094	0.30514096185738	False	False	TS: PCG
control_derived	1117	CT_AC__DLPFC	CT	194	3626	0.669391102886403	-0.579078719104879	Higher in Control	1.0	1.0	1.0	1.0	1.0	0.0049751243781094	0.0049751243781094	0.0061258334179442	0.0064321250888415	0.0064321250888415	0.0049751243781094	0.0049751243781094	0.0064321250888415	True	True	CT: AC - DLPFC
control_derived	1117	CT_AC__PCGBA23	CT	194	3479	0.708845938863518	-0.496455989833404	Higher in Control	1.0	1.0	1.0	1.0	1.0	0.0049751243781094	0.0049751243781094	0.0053555750658472	0.0061516740621218	0.0061516740621218	0.0049751243781094	0.0049751243781094	0.0061516740621218	True	True	CT: AC - PCG
control_derived	1117	CT_DLPFC__PCGBA23	CT	194	5254	0.959057794085557	-0.060310338321428	Higher in Control	0.358208955223881	0.980099502487562	1.0	1.0	1.0	0.646766169154229	0.0248756218905473	0.801812853540517	0.0338532899412711	0.801812853540517	0.646766169154229	0.0248756218905473	0.801812853540517	False	False	CT: DLPFC - PCG
control_derived	1120	TS_AC	TS	507	12246	0.670261084683024	-0.577204921395687	Higher in Control	1.0	1.0	1.0	1.0	1.0	0.0049751243781094	0.0049751243781094	0.0109093088773002	0.0146043973679987	0.0146043973679987	0.0049751243781094	0.0049751243781094	0.0146043973679987	True	True	TS: AC
control_derived	1120	TS_DLPFC	TS	507	14535	0.906050968073523	-0.142335886427446	Higher in Control	0.0049751243781094	1.0	0.008401389280015	1.0	1.0	1.0	0.0049751243781094	1.0	0.0117177271537052	1.0	1.0	0.0049751243781094	1.0	False	False	TS: DLPFC
control_derived	1120	TS_PCGBA23	TS	507	15931	0.761971733302709	-0.392190615515749	Higher in Control	1.0	1.0	1.0	1.0	1.0	0.0049751243781094	0.0049751243781094	0.0078241272271123	0.0130774697938877	0.0130774697938877	0.0049751243781094	0.0049751243781094	0.0130774697938877	True	True	TS: PCG
control_derived	1120	CT_AC__DLPFC	CT	507	26847	0.616296792016073	-0.698302813361479	Higher in Control	1.0	1.0	1.0	1.0	1.0	0.0049751243781094	0.0049751243781094	0.0061258334179442	0.0064321250888415	0.0064321250888415	0.0049751243781094	0.0049751243781094	0.0064321250888415	True	True	CT: AC - DLPFC
control_derived	1120	CT_AC__PCGBA23	CT	507	28103	0.430625450822818	-1.21549450670874	Higher in Control	1.0	1.0	1.0	1.0	1.0	0.0049751243781094	0.0049751243781094	0.0053555750658472	0.0061516740621218	0.0061516740621218	0.0049751243781094	0.0049751243781094	0.0061516740621218	True	True	CT: AC - PCG
control_derived	1120	CT_DLPFC__PCGBA23	CT	507	30609	0.689543703012339	-0.536286102798454	Higher in Control	1.0	1.0	1.0	1.0	1.0	0.0049751243781094	0.0049751243781094	0.0078304131516331	0.0075041459369817	0.0078304131516331	0.0049751243781094	0.0049751243781094	0.0078304131516331	True	True	CT: DLPFC - PCG
control_derived	1127	TS_AC	TS	57	1326	0.781680512376086	-0.355349023661432	Higher in Control	1.0	0.985074626865672	1.0	1.0	1.0	0.0049751243781094	0.0199004975124378	0.0109093088773002	0.0441693969178498	0.0441693969178498	0.0049751243781094	0.0199004975124378	0.0441693969178498	True	True	TS: AC
control_derived	1127	TS_DLPFC	TS	57	0			Not available														False	False	TS: DLPFC
control_derived	1127	TS_PCGBA23	TS	57	10	0.589349776916898	-0.762803972464366	Higher in Control	0.830845771144279	0.885572139303483	1.0	1.0	1.0	0.174129353233831	0.119402985074627	0.210788164440953	0.186187705540096	0.210788164440953	0.174129353233831	0.119402985074627	0.210788164440953	False	False	TS: PCG
control_derived	1127	CT_AC__DLPFC	CT	57	0			Not available														False	False	CT: AC - DLPFC
control_derived	1127	CT_AC__PCGBA23	CT	57	260	0.217464987825001	-2.20114495120079	Higher in Control	1.0	1.0	1.0	1.0	1.0	0.0049751243781094	0.0049751243781094	0.0053555750658472	0.0061516740621218	0.0061516740621218	0.0049751243781094	0.0049751243781094	0.0061516740621218	True	True	CT: AC - PCG
control_derived	1127	CT_DLPFC__PCGBA23	CT	57	0			Not available														False	False	CT: DLPFC - PCG
control_derived	1128	TS_AC	TS	36	465	0.717947691702158	-0.478049359015835	Higher in Control	0.985074626865672	0.985074626865672	1.0	1.0	1.0	0.0199004975124378	0.0199004975124378	0.0377280265339967	0.0441693969178498	0.0441693969178498	0.0199004975124378	0.0199004975124378	0.0441693969178498	True	True	TS: AC
control_derived	1128	TS_DLPFC	TS	36	0			Not available														False	False	TS: DLPFC
control_derived	1128	TS_PCGBA23	TS	36	6	0.899625782395184	-0.152603086950082	Higher in Control	0.631840796019901	0.641791044776119	1.0	1.0	1.0	0.373134328358209	0.36318407960199	0.418638514743356	0.491366695932104	0.491366695932104	0.373134328358209	0.36318407960199	0.491366695932104	False	False	TS: PCG
control_derived	1128	CT_AC__DLPFC	CT	36	31	0.109582428648477	-3.18991161168033	Higher in Control	1.0	1.0	1.0	1.0	1.0	0.0049751243781094	0.0049751243781094	0.0061258334179442	0.0064321250888415	0.0064321250888415	0.0049751243781094	0.0049751243781094	0.0064321250888415	True	True	CT: AC - DLPFC
control_derived	1128	CT_AC__PCGBA23	CT	36	124	0.241022058188615	-2.05276290783852	Higher in Control	1.0	1.0	1.0	1.0	1.0	0.0049751243781094	0.0049751243781094	0.0053555750658472	0.0061516740621218	0.0061516740621218	0.0049751243781094	0.0049751243781094	0.0061516740621218	True	True	CT: AC - PCG
control_derived	1128	CT_DLPFC__PCGBA23	CT	36	4	0.422885224987546	-1.2416619393671	Higher in Control	0.810945273631841	0.875621890547264	1.0	1.0	1.0	0.194029850746269	0.129353233830846	0.260143725815368	0.153025721067863	0.260143725815368	0.194029850746269	0.129353233830846	0.260143725815368	False	False	CT: DLPFC - PCG
control_derived	1129	TS_AC	TS	55	903	0.651690922273395	-0.617740195809019	Higher in Control	1.0	1.0	1.0	1.0	1.0	0.0049751243781094	0.0049751243781094	0.0109093088773002	0.0146043973679987	0.0146043973679987	0.0049751243781094	0.0049751243781094	0.0146043973679987	True	True	TS: AC
control_derived	1129	TS_DLPFC	TS	55	6	0.364335520700098	-1.45666043815495	Higher in Control	0.681592039800995	0.950248756218905	0.697171286425018	1.0	1.0	0.323383084577114	0.054726368159204	1.0	0.0951069893252186	1.0	0.323383084577114	0.054726368159204	1.0	False	False	TS: DLPFC
control_derived	1129	TS_PCGBA23	TS	55	28	1.39017931993094	0.47527098891224	Higher in AD	0.422885572139304	0.26865671641791	1.0	1.0	1.0	0.582089552238806	0.736318407960199	0.619101026658614	0.816160163040221	0.816160163040221	0.422885572139304	0.26865671641791	1.0	False	False	TS: PCG
control_derived	1129	CT_AC__DLPFC	CT	55	172	0.367150230235229	-1.44555759021862	Higher in Control	1.0	1.0	1.0	1.0	1.0	0.0049751243781094	0.0049751243781094	0.0061258334179442	0.0064321250888415	0.0064321250888415	0.0049751243781094	0.0049751243781094	0.0064321250888415	True	True	CT: AC - DLPFC
control_derived	1129	CT_AC__PCGBA23	CT	55	344	0.310318407478973	-1.68817881764374	Higher in Control	1.0	1.0	1.0	1.0	1.0	0.0049751243781094	0.0049751243781094	0.0053555750658472	0.0061516740621218	0.0061516740621218	0.0049751243781094	0.0049751243781094	0.0061516740621218	True	True	CT: AC - PCG
control_derived	1129	CT_DLPFC__PCGBA23	CT	55	32	0.920064713254306	-0.120192757405023	Higher in Control	0.562189054726368	0.666666666666667	1.0	1.0	1.0	0.442786069651741	0.338308457711443	0.572459132906894	0.380334353079324	0.572459132906894	0.442786069651741	0.338308457711443	0.572459132906894	False	False	CT: DLPFC - PCG
control_derived	1130	TS_AC	TS	68	1653	0.957130843728901	-0.0632119343395152	Higher in Control	0.651741293532338	0.497512437810945	1.0	1.0	1.0	0.353233830845771	0.507462686567164	0.462507605855614	0.628287135749822	0.628287135749822	0.353233830845771	0.507462686567164	0.628287135749822	False	False	TS: AC
control_derived	1130	TS_DLPFC	TS	68	1	37.0872841613634	5.21285272049619	Higher in AD	0.134328358208955	0.114427860696517	0.178109452736318	1.0	1.0	0.870646766169154	0.890547263681592	1.0	0.959871302171776	1.0	0.134328358208955	0.114427860696517	1.0	False	False	TS: DLPFC
control_derived	1130	TS_PCGBA23	TS	68	28	0.731409400407125	-0.451248925914412	Higher in Control	0.875621890547264	0.850746268656716	1.0	1.0	1.0	0.129353233830846	0.154228855721393	0.158673300165837	0.232607454530626	0.232607454530626	0.129353233830846	0.154228855721393	0.232607454530626	False	False	TS: PCG
control_derived	1130	CT_AC__DLPFC	CT	68	116	0.402818890773419	-1.31179675268946	Higher in Control	1.0	1.0	1.0	1.0	1.0	0.0049751243781094	0.0049751243781094	0.0061258334179442	0.0064321250888415	0.0064321250888415	0.0049751243781094	0.0049751243781094	0.0064321250888415	True	True	CT: AC - DLPFC
control_derived	1130	CT_AC__PCGBA23	CT	68	464	0.293415429776889	-1.76898335517365	Higher in Control	1.0	1.0	1.0	1.0	1.0	0.0049751243781094	0.0049751243781094	0.0053555750658472	0.0061516740621218	0.0061516740621218	0.0049751243781094	0.0049751243781094	0.0061516740621218	True	True	CT: AC - PCG
control_derived	1130	CT_DLPFC__PCGBA23	CT	68	16	0.535737036975818	-0.900403057903337	Higher in Control	0.890547263681592	0.950248756218905	1.0	1.0	1.0	0.114427860696517	0.054726368159204	0.161808146766169	0.0673841675973872	0.161808146766169	0.114427860696517	0.054726368159204	0.161808146766169	False	False	CT: DLPFC - PCG
control_derived	1131	TS_AC	TS	99	2016	0.785716004658784	-0.347920147171228	Higher in Control	1.0	0.990049751243781	1.0	1.0	1.0	0.0049751243781094	0.0149253731343284	0.0109093088773002	0.0352781546811398	0.0352781546811398	0.0049751243781094	0.0149253731343284	0.0352781546811398	True	True	TS: AC
control_derived	1131	TS_DLPFC	TS	99	1	0.0040297582574752	-7.9550909896315	Higher in Control	0.865	0.955223880597015	0.869859550561798	1.0	1.0	0.14	0.0497512437810945	1.0	0.0873085552629012	1.0	0.14	0.0497512437810945	1.0	False	False	TS: DLPFC
control_derived	1131	TS_PCGBA23	TS	99	528	0.552095357661294	-0.857010624725065	Higher in Control	1.0	1.0	1.0	1.0	1.0	0.0049751243781094	0.0049751243781094	0.0078241272271123	0.0130774697938877	0.0130774697938877	0.0049751243781094	0.0049751243781094	0.0130774697938877	True	True	TS: PCG
control_derived	1131	CT_AC__DLPFC	CT	99	128	0.240200058938618	-2.05769158984531	Higher in Control	1.0	1.0	1.0	1.0	1.0	0.0049751243781094	0.0049751243781094	0.0061258334179442	0.0064321250888415	0.0064321250888415	0.0049751243781094	0.0049751243781094	0.0064321250888415	True	True	CT: AC - DLPFC
control_derived	1131	CT_AC__PCGBA23	CT	99	2112	0.469380842002412	-1.09116913609436	Higher in Control	1.0	1.0	1.0	1.0	1.0	0.0049751243781094	0.0049751243781094	0.0053555750658472	0.0061516740621218	0.0061516740621218	0.0049751243781094	0.0049751243781094	0.0061516740621218	True	True	CT: AC - PCG
control_derived	1131	CT_DLPFC__PCGBA23	CT	99	66	0.517768907195322	-0.949619763063723	Higher in Control	0.995024875621891	0.980099502487562	1.0	1.0	1.0	0.0099502487562189	0.0248756218905473	0.0153931198707318	0.0338532899412711	0.0338532899412711	0.0099502487562189	0.0248756218905473	0.0338532899412711	True	True	CT: DLPFC - PCG
control_derived	1133	TS_AC	TS	138	3741	0.875299204512045	-0.192151835565514	Higher in Control	0.995024875621891	0.90547263681592	1.0	1.0	1.0	0.0099502487562189	0.0995024875621891	0.0203476997037285	0.167680117928874	0.167680117928874	0.0099502487562189	0.0995024875621891	0.167680117928874	False	False	TS: AC
control_derived	1133	TS_DLPFC	TS	138	10	0.269335091255098	-1.89252588628218	Higher in Control	0.761194029850746	0.990049751243781	0.769795092334935	1.0	1.0	0.243781094527363	0.0149253731343284	1.0	0.030359565807327	1.0	0.243781094527363	0.0149253731343284	1.0	False	False	TS: DLPFC
control_derived	1133	TS_PCGBA23	TS	138	1035	0.597400927533294	-0.743228617287797	Higher in Control	1.0	1.0	1.0	1.0	1.0	0.0049751243781094	0.0049751243781094	0.0078241272271123	0.0130774697938877	0.0130774697938877	0.0049751243781094	0.0049751243781094	0.0130774697938877	True	True	TS: PCG
control_derived	1133	CT_AC__DLPFC	CT	138	435	0.354986466028265	-1.49416407242809	Higher in Control	1.0	1.0	1.0	1.0	1.0	0.0049751243781094	0.0049751243781094	0.0061258334179442	0.0064321250888415	0.0064321250888415	0.0049751243781094	0.0049751243781094	0.0064321250888415	True	True	CT: AC - DLPFC
control_derived	1133	CT_AC__PCGBA23	CT	138	4002	0.349402137370034	-1.51703966132153	Higher in Control	1.0	1.0	1.0	1.0	1.0	0.0049751243781094	0.0049751243781094	0.0053555750658472	0.0061516740621218	0.0061516740621218	0.0049751243781094	0.0049751243781094	0.0061516740621218	True	True	CT: AC - PCG
control_derived	1133	CT_DLPFC__PCGBA23	CT	138	230	0.664233546462529	-0.590237508311451	Higher in Control	0.990049751243781	1.0	1.0	1.0	1.0	0.0149253731343284	0.0049751243781094	0.0225124378109453	0.0075041459369817	0.0225124378109453	0.0149253731343284	0.0049751243781094	0.0225124378109453	True	True	CT: DLPFC - PCG
control_derived	1135	TS_AC	TS	155	5050	0.86493233360199	-0.209340824329194	Higher in Control	0.995024875621891	0.880597014925373	1.0	1.0	1.0	0.0099502487562189	0.124378109452736	0.0203476997037285	0.200325804605292	0.200325804605292	0.0099502487562189	0.124378109452736	0.200325804605292	False	False	TS: AC
control_derived	1135	TS_DLPFC	TS	155	55	0.990428548896796	-0.013875194351525	Higher in Control	0.154228855721393	0.611940298507463	0.2000504722763	1.0	1.0	0.850746268656716	0.393034825870647	1.0	0.506138372883782	1.0	0.850746268656716	0.393034825870647	1.0	False	False	TS: DLPFC
control_derived	1135	TS_PCGBA23	TS	155	903	0.876489719787852	-0.190190924949966	Higher in Control	1.0	0.950248756218905	1.0	1.0	1.0	0.0049751243781094	0.054726368159204	0.0078241272271123	0.0968235744355147	0.0968235744355147	0.0049751243781094	0.054726368159204	0.0968235744355147	False	True	TS: PCG
control_derived	1135	CT_AC__DLPFC	CT	155	1111	0.523261646005459	-0.934395578616895	Higher in Control	1.0	1.0	1.0	1.0	1.0	0.0049751243781094	0.0049751243781094	0.0061258334179442	0.0064321250888415	0.0064321250888415	0.0049751243781094	0.0049751243781094	0.0064321250888415	True	True	CT: AC - DLPFC
control_derived	1135	CT_AC__PCGBA23	CT	155	4343	0.644856104930571	-0.632950825612273	Higher in Control	1.0	1.0	1.0	1.0	1.0	0.0049751243781094	0.0049751243781094	0.0053555750658472	0.0061516740621218	0.0061516740621218	0.0049751243781094	0.0049751243781094	0.0061516740621218	True	True	CT: AC - PCG
control_derived	1135	CT_DLPFC__PCGBA23	CT	155	473	0.873443872403509	-0.195213096504103	Higher in Control	0.810945273631841	0.975124378109453	1.0	1.0	1.0	0.194029850746269	0.0298507462686567	0.260143725815368	0.0388703962203372	0.260143725815368	0.194029850746269	0.0298507462686567	0.260143725815368	False	False	CT: DLPFC - PCG
control_derived	1138	TS_AC	TS	76	325	0.796875145332526	-0.327574394912588	Higher in Control	0.895522388059702	0.890547263681592	1.0	1.0	1.0	0.109452736318408	0.114427860696517	0.174740333420616	0.185945273631841	0.185945273631841	0.109452736318408	0.114427860696517	0.185945273631841	False	False	TS: AC
control_derived	1138	TS_DLPFC	TS	76	253	1.22041761011026	0.287374902659031	Higher in AD	0.0049751243781094	0.18407960199005	0.008401389280015	1.0	1.0	1.0	0.82089552238806	1.0	0.912672661537035	1.0	0.0049751243781094	0.18407960199005	1.0	False	False	TS: DLPFC
control_derived	1138	TS_PCGBA23	TS	76	351	1.18051581634609	0.239417370673891	Higher in AD	0.691542288557214	0.333333333333333	1.0	1.0	1.0	0.313432835820896	0.671641791044776	0.36044776119403	0.777245846240496	0.777245846240496	0.691542288557214	0.333333333333333	1.0	False	False	TS: PCG
control_derived	1138	CT_AC__DLPFC	CT	76	598	0.608716114842788	-0.716158535386677	Higher in Control	1.0	1.0	1.0	1.0	1.0	0.0049751243781094	0.0049751243781094	0.0061258334179442	0.0064321250888415	0.0064321250888415	0.0049751243781094	0.0049751243781094	0.0064321250888415	True	True	CT: AC - DLPFC
control_derived	1138	CT_AC__PCGBA23	CT	76	702	0.793614668948703	-0.333489402549716	Higher in Control	1.0	0.930348258706468	1.0	1.0	1.0	0.0049751243781094	0.0746268656716418	0.0053555750658472	0.0832726610848198	0.0832726610848198	0.0049751243781094	0.0746268656716418	0.0832726610848198	False	True	CT: AC - PCG
control_derived	1138	CT_DLPFC__PCGBA23	CT	76	621	1.19293870305908	0.254519914730856	Higher in AD	0.0099502487562189	0.26865671641791	0.105940883816213	1.0	1.0	0.995024875621891	0.736318407960199	1.0	0.779377963981263	1.0	0.0099502487562189	0.26865671641791	1.0	False	False	CT: DLPFC - PCG
control_derived	1139	TS_AC	TS	82	1081	0.520545168597555	-0.941904740806674	Higher in Control	1.0	1.0	1.0	1.0	1.0	0.0049751243781094	0.0049751243781094	0.0109093088773002	0.0146043973679987	0.0146043973679987	0.0049751243781094	0.0049751243781094	0.0146043973679987	True	True	TS: AC
control_derived	1139	TS_DLPFC	TS	82	171	1.23359357548399	0.302867156875378	Higher in AD	0.0099502487562189	0.213930348258706	0.0157618984722406	1.0	1.0	0.995024875621891	0.791044776119403	1.0	0.901891814811294	1.0	0.0099502487562189	0.213930348258706	1.0	False	False	TS: DLPFC
control_derived	1139	TS_PCGBA23	TS	82	120	0.985201296829814	-0.0215095680160691	Higher in Control	0.82089552238806	0.686567164179104	1.0	1.0	1.0	0.18407960199005	0.318407960199005	0.221376776249472	0.433978256863829	0.433978256863829	0.18407960199005	0.318407960199005	0.433978256863829	False	False	TS: PCG
control_derived	1139	CT_AC__DLPFC	CT	82	893	0.442469067923068	-1.1763514919263	Higher in Control	1.0	1.0	1.0	1.0	1.0	0.0049751243781094	0.0049751243781094	0.0061258334179442	0.0064321250888415	0.0064321250888415	0.0049751243781094	0.0049751243781094	0.0064321250888415	True	True	CT: AC - DLPFC
control_derived	1139	CT_AC__PCGBA23	CT	82	752	0.447148838663849	-1.16117296580365	Higher in Control	1.0	1.0	1.0	1.0	1.0	0.0049751243781094	0.0049751243781094	0.0053555750658472	0.0061516740621218	0.0061516740621218	0.0049751243781094	0.0049751243781094	0.0061516740621218	True	True	CT: AC - PCG
control_derived	1139	CT_DLPFC__PCGBA23	CT	82	304	0.777590393858314	-0.362917698498421	Higher in Control	0.960199004975124	0.990049751243781	1.0	1.0	1.0	0.0447761194029851	0.0149253731343284	0.0653586904188734	0.0209418026148328	0.0653586904188734	0.0447761194029851	0.0149253731343284	0.0653586904188734	False	True	CT: DLPFC - PCG
control_derived	1142	TS_AC	TS	120	1128	0.60638545034405	-0.721692957091269	Higher in Control	1.0	1.0	1.0	1.0	1.0	0.0049751243781094	0.0049751243781094	0.0109093088773002	0.0146043973679987	0.0146043973679987	0.0049751243781094	0.0049751243781094	0.0146043973679987	True	True	TS: AC
control_derived	1142	TS_DLPFC	TS	120	496	1.20768505528332	0.272244272194598	Higher in AD	0.0049751243781094	0.199004975124378	0.008401389280015	1.0	1.0	1.0	0.805970149253731	1.0	0.907350042241622	1.0	0.0049751243781094	0.199004975124378	1.0	False	False	TS: DLPFC
control_derived	1142	TS_PCGBA23	TS	120	780	0.81632436395529	-0.292785578368852	Higher in Control	1.0	0.985074626865672	1.0	1.0	1.0	0.0049751243781094	0.0199004975124378	0.0078241272271123	0.0430787240269242	0.0430787240269242	0.0049751243781094	0.0199004975124378	0.0430787240269242	True	True	TS: PCG
control_derived	1142	CT_AC__DLPFC	CT	120	1536	0.477747106613737	-1.06568095907166	Higher in Control	1.0	1.0	1.0	1.0	1.0	0.0049751243781094	0.0049751243781094	0.0061258334179442	0.0064321250888415	0.0064321250888415	0.0049751243781094	0.0049751243781094	0.0064321250888415	True	True	CT: AC - DLPFC
control_derived	1142	CT_AC__PCGBA23	CT	120	1920	0.405998316727551	-1.30045434889033	Higher in Control	1.0	1.0	1.0	1.0	1.0	0.0049751243781094	0.0049751243781094	0.0053555750658472	0.0061516740621218	0.0061516740621218	0.0049751243781094	0.0049751243781094	0.0061516740621218	True	True	CT: AC - PCG
control_derived	1142	CT_DLPFC__PCGBA23	CT	120	1280	0.77185149793055	-0.373604791186406	Higher in Control	1.0	1.0	1.0	1.0	1.0	0.0049751243781094	0.0049751243781094	0.0078304131516331	0.0075041459369817	0.0078304131516331	0.0049751243781094	0.0049751243781094	0.0078304131516331	True	True	CT: DLPFC - PCG
control_derived	1143	TS_AC	TS	81	528	0.601591998528493	-0.733142716302714	Higher in Control	1.0	1.0	1.0	1.0	1.0	0.0049751243781094	0.0049751243781094	0.0109093088773002	0.0146043973679987	0.0146043973679987	0.0049751243781094	0.0049751243781094	0.0146043973679987	True	True	TS: AC
control_derived	1143	TS_DLPFC	TS	81	351	1.01522633008953	0.0218013913493757	Higher in AD	0.0248756218905473	0.711442786069652	0.0364978386754751	1.0	1.0	0.980099502487562	0.293532338308458	1.0	0.404171450440107	1.0	0.0248756218905473	0.711442786069652	1.0	False	False	TS: DLPFC
control_derived	1143	TS_PCGBA23	TS	81	210	0.560609383962882	-0.83493220124224	Higher in Control	1.0	1.0	1.0	1.0	1.0	0.0049751243781094	0.0049751243781094	0.0078241272271123	0.0130774697938877	0.0130774697938877	0.0049751243781094	0.0049751243781094	0.0130774697938877	True	True	TS: PCG
control_derived	1143	CT_AC__DLPFC	CT	81	891	0.479442489106861	-1.06057032585136	Higher in Control	1.0	1.0	1.0	1.0	1.0	0.0049751243781094	0.0049751243781094	0.0061258334179442	0.0064321250888415	0.0064321250888415	0.0049751243781094	0.0049751243781094	0.0064321250888415	True	True	CT: AC - DLPFC
control_derived	1143	CT_AC__PCGBA23	CT	81	693	0.355597865700574	-1.49168142975353	Higher in Control	1.0	1.0	1.0	1.0	1.0	0.0049751243781094	0.0049751243781094	0.0053555750658472	0.0061516740621218	0.0061516740621218	0.0049751243781094	0.0049751243781094	0.0061516740621218	True	True	CT: AC - PCG
control_derived	1143	CT_DLPFC__PCGBA23	CT	81	567	0.880886210669405	-0.182972425237105	Higher in Control	0.845771144278607	0.965174129353234	1.0	1.0	1.0	0.159203980099502	0.0398009950248756	0.216661055624135	0.0500276395798784	0.216661055624135	0.159203980099502	0.0398009950248756	0.216661055624135	False	False	CT: DLPFC - PCG
control_derived	1145	TS_AC	TS	54	351	0.594245259945764	-0.750869604468938	Higher in Control	1.0	1.0	1.0	1.0	1.0	0.0049751243781094	0.0049751243781094	0.0109093088773002	0.0146043973679987	0.0146043973679987	0.0049751243781094	0.0049751243781094	0.0146043973679987	True	True	TS: AC
control_derived	1145	TS_DLPFC	TS	54	15	1.30429527541965	0.383270513863799	Higher in AD	0.283582089552239	0.298507462686567	0.331772509999024	1.0	1.0	0.721393034825871	0.706467661691542	1.0	0.826520989822131	1.0	0.283582089552239	0.298507462686567	1.0	False	False	TS: DLPFC
control_derived	1145	TS_PCGBA23	TS	54	210	0.844579336084079	-0.243695145041204	Higher in Control	0.965174129353234	0.890547263681592	1.0	1.0	1.0	0.0398009950248756	0.114427860696517	0.0542472821079786	0.179954926223583	0.179954926223583	0.0398009950248756	0.114427860696517	0.179954926223583	False	False	TS: PCG
control_derived	1145	CT_AC__DLPFC	CT	54	162	0.360095098951213	-1.47355013092401	Higher in Control	1.0	1.0	1.0	1.0	1.0	0.0049751243781094	0.0049751243781094	0.0061258334179442	0.0064321250888415	0.0064321250888415	0.0049751243781094	0.0049751243781094	0.0064321250888415	True	True	CT: AC - DLPFC
control_derived	1145	CT_AC__PCGBA23	CT	54	567	0.304726660966631	-1.71441236591096	Higher in Control	1.0	1.0	1.0	1.0	1.0	0.0049751243781094	0.0049751243781094	0.0053555750658472	0.0061516740621218	0.0061516740621218	0.0049751243781094	0.0049751243781094	0.0061516740621218	True	True	CT: AC - PCG
control_derived	1145	CT_DLPFC__PCGBA23	CT	54	126	0.428369874864884	-1.22307106884031	Higher in Control	1.0	1.0	1.0	1.0	1.0	0.0049751243781094	0.0049751243781094	0.0078304131516331	0.0075041459369817	0.0078304131516331	0.0049751243781094	0.0049751243781094	0.0078304131516331	True	True	CT: DLPFC - PCG
control_derived	1147	TS_AC	TS	73	351	0.92272625771934	-0.116025383317304	Higher in Control	0.626865671641791	0.611940298507463	1.0	1.0	1.0	0.378109452736318	0.393034825870647	0.484619157732464	0.51835027759752	0.51835027759752	0.378109452736318	0.393034825870647	0.51835027759752	False	False	TS: AC
control_derived	1147	TS_DLPFC	TS	73	91	0.835468498146052	-0.259342663279862	Higher in Control	0.248756218905473	0.955223880597015	0.302907232544759	1.0	1.0	0.756218905472637	0.0497512437810945	1.0	0.0873085552629012	1.0	0.756218905472637	0.0497512437810945	1.0	False	False	TS: DLPFC
control_derived	1147	TS_PCGBA23	TS	73	496	0.820558436798924	-0.285322014679196	Higher in Control	0.995024875621891	0.950248756218905	1.0	1.0	1.0	0.0099502487562189	0.054726368159204	0.0150069325503629	0.0968235744355147	0.0968235744355147	0.0099502487562189	0.054726368159204	0.0968235744355147	False	True	TS: PCG
control_derived	1147	CT_AC__DLPFC	CT	73	378	0.36218150251058	-1.46521522865922	Higher in Control	1.0	1.0	1.0	1.0	1.0	0.0049751243781094	0.0049751243781094	0.0061258334179442	0.0064321250888415	0.0064321250888415	0.0049751243781094	0.0049751243781094	0.0064321250888415	True	True	CT: AC - DLPFC
control_derived	1147	CT_AC__PCGBA23	CT	73	864	0.410546817315434	-1.28438134363345	Higher in Control	1.0	1.0	1.0	1.0	1.0	0.0049751243781094	0.0049751243781094	0.0053555750658472	0.0061516740621218	0.0061516740621218	0.0049751243781094	0.0049751243781094	0.0061516740621218	True	True	CT: AC - PCG
control_derived	1147	CT_DLPFC__PCGBA23	CT	73	448	0.89014699032401	-0.167884506334635	Higher in Control	0.721393034825871	0.965174129353234	1.0	1.0	1.0	0.283582089552239	0.0398009950248756	0.371944624702574	0.0500276395798784	0.371944624702574	0.283582089552239	0.0398009950248756	0.371944624702574	False	False	CT: DLPFC - PCG
control_derived	1148	TS_AC	TS	89	1711	0.618142215770296	-0.693989298209853	Higher in Control	1.0	1.0	1.0	1.0	1.0	0.0049751243781094	0.0049751243781094	0.0109093088773002	0.0146043973679987	0.0146043973679987	0.0049751243781094	0.0049751243781094	0.0146043973679987	True	True	TS: AC
control_derived	1148	TS_DLPFC	TS	89	66	1.70041212481032	0.765884451281774	Higher in AD	0.0149253731343284	0.0149253731343284	0.0228345452226049	0.381663113006397	0.381663113006397	0.990049751243781	0.990049751243781	1.0	1.0	1.0	0.0149253731343284	0.0149253731343284	0.381663113006397	False	False	TS: DLPFC
control_derived	1148	TS_PCGBA23	TS	89	153	0.673684731214823	-0.569854493276706	Higher in Control	0.985074626865672	0.990049751243781	1.0	1.0	1.0	0.0199004975124378	0.0149253731343284	0.0292935323383085	0.0339045513174866	0.0339045513174866	0.0199004975124378	0.0149253731343284	0.0339045513174866	True	True	TS: PCG
control_derived	1148	CT_AC__DLPFC	CT	89	708	0.405807544567691	-1.30113240769024	Higher in Control	1.0	1.0	1.0	1.0	1.0	0.0049751243781094	0.0049751243781094	0.0061258334179442	0.0064321250888415	0.0064321250888415	0.0049751243781094	0.0049751243781094	0.0064321250888415	True	True	CT: AC - DLPFC
control_derived	1148	CT_AC__PCGBA23	CT	89	1062	0.246990297880924	-2.01747372301258	Higher in Control	1.0	1.0	1.0	1.0	1.0	0.0049751243781094	0.0049751243781094	0.0053555750658472	0.0061516740621218	0.0061516740621218	0.0049751243781094	0.0049751243781094	0.0061516740621218	True	True	CT: AC - PCG
control_derived	1148	CT_DLPFC__PCGBA23	CT	89	216	0.817637852039429	-0.290466108389826	Higher in Control	0.860696517412935	0.965174129353234	1.0	1.0	1.0	0.144278606965174	0.0398009950248756	0.199346777562569	0.0500276395798784	0.199346777562569	0.144278606965174	0.0398009950248756	0.199346777562569	False	False	CT: DLPFC - PCG
control_derived	1150	TS_AC	TS	57	231	0.756442632631575	-0.402697419922132	Higher in Control	0.895522388059702	0.91044776119403	1.0	1.0	1.0	0.109452736318408	0.0945273631840796	0.174740333420616	0.160784860743014	0.174740333420616	0.109452736318408	0.0945273631840796	0.174740333420616	False	False	TS: AC
control_derived	1150	TS_DLPFC	TS	57	105	0.784734138376042	-0.349724131599235	Higher in Control	0.373134328358209	0.965174129353234	0.412290399852589	1.0	1.0	0.631840796019901	0.0398009950248756	1.0	0.0734471970046674	1.0	0.631840796019901	0.0398009950248756	1.0	False	False	TS: DLPFC
control_derived	1150	TS_PCGBA23	TS	57	190	1.04711968003526	0.066426343821577	Higher in AD	0.776119402985075	0.512437810945274	1.0	1.0	1.0	0.228855721393035	0.492537313432836	0.273438004781288	0.620731956655081	0.620731956655081	0.776119402985075	0.512437810945274	1.0	False	False	TS: PCG
control_derived	1150	CT_AC__DLPFC	CT	57	330	0.262824253567282	-1.92782968038876	Higher in Control	1.0	1.0	1.0	1.0	1.0	0.0049751243781094	0.0049751243781094	0.0061258334179442	0.0064321250888415	0.0064321250888415	0.0049751243781094	0.0049751243781094	0.0064321250888415	True	True	CT: AC - DLPFC
control_derived	1150	CT_AC__PCGBA23	CT	57	440	0.502885774325662	-0.991697351969971	Higher in Control	1.0	1.0	1.0	1.0	1.0	0.0049751243781094	0.0049751243781094	0.0053555750658472	0.0061516740621218	0.0061516740621218	0.0049751243781094	0.0049751243781094	0.0061516740621218	True	True	CT: AC - PCG
control_derived	1150	CT_DLPFC__PCGBA23	CT	57	300	0.560431924970945	-0.835388953741414	Higher in Control	1.0	1.0	1.0	1.0	1.0	0.0049751243781094	0.0049751243781094	0.0078304131516331	0.0075041459369817	0.0078304131516331	0.0049751243781094	0.0049751243781094	0.0078304131516331	True	True	CT: DLPFC - PCG
